OFF
10242 20480 0
-0.564700231300277 0.94595598716548 0.368026329362203
0.532206325244697 0.916664587072918 0.384906848793887
-0.60631997268268 -0.839940935374927 -0.169631203611057
0.596354205572767 -0.862843007434665 -0.143121522715979
-0.0335255556089471 -0.59228762179531 0.491546223073456
-0.0422472221457443 0.291918377758462 -0.180095440333703
0.0181330195441432 -0.13800835363004 -0.445425478868962
0.0177976226106532 0.861934640731083 -0.358289814927815
0.919437372670196 0.246773160307385 -0.286824571680316
0.753148921810403 -0.083564143621763 0.47453818801094
-0.882747440595854 0.265951094620917 -0.313795273075254
-0.827267722300442 -0.0684930231437074 0.462506317734539
-0.0112266787659724 1.06096177893373 0.407294618315182
-0.00774031606006766 -1.01170658030855 -0.202953299463692
-0.360199727198987 -0.932926658368184 0.293373312176322
0.30659337055968 -0.936477025308955 0.307652013078708
-0.255384214902098 0.557352159955991 0.329584467652686
0.201252899846994 0.548978144749719 0.31564839165592
-0.0375390333307214 -0.139724030549821 0.207889668010117
-0.295293682623525 -0.530549133644451 -0.440605310515672
0.31761561759682 -0.544160943433474 -0.43920148128902
-0.341769443681177 1.14501346540038 -0.0745094730149309
0.357382421716344 1.13531190179868 -0.0571213740454105
0.0209696456847068 0.359321427991606 -0.424868589984055
0.915957718843104 0.720596960791045 0.0308706340579769
0.893257094644241 -0.349863829879109 -0.273784035545299
0.484529041809612 0.0308162238902202 -0.438200845743057
0.517871150790529 0.629876877252234 -0.367815113588939
0.731772416826756 0.425464974407099 0.460395290645265
0.870239762908401 -0.566530399554847 0.259516006003919
0.384205459004885 -0.386252877813788 0.486171763859879
0.325928285575691 0.115150721819018 0.24385412362667
1.11083994544735 0.0635797444520832 0.154532331521129
-0.914914143777036 0.744433466077481 -0.0149352458545986
-0.868932603546054 -0.320112519247243 -0.301849129276781
-0.443421306731607 0.0434196475468356 -0.435350765073006
-0.478579915752692 0.636747701196641 -0.377348425579659
-0.79638253245887 0.455184890205798 0.449614194181887
-0.917175742024402 -0.550615959745504 0.217752862384828
-0.455610785496551 -0.383782381599034 0.487647919855631
-0.391690275441806 0.125890208641235 0.266785040965284
-1.13495075306526 0.0913227109695879 0.0984568214403673
-0.309225534838266 1.03387882357739 0.395424322248561
0.283383556332179 1.01581408423976 0.40294548736152
-0.336646384735026 -0.959436125491061 -0.196961567224968
0.323062042986572 -0.973210617835477 -0.183132475577662
-0.522602987985915 -0.953775752696528 0.0519493727529213
-0.17758791061367 -0.78238667802331 0.447292332321327
-0.192807624802466 -1.06467945109276 0.0533365474641815
0.488534619248401 -0.966922860498588 0.077424144338238
0.114317775862924 -0.782600638427212 0.450821912615136
0.156453503989099 -1.06934078959272 0.0620769734468783
-0.0265708523176369 -0.99018855705834 0.298447732757282
-0.414388350610968 0.76645193147912 0.458931344131464
-0.195911809728591 0.49355144964288 0.00422045412601388
-0.148091460187803 0.794775077465772 0.446536836813252
0.367788382844594 0.743707138910979 0.456832004489299
0.127305559174648 0.491204073010931 -0.00799724225312911
0.106736588904632 0.786822328820014 0.44393540331392
-0.0274073639105144 0.585082071705928 0.259293323809102
-0.0347064188506808 -0.347107648117514 0.435284103481468
-0.0445924181489179 -0.0234577407521944 -0.110857699828881
-0.472004291309733 -0.721990167279038 -0.348569831291375
-0.12422936470286 -0.323866408677688 -0.455535716698063
-0.159063247811926 -0.799784441943506 -0.377131707201183
0.4810664280291 -0.743732376472251 -0.335899707377798
0.155044290528616 -0.329170814391778 -0.457166110630503
0.164368314352909 -0.807711894447649 -0.373625464381664
0.0100005652351174 -0.572130218027681 -0.449455299937423
-0.500347396735481 1.11073546511762 0.175355884447051
-0.146929330289991 1.03221630497288 -0.263874402990576
-0.173006800583973 1.210299258668 0.188725716934675
0.49241379921585 1.08912753607905 0.198920268021564
0.176220543571498 1.02963354543074 -0.257616427088036
0.170822999485663 1.20211506189271 0.196805814607711
0.00845234371529987 1.19969232253157 -0.064941330817134
0.0203001447482555 0.0955150906851535 -0.432007521312727
0.0200009707348332 0.625812557762917 -0.409811032789453
0.751670274994896 0.877671307635531 0.238491891290013
0.964294172011054 0.482681368134492 -0.160533349987519
0.670172120679148 0.967822256124416 -0.031538086929025
0.770750132036596 -0.644141883584 -0.221708451759068
0.938671797626446 -0.0344845666739439 -0.292863094346464
0.619809845233825 -0.465400442143456 -0.393039194646356
0.238551463500831 -0.0646713934777447 -0.444519574507821
0.726114653303628 0.140712468499534 -0.394092437419972
0.429661276730449 -0.262687529760193 -0.448550465519773
0.262089250106921 0.2111668816602 -0.432065992508507
0.69970273657748 -0.165435712231002 -0.406536700295363
0.261699347153875 0.772133694846675 -0.37122692108375
0.748001936448386 0.445145258182556 -0.341615058950163
0.481262183356145 0.915155833407339 -0.25317723352947
0.270823043683238 0.491779671226479 -0.4176623877514
0.752474702895547 0.729271233915733 -0.221806846051647
0.507142470757022 0.330231135125081 -0.417670429220126
0.653449424736214 0.691913432198611 0.434762003459372
0.762059147961851 0.156975377472502 0.471453233866365
0.444474796723895 0.494925516118339 0.430450792370392
0.911752739699126 0.59786361850137 0.305583208261338
0.774072299746021 -0.769529975855642 0.0485422074250167
0.848879459405561 -0.31096717832206 0.411601811286548
0.613078032249928 -0.788227988909271 0.301501810181097
0.974261062957196 -0.497661037405162 -0.0204032233624077
0.171516158974495 -0.505746394540326 0.488929743226074
0.585068778539701 -0.241365093514742 0.486249102737982
0.388951475412567 -0.68149857620286 0.45637241568781
0.157690819636919 -0.231505380709824 0.38311743451552
0.639599128442144 -0.522671413608574 0.444920719161964
0.240983635918835 0.181005673229209 -0.0802650201464322
0.528533648206709 0.0231960236117058 0.448514717125935
0.295939912656048 0.34502259614759 0.202683053246799
0.173688822496662 -0.0483378955746628 0.127071786617177
0.495001886078066 0.261727958620772 0.417954816554334
0.340000860779473 -0.111965704637148 0.391747104007678
1.07754146172866 0.169294095461786 -0.107771844626909
0.969677137120881 -0.0306792585964579 0.378053806949923
1.06672150043469 0.409670501995091 0.102871691345908
1.07700862859095 -0.171721836969903 -0.0739712338083724
0.983099107583975 0.284363203880949 0.352156236616478
1.04441579386469 -0.275718353063256 0.201742143947975
-0.772564611550163 0.907758095818335 0.203327037504503
-0.940376984055564 0.501781068941014 -0.20070735304509
-0.659273863889359 0.985265373271731 -0.0644989526817178
-0.763180452274427 -0.614829335555859 -0.250727618695561
-0.904345945125721 -0.00958500974096317 -0.319600146738979
-0.593313091004961 -0.440863296841578 -0.402314638866504
-0.200256983280476 -0.05801669346666 -0.44088554748274
-0.683534185198643 0.157259018329899 -0.40207542908076
-0.395357279441753 -0.247861197614958 -0.446498811762505
-0.220212546522753 0.216643963945094 -0.429081165710422
-0.661799974834647 -0.143656294552234 -0.413171190331359
-0.224360288945752 0.77503590883638 -0.37613201826575
-0.707934501682649 0.457634313625395 -0.358174470207097
-0.451354980917297 0.922489362179066 -0.270731387092417
-0.229328215510636 0.49566586958609 -0.417918444664515
-0.72355725771834 0.741854144407035 -0.250415564001586
-0.464325230869553 0.33948822877433 -0.418819916783594
-0.703376501662669 0.724858612302068 0.420329367850974
-0.834456719400789 0.179291076649653 0.461533442447754
-0.504383283724552 0.516452334251071 0.44260991606651
-0.950243128813671 0.630946304082204 0.265817104187844
-0.798981407867645 -0.748133906276048 0.00918041149005088
-0.914828014128388 -0.29743373426999 0.382076083342696
-0.666017995519648 -0.779837562738183 0.273331516328604
-0.982803243091267 -0.469720555655347 -0.0676095090687768
-0.240098585947023 -0.505382980135442 0.489580480502877
-0.659314572942656 -0.2338004723664 0.483929928729192
-0.454658066881102 -0.680044055195372 0.446301542397819
-0.228099657478675 -0.228624636190694 0.391084878209465
-0.707361455268837 -0.517000498438237 0.426558185752996
-0.319353744142537 0.189069143114106 -0.0594099723687899
-0.601407592458361 0.035939456917814 0.45930522936125
-0.356074168737961 0.35358132020291 0.225702758300913
-0.248266722777172 -0.0403880351636283 0.141900314305555
-0.562802394960779 0.279493316002975 0.433800194165614
-0.410723812783156 -0.105138455233355 0.406037861934341
-1.06124771956106 0.19459136750993 -0.155561958834612
-1.03024094059966 -0.0081681394974806 0.340368942191407
-1.07879746479484 0.437486461090878 0.0489303072543384
-1.07037331974851 -0.142783533767821 -0.123473053906929
-1.03565651554465 0.314100049421647 0.312098160902045
-1.08018542154788 -0.252193600908801 0.149721827291694
-0.447444308803183 0.994583171776434 0.383147536093138
-0.161980597070709 1.05657182873964 0.403487433552936
0.41820667103282 0.969756006333831 0.395248460421455
0.138620351143365 1.0470391208133 0.407039790398112
-0.484282279757368 -0.903963707806722 -0.185065505546176
-0.175595715861334 -0.996520517804651 -0.203140892501678
0.472573927897105 -0.923129344112731 -0.164501798202469
0.160623672143666 -1.00372630717411 -0.196213611377386
-0.576116398886606 -0.907516771182691 -0.0704634596294223
-0.448351244568043 -0.96309231499763 0.178542768093837
-0.429021513484787 -0.981888484688808 -0.0736589070125001
-0.0975597713258052 -0.684687225879956 0.481391923429905
-0.267178590680011 -0.869157148156884 0.384736667042973
-0.0994832030938545 -1.06199205884909 -0.079945479710274
-0.282260456535379 -1.01922022615539 0.181654041476664
-0.268820718422239 -1.0337679323473 -0.078707965134363
-0.362173628039229 -1.02197639759074 0.0535484319479794
0.554542492057908 -0.926248625361643 -0.0430442698299604
0.403247461966092 -0.970767286450451 0.199179850809261
0.405032653389289 -0.996158930156952 -0.0535619116400263
0.0319372217881556 -0.684688258992304 0.482254126423396
0.207691002834314 -0.870338823673651 0.392894479957451
-0.0314247122688734 -0.798574967266571 0.447320474856057
0.0732979845181331 -1.06508234371322 -0.0758420504181504
0.236696215151588 -1.02384792382876 0.194186643688223
0.243386300304518 -1.04278628814144 -0.0664760443312059
-0.0182890576437612 -1.08068105870754 0.0557799419491085
0.32655165742895 -1.03104151938619 0.0708398322446623
-0.195387791168863 -0.975099510001194 0.295773232857554
0.142095822682709 -0.976832803223384 0.302984426997047
-0.109442367535047 -0.89790412175074 0.38560408923107
-0.110055054704769 -1.04879712514945 0.183810032160914
0.0505352561893003 -0.898277222733917 0.388361170264425
0.0643844493819611 -1.05035235577993 0.188017189195374
-0.498420791046825 0.870094067242034 0.432172511330836
-0.328037540382202 0.654360339150464 0.427173788159289
-0.361822437976995 0.901625875614351 0.445107431418524
-0.128011104539291 0.409396426828023 -0.126719292866079
-0.213365697591589 0.503726466999975 0.176701762417447
-0.0854665076820809 0.933121776148235 0.452353376833214
-0.202925975299004 0.666675741336195 0.39855388977239
-0.224238858623843 0.924005019222224 0.450426822635652
-0.278583356760118 0.784502008492231 0.453619983455742
0.458118971674203 0.842639920533842 0.439876843338462
0.27722854409224 0.638492466454119 0.417261194662809
0.324748136505274 0.880428033468139 0.448429221036941
0.0493939484324474 0.407565994083137 -0.133439117240838
0.154081325454757 0.500603406969312 0.162883905864255
-0.03541991187883 0.522805129259763 -0.0338245459506053
0.0530886774657929 0.928506168376871 0.4525748543393
0.154149082256637 0.65757461499758 0.390714248752822
0.190151126176833 0.910553451555321 0.451550629081552
-0.0203149299682686 0.795590821128015 0.442599449805063
0.235112989919542 0.768866803083559 0.449863718948833
-0.143112084614256 0.577135471295394 0.280513493876324
0.0887548126967436 0.573735247041942 0.272479157822753
-0.0975911369865596 0.542667287351276 0.122767903175523
-0.0831518013875335 0.67259631099079 0.379395820974303
0.035841208002971 0.542030931303902 0.117646503463254
0.0351208150185424 0.66967587191123 0.376453146396629
-0.0341636003752095 -0.475970616754565 0.480485073751935
-0.0355230942829 -0.226730584738518 0.346029674513534
-0.0442390272825292 0.136359039734491 -0.179557020808975
-0.0416452751773337 -0.110260051703278 0.0376191778374847
-0.549060702655474 -0.794571367779289 -0.264763120627221
-0.38503920187307 -0.631123405424052 -0.407196017068514
-0.402563172715446 -0.85075955629532 -0.288806456495051
-0.0473659592413721 -0.225058260447194 -0.450916368256956
-0.207475766992395 -0.426749491315229 -0.454301015943939
-0.0850329543686261 -0.918668917981301 -0.305465718367463
-0.229866249091338 -0.667812813940782 -0.419810614055636
-0.247343995550793 -0.893949057587577 -0.30104180247357
-0.317460512264547 -0.767983652689725 -0.368007793657106
0.548934031310956 -0.818015489849087 -0.244573678221229
0.401527242180879 -0.649246780359478 -0.401161834691389
0.400815129302262 -0.868935198992116 -0.275086805422404
0.0812936636837219 -0.227294156094906 -0.451969131961587
0.234466887466391 -0.435905203181015 -0.455322498018095
0.0151200830329947 -0.338837474750026 -0.457176071287379
0.08023207402351 -0.922615954692527 -0.302842214060386
0.244285320200589 -0.679095517534039 -0.416890556863182
0.243693666542493 -0.905468319945306 -0.293051326618822
0.00233082822415446 -0.81348861092303 -0.37881361518229
0.324478911085524 -0.783313861826148 -0.360489970779855
-0.143475665329974 -0.559486784041249 -0.447430720748682
0.164101541071437 -0.566462756462267 -0.447098750244284
-0.0610923056857294 -0.448957764679037 -0.457510309187259
-0.0726699484316071 -0.689522440181627 -0.424922732377937
0.0869446092660954 -0.452064578349456 -0.457969271528915
0.0858452319056251 -0.693353296028204 -0.424058168202527
-0.545170136340777 1.03622053031483 0.287332759609044
-0.430400316696296 1.1490476197636 0.0489929543417246
-0.402551197869884 1.10086870676433 0.295940690119528
-0.0570109127032579 0.946535878256019 -0.32210230601958
-0.244172885969287 1.10259661736204 -0.181173393338293
-0.087506543064704 1.16069818805307 0.313818530609735
-0.260857152819433 1.20335541868403 0.053245314206436
-0.248541609641708 1.14219706810812 0.306397811477616
-0.340962554766103 1.17387033451058 0.180926096517764
0.52397820927015 1.00962001326692 0.308851497779083
0.435267804865393 1.13358339679192 0.0709365131423083
0.385635825538151 1.07994440408221 0.311459028355512
0.0901097194789635 0.945574153165469 -0.319802627167526
0.267845337177034 1.09724250035493 -0.169566830144952
0.014550118508578 1.04799874705483 -0.258482331732192
0.0753189051466816 1.1560313570735 0.316893656090669
0.267987119760926 1.19352767911443 0.0666662147034342
0.234675619187693 1.12871200229643 0.315668466157799
-0.000716087872322677 1.21969612982325 0.194444075595836
0.336598365084122 1.15832361514585 0.196938487665275
-0.168961064299942 1.18701806665362 -0.0700318760823537
0.18555426373459 1.1819622556754 -0.0611818641945084
-0.0744109071872578 1.13148659985581 -0.175834207165428
-0.0848519169011842 1.22931935177246 0.0592198905420918
0.098209231313459 1.12964893553109 -0.171895464204973
0.09310209693241 1.22593524026031 0.063737788433409
0.0193329077271268 -0.0289282720247203 -0.438328535904951
0.020854289772433 0.225933514224171 -0.42782212440766
0.0190005340462924 0.752457472459404 -0.389212710271883
0.0206714806422284 0.493436775095451 -0.420275387768703
0.640550787915187 0.910749537116569 0.324343429614597
0.846746826872535 0.813324219342398 0.137255764053099
0.633506764110707 0.994614930918687 0.21104603541947
0.949177157077921 0.357678198492347 -0.233740238136684
0.954885412841196 0.607091957412726 -0.0708674270682825
0.52008060237181 1.06282231163173 -0.048637267761126
0.803532607203124 0.853106852896177 -0.00422026194644318
0.590900760159866 1.04823467742061 0.0818875774638552
0.729857627264332 0.940319182322166 0.10433584080755
0.685172845365418 -0.767561153713927 -0.18370872749305
0.841336863005788 -0.502695582270494 -0.252073908969772
0.632444110687959 -0.695828722280021 -0.292021428946371
0.935004232119497 0.116039672017345 -0.292225353915377
0.925473576831756 -0.191840735351983 -0.28709113095555
0.469942965633056 -0.509248713186944 -0.422792981968721
0.763253478472506 -0.413339548925758 -0.344499870182965
0.556527837428105 -0.608261693462718 -0.372195069868766
0.705665014879158 -0.55992709786504 -0.323732705049836
0.12137091571762 -0.1050065805874 -0.444608996489833
0.360599883414967 -0.0191736773691084 -0.443570292125022
0.207635573111746 -0.199934773752138 -0.451707049576706
0.134533842304511 0.023019153595228 -0.437292831918219
0.83386432628013 0.196877697271467 -0.346888558961045
0.607643962488373 0.0845400930200941 -0.423441460918894
0.834396166640296 0.0469885855731214 -0.357865694097438
0.380587495461445 -0.405288775281384 -0.447903488954136
0.463536423980042 -0.116958772640555 -0.444659303261061
0.292794289404577 -0.301146944397123 -0.454933889182061
0.525436039537321 -0.364945026043326 -0.432311166267577
0.334803720296461 -0.161653912095246 -0.450128112784172
0.143594289166648 0.288817987527655 -0.427713473935585
0.375387885553425 0.124678158231741 -0.436680320015944
0.140267381817532 0.15444437020908 -0.431688253007446
0.253828053642302 0.0725773137659119 -0.437719697034745
0.803397295749635 -0.260548937543259 -0.356279177671332
0.592193947332178 -0.0671557727619202 -0.430869887216419
0.826358667319443 -0.105918702093506 -0.360483256913732
0.667717900197226 -0.317012550609077 -0.403542920555143
0.717562635772197 -0.0126502044937566 -0.403465088471746
0.565965732985378 -0.217217549587417 -0.434159475948602
0.133331970948026 0.82432955701483 -0.366446715770307
0.391335340366929 0.707037708778495 -0.371841139552078
0.232955010990383 0.907529282017891 -0.323730695798488
0.144456007351635 0.69441156908981 -0.397466422096656
0.844295746643299 0.343175119364084 -0.31710492954876
0.637889668443378 0.541910800329787 -0.358182851163313
0.86308379670703 0.480058776333099 -0.264682067626562
0.734393368058397 0.294587852673479 -0.375188800642075
0.430365389428488 1.03848057320352 -0.165065535134957
0.509032534351031 0.776237763752067 -0.320401353064973
0.332106333962242 0.982942582135133 -0.257573181123957
0.583431035639542 0.957751096271851 -0.154221864036484
0.37287152533993 0.849640833716918 -0.324785489776681
0.145715472562472 0.424740136499132 -0.423359718485626
0.394999862497889 0.561426383507409 -0.401587255319694
0.146530114038477 0.560577604366757 -0.414865378939076
0.267420761745175 0.35108224652855 -0.426423976190527
0.2706805414159 0.632481553691694 -0.401066518665618
0.849552837026176 0.741048955804448 -0.105846032943967
0.638547173701796 0.689211259198622 -0.309384760348644
0.86793238908092 0.613827172708985 -0.193843215066655
0.724371050782177 0.858071957274795 -0.134523580569408
0.757899973043796 0.590081088015255 -0.290851724164348
0.622326609307462 0.829958241600006 -0.241665517985134
0.497501789369594 0.180020174038951 -0.429672652178586
0.515001077274907 0.480570541680313 -0.398668458641272
0.618101376404723 0.237630074919947 -0.411072402712935
0.384669088330654 0.269570113819486 -0.429237303555549
0.628597031632791 0.390855897921548 -0.390761751933802
0.391370840904686 0.415310060456645 -0.418951517433146
0.595482487948378 0.814449542421315 0.412420001229486
0.699053368726952 0.560501106017676 0.450260521250808
0.508457050733216 0.717150880425921 0.456590887958373
0.726279683589602 0.790160655419694 0.35499456211362
0.761476392265604 0.029074318932813 0.474027952251162
0.752464695542866 0.290136254649178 0.467033294158047
0.316557748842281 0.52139606389516 0.374854506116475
0.586017999777175 0.465687415123619 0.462879282722272
0.409239119106111 0.615861367105567 0.44608529598414
0.552071691311066 0.59150591582694 0.462028372706406
0.938875345305896 0.670336200734609 0.174240408485136
0.83822537783723 0.513230222612736 0.405710946276598
0.843631808944552 0.744066758212027 0.273005819937544
0.791226749085926 0.656043460881206 0.3834122705484
0.688408163249888 -0.831086653715954 -0.0563865251367092
0.836902708868438 -0.679338721705098 0.157447227803894
0.639829881664927 -0.878600616971493 0.0722786295182373
0.797682857624679 -0.715553542521765 -0.0921551280406582
0.804824850858785 -0.187829599284445 0.454128789190378
0.873038028654295 -0.440366116033068 0.346055098015055
0.464285881940948 -0.872446389928959 0.308510100944244
0.749837581062184 -0.68609612008087 0.284667765675029
0.56140848917247 -0.893707656993274 0.197389759042317
0.707699953709521 -0.79580618406599 0.183431219124921
0.954882092802574 -0.430480463214835 -0.158928965810698
0.94458399921988 -0.545004893138798 0.125196941926585
0.886690836111745 -0.580858768234546 -0.128430142008634
0.885893160054009 -0.642218225047259 0.0142958709044566
0.0644340015657014 -0.554326675285366 0.491027327569812
0.27877481226804 -0.449365002498793 0.486915591521127
0.156431038573002 -0.649150644292571 0.48552523837206
0.0678337106679396 -0.418722661755063 0.467042678774551
0.676323763241904 -0.161058799297331 0.48276528662634
0.486784601131343 -0.316847983699369 0.486524441649033
0.718873064119767 -0.290473486165598 0.468388277712059
0.358940310806911 -0.818680934471688 0.395953648936119
0.395947621108917 -0.534617974628093 0.487025552670236
0.254429809558593 -0.740886969179545 0.454961521674812
0.503194740401545 -0.748015367169489 0.394132947292529
0.277622624416235 -0.597454563199857 0.487294859646305
0.0593340545941958 -0.176123154729537 0.294530500944534
0.265817816235406 -0.305241319545608 0.451052596417812
0.0633664121906605 -0.287782546137084 0.403851779571412
0.167903503144384 -0.363373395143761 0.456211024904965
0.763721668578564 -0.55894623320188 0.36872795816235
0.51031620401814 -0.462304093662189 0.484407135476982
0.751459381102035 -0.424305759235411 0.43064186296503
0.639048719501172 -0.661182146584306 0.385246344784725
0.618928292013055 -0.381021528847321 0.478566498589703
0.517822540168324 -0.608291634455029 0.453357895293001
0.103326243475158 0.239617453928439 -0.166523752959031
0.288684215308064 0.143187599184187 0.0798599334580524
0.206597914913639 0.354502924926223 -0.0796941207416108
0.112946271173738 0.0648769278398958 -0.133508877985484
0.648303932111695 -0.0320604771654985 0.479593183607083
0.41386417228863 0.0741917876732447 0.371149530933575
0.638894876520713 0.0927588704218473 0.472414271944891
0.551207867316262 -0.10566940330191 0.472050583526448
0.251057651298072 0.450603942186003 0.245383905396517
0.321081703032023 0.229183619975012 0.20190636960001
0.232298767947925 0.413021043035992 0.0796557654061602
0.351637054695118 0.410840436626403 0.340105484076837
0.28823480795427 0.282863360629733 0.0477865835759355
0.0665998379408226 -0.107112516338338 0.142932818270274
0.259291583693738 0.0338905427232764 0.16550888864691
0.0977589292339876 -0.0670802943192432 -0.0211873560515675
0.153408484472432 -0.123460001888234 0.268425524258216
0.225273507084932 0.0301942315984554 -0.00506259879075676
0.610957643243408 0.340608430793571 0.463545390822136
0.39911705560775 0.188504174221845 0.337017833716227
0.628095442775295 0.216421632020572 0.466599923730058
0.47283071774152 0.377742700061564 0.419136161995193
0.512406937326216 0.144531221146565 0.428512254754776
0.37965190494132 0.300488741977292 0.325618226824038
0.361997758773889 -0.243302495154933 0.453207721151936
0.327741389287292 0.00516884179279919 0.3146619417231
0.456932514644926 -0.17686441818541 0.461482372067682
0.249536792551332 -0.173538580816413 0.3786980336825
0.431389447265727 -0.0462700229463996 0.417749831509485
0.243368175129281 -0.0621197652718034 0.276175899235776
1.00451718896486 0.213478019494235 -0.213005620969792
1.11678995954717 0.117798550190182 0.0195299321669798
1.03592159090016 0.333357646326287 -0.129308034786034
1.0260327978343 0.0566469334917491 -0.205712616214543
0.86021105162434 -0.062901566994852 0.443220381887791
1.05863387126099 0.0124070169315729 0.27917036306326
0.880834908305893 0.0753784930294918 0.438401024497176
0.924208270107249 -0.178955596146411 0.39229637637191
1.00430288540657 0.571897174973625 0.0684238739361804
1.10236185421517 0.238420828428134 0.131200028288964
1.03640425992311 0.456339710956636 -0.0350177942292028
1.00590435956022 0.514502362368128 0.208973992620867
1.0908319396689 0.291224272918824 -0.00438845850138171
1.000895298427 -0.270142052838265 -0.181738505739052
1.11465237484883 -0.0576502710222108 0.0408836024965604
1.02445652215917 -0.105915727283095 -0.196833888359512
1.03822163252772 -0.339135622814119 -0.0504332522950276
1.09034126450313 -0.000741854887043591 -0.0918250698131335
0.868360985121746 0.366380536478941 0.421634082237445
1.06599511442967 0.181040178250382 0.260439977643871
0.882519678832421 0.219363535166955 0.432074637064366
0.957880615679964 0.443176983862719 0.332260650846922
0.987607770227592 0.125314888154057 0.366412527665119
1.04820601801887 0.349879615263654 0.237850451676742
0.969750160559094 -0.429324018012274 0.230267308862521
1.0916721350666 -0.109593932658639 0.176792261345196
0.961694437235456 -0.304093996900008 0.321001773703769
1.02787624866746 -0.394085902942459 0.0929122677489247
1.02432794533651 -0.151342255037992 0.298258889995075
1.08488986343675 -0.22999195190409 0.0645343954975796
-0.668671996649405 0.941561021202585 0.298588152636297
-0.857623328314687 0.840687063139212 0.0948272378331959
-0.64682858182681 1.02101515309292 0.180825596782657
-0.917271589271985 0.37640032852663 -0.267281506364826
-0.94166051632982 0.627912115372405 -0.11566201168344
-0.50627369766973 1.0766139980459 -0.0740830829704125
-0.796899608046948 0.873914043012095 -0.0440467377034581
-0.589632244295319 1.06842049847017 0.0520446617787675
-0.733854351030908 0.964465207670729 0.0675435419148384
-0.686888316724491 -0.740990831991171 -0.211975322763266
-0.824798255592345 -0.472306688064891 -0.280883540855162
-0.622562472744838 -0.669183153607558 -0.311812994726481
-0.898673316790867 0.137871268539386 -0.318888931139389
-0.895132998391421 -0.164101485835153 -0.314347557284475
-0.44537325671454 -0.489660126238584 -0.426878865257861
-0.736373604765239 -0.385316927603805 -0.361936739504378
-0.538057860843474 -0.584322546285963 -0.383286431831666
-0.686696440722539 -0.531733637206565 -0.342519990458444
-0.0842201713006133 -0.101765285382188 -0.442697089467735
-0.320953393885365 -0.00933456907125545 -0.439345388601673
-0.172652039276853 -0.193449902500809 -0.448829468093512
-0.0948763473311147 0.0262448928465801 -0.435131987376663
-0.79301542504127 0.214801039284559 -0.364113373100344
-0.565313871975547 0.0993739583934385 -0.424577889758493
-0.794193026326681 0.0678098169885821 -0.373588232395851
-0.351633949108114 -0.39051831003796 -0.447464723601344
-0.425180139321927 -0.102957561944263 -0.44169001347324
-0.260498174830709 -0.290853624677006 -0.452352253564156
-0.494211701950623 -0.345230613297306 -0.434498595024675
-0.298269517014554 -0.151208491205781 -0.446339475208773
-0.101616796886807 0.291369927627068 -0.426217146274971
-0.333778226850566 0.133474914969313 -0.432988266350318
-0.0989900339056871 0.157376862483773 -0.429688156538253
-0.213228426314104 0.0787750353814196 -0.434053978592023
-0.770204138653669 -0.234140773749989 -0.372490021692879
-0.552087416675837 -0.0501780345679549 -0.431216961249431
-0.788706036062588 -0.0820913392796402 -0.376016119133545
-0.634695763097668 -0.293319548920299 -0.411187999063773
-0.67647872303077 0.00659782532852063 -0.410086551631809
-0.529554417311028 -0.198489347064892 -0.434966543661585
-0.0969200667085581 0.825665433031676 -0.36899008946316
-0.35300363855147 0.711754732588779 -0.378958036344429
-0.199178349806905 0.910314081535523 -0.33021856934086
-0.105475462494151 0.695914825233937 -0.399005419751843
-0.805257389653238 0.359060650740788 -0.338678705899219
-0.597895970232353 0.551360668204814 -0.370752618723261
-0.828719921979913 0.495227367226529 -0.292809395353627
-0.692067191314506 0.308722381883077 -0.386438339868082
-0.407117483333701 1.04704487146208 -0.183912920671098
-0.47370386216924 0.782919134575053 -0.334492212684488
-0.302446582049064 0.987932704941097 -0.269646938318548
-0.561164124195804 0.969324403976798 -0.179949854961699
-0.338286252959085 0.854274674339986 -0.335096401839008
-0.103928007674788 0.426888842409315 -0.422670266662914
-0.35414842286039 0.566766112647978 -0.405121983457672
-0.105758456072639 0.562356065936062 -0.415226533951015
-0.225260383971685 0.355749973848566 -0.42477563141595
-0.230781770510184 0.635740224432342 -0.403628671407249
-0.83212280379895 0.758734724070955 -0.14467260232755
-0.602767018961 0.698282646178356 -0.327559787841799
-0.840915557433544 0.629542569235191 -0.228295458564656
-0.703950308797751 0.872648352596623 -0.166910365188823
-0.722304798780448 0.601983299015633 -0.31369268693903
-0.592559453746938 0.839767343512769 -0.264651727538708
-0.454914269435233 0.190956184207009 -0.428176388211947
-0.473246024017376 0.488383635669826 -0.403630818077227
-0.574993205147279 0.25027286914171 -0.41451405201462
-0.342216487926979 0.277145128516997 -0.427079324592911
-0.586212711888619 0.401595303576887 -0.398130011892352
-0.34916673134059 0.421670812555008 -0.419262629488333
-0.63644481957158 0.846323791476928 0.396336443570923
-0.757083256819668 0.592631346167842 0.437806120879629
-0.557954209731004 0.746008001111757 0.452740629196572
-0.763512611974487 0.823628052417579 0.327731402906229
-0.835332328127825 0.0474760653073261 0.463271426252826
-0.821854618584092 0.316393159408626 0.457150192377569
-0.372540275935366 0.536265317455219 0.390678052469462
-0.649681265079377 0.492446169307885 0.46563167868418
-0.463371355762032 0.638583647070594 0.453642234431255
-0.609387110128816 0.620051538758743 0.461829858424939
-0.957578992626008 0.699912258987003 0.127675738475594
-0.892793164289192 0.546357648419436 0.378984128521998
-0.873339703508654 0.776479697472773 0.234793169194065
-0.837630147687637 0.690280909278129 0.35606801853443
-0.704570184120756 -0.808078316666462 -0.0896962618859325
-0.872456954622963 -0.660675656832141 0.114913710641922
-0.670616121254497 -0.861413847196114 0.0392553308986732
-0.80545729646401 -0.688646771262879 -0.129060356447898
-0.876318204335161 -0.173775395498672 0.433605656264061
-0.930555113360043 -0.426282928999928 0.308955898588135
-0.517974071615045 -0.866778066136683 0.287287813953681
-0.800610057011517 -0.674221389224008 0.249546772744799
-0.605127549056291 -0.882799132954189 0.16892887427644
-0.748347444475104 -0.781203935955008 0.147554677513779
-0.944699113773644 -0.399967072180054 -0.198534849211255
-0.973459774958334 -0.522478480470375 0.0771892297361225
-0.885289985173022 -0.551316306537449 -0.167294707203215
-0.902977573647952 -0.616996771443935 -0.0297870293164069
-0.132066119491123 -0.554268378954669 0.491073505366192
-0.348648684058495 -0.448255529169429 0.488263257770436
-0.222910745098086 -0.649071089757 0.483284094689578
-0.136771379185898 -0.418296618185305 0.46880478694333
-0.751070253219099 -0.149807088261676 0.476063240406019
-0.559760952540799 -0.312250715986075 0.486919144731686
-0.791295983364035 -0.280727072530045 0.453130003472511
-0.419312747977435 -0.816417224328269 0.38253397808172
-0.465362815755679 -0.533124687606408 0.482193494160999
-0.318765487993744 -0.740287399269037 0.448165060690348
-0.564313906900907 -0.744080505372435 0.375335363246911
-0.345436162507569 -0.596968287121267 0.483901414219382
-0.131341604097013 -0.173734029282285 0.29999303293908
-0.336472699272218 -0.302693781477224 0.457694527954872
-0.133368262569558 -0.286612856718581 0.407481776779049
-0.237616551774509 -0.362105279152593 0.460458299089117
-0.823798338943348 -0.549018244878393 0.337929162637212
-0.581316275390985 -0.458982296583565 0.477309010815023
-0.8189628068872 -0.415075363590743 0.406883109810435
-0.70023904020997 -0.654714031451536 0.360668759747128
-0.691088662556905 -0.37493155851098 0.467997520045822
-0.584825951789315 -0.605211443099037 0.439548884057877
-0.187398584409603 0.243447053566587 -0.155508644551416
-0.357416406307945 0.153294934279456 0.103163081652484
-0.281213847890628 0.359797279842684 -0.0613088365939914
-0.199714213801983 0.0700082873294033 -0.12181966185855
-0.723255371536262 -0.0181541095320243 0.479210915093143
-0.482736486714116 0.0858227920574529 0.390217430180748
-0.712839651679579 0.110022821560784 0.475268484633114
-0.62546933219663 -0.0957583451522501 0.47722484405403
-0.308621024275022 0.458299286202651 0.264697677267636
-0.383884422724111 0.239374050985797 0.226197484253661
-0.29542506547212 0.417692312690672 0.0993568259028479
-0.411194277357746 0.4247131409096 0.360342927495299
-0.35480619676182 0.290755554657618 0.071418701213152
-0.143435041322008 -0.103089549668363 0.150226046796247
-0.328815710403821 0.0437852461348924 0.185837560856018
-0.182110767401739 -0.0616288185394482 -0.0110242985544464
-0.22507784601806 -0.118184843214476 0.279878612363271
-0.303594425429568 0.0396090566826918 0.0141626068245236
-0.679428046704707 0.364607728731474 0.467937865543875
-0.464816614121583 0.201492816598381 0.358939029319329
-0.6999366841353 0.237145944624526 0.471016394623911
-0.537139316265031 0.397510727109857 0.434231009049184
-0.583065983157721 0.159981303097142 0.442858858939663
-0.442208534551361 0.313936461334345 0.347986369606754
-0.433764127592419 -0.23898655317966 0.461285561960687
-0.39632176542498 0.0145376663574346 0.33409538175586
-0.529967780105936 -0.170147417955655 0.469259056663297
-0.320061056890318 -0.168734883414646 0.390591500186702
-0.502892245557851 -0.0369624811864598 0.431960777853426
-0.313365515646476 -0.0544873117881993 0.292724583640569
-0.975142632468667 0.235657213528745 -0.250102351802123
-1.11914413648987 0.145245084892499 -0.0356418273018829
-1.01583609932549 0.355786138756524 -0.174210022428929
-0.998958584549888 0.0818658786400684 -0.244071054380362
-0.930292399006792 -0.0443662500631449 0.419294906883849
-1.10339323065099 0.038323699781669 0.229582760526344
-0.949355304671004 0.0981344357072016 0.413577650185108
-0.987612278977483 -0.160818121135497 0.35775616994077
-1.0097323592046 0.598169061820574 0.0178312318353828
-1.12068064856459 0.266728259975647 0.0754370960138482
-1.02825823335927 0.480043458846265 -0.0848125497602978
-1.03247175608578 0.545015081489809 0.159750648539199
-1.08797325635497 0.317212426006232 -0.0576968245435038
-0.983213669692847 -0.240295255772698 -0.22128514564205
-1.12256980811413 -0.0296831820584891 -0.0146562740124327
-1.0011094651327 -0.0780068057404009 -0.235902736642629
-1.03858552292265 -0.309961128758654 -0.0993560519632818
-1.07824069663721 0.0267866813753464 -0.140972527474241
-0.92943926268873 0.396863982655656 0.395693091458168
-1.10569585771673 0.209537474319282 0.209759934089245
-0.948207314259479 0.24620989288488 0.406767741377587
-1.00417376115499 0.475272422327831 0.291996959577158
-1.04479770232699 0.151741234262335 0.327131666553669
-1.08189406585218 0.379983669563208 0.187300965114988
-1.01145467247559 -0.409335674162217 0.182702249433335
-1.1215022360604 -0.0834457166789215 0.121934153865623
-1.01542050715377 -0.285634405496358 0.278238736307704
-1.04936329713685 -0.368524931098462 0.040889737759809
-1.07366942052253 -0.128820711816377 0.251235343938208
-1.09919321548752 -0.202601406832457 0.0100252519168128
-0.510429343614969 0.970319513930039 0.375670308317121
-0.379895039776768 1.01608789321225 0.389789263767909
-0.0867523727146462 1.06108169794527 0.405913073518072
-0.236346633620798 1.04746240080006 0.399994679628221
0.479451002716543 0.942931094957117 0.39022416865829
0.352414813064675 0.994385605537701 0.399526374736214
0.0640684322783571 1.0562497210037 0.407660512442984
0.211909643665477 1.03348304669072 0.405459576552823
-0.550230440564401 -0.871620544945352 -0.177455379089528
-0.412605871240646 -0.933655187399432 -0.191659835105533
-0.0921261259604986 -1.00697450557616 -0.203863385030919
-0.257366118029113 -0.980559632749575 -0.200820165919163
0.539463674569467 -0.892904304233764 -0.153721117883403
0.399931309844936 -0.95030071708891 -0.17442460809338
0.0767748458005542 -1.01061846382876 -0.200399364772018
0.242997118754451 -0.991166370108486 -0.19043432082221
-0.59418192242218 -0.874379779793043 -0.124683627940256
-0.552212874146862 -0.934704347255801 -0.0108386347598707
-0.528124849872684 -0.913246479509041 -0.127420273639554
-0.405461930989067 -0.952736475902909 0.238299153803285
-0.487730569453713 -0.963441929703013 0.115775436932137
-0.382279660900369 -0.976873580381359 -0.136744024943368
-0.476312956131209 -0.973924578799751 -0.0101498031534948
-0.457369715433868 -0.947288732559297 -0.132181543814417
-0.504331827084893 -0.947593496785343 -0.0710568639232546
-0.0627382343757688 -0.636020994919297 0.48900986928468
-0.136071968541233 -0.734120879264896 0.467705526644529
-0.313734924560458 -0.904642837090008 0.342474713828346
-0.221518375763806 -0.827905004750615 0.419705643291076
-0.0532048539606689 -1.04240800820238 -0.143663476707296
-0.146212675273116 -1.06953783992709 -0.0136163736296191
-0.138231670886048 -1.03463902241654 -0.144038903992026
-0.323162485438192 -0.980533239084439 0.240076974627036
-0.238472572928796 -1.04765081220413 0.118981917715833
-0.366273677850291 -0.994341753465632 0.180518920184783
-0.303550807794132 -1.001573537457 -0.140433484418484
-0.231904042299377 -1.05502598588942 -0.0134837149896924
-0.221942906891815 -1.02094558632183 -0.142926812930629
-0.3503751609444 -1.01066343414842 -0.0764742470025316
-0.184958541197425 -1.05095267144839 -0.0799438741138524
-0.44368501766657 -0.990990062644123 0.0534364909606404
-0.278407742776465 -1.04659350953442 0.0532942087401408
-0.406767131907271 -0.997906628372479 0.11767432783901
-0.397425138234692 -1.00706805709042 -0.0111527815288867
-0.323556103912875 -1.02605161840179 0.118478851856655
-0.315822294163066 -1.03414477963363 -0.0125157379244136
0.578774244596041 -0.895471799668732 -0.0974500796023501
0.524317103691139 -0.950725813340179 0.0160112966200237
0.511327299643177 -0.932314183610364 -0.103390353163393
0.355764475463372 -0.958133159586485 0.255833482474318
0.447870082875437 -0.973746648232068 0.139129276803748
0.36349780592072 -0.99111751448349 -0.119764328094716
0.447216483577108 -0.987812181487858 0.0128476793455073
0.439510512537485 -0.964092943740097 -0.111600940739077
0.48136493159116 -0.96417594252525 -0.0472051807116757
-0.00369838666843493 -0.636018828347895 0.489245057110273
0.0714852540959698 -0.734173329091116 0.469654169836658
-0.0327432958866641 -0.690694017885586 0.481163721908361
0.256884672588968 -0.906798628211869 0.353566480188968
0.159919918181278 -0.828467058121455 0.425315935718212
-0.104959555135065 -0.794351716926536 0.446921672350624
0.0420006074298381 -0.794451428470099 0.448716486081843
-0.0670304019946596 -0.743359018759228 0.467272339507428
0.00267927690726322 -0.743374583596658 0.467938379890293
0.0323386148238529 -1.04411091594269 -0.141753193908643
0.114844643814738 -1.07362584753721 -0.0071787591751903
0.117591427910602 -1.0397098494077 -0.138313821008816
-0.0131407098474909 -1.06672735258716 -0.0785892616055095
0.273424304897755 -0.984701081673074 0.253790629650623
0.197375922274344 -1.05247315440513 0.129810821182676
0.320868068216586 -1.00048786551117 0.197136112418774
0.283979458109438 -1.01297754023055 -0.12715246442267
0.200842820760108 -1.06175608710351 -0.00279272185513395
0.201742092832318 -1.02927267967759 -0.133405681071369
0.325577304365229 -1.02241080869182 -0.0602627396674461
0.159058565039531 -1.05706888479105 -0.0717561464088395
-0.105899342656416 -1.07608007367337 0.0540897353886432
0.0693765129183228 -1.07842908516251 0.0584720385975689
-0.0593894994546125 -1.07752780556958 -0.0126633236207122
0.0278681552556981 -1.0788990793553 -0.0105136438868017
0.408697840171031 -1.00212742636937 0.0748770950747408
0.242346066233487 -1.05349979277264 0.0663450915628892
0.366301663290717 -1.00641210926023 0.13693537058481
0.36746696843848 -1.01871190772956 0.00784448152059421
0.282702544959685 -1.03273650719079 0.133560085644247
0.285225402327064 -1.04340200355845 0.00237017320730312
-0.278510666431954 -0.95722351751398 0.294753691887916
-0.11124050190493 -0.986176534362182 0.296900428800603
-0.233407105189491 -0.925539899127297 0.343348908971441
-0.239200928232377 -1.00193337465998 0.241253948617213
0.225063025415543 -0.959844953054261 0.305519795724498
0.0580590695228511 -0.987040122877583 0.300517705161133
0.176845378201291 -0.927041607300267 0.351319280249761
0.18949024583615 -1.00490349348766 0.251097372942436
-0.145798152466797 -0.842633841679709 0.419618906062697
-0.0694306919979347 -0.947441088794101 0.345181575931463
-0.188870066988306 -0.88685176413169 0.3850914177181
-0.0690618858247679 -0.8503617147061 0.41998269854928
-0.151825362978046 -0.939954511636966 0.344112522904675
-0.151957109812146 -1.06250705571238 0.119747821899964
-0.0679569596714077 -1.02431530929522 0.24382106349639
-0.196702657729326 -1.03744741250803 0.182593458754726
-0.0645310020449253 -1.07046756619523 0.121134849215389
-0.153975510359325 -1.01661062324533 0.242371996589492
0.0845536198729795 -0.842954675963433 0.42302335793352
0.0132108609678891 -0.947735677118509 0.346788409794567
0.129733093779226 -0.887611676048074 0.390572923389359
0.0080062894667245 -0.850466439712708 0.421125421055429
0.0954854165687845 -0.940843315572536 0.348919041017383
-0.0294134939261714 -0.901781518053752 0.386650022376185
0.110718282163034 -1.06542243694972 0.126268725551191
0.0183222450859605 -1.02490970889866 0.245800834743345
0.151063026680253 -1.04054685995566 0.190984716718994
0.0232264681678811 -1.07144333044995 0.123312510408204
0.104310167007173 -1.01839281863343 0.248299681786176
-0.022839323468411 -1.05311790449667 0.185588598552109
-0.535045433874656 0.912863151587767 0.402301155683772
-0.457598917196972 0.820559866198856 0.451995292963279
-0.470432291672881 0.932986306602628 0.412698580140411
-0.288879172081128 0.602220439966681 0.386561137561994
-0.370569545192951 0.710150142727995 0.451082901255819
-0.335813095915733 0.969441835312987 0.425427835176166
-0.388116370281891 0.833308449304608 0.455534673502428
-0.404177939533415 0.952548059352425 0.41991803754519
-0.430016153795377 0.886381329671974 0.440114418031426
-0.0836458199352923 0.349412300230772 -0.162198919380741
-0.168117673447859 0.461353838304146 -0.0713048494954947
-0.229768942494041 0.523546643878658 0.258250565722158
-0.205579726590605 0.498639270973231 0.0903851531443978
-0.0499290605936201 0.999820381831268 0.436134591385597
-0.118050439212009 0.863808310715048 0.455619534199764
-0.122338515411714 0.998195070807123 0.434858990220015
-0.229123020275585 0.609835123039318 0.365111099810791
-0.176157011866894 0.728507535137047 0.42669783400649
-0.264492412582424 0.661128818996241 0.412293319457072
-0.265726491476172 0.982894378662008 0.429629785667772
-0.184912544697968 0.860238598145168 0.456359646502275
-0.194412123995628 0.992535263771169 0.432726490395175
-0.293253223662927 0.914368073338034 0.448353411886032
-0.154914467988039 0.930284369473344 0.451678548750556
-0.345618039091427 0.776209734004726 0.456941646176134
-0.212858889343696 0.790779554329011 0.449921844212403
-0.303886456461972 0.717786090109032 0.44284070639471
-0.3197737702734 0.844699783048454 0.456844525437336
-0.239251302942836 0.724023705430819 0.434356526039294
-0.252118180871913 0.853816260177557 0.456912778072711
0.498629424267219 0.884129153692406 0.414915088987086
0.413868078105753 0.795124450011451 0.454682662952814
0.435420986123585 0.906740243511796 0.422534733113015
0.236435410160698 0.59016419831322 0.374076793110537
0.321644283893325 0.690647997488429 0.444703695455038
0.304196420393458 0.94961530581275 0.431089358939881
0.346025581627721 0.811134890090909 0.456213415701431
0.37086687284987 0.929271020620185 0.427493005776042
0.391249749688558 0.861860410415844 0.445270575748739
0.0015292384300776 0.348446137517843 -0.165469788902417
0.0940547364431199 0.458984681520601 -0.081189990215915
-0.0395006229910209 0.417074172952741 -0.136439014187562
0.17349184422358 0.518300230710193 0.243976304562101
0.142222953928397 0.496423198484031 0.0772325214210868
-0.119824330775814 0.515668436639901 -0.0227012868357636
0.049541782182898 0.514456568405016 -0.029120387524993
-0.0823411135482709 0.475232751395902 -0.0895218401732863
0.00727292859710885 0.474480716143665 -0.0929577258941041
0.0224321428323195 0.997426765333718 0.436630073918909
0.0810284902844397 0.857293538944567 0.454794177424041
0.0943851458516994 0.991074648897138 0.436388637200787
-0.0160770958510441 0.932516241783885 0.452620087626783
0.17739562466289 0.600958514866465 0.354216914940896
0.130858054955852 0.719683134759098 0.42169853345933
0.214887499673731 0.648702411095581 0.402958935184534
0.235640109172238 0.966959537914608 0.433677544737263
0.14707919585627 0.849499100057128 0.455232432215166
0.165575881944171 0.980865630386003 0.435416155979889
0.257786356561845 0.896872900450791 0.450367027677915
0.121878878888932 0.921153443110251 0.452238058632148
-0.0839938794279284 0.796386709421868 0.443978077133082
0.0431822732862996 0.792394491301705 0.442584380765004
-0.0514739125603087 0.864492200645694 0.455001901024033
0.0148670328928172 0.862308628135501 0.454701573735885
0.300660870530919 0.75692900498235 0.453573332375839
0.170608798324774 0.778933058565469 0.446476762375657
0.25646749398232 0.70181249307255 0.436069929130044
0.279317998226218 0.826082810838403 0.456332390677414
0.19305461141977 0.711624434358631 0.428109053433524
0.213117511471938 0.83902414176826 0.455845770584496
-0.19938482426303 0.567948251079909 0.302376281031761
-0.0857477993168465 0.583321236207755 0.26576211092116
-0.176238208656216 0.539317441236652 0.22711078097974
-0.170680312320866 0.616350603375539 0.346628634005434
0.145302835850349 0.562294397193284 0.291003235977458
0.0310699239043986 0.581752117476271 0.261604558742747
0.119245810136065 0.536165152071115 0.216220121592073
0.119263549772697 0.610354455071068 0.338197297293295
-0.144297032838258 0.527230491598834 0.0591787766222727
-0.0598144805167662 0.559561520941644 0.190976732350765
-0.159027511497868 0.52621943499723 0.144254537657264
-0.0716740886406969 0.542974275780285 0.041458290807263
-0.119622407823043 0.552289887359149 0.204117812301381
-0.114129300966483 0.731020285950571 0.420689912129401
-0.054720926642611 0.623059791099746 0.324466795794806
-0.142667065227281 0.670617264913631 0.38725005164708
-0.0527568049476791 0.731433761428533 0.416943552261581
-0.112704187127523 0.62101522816767 0.332689282631481
0.0791533512276229 0.52603740620363 0.0506912327025801
0.00151198607724266 0.559094399489687 0.188641593883245
0.0983534087499264 0.524556049924474 0.134447174890629
0.00549963374301403 0.542567276873629 0.0385205688769622
0.061833484211781 0.550695411435678 0.197280362959856
-0.0310831245150106 0.548638104796353 0.113675690809497
0.0694074787759699 0.725745520826749 0.417471183662963
0.0033419673494863 0.621947047265138 0.322646917394913
0.0943877675482796 0.664682585184859 0.381614701554807
0.0083142403429027 0.729679663618231 0.415833583944571
0.0613482525271571 0.617583430503621 0.327364726230585
-0.0239790492768898 0.672329560281323 0.375688385164829
-0.0338552392445925 -0.53781494507564 0.489541535373005
-0.0344368904508294 -0.411634200331399 0.462807361281563
-0.036306760814117 -0.177093797849101 0.282756025118814
-0.0350353240246567 -0.284573008545889 0.396715275090787
-0.0433488096049506 0.219061464972588 -0.186703075913577
-0.044714715213852 0.0530633096351337 -0.15506350107096
-0.0393302418029641 -0.117962527564161 0.124589986259446
-0.0436275998495745 -0.082786055659733 -0.0453808530326134
-0.581081728860709 -0.821246987714469 -0.216428183669513
-0.512296676764214 -0.761134710105888 -0.309459931882752
-0.513981303666634 -0.852293139175003 -0.230035442829151
-0.340161715546794 -0.581583111211875 -0.426787447929343
-0.429262082706261 -0.678274127868804 -0.381216587522378
-0.369234061985395 -0.908613725130984 -0.246811329286454
-0.437073795489484 -0.787933700465166 -0.322504285043684
-0.443453802261428 -0.882014572729638 -0.239552678869984
-0.476784324596047 -0.823693200358371 -0.278871625054692
-0.012311959476083 -0.178785454680088 -0.448013212973464
-0.084867567859223 -0.273724736910212 -0.453608104435815
-0.250941327029768 -0.478748260672296 -0.449470222784851
-0.16516762714173 -0.374998049497273 -0.456029198684553
-0.04684699182889 -0.96931802491978 -0.257876998098471
-0.122411805026445 -0.86157702822876 -0.345209468109773
-0.129939067339417 -0.961873297951935 -0.257696801014161
-0.26346627593347 -0.599586851049722 -0.432420551971019
-0.194948217172383 -0.734805672056444 -0.401721138649228
-0.307708758949848 -0.651068332502706 -0.414619573653799
-0.291813179622748 -0.931167434147357 -0.252191482735105
-0.203069800755614 -0.849596679169878 -0.342765246294382
-0.211824630844014 -0.949062275935375 -0.255806384699124
-0.326042250947205 -0.874430030570574 -0.29600867749187
-0.166842170518336 -0.908811136891051 -0.304154539568829
-0.395189256308816 -0.746389146845852 -0.359900667134693
-0.238737590983623 -0.785970397066834 -0.373607000259012
-0.351827660202598 -0.700360895360507 -0.390592181114833
-0.360546620685177 -0.812229525501757 -0.331814156268761
-0.273733227517286 -0.719425448787225 -0.397251266668362
-0.282529129631072 -0.833000865415246 -0.338392449254781
0.575911374286031 -0.844658487049818 -0.192753153953495
0.516967526786755 -0.78401656840877 -0.293031829304793
0.508275257253467 -0.873673534971099 -0.209696622878351
0.359738992989193 -0.597495320273819 -0.423350190945741
0.442259665389214 -0.698387598058563 -0.372068836454419
0.361636875833637 -0.924662926991348 -0.232872351682959
0.440904320537782 -0.808031771098128 -0.30922850120353
0.436837354090869 -0.900922577671795 -0.222432417572593
0.475997257280848 -0.84470309692667 -0.262053560744326
0.0475273557849902 -0.179784626103374 -0.448546740333187
0.117325521311197 -0.277395590261561 -0.455055573996626
0.0168760032751179 -0.231375293618328 -0.451671454986516
0.275719019990309 -0.490080493985922 -0.449539481920694
0.19416394753089 -0.382134527424375 -0.45754537324083
-0.054935806857089 -0.33426367867216 -0.456542119668692
0.0853252402258117 -0.336941829822531 -0.457397706494649
-0.017809001178024 -0.282457918681314 -0.45444574004811
0.0499659666475611 -0.283693428808453 -0.454941038732203
0.0367454822864265 -0.971237317427539 -0.256348338572639
0.122766000749916 -0.867557004791072 -0.341934771118681
0.12011987902666 -0.967588970544274 -0.253103806725348
-0.00247682332058004 -0.923303714454198 -0.305026543797531
0.281994394626796 -0.612177090263646 -0.430180356891329
0.20495279914488 -0.744520182595928 -0.398354568632226
0.323103368876635 -0.66587201664348 -0.41032727901422
0.283299548123073 -0.944022556879829 -0.24140039246653
0.204031924243051 -0.859438902580982 -0.337229902245419
0.202548882066539 -0.958449290887897 -0.24812912255217
0.323291856100396 -0.889424516884524 -0.285215142442824
0.162487725471045 -0.916623960486673 -0.298877452171695
-0.0786148318845619 -0.809037529799488 -0.378828042244654
0.0834406020835004 -0.813035015341146 -0.37710517064098
-0.0409224376541995 -0.868651119913265 -0.345864717876307
0.0409598960164602 -0.870657040296821 -0.344780824516382
0.40326229639162 -0.765076731974841 -0.34999853289958
0.244797055253792 -0.797695465566919 -0.368192948711361
0.363749498989074 -0.717240798185869 -0.383724616872323
0.363354620927422 -0.829189710846468 -0.321342347248757
0.28461557264095 -0.732821510857327 -0.39227529445065
0.284337559089699 -0.846524014967159 -0.330476911650322
-0.2196143732322 -0.546807840014524 -0.444706563292132
-0.0669020130585711 -0.568053999414412 -0.448980508940028
-0.176551334888161 -0.493430097007116 -0.452347125117486
-0.186319339207967 -0.614215548152751 -0.436270776400808
0.240979006477174 -0.557164178146982 -0.443982030364792
0.0870621875215259 -0.571563951829818 -0.448858635140823
0.200494255488271 -0.501624777212129 -0.452628207729962
0.203976412232863 -0.623324792329698 -0.434894086205623
-0.0939639464892983 -0.386830120972151 -0.457391003800047
-0.0262910071540201 -0.510674616185975 -0.455157488327448
-0.134583936905533 -0.439977123953613 -0.456271480642854
-0.0220680329562537 -0.393812886479936 -0.458242791807751
-0.101645841959135 -0.504259121833444 -0.454200180073979
-0.115518943951979 -0.746005251821811 -0.404338734353447
-0.0307517963803119 -0.631329643145836 -0.439658650416971
-0.151502493128184 -0.680779238823978 -0.423162242677284
-0.0355868710134256 -0.752684378070937 -0.405293541046223
-0.108724991661124 -0.624932621907078 -0.438627109281833
0.122401891456709 -0.391155521437015 -0.458386360970428
0.0493348863007247 -0.512334548336823 -0.455258267266003
0.160877521819157 -0.446148026830472 -0.457102114315431
0.0502124155161583 -0.395262607031578 -0.458588519832583
0.12499688274978 -0.509217521171765 -0.454458600252633
0.0128505224196108 -0.453072632179053 -0.458079505079903
0.124893648915187 -0.751893319879015 -0.402391540071119
0.0474663308359393 -0.633175195388891 -0.439426307711627
0.165160012624362 -0.68838804492888 -0.42135287473883
0.0446335848945621 -0.754657075451597 -0.404656368751494
0.125761635286377 -0.630445384638249 -0.437887684598263
0.00650518596620689 -0.693752711739434 -0.425216713836238
-0.55783465624143 0.990619760294832 0.332846268860108
-0.526076032639053 1.07717708790743 0.234197611090197
-0.494184628596927 1.02362356406596 0.337478413004664
-0.38784337756649 1.15228167209574 -0.0141258974756567
-0.468233619695641 1.1350625962966 0.112882187530315
-0.35483472511944 1.07404496097329 0.349909439693527
-0.451604042865655 1.11300027992916 0.236817499660576
-0.426301443196079 1.05112817224206 0.343767999754938
-0.475493071243176 1.07170387091048 0.290737329037301
-0.0167043492755582 0.902350761509152 -0.342926752329866
-0.100700587046847 0.990471697727156 -0.295893211103647
-0.293464187222448 1.1280471781085 -0.130567626117939
-0.195012887764892 1.0701267918518 -0.225679654670367
-0.0479409757568678 1.11621929242263 0.365738986582615
-0.129445607990336 1.19246254749584 0.253914789177827
-0.126415609412215 1.11340992435038 0.363379953193688
-0.302769695505029 1.17995333179729 -0.0124444539992137
-0.217197070916304 1.21380505587328 0.120996717105491
-0.346681161387389 1.17963843083524 0.0505967003826377
-0.280544400967768 1.09220697647772 0.355368481173738
-0.212669068185569 1.18202792291641 0.250172832376505
-0.204171385497796 1.10538152237229 0.359901583172439
-0.326733491048516 1.12434613669852 0.30138918992011
-0.168581552759242 1.15433942545304 0.310608461564589
-0.421950696233247 1.14563530789941 0.177423934585822
-0.257818718277646 1.19544109952369 0.184905143423644
-0.386745607418374 1.16813545794815 0.114610433840826
-0.374265763785604 1.14229042313079 0.241074930387675
-0.302913564438162 1.19442975893545 0.117574827909841
-0.294464782712966 1.16528954758582 0.245756913467972
0.53052295619528 0.962348261922108 0.352193150029885
0.511442746091863 1.05283806341229 0.257182039831354
0.469087989557743 0.997702701723483 0.354284247379997
0.398404616375445 1.13983098995525 0.00581072302308873
0.466876977476941 1.11648046654707 0.136082822718008
0.333417177672984 1.0542959262713 0.361311809240682
0.439183933434402 1.09145132051694 0.256469700951993
0.40312916722603 1.02803805657085 0.357872250724626
0.456626385282962 1.04772521536411 0.309331659115164
0.0512081899687818 0.901934441478991 -0.341988526588732
0.132081661233364 0.988808073979571 -0.291816800720034
0.016485342537549 0.952109843640424 -0.319482582664933
0.313442858528091 1.1207257959984 -0.116032834573484
0.221763128070438 1.06633639207937 -0.216880667868886
-0.0667525376968271 1.04424734325176 -0.260726269155297
0.0959052506199221 1.04293717454485 -0.25755500388375
-0.0234620625989215 0.999513794481484 -0.292789620399921
0.0546816292517187 0.998951499178246 -0.291409848406365
0.0306169625684839 1.11381244354243 0.366959137303233
0.122326038288268 1.18583076705549 0.259339219136469
0.108642088978213 1.10625738464263 0.367057378316441
-0.00598452705809616 1.16124985313808 0.315923064626507
0.314245660699115 1.17000500494101 0.00322210380921588
0.219771278382985 1.20455119596379 0.131818570355405
0.352828897447476 1.16687543245205 0.0683408898305154
0.26066174308854 1.07627733586573 0.364124131918742
0.204746161680626 1.17117691567403 0.259205883265101
0.185527196779947 1.09368240385587 0.366083886419808
0.311490182166704 1.10693022679265 0.313784639102482
0.155750269390592 1.14513734191197 0.3167713473212
-0.0870958602360272 1.21839129449387 0.191982306047216
0.0854742670688213 1.21424345048592 0.196030782821877
-0.04542791227571 1.19655934849746 0.256745760658938
0.038718798516962 1.19432796809371 0.258554484211348
0.415986969337672 1.12688568294043 0.197281687469715
0.254715301348074 1.18343159654493 0.196981044789593
0.387033775344579 1.15237929791034 0.13380520440536
0.363675147493325 1.12392402264475 0.257250603516613
0.304505364839923 1.18178970725743 0.1326315772133
0.285375185078166 1.15050213571418 0.258380578322708
-0.256200922643946 1.16952513094229 -0.0725868961133415
-0.0805456660596034 1.19714832340713 -0.0673620302137406
-0.208209590689388 1.14932274528312 -0.128301414495069
-0.215818570598322 1.20067523373956 -0.00991418725158534
0.272394366612931 1.16207843628767 -0.0594144439428815
0.0973731486319482 1.19459070392983 -0.0629151469224964
0.228488610953408 1.14398782734889 -0.117813894302221
0.227965963675198 1.19341067410484 0.00136734466623538
-0.112517992578302 1.08513079009516 -0.222720350198433
-0.0337400357835818 1.17013612276637 -0.123125202901832
-0.159968007549442 1.12068087199524 -0.17853528316032
-0.0287849516220079 1.09252193327807 -0.220106045940331
-0.121459986204308 1.16348764069327 -0.12565735113363
-0.130109115139692 1.22614450512245 0.124312569970702
-0.0382923802352578 1.22020140683668 -0.00444606495717303
-0.173402405930055 1.21997144031957 0.0562837125859311
-0.0422320745869795 1.23137272326085 0.127153571563348
-0.127473496333536 1.2141586659722 -0.00710612111793127
0.13921009047073 1.08282091209735 -0.217378408416681
0.054293633317855 1.16904454133591 -0.121003500173258
0.183727100198206 1.11704886345372 -0.170714546364205
0.0554376306975464 1.0917449912339 -0.218313371594138
0.141925031840933 1.16023881898042 -0.119317618511987
0.0119045254329662 1.13453318667738 -0.173551880048938
0.133345056841634 1.22049633286551 0.130832262100212
0.0511025549731691 1.21871346836402 -0.00217042426114689
0.181231958415487 1.21328724800155 0.0652859205394012
0.045801862332026 1.22947342100293 0.129331216258265
0.140063464631351 1.20973105420574 -0.000298940970609246
0.00419535647642921 1.23130815054905 0.061743415565246
0.01873348548385 -0.0869739004677823 -0.441987800822813
0.0198631913736926 0.0322787515434709 -0.434927024137662
0.020965955632832 0.292401085145145 -0.4263289874158
0.0206321672720467 0.160199053562006 -0.429655006921277
0.0184013082621276 0.811066516305655 -0.374506739452104
0.0195387797583485 0.690226306611278 -0.400984730674053
0.0208697352526794 0.426426374681927 -0.42302078480328
0.0203802185254502 0.560032934288224 -0.416065234605925
0.583819149756812 0.916460209283305 0.358599817884212
0.697289469042937 0.898057709426499 0.283937631882622
0.586319556419197 0.963943452832084 0.313182413456498
0.884989890826718 0.770115688179316 0.0840574426685027
0.801952502913128 0.849362593486049 0.189173932320353
0.565258343835835 1.04499753030935 0.203098334532157
0.695906045054436 0.938554258443941 0.223141740492767
0.579632646456924 1.00757323770902 0.261226591085941
0.642088985398794 0.9556152445528 0.270277797579198
0.935064123653049 0.298650443561179 -0.26330465978983
0.959348427789245 0.419595071597588 -0.199367945079767
0.939271722438525 0.665849316815075 -0.021114620161485
0.963053953175352 0.545606432303853 -0.117551174635836
0.440081380189734 1.10208333708259 -0.0537240599825014
0.596942787403322 1.01794234518817 -0.0413544353466023
0.479982439855381 1.10324275354053 0.00977161524479539
0.862590876681124 0.788983122964149 0.0126467469889056
0.739221167616427 0.912789019214571 -0.0190969944674178
0.830391551523567 0.837396999052558 0.0660902802032972
0.543500693470005 1.07425608000431 0.1403937177955
0.633418687152348 1.01234128538268 0.0242815868521194
0.514814206003994 1.09393014632898 0.0751999921010036
0.616186994392149 1.02594666944764 0.147675070303974
0.558501994776779 1.06061619895257 0.0157514862499671
0.746112777272823 0.912915963785042 0.172604342253026
0.704114834265271 0.958809213924947 0.0356333633839531
0.791308331184324 0.8789989431528 0.119829753474894
0.684016632026406 0.971972342379034 0.158477096337186
0.769958375266276 0.900387494079901 0.049717757487634
0.662834393194918 0.996882114171237 0.091557134749384
0.639426160640832 -0.819986238555501 -0.162937921617411
0.729448565553318 -0.708550001105677 -0.203517950063458
0.619504650832701 -0.791548541354623 -0.219205165395484
0.869742122398525 -0.427306548874358 -0.264015353958384
0.808226685850033 -0.575244096822152 -0.237950098261274
0.55769658711411 -0.720299936813829 -0.317009581945949
0.703939695722101 -0.670702949860063 -0.2601813141298
0.591358984319044 -0.758676597388166 -0.270920233752391
0.662842648392774 -0.733566219668909 -0.241102541690055
0.92809600954789 0.185830948105101 -0.289932905014677
0.938746284155249 0.0420845426089014 -0.293268485444592
0.911820122900813 -0.271129402319327 -0.281442757893237
0.93435103984128 -0.112717994062578 -0.290852322900969
0.393964262559788 -0.52801074206596 -0.432325051527859
0.54535299502504 -0.488301335148899 -0.409937874622653
0.43712819706239 -0.57983938003591 -0.413864652976968
0.830464888238508 -0.383338135483724 -0.311975487496765
0.692711912710546 -0.440515936924664 -0.371410550865383
0.805375946591539 -0.459133550834709 -0.302537339091797
0.519978441502503 -0.677017646734358 -0.356444897585897
0.58996469714846 -0.537654701280255 -0.384154714754658
0.479431647172065 -0.629838923394504 -0.388721683213282
0.596455824064915 -0.653895808097044 -0.33584801537154
0.513990039175854 -0.559753934667883 -0.40105098415637
0.741785233872854 -0.603537213134817 -0.27672582746397
0.664442989777236 -0.513698340020935 -0.362444687036
0.775735106833577 -0.532772358552695 -0.290819731077756
0.670795857080461 -0.629470408323688 -0.30940976864603
0.736581162733355 -0.487695845105641 -0.335344384560542
0.632236190755101 -0.584944560068373 -0.35075114287465
0.0664870150252465 -0.12282617833367 -0.44491692789937
0.179092394798387 -0.0855382594612079 -0.444522269068361
0.106077221454488 -0.16765536615007 -0.448455224546468
0.0729984829867371 -0.0632548242311896 -0.441109609547801
0.422485280476217 0.00530012057697148 -0.441725822199357
0.299182485783117 -0.0425226136620152 -0.444333011540535
0.183857914034404 -0.26553311441269 -0.454812378307354
0.225701341510479 -0.132738356809957 -0.448175840633983
0.144608180907556 -0.215621812433609 -0.451936837922601
0.165275381899024 -0.151328534096729 -0.448322736795665
0.0784066182035086 0.0611633173218472 -0.434279094717868
0.187925376775864 -0.0191738046289635 -0.440835809404115
0.0762676819108175 -0.0019187626401428 -0.437494811114526
0.129605670486586 -0.0413633046444658 -0.440799546138971
0.880779664612311 0.223474258687793 -0.317218053578221
0.781828289347381 0.169024422394483 -0.372756051333206
0.884232043973516 0.152530164624067 -0.323849047631097
0.546387337922933 0.0572736338805072 -0.432333693245301
0.667774663374742 0.112435808556618 -0.410875212052981
0.887851314952488 0.00456582922045439 -0.329288768074476
0.780150465846853 0.0927539652974706 -0.379085905088714
0.88734700059978 0.0796068924077765 -0.327493141314359
0.834423122146708 0.122207428033031 -0.353757102510423
0.350644450918931 -0.475193254057147 -0.444853661378633
0.407020681119239 -0.334439594862602 -0.448972519076875
0.30768654646756 -0.422059876750913 -0.452378155045193
0.42526015966162 -0.457539931919523 -0.438111208624374
0.475370144964757 -0.0432735279304098 -0.441681742454549
0.448439282744142 -0.190143643622495 -0.447016853978514
0.412291311032529 -0.0675578371811009 -0.445084859526572
0.224131558341274 -0.316836660324246 -0.456402964810659
0.361265563857403 -0.282926074540984 -0.452459108128154
0.26544319821319 -0.36913513677926 -0.455898109469123
0.249948800000146 -0.25001019291019 -0.45415667875093
0.33635482159505 -0.353020179074367 -0.453171690072461
0.573126407042422 -0.415629616629532 -0.416057266988348
0.477470652357558 -0.313830055419824 -0.442786980502743
0.499491001436403 -0.43758629325365 -0.428735217756236
0.453196053747978 -0.386129027776011 -0.441413062033383
0.287185752519069 -0.112426746979328 -0.447827102785829
0.382151543985054 -0.211857550528091 -0.450665110713683
0.349470257997208 -0.090647457940475 -0.446947554108926
0.270982327112205 -0.18173842414296 -0.451190655228626
0.399043357559659 -0.139997867452305 -0.448122472684274
0.315987798652682 -0.231923021317468 -0.452888381164025
0.0826855093862802 0.32473422630109 -0.426104771444091
0.203460577802029 0.251071318422418 -0.429731409171865
0.0820020047350688 0.25773195040666 -0.427681378769801
0.430323295166137 0.0784878194050177 -0.438126632046495
0.319381582891014 0.16899852428009 -0.434498277591945
0.368982175300984 0.0526178854677574 -0.440135677895148
0.0799492562945919 0.12567281309322 -0.431586408370284
0.201027382000666 0.182744820832514 -0.431992137839524
0.0811105996411764 0.191290925081374 -0.429426380797639
0.137852803096435 0.0882946814388431 -0.434238894647414
0.142119704885472 0.221342301555835 -0.429576427836746
0.247493984486005 0.00380107040389265 -0.440983209328175
0.258490356603178 0.141691110735224 -0.434772789256632
0.307946862993971 0.0277168374193581 -0.440901447797896
0.193793146980265 0.0476145274197169 -0.437470856872938
0.314428999371186 0.0982212602162297 -0.437629014450287
0.197933217087176 0.114910313527056 -0.434527125680123
0.850896298750492 -0.306082794831791 -0.319252501844682
0.752512629153424 -0.213568495839322 -0.385148610846883
0.866681520779943 -0.228037006295008 -0.324498980009263
0.78553352850248 -0.337435627889681 -0.351414540641836
0.53838543003466 -0.0178904130732204 -0.436103093789742
0.646046210744014 -0.116493442246225 -0.421402588172484
0.600941653987437 0.0085023743594857 -0.427673948469771
0.528033736256687 -0.0926548829751701 -0.439130833976348
0.88488216954783 -0.0721087093433493 -0.32941336129864
0.764301535403981 -0.136823326759201 -0.386086089955742
0.877937119049498 -0.149841043134932 -0.327846277624839
0.832003046343987 -0.0290825525675966 -0.360027071327693
0.816936503867247 -0.183213960339647 -0.359258837067939
0.645773491701309 -0.391754965434153 -0.399370515090374
0.685646059342599 -0.241478172402969 -0.405857557001635
0.716838615026587 -0.365813472249901 -0.378005389103968
0.597079279597955 -0.341913257038148 -0.419922264359407
0.736753283806855 -0.290024400919661 -0.382510366461991
0.722537038318369 0.0639329051241839 -0.399679702683158
0.710184245452169 -0.0891136485148392 -0.405723217848976
0.662537372325669 0.0358117415269406 -0.415729684788885
0.777462671288473 0.0164387811578779 -0.383144282509604
0.655564569114016 -0.0404911061753579 -0.419194838038636
0.772447440838501 -0.0600921005388902 -0.385419377563278
0.497952844051934 -0.240734853829865 -0.442662990526765
0.633375944384485 -0.192153745840294 -0.422348788921768
0.514713446035436 -0.166967907242898 -0.44136623588469
0.5475975922453 -0.291441511618677 -0.433998558341688
0.580712531934222 -0.142417209205667 -0.433058456376382
0.617135382854399 -0.267352951719336 -0.421922607908642
0.0721440851204257 0.845281796879961 -0.362630640809132
0.19698823986692 0.799889647136682 -0.369339490669594
0.117392059286409 0.887024480378957 -0.344836891547155
0.0786996614498493 0.785370382716867 -0.380159388853811
0.455211513489074 0.669899657874512 -0.370456144424695
0.326672790949254 0.741152651756674 -0.372074813110929
0.207930944670312 0.970909291798324 -0.292980495878228
0.250629995795832 0.84079234299188 -0.349834616745345
0.162055997028476 0.929614524815428 -0.321793829938905
0.183725751127286 0.866063989429063 -0.347738942000367
0.0827828065587281 0.658892816575684 -0.404911329224418
0.204149088821398 0.732511509101616 -0.386519443688346
0.0814266245527213 0.723141494252629 -0.394171384089681
0.140889728238071 0.759938187417283 -0.383924799798709
0.885510930205304 0.292614254437123 -0.302121821862008
0.798165190200836 0.39446885445703 -0.330365675895404
0.897779776284417 0.356820028832162 -0.278317206540761
0.836353931966516 0.271183679575364 -0.335235275842179
0.578901533828777 0.587141928838544 -0.363779133933117
0.694408370967463 0.494458334353162 -0.350849529576075
0.916386679600799 0.485563595539094 -0.215674737757159
0.806422950209429 0.466095444105077 -0.306793021477266
0.908934496869529 0.420844310261912 -0.249329775735711
0.854500620859383 0.412227586182401 -0.293283046144855
0.729631415652578 0.217711988306658 -0.38617328209797
0.740823864806667 0.370588001383066 -0.360465336498035
0.784525223910585 0.245322449985688 -0.363186197533586
0.790085636820505 0.32086860039277 -0.349221078244328
0.396369122424235 1.09095447888715 -0.113416443082286
0.458766747803502 0.979402939135891 -0.211715723300559
0.35015327462645 1.07085354465285 -0.167875059915856
0.476917066309423 1.05517074365551 -0.109403540347024
0.515395938303234 0.703623350760074 -0.34642836914857
0.497886674003357 0.847053756474985 -0.289385342103457
0.450536338009762 0.742919112683484 -0.349276142699457
0.254982230538766 1.00927441328423 -0.257878314524164
0.407571136701053 0.951397734438108 -0.256136858688504
0.302668457141197 1.04311870687993 -0.21617352774282
0.282364596742915 0.946980338311465 -0.293847407341436
0.38172166013549 1.01393735391632 -0.214624144783941
0.629445189466134 0.967318655426547 -0.0953386232503622
0.533598805591989 0.939980459007336 -0.207056555689374
0.554739494895302 1.01382818430837 -0.103500640141299
0.50822345764204 1.00063905451214 -0.16064270189987
0.317710667841153 0.811687884131788 -0.350871754826301
0.427462489631806 0.88458719137126 -0.292366579366785
0.384496650877167 0.778999948841908 -0.350720532116165
0.303242576242956 0.880679254327789 -0.324842895985007
0.441583308378215 0.8147452523514 -0.323356110777748
0.355554557203718 0.918018267433028 -0.293770014406432
0.0831894615858947 0.392047905282609 -0.424329123419945
0.208325236104155 0.457890003463504 -0.421379150138519
0.0835113849703038 0.45942087231894 -0.421883816112096
0.144785057709432 0.356683125316813 -0.425784351210226
0.456607737700085 0.59621736443185 -0.387376348957229
0.333069202542912 0.526401777160783 -0.411369354757932
0.394486690341982 0.634388188918432 -0.388599062121183
0.0834203539693932 0.593203589336433 -0.412757630717852
0.209061701094509 0.526976983553832 -0.416450480930867
0.0836148532468295 0.526579685268553 -0.418222115680588
0.146047273592946 0.627878358596028 -0.407586986850782
0.14633954481642 0.492780595798613 -0.419916303840846
0.264999642285074 0.280983787846311 -0.429394487045874
0.269398136727974 0.42137907833899 -0.422699228505671
0.205446054554537 0.319791347583795 -0.427483392708752
0.207074210025347 0.388778065158042 -0.424863690446095
0.26783782602817 0.70253863053604 -0.38813332519617
0.271414821332232 0.562183529561371 -0.410678649500718
0.331431673679213 0.669843087360461 -0.388829038496436
0.207648206666224 0.664445642767224 -0.399683687440225
0.333234613145897 0.598185441960699 -0.40170386487227
0.209000759449892 0.595882105946148 -0.409440338516974
0.887477194047569 0.734843330985181 -0.0393382728858253
0.803944670225291 0.739092917196983 -0.167061616010909
0.904955464470158 0.676192849947728 -0.0888628643993918
0.830112322845368 0.799587304671293 -0.0563888237628126
0.578645636793505 0.661295807073258 -0.342053148829742
0.696856842881578 0.712292708107793 -0.269344492399305
0.639846741417917 0.616135403761264 -0.336016192179599
0.574828576270694 0.734328543431605 -0.315785555434207
0.918808097445916 0.55036999684777 -0.177526035764197
0.81230007658428 0.673401525655012 -0.208746133680746
0.915238106659163 0.614291786167912 -0.135123289983985
0.867982391773091 0.54734921556363 -0.231511057986953
0.862014836263024 0.678735684869529 -0.151843378015892
0.700581205680359 0.915961156084003 -0.0847215659204263
0.741566796832935 0.795444829324562 -0.180354525482553
0.767644433390291 0.859995782781263 -0.0716614231951144
0.655624465845027 0.910147887014553 -0.145549695725286
0.789185154575987 0.801679829504983 -0.121208171516926
0.75424190648177 0.518251694202941 -0.31845848764897
0.757654853179084 0.660564307531667 -0.25865797704834
0.698541123644389 0.568366879396956 -0.328186223713508
0.812533071059041 0.53639161468155 -0.278665114811482
0.699732901975099 0.641070442267435 -0.301094912374154
0.814875614818932 0.605596394055952 -0.245983472576852
0.552953986272919 0.874584952775124 -0.248417590676955
0.688984720311677 0.78147608485684 -0.232805381627398
0.56652090097353 0.805689734176079 -0.28464108767731
0.605932333303224 0.896021548118817 -0.20036867930306
0.632987880687696 0.760711412350124 -0.277992973307396
0.675400364169765 0.847784904632354 -0.191484567489419
0.491685224242999 0.105259269284283 -0.434232494453089
0.50253650953713 0.25504302204213 -0.424279974023987
0.552742645037994 0.132809030135561 -0.42776085968107
0.436490481441414 0.151968387174878 -0.434258187189202
0.51742839477721 0.5554363623198 -0.385038039644598
0.51138443850033 0.405454141019532 -0.409333160979037
0.576598651171134 0.512210055540772 -0.381410216828145
0.455680588724556 0.522194733617126 -0.400628837335
0.672262565257335 0.189382525370162 -0.404329514026159
0.5631629112884 0.284733078288803 -0.415283403546196
0.613099353283687 0.16094464595023 -0.418011316495742
0.676980515029663 0.266485476346703 -0.395616156158709
0.558148000396141 0.208666846893777 -0.422190316092969
0.323338893259727 0.240057218152767 -0.43136474012106
0.445973514962667 0.299689882279464 -0.424942408592833
0.380460216898979 0.196999339554277 -0.433120186254521
0.326635551983787 0.311379118840668 -0.427950080846751
0.441569685644761 0.225716598848734 -0.42996274490056
0.688627666674374 0.419420136298128 -0.369384600561062
0.56805875749907 0.360820808356432 -0.406567864498257
0.633777185183788 0.466768037923743 -0.376275670832971
0.682502635166767 0.343329500556686 -0.384154405431423
0.572711339745916 0.436712073357195 -0.395477700488995
0.623226673421992 0.314375167504404 -0.402171471208892
0.331643465551692 0.454617736809646 -0.418523998330238
0.449889086885206 0.373820203703938 -0.41876165083305
0.393745547577985 0.488360275057971 -0.411475217467211
0.329418055886169 0.382919708805985 -0.423845075760185
0.453240780918494 0.448021273224417 -0.410868050853716
0.388287207921092 0.342357905695967 -0.424675833180386
0.563260512069824 0.86965863302351 0.398811005236728
0.62585616509515 0.754729925010974 0.424482288039256
0.5266533083402 0.826065631634606 0.429872644902311
0.625582087838709 0.862617484681496 0.372604548253159
0.7169804858417 0.493194348326602 0.455876289923139
0.677886557848067 0.626931167413107 0.443299071471486
0.437033189987864 0.730130946876749 0.458437385670487
0.581130287545346 0.704853221455295 0.449206396993137
0.483571644931232 0.779712932134364 0.450285469613021
0.554841429698317 0.766465960079076 0.440836172714984
0.74533869867122 0.836123233509142 0.300040722476449
0.694933805815415 0.741650632592058 0.400709077785105
0.686466927582654 0.852431595204921 0.339360702212206
0.662178005412444 0.804052441411009 0.38717373586389
0.757929923566333 -0.0308231323390491 0.474555764097645
0.762960738290524 0.0920813547192174 0.472978687152377
0.74355887383935 0.357676920232375 0.464050600036756
0.758598426096943 0.223130349028344 0.469476884369574
0.257846304888805 0.535086695978017 0.344393720790873
0.378586070977751 0.508110903989094 0.404420608664625
0.297305081692081 0.578625633611523 0.396081437951524
0.659188629634896 0.447499751140633 0.466301322724002
0.51395277382587 0.481119654687089 0.450552778574887
0.643841798277706 0.512589840051027 0.463662650661562
0.389121381560301 0.678701852001137 0.452792637477113
0.427733175446465 0.554742197078001 0.43822668681565
0.341840894774677 0.627408129020114 0.432224366878366
0.459171112479146 0.666562262022173 0.458653293208288
0.360890433845115 0.566776513747072 0.418221541105415
0.604848010352894 0.6416670331722 0.455518047400697
0.497769657016944 0.542240731750266 0.453750653520112
0.625758610703096 0.577429188055807 0.460198979809814
0.531442760499172 0.654422455257934 0.460215743594206
0.57024185831368 0.528545027721575 0.462716937087915
0.479505456704175 0.604009337256798 0.456741103952023
0.933466976661709 0.698814911521468 0.102819063059585
0.931605403609926 0.636263601149209 0.242667306944957
0.895958091842939 0.743650279980044 0.15568552815394
0.788009950040414 0.469285908777697 0.439314798954496
0.880133440243486 0.556443245977337 0.360611988778548
0.770380617207619 0.539441177877467 0.431984248456255
0.800792809080303 0.812675724437692 0.25556521927372
0.880533241471569 0.67229760071773 0.289877092827769
0.851410915596606 0.781790953609086 0.20703422960271
0.787130840426926 0.770489759546126 0.316646253872224
0.894578992081066 0.710614489678182 0.225135876560905
0.723900482602838 0.676251613240282 0.412750707569166
0.854239740763013 0.630107662325123 0.347391709630884
0.749040396539494 0.60862341625643 0.423167068514936
0.761075695431645 0.724500459395287 0.369868581624741
0.816899554107123 0.585416567744369 0.395383303445454
0.823312367024939 0.701644565905081 0.332631096072514
0.641120616189167 -0.850607648753159 -0.103494723723346
0.733432623377563 -0.804076407325288 -0.00514390649837332
0.62433030754576 -0.881674931889768 -0.0451408390375558
0.694883636160066 -0.799865568019176 -0.121023554494739
0.857445566567828 -0.625229950629625 0.20994588844708
0.808898568208661 -0.727741516872778 0.103206335483966
0.565788145326029 -0.925627081178552 0.0770500133691015
0.709582409250532 -0.826408169008451 0.0625076535913453
0.598523334639296 -0.907415448385466 0.0151105558668555
0.668744629702922 -0.858246956005078 0.00799616212921799
0.790159293497985 -0.681560496916831 -0.159591650709667
0.792119300048085 -0.745334088574822 -0.0219437514692518
0.74434361120681 -0.743492303172541 -0.140499496189198
0.745769447014845 -0.775747657229831 -0.073406737866837
0.778580448799599 -0.131779496529304 0.466962877642162
0.828775655148673 -0.248041832718086 0.43574523875069
0.875326101452213 -0.504480158215918 0.305150965825704
0.863958603281255 -0.375457926511006 0.381656190614387
0.386412346933122 -0.907188899290889 0.308833953432735
0.53995438019307 -0.832676848832662 0.306185780255352
0.436225832143236 -0.925601580079764 0.256588858622238
0.812372814533847 -0.628513928061043 0.272909627506323
0.683214892758228 -0.739332948998564 0.294301783233816
0.797248042161483 -0.686724050844905 0.223844587871849
0.527118639912854 -0.935039933061039 0.139121609153418
0.590299715868979 -0.844324306837156 0.251709241366274
0.483542835812489 -0.935041364776446 0.199535018524636
0.603607228371248 -0.890670670771839 0.135849497016241
0.514523963255649 -0.887529764846146 0.255401862553986
0.745291831546457 -0.786701813401807 0.117464340150201
0.663073276933956 -0.796325433047266 0.245172219236845
0.774759545996655 -0.739828830720033 0.17165258408493
0.676620120050391 -0.841088496848692 0.128611647807117
0.732261931525422 -0.743759363649897 0.235777056827065
0.636347011635296 -0.847176548822033 0.192101545066838
0.928559179473007 -0.391503309449294 -0.220081420490645
0.970525973192733 -0.466128913667015 -0.0917216077426073
0.901398423257936 -0.468831450753454 -0.207888964045714
0.912330407035959 -0.559281509754229 0.194778629542521
0.965538901400276 -0.524227911016381 0.0527114092316279
0.893639385637477 -0.614369480144853 0.141677938875838
0.831901855164366 -0.614647750586263 -0.177453765547662
0.934396579280144 -0.541953154068659 -0.0756980702534387
0.86910131217743 -0.543478603829649 -0.19363741783975
0.844678219949558 -0.650472644634807 -0.110789903467103
0.923496161105005 -0.507294435459612 -0.144575573448451
0.832873905550843 -0.708125206702621 0.031975271977841
0.9330617429219 -0.57195151395993 -0.00341162632607985
0.866984845332142 -0.664278388041453 0.0869729887074154
0.84509858187174 -0.681979419966203 -0.0401374643591637
0.919270818449251 -0.596377778475449 0.069848578993387
0.892540869814808 -0.614077993155451 -0.0583314692610425
0.0127701748089967 -0.575077081215628 0.491567338162595
0.117721918875063 -0.531106853787781 0.490075025224981
0.0533769682273249 -0.621346804244542 0.490291820968031
0.0165711932575792 -0.51138753905086 0.486673324038405
0.331784865656533 -0.418609851349986 0.486357401241187
0.225295359404226 -0.478447937820232 0.487813924229875
0.138670864614768 -0.71777600345172 0.471758806856435
0.167118383900133 -0.577952226656515 0.491475692239337
0.09478945941838 -0.669613365206338 0.483966561014546
0.110170025845639 -0.601315345127283 0.491079302172049
0.0162251041516954 -0.380906368968969 0.451346883057278
0.119622637565178 -0.460744598465914 0.480274211355571
0.0169986709114465 -0.446367629887524 0.473629461965587
0.0679389640429386 -0.486439544155078 0.48349395707033
0.717654996397735 -0.120628144535912 0.47915961065799
0.631825187525903 -0.201630344859089 0.485067273041919
0.740711279422975 -0.180071365889384 0.473009563373329
0.435920743686063 -0.352327824387726 0.486286398532489
0.536594216876486 -0.279835429261912 0.486620280457757
0.785211274171003 -0.304549342101838 0.444504580154531
0.651658357342878 -0.268904483244333 0.482500844195913
0.764163669418501 -0.241145741181718 0.461585050602435
0.697837412585316 -0.225350140864599 0.478335350362241
0.335336426389525 -0.880660943597789 0.355163337036257
0.376895203671028 -0.751875920810676 0.42976605300301
0.284137782127454 -0.847144002545611 0.394843573608704
0.412015064853803 -0.849164987185178 0.355614481610139
0.391977019278549 -0.460168865489987 0.490622154578257
0.395171321664918 -0.608719595996884 0.475537776209085
0.33660576564798 -0.492804058198628 0.491071557213639
0.185118425538258 -0.764341375905955 0.453072496060355
0.322360533932522 -0.713086268326382 0.45613948375794
0.233800831070049 -0.807920520899397 0.427500065751629
0.204440634300762 -0.69612006585256 0.473654499169764
0.306127921652622 -0.782168223343765 0.429107430976172
0.559296812329849 -0.771891665878415 0.351408835486551
0.446060695168224 -0.717527147438556 0.429192971150211
0.486744229933604 -0.81278333376972 0.354478711867795
0.432002782722929 -0.785497559970204 0.395823492535732
0.223996725435898 -0.551877812979534 0.491546499505357
0.332648530291958 -0.641077727776219 0.47567876632391
0.280558011700943 -0.523422578361793 0.49138722129464
0.217345367214171 -0.624868736087178 0.486657401464077
0.337197231073589 -0.567290004355451 0.487423658698915
0.269064548259133 -0.670341030042928 0.475016543136549
0.0115460808616284 -0.15625982792341 0.249263132619687
0.107585924337891 -0.201086294595489 0.340206349546177
0.0120202570551931 -0.200964025155065 0.31797350318172
0.323855549405439 -0.345632171626848 0.473088799515012
0.210378621379037 -0.266670137595088 0.420681268689397
0.273433893129504 -0.376303289275256 0.473554878864009
0.0148807202150318 -0.316607089485319 0.418677922562983
0.110907838884116 -0.259643489695508 0.391727507539964
0.0133412044839041 -0.25564642158775 0.374494745717162
0.0659854847454739 -0.352022638197637 0.440825453634298
0.0607989109261517 -0.228170245286814 0.355209967566688
0.171233189409503 -0.433865081313682 0.477345443586331
0.162933294407762 -0.295419538033043 0.424964437279498
0.222542273669013 -0.405717327407112 0.475022314827755
0.118148731028844 -0.391279049202497 0.461100035049237
0.217110507373995 -0.334737767088798 0.452763742826364
0.114849044107915 -0.323747056292103 0.431843305213213
0.820078847564964 -0.566443549611877 0.317878027130923
0.703000409450147 -0.544209692476863 0.411258880311047
0.820608016682784 -0.501799212593282 0.357977458085788
0.760276778528205 -0.624065086037251 0.329224023268233
0.446512141042986 -0.425608023490137 0.489993440436824
0.574976701767268 -0.495046468128206 0.469364917389901
0.500025141159584 -0.389170729958223 0.489066846099306
0.453718773507828 -0.499593509237693 0.486050735021496
0.80235504367732 -0.369739274284291 0.421539626710044
0.697002260917849 -0.475169318692465 0.438497862609693
0.814460031436796 -0.435839302551573 0.392647751220769
0.737209624124375 -0.356895051747874 0.45255075436622
0.76057358858401 -0.491980490030269 0.402647852044681
0.629358360989586 -0.726745628951117 0.346187274535005
0.642323573942833 -0.592780207911559 0.41825901185425
0.696517201062491 -0.677469570289079 0.338754634991172
0.572310101850566 -0.706524469513861 0.39065094643343
0.703014184522763 -0.612017422452691 0.377901757528208
0.602958264596731 -0.310776267699374 0.485547753390068
0.631514137664399 -0.451828681215186 0.46504556088198
0.55227787455102 -0.350883715329716 0.48765969994456
0.670225563279686 -0.336965295849509 0.474070523003369
0.565491663581708 -0.422783272809438 0.48196358608882
0.685757978512947 -0.405849305775948 0.459444120906657
0.454151694029755 -0.64649087187347 0.455490488315477
0.579740921319181 -0.567015043844308 0.449862407115341
0.456527294168322 -0.57351291056579 0.474504402131718
0.513507180809792 -0.679451961617122 0.427175233833827
0.516542837188768 -0.535601994432507 0.472482406221664
0.579028152933817 -0.637845895737091 0.423560336204502
0.0267939477082844 0.268002335761824 -0.180693405453774
0.177684258998024 0.209715290394376 -0.133920626484007
0.0834211719772018 0.327514963018669 -0.157606235657023
0.0339488317646892 0.182848327534614 -0.181677894400369
0.30002783349858 0.130529594055341 0.164639379467365
0.28002157315627 0.157665644877997 -0.00557866634058605
0.171484460661678 0.431418729192431 -0.0524394936667428
0.229936481832296 0.268594975518206 -0.0890899577915253
0.132959837411505 0.38497862090641 -0.115712939904258
0.161355675180578 0.299599243562914 -0.13323519590219
0.0350438943503239 0.0157476600869785 -0.131570432407059
0.183466403047899 0.12139018650492 -0.116660033179147
0.0357958741753832 0.0971795613389735 -0.16605234551911
0.111644589560439 0.150516208262054 -0.159142789974884
0.704546508244642 -0.0592463220272228 0.480547933277549
0.588875246740131 -0.00426052680794009 0.46935172138692
0.702456030773561 0.00158655068406386 0.479627797125392
0.658576968425563 -0.0963923538989417 0.482518393019406
0.364909251865002 0.0962786173694946 0.313502652207017
0.469390345758442 0.0495823636121825 0.416048286979326
0.699665549969632 0.125546803874901 0.476196699532276
0.581659580876216 0.0584033078615507 0.462321624363737
0.701614093269497 0.0630378212323339 0.478051666939845
0.643037226667954 0.0307521951235491 0.475976340399245
0.567147624504433 -0.172908868706935 0.481310905752479
0.538439089897347 -0.0401794109709656 0.460456601783588
0.613311912372055 -0.134831698958473 0.482548548364084
0.598813726500087 -0.0687443137337241 0.476589402126678
0.225970473595809 0.499691480895263 0.278349748422265
0.275089127230374 0.399446778657864 0.219433405983923
0.203917513639093 0.474846271055842 0.200833320349031
0.278984284692969 0.481997633727281 0.31658811508474
0.325153335444882 0.17133082321713 0.21810600307725
0.311582538969382 0.287713402701419 0.196635005575473
0.303653798417246 0.189775271843924 0.138486871130558
0.189838066152066 0.45542322105545 0.0292583396927294
0.264096222697575 0.375157439438818 0.138901477809846
0.192831445948383 0.461387161241893 0.116251447458422
0.231571632369183 0.394569038182755 -0.00552480218436558
0.235161411932903 0.428069457340137 0.164866618182426
0.394815683836543 0.450752476527597 0.392292434677594
0.317871071420797 0.375804315453481 0.275801511437328
0.334777977795862 0.46578727715889 0.355609569625998
0.29930680013225 0.429314129046404 0.293046871152183
0.278319585204897 0.237493686146706 -0.0239399204744204
0.286726675662161 0.315806639016356 0.125155641865266
0.295391188010947 0.210574560121362 0.0558985535279565
0.261832233766907 0.319186932682698 -0.0237689895751496
0.300056313421243 0.252636869532104 0.124958020537722
0.266244923569231 0.352655904956552 0.0560659405157315
0.0129214420620421 -0.125225104680939 0.170371129054383
0.121424473891392 -0.0818139542329605 0.128052431390249
0.017667266785612 -0.109825076652788 0.0853456057668272
0.0605272054165577 -0.134967539225442 0.222776212833921
0.293460157040685 0.0756652925128273 0.201142815080981
0.219984719127899 -0.00855861342113772 0.14000788307695
0.274308933475383 0.0847015531133176 0.117503494608298
0.0319494661931265 -0.0535118646114328 -0.0763160807899135
0.1431165122499 -0.0599346253349412 0.0499344655105473
0.0258511582377986 -0.0973527718570547 -0.000562130426558112
0.108624699553151 -0.011214214518865 -0.0878000817911377
0.0804139140761714 -0.0918139047794019 0.0596327401300263
0.153804642283534 -0.173534124518274 0.330613845466597
0.159141233252745 -0.0822612038232454 0.199160742774183
0.106574331888927 -0.150690817473581 0.27753934513072
0.110214488327193 -0.110801433159707 0.205563035264785
0.239682021131247 0.0987276297783175 -0.0522605489117339
0.198738391017989 -0.0160898810472178 0.0571778782171351
0.266471271260245 0.0880729891452152 0.0304388716035312
0.179985563787991 0.0407931260117298 -0.0797926557742286
0.242214629873146 0.0344338085146399 0.0805336610215968
0.166614022660168 -0.0231523511175086 -0.0227070817035387
0.671936066391948 0.382416903433607 0.468459017901803
0.551243205227762 0.300340315137087 0.446276310707721
0.68222630064615 0.317529261150674 0.470403929067693
0.599537782099881 0.403029332489457 0.463023906486018
0.360248566896518 0.152420947933551 0.290293660514768
0.443979640828548 0.224623543470993 0.380629510718784
0.406640170963971 0.13180197972394 0.351748808484088
0.354345481430179 0.208650990865194 0.273916231966583
0.695950072813386 0.188934465138576 0.474247763592956
0.560433594686343 0.240402051125239 0.447930596862099
0.690189309478819 0.252986453537522 0.472309389776668
0.634145113647929 0.154567881211369 0.469216666671239
0.620427666189555 0.27841731590823 0.464700682793741
0.459481498016838 0.436037986006492 0.423802238552028
0.484625745515912 0.319734157022014 0.417073041653738
0.528160301681631 0.420525456976284 0.447883107700699
0.409494824154751 0.394118663881213 0.383077654659673
0.54053905921339 0.360319811469321 0.446324885779927
0.520257609445465 0.0846117534477094 0.437592061713245
0.504157910401381 0.203436127769033 0.421834820631219
0.461032925505394 0.109160552995228 0.400913489472761
0.5751890606895 0.119748165449059 0.45617291828535
0.452810595828855 0.167349964180663 0.388833133870464
0.568310160573986 0.180292525112443 0.451284090788843
0.333599786777959 0.320950496483753 0.266397048236998
0.434005026296976 0.281338104339681 0.376856965591509
0.345752741795004 0.26500644104315 0.265728037273311
0.366715196524447 0.355855021047378 0.329776377422026
0.390351227248194 0.244693494502132 0.328079400385062
0.422557209782509 0.337754695306024 0.377733980245037
0.373777344299816 -0.313694347017338 0.473635511112107
0.35027691467644 -0.175856416573983 0.425499299506715
0.423159732194873 -0.280460813110085 0.475059202123468
0.314091294302052 -0.27479223582324 0.451217875595339
0.326050279365811 0.0602456434713285 0.276957827202387
0.332298844989814 -0.0518025269716351 0.353926316574177
0.369888356572043 0.0395544073733492 0.341658850225408
0.287933426851362 0.0234829911573099 0.244879541563234
0.51997657915927 -0.210020127651495 0.479322939201032
0.39660771871885 -0.143610039932976 0.432403740969243
0.471930953356374 -0.245901429431749 0.47708450778098
0.504080147642216 -0.141826341123586 0.466786730447485
0.409594752565767 -0.210683773102424 0.456771137159281
0.203862768549312 -0.20290251029021 0.378658972899986
0.294844464192593 -0.14325145211383 0.383201856847008
0.257324363325668 -0.237265418233812 0.419326081500761
0.199395658193059 -0.144938474335717 0.32720673539603
0.303907974454807 -0.207038324345266 0.420992703870903
0.478808086684992 -0.011903644320098 0.433139495533699
0.385349773466895 -0.0796435559613796 0.403585547013682
0.421811145100369 0.0150529085170696 0.393748246821964
0.490212361131653 -0.0756877317374273 0.450697815550697
0.376458970912733 -0.0187697437871003 0.372509945973711
0.443135211685567 -0.110221582116138 0.441061383009268
0.205520055766068 -0.0493785457623851 0.204109563113507
0.288447553046909 -0.0839552890655084 0.339435774977901
0.2483152582902 -0.0135162401397031 0.219858676869318
0.19918433382745 -0.0938744257514646 0.267975105329609
0.285980558981107 -0.0288667469455844 0.292219290405243
0.244259656346658 -0.115062333553487 0.330251136953066
0.961214048961742 0.231853973601399 -0.254582791979552
1.04421514490823 0.192509629549221 -0.163781710454333
0.981809268457992 0.288381000044727 -0.220717165400465
0.975006709956882 0.160136345150746 -0.253198573661957
1.11980033047808 0.0906764553263437 0.0871811223395368
1.10231103273655 0.144218533243433 -0.0461303980022899
1.00362271885155 0.410349643649709 -0.144006950735606
1.06056173021574 0.252555826212357 -0.117308522115311
0.995748873832037 0.348508462148042 -0.184234403752799
1.024202323639 0.272264631828527 -0.172212212274482
0.986268186883265 0.00812495385272141 -0.251280600269956
1.05662888769015 0.110869399714822 -0.157543004663612
0.982979156831526 0.085418151767451 -0.252637990154633
1.01849796255823 0.13593745364603 -0.208959597425283
0.804050651651081 -0.0747363041183719 0.462900472776984
0.916346070542986 -0.0482191509570488 0.415018183578989
0.815585880706898 -0.0124539546472842 0.461661689333737
0.83790887697381 -0.128305767869008 0.447467975401292
1.09014038626274 0.0372569744207726 0.219246438262978
1.01783557501097 -0.0103829156555535 0.33252979498731
0.824404037752447 0.119419197479248 0.459084424619566
0.929537654091437 0.0249475963696302 0.410952701991632
0.821780530432686 0.0524338365335969 0.460605126254357
0.873451700653302 0.00537240007849273 0.440686353015547
0.889931971140938 -0.247429208800038 0.401546101286425
0.95077641278545 -0.106270490069909 0.384498692999873
0.866269290329226 -0.186323795133685 0.427225973161109
0.895681084867183 -0.119202739837645 0.420181519281529
0.963283539731338 0.648145697366505 0.0497145792742135
1.03882468474137 0.492233638269503 0.0863151857426278
0.985082404617606 0.592721298461057 -0.00244466143095174
0.975646716085284 0.623808489691634 0.121587352281155
1.11002024701449 0.151114351375133 0.14327818553532
1.08791601356039 0.32483656992272 0.1178262011264
1.11465817586501 0.178589166738886 0.0756303684337498
1.00486905214202 0.472533763680772 -0.100021589108669
1.05740994464153 0.435093260171279 0.0332001380816975
0.998854033690674 0.533756974709412 -0.0526326196486285
1.04007456760899 0.395146226950957 -0.083569823630918
1.02455636592869 0.515674748852137 0.0158964059220646
0.962636726022819 0.559222977971663 0.259054032599144
1.04077736854749 0.464349496840014 0.156535888126781
0.975508697171479 0.593793117710599 0.192187216640472
1.01143169815472 0.545490557925 0.139670591579164
1.0888820007649 0.229984894325718 -0.05670610437489
1.08344150703515 0.351557002672951 0.0489716180063625
1.10736523422892 0.205119594514668 0.00823066532123749
1.06815939159278 0.313975699248872 -0.0690442787394595
1.10253770276697 0.265796084171231 0.0630496201687309
1.06714877345634 0.375257598383624 -0.0187906182152391
0.950464144298556 -0.312289211366543 -0.230181381178307
1.04340959350382 -0.223227455128471 -0.12931288147251
0.967092876988045 -0.231969125222819 -0.238228274223319
0.980703987775418 -0.351172653002173 -0.171332421727171
1.11796499698286 0.00273612958483679 0.0982985740039105
1.10092203193277 -0.116210818371935 -0.0168680888282588
1.11919456794144 0.0299952872727555 0.0301857154139897
0.984840184972414 -0.0710270165062052 -0.24860369120014
1.05572473569506 -0.139517485066003 -0.138237053742681
0.97850810353596 -0.15130188940103 -0.244319825668955
1.02796606016178 -0.0241203950433913 -0.201885363946192
1.01546021530555 -0.188147630557624 -0.190194275936646
1.00935363642019 -0.419849903233405 -0.0361797165071307
1.06078645217588 -0.256196317370122 -0.0630239723252853
1.00079157482427 -0.387254414225657 -0.106085714139445
1.02509959736067 -0.306043434056073 -0.11862664524151
1.08731717952078 0.0846451252012393 -0.0996502374800491
1.08687058920812 -0.0863715502955698 -0.0834540007371698
1.10867075011443 0.05751724661501 -0.036500947766955
1.06241769368614 0.0280444961460406 -0.151845777601299
1.10816659884578 -0.0294809760716338 -0.0269750805293982
1.06206547147338 -0.0555702804027478 -0.1456207685463
0.802048794062344 0.398652686031619 0.44531372296779
0.929168390198303 0.328282263949907 0.39022982803578
0.81261948218161 0.327967938294734 0.450146651962769
0.855336818316365 0.440048800757551 0.414428553178788
1.09342139612225 0.123471436459846 0.208829648011664
1.02900533596687 0.235025404427949 0.308534426632914
1.06554685959089 0.0964273828121546 0.270046810580823
1.09003647216286 0.209894987615468 0.197759894016736
0.823741494350143 0.187966294566943 0.45690986234533
0.936316332087235 0.251531601516951 0.3969857758934
0.819825636195234 0.257615046195183 0.453967965765209
0.883708738471956 0.146811423774566 0.435646338057277
0.877401556283797 0.292680907031675 0.427463432425796
0.937483534847869 0.521304504961964 0.319769399174736
0.973062785024443 0.364026015925367 0.343026093387508
0.901162894882129 0.481224020556643 0.372153546350561
0.987804514070132 0.480026067648684 0.273930288145643
0.917470923903121 0.405000362276504 0.382001045895742
0.981683590324977 0.0467300153176121 0.372279842372509
0.987985353726334 0.20465399231991 0.359849585452548
1.02770784637807 0.0706675756388033 0.325011885203386
0.936768281388449 0.0995263019423111 0.406994413711184
1.03132107661135 0.152631163857662 0.317196986449232
0.938898228290686 0.175159723694552 0.402478258473512
1.06366893964898 0.380955496613795 0.171858659015325
1.02094693588345 0.317387970437384 0.298603099118392
1.08009755115825 0.295927606336799 0.185551235595929
1.03012055234543 0.433005788218311 0.224245510484538
1.06017710560819 0.265703956922364 0.24983774392268
1.00721752224644 0.399230133293649 0.28711660322887
0.922875110417297 -0.500112172725992 0.245087855986788
1.01039224280626 -0.354389210401184 0.215659198895588
0.925401425726269 -0.438085342576245 0.291597334554782
0.961442536101968 -0.488961507474512 0.179058490481004
1.10474999952875 -0.0235407297909034 0.165521464480151
1.07155400423088 -0.193891237638105 0.188784004250496
1.08004102215675 -0.0481328244020353 0.229564668158209
1.10914262888208 -0.0845866166811625 0.10957722991658
0.908227815478405 -0.310520911788326 0.37027393364656
1.00764320812887 -0.292328728515062 0.264459618479841
0.920311200561091 -0.374470938915378 0.333513653502926
0.946331917785346 -0.240939710754654 0.359242277495227
0.969693326510012 -0.367289953097287 0.277836727791229
1.005593557004 -0.448179984577763 0.0362221461081041
1.04082793508899 -0.33624423331868 0.148448589007299
0.9894180575682 -0.471455883801691 0.108745757467927
1.03926631957468 -0.368730975505756 0.0208418801371693
1.00438439106208 -0.414489428172653 0.16343922903992
1.00124015233411 -0.0899197221559612 0.340395150194687
1.03881624275601 -0.213680885119742 0.251899126694981
1.04498579279104 -0.0704223596298924 0.288391559894472
0.977459929698785 -0.16711180967776 0.349205207414092
1.0629650755261 -0.132026500544853 0.240316624638762
0.996518420808783 -0.229511393199675 0.309127005484274
1.08699711174747 -0.202087928309463 -0.00569325257968165
1.07052695792311 -0.254751441579671 0.134432135559029
1.10320692083022 -0.14452385841248 0.0521976355144465
1.06642885330821 -0.286481854867005 0.00684212100365076
1.09332395001509 -0.170640321095006 0.121512553959281
1.05974950595511 -0.313397078078345 0.0781053390209461
-0.614481292395624 0.94673531920113 0.337582148820128
-0.722163195230691 0.928805381277998 0.253353462861818
-0.610532564359334 0.992812928520029 0.289158970566417
-0.890052955181892 0.795727246259347 0.0393904072915982
-0.818154084335214 0.878274543978156 0.149976001706216
-0.575611798213342 1.06914289005442 0.176042406961066
-0.712773396490124 0.966943255529485 0.190199250414215
-0.597012855963208 1.03435512492101 0.23518772555215
-0.662901623368293 0.984537719821362 0.241661750883664
-0.900345342006622 0.317544882361083 -0.293376405635689
-0.93105420060853 0.438360133517734 -0.23636137027
-0.932054489220406 0.688047440852069 -0.0669409972985758
-0.944202932669623 0.56538506695064 -0.1603987774935
-0.425253115562838 1.1138962874607 -0.0752058059619379
-0.584432867539568 1.03360251373761 -0.070629506520794
-0.470605059249475 1.11800948925272 -0.0142995802924297
-0.858605374639068 0.811359640129582 -0.0302991738621759
-0.730278595958967 0.931946906540752 -0.0555836839154464
-0.832161131620319 0.861547320490081 0.0241964872597059
-0.54689077862249 1.09538355443541 0.113366400629737
-0.627370827070583 1.03124834368518 -0.00757288669292798
-0.511557419720759 1.11186195635664 0.0492113192018923
-0.622064620177578 1.04936722401382 0.117064712636125
-0.550614962622348 1.07752697248633 -0.0122997271684264
-0.758448660804564 0.940242768747573 0.135857162349478
-0.70028863934932 0.979586513179797 0.000180848813677625
-0.798573647476058 0.90485834612791 0.0800377922238745
-0.692881842886943 0.997459106931903 0.124604278141505
-0.768745926703529 0.922916579579246 0.0109066990950565
-0.663977467111997 1.01913437981575 0.0580962530061599
-0.645546069898837 -0.795237227797669 -0.190413139170895
-0.726545804273922 -0.680423451674081 -0.232299747964913
-0.619784703080147 -0.766184723831629 -0.24321685193064
-0.849118685742474 -0.397036455061176 -0.29248888920783
-0.796073028202438 -0.545170959314736 -0.266961572724103
-0.547939279220676 -0.69587346100524 -0.332947713336995
-0.694745132177204 -0.642408345541359 -0.284386838258611
-0.586349411090474 -0.733445502544331 -0.290977148320204
-0.6583620321122 -0.706550988368838 -0.265323386209418
-0.89141492636978 0.206228642612653 -0.316717541640675
-0.90318433969575 0.0654419201304047 -0.319911607796144
-0.884242269651824 -0.242243692419715 -0.30908537357462
-0.901760388053398 -0.0863327745293086 -0.317798102060432
-0.370541620829643 -0.511307353453753 -0.434809459422571
-0.519710507927272 -0.466082993362596 -0.416258604876982
-0.416422877548728 -0.56080970085959 -0.418949760324835
-0.804411339621755 -0.354227198987498 -0.334494847337072
-0.665743726590883 -0.414027800457936 -0.384399850943959
-0.783069229201899 -0.429592770594418 -0.325611058205628
-0.506040810466507 -0.653980487272399 -0.368377358549564
-0.567303969153441 -0.513219507605017 -0.39434309881702
-0.461863168218915 -0.608649601710927 -0.39698479541334
-0.581927731456625 -0.628320314843264 -0.35117116654435
-0.49220541611022 -0.537863041883251 -0.408352984713515
-0.727989294434596 -0.574385824417902 -0.30070310722284
-0.641283376300155 -0.487102174636743 -0.376245273689204
-0.75753950550555 -0.503207883543707 -0.314400315084157
-0.656251821212752 -0.601830819325643 -0.328769153877619
-0.713481192596204 -0.459383637827835 -0.353470830846152
-0.613234654880803 -0.558645523640914 -0.365347907955804
-0.0298201924183913 -0.121283860295113 -0.444007967918444
-0.141397526570757 -0.0805765900380038 -0.441663403115359
-0.0704773775331439 -0.164729880014503 -0.446893312748804
-0.0349902911850976 -0.0616066002680618 -0.440056834820045
-0.382108104845065 0.0165832709182351 -0.437895790482855
-0.26023542165569 -0.0342336073339815 -0.44020747187791
-0.150861537453562 -0.25950400254485 -0.452528115768145
-0.188943213676685 -0.126059634149191 -0.444834374562143
-0.110235130032887 -0.211226104709999 -0.449902938131335
-0.129143699697115 -0.146510456979006 -0.44579828430329
-0.0382303411362873 0.0627474332192629 -0.433163206421096
-0.1488963693977 -0.0142612579217435 -0.437807151578452
-0.0370816121074532 -0.000281676656798005 -0.436383987874406
-0.0910946807508481 -0.0380683035013801 -0.438702880352586
-0.841774790998906 0.242040952793384 -0.339495210070504
-0.739804522561007 0.186284668362312 -0.385129005040412
-0.845124679615892 0.172435877818821 -0.345311842121788
-0.504602301501735 0.0710618025071665 -0.431122465939483
-0.625137160670636 0.128183094974119 -0.415085181356624
-0.850038526088521 0.0275029819107254 -0.350190188908933
-0.738433888415686 0.111415048282077 -0.390488773292572
-0.848653033666383 0.100997503730207 -0.348556856276813
-0.793649310411816 0.141531126025019 -0.370009393767965
-0.324847153908279 -0.460855807193204 -0.445340432671826
-0.375230865251139 -0.3195142123293 -0.447667038499926
-0.27978947608513 -0.410028496234332 -0.451449909853169
-0.398332220837309 -0.440363999389089 -0.439615415061318
-0.435476822038463 -0.0299196260671857 -0.438626766468553
-0.411945893178746 -0.175638070796666 -0.444394801306089
-0.373236780305216 -0.055711221763087 -0.441216515060515
-0.192664324643706 -0.308988647645024 -0.454165088938326
-0.328008576914724 -0.270300193954717 -0.449902988678488
-0.23566836390227 -0.359280605732928 -0.454085400751535
-0.216240275361156 -0.24170827786158 -0.451235724924413
-0.305630975188814 -0.340562041766492 -0.451391931308426
-0.543993122908459 -0.393438085246726 -0.42143428983955
-0.444560910231196 -0.296600209968383 -0.442509020164978
-0.471413266401822 -0.417777421284694 -0.431835055481146
-0.423104857957048 -0.36878591324235 -0.441975962016436
-0.249722822013462 -0.10394049622726 -0.443917493278937
-0.346658777378277 -0.19930012709248 -0.447469005141177
-0.311236039692148 -0.0804307113599073 -0.442826979131093
-0.235270139583663 -0.17323284900519 -0.447694128748789
-0.361616981421957 -0.12771305786353 -0.444475197735141
-0.281435917506385 -0.221440310892701 -0.44962823250805
-0.0407115771263895 0.325962227555703 -0.425405442095042
-0.161514404325632 0.255039616511977 -0.42744077555483
-0.040144820438291 0.25905956225074 -0.426817087771863
-0.38892592453405 0.0891197992709658 -0.434612533377995
-0.27761551018595 0.176081703022199 -0.431014717645552
-0.328211630312165 0.0619718856594102 -0.436051290193886
-0.0389912653946952 0.127182580596936 -0.430511620749736
-0.159448040871455 0.187002786543614 -0.429321219414812
-0.0395911256590617 0.192713596747178 -0.428436174565884
-0.097271072467521 0.0913907488141744 -0.432113081526029
-0.100377798684737 0.224090649133231 -0.427787655863502
-0.207917469251924 0.0102772093920959 -0.437241456765744
-0.217125280334855 0.147547761808061 -0.431361548450049
-0.267788644406569 0.0356801140047869 -0.436773156148147
-0.153670752916889 0.0523653932805972 -0.434423797365674
-0.273332385134342 0.105772185575541 -0.43371539634766
-0.156960836000936 0.119434331134501 -0.431601887787998
-0.82152061277521 -0.277758775694858 -0.341230883656964
-0.716549136148733 -0.189393843545407 -0.396187819762721
-0.834451482752705 -0.200794945568364 -0.346004470532142
-0.755276255497475 -0.310066649176607 -0.368193922386932
-0.497685209415089 -0.00317028814280102 -0.434506103927149
-0.60682379714775 -0.0971436884006739 -0.42447412174425
-0.559541836871189 0.0244350856533773 -0.428241399329993
-0.488759567546701 -0.077082809605288 -0.437468457755092
-0.848431890168131 -0.0476331457646053 -0.350349690353487
-0.726222213267007 -0.113891224414725 -0.396809887715482
-0.84334594501489 -0.123906173016292 -0.348992628861607
-0.792839031398612 -0.00673853386898153 -0.375528393583175
-0.781274278819015 -0.158009084497893 -0.375040123503371
-0.615815968744157 -0.367479678587995 -0.407779427870787
-0.649972129669809 -0.218635961509389 -0.412894838373419
-0.686447732472765 -0.339800125721949 -0.390226814469237
-0.564833735618243 -0.320068539647145 -0.424450096020399
-0.703356610722917 -0.264801793612009 -0.394064303049499
-0.68049465801984 0.0818240855666043 -0.406781444981375
-0.670478870816887 -0.0685512210250459 -0.412204719039783
-0.620647843116903 0.0527993211447229 -0.419199650770247
-0.736510020908926 0.0365533001428649 -0.394002253572365
-0.614812162003976 -0.0222865195119099 -0.422300136065358
-0.732706157653484 -0.0385339278743004 -0.396068850038201
-0.462572207401745 -0.22386498034119 -0.441701080089948
-0.596080870304996 -0.171780898464344 -0.425675404208009
-0.477211460313453 -0.150664912038994 -0.439928062079296
-0.513593845830326 -0.272101403750933 -0.435404151009505
-0.542267429633509 -0.124492244899667 -0.433498315267949
-0.582166809268164 -0.246131054100836 -0.425750117542041
-0.0361618688174381 0.845909598980819 -0.363889526547193
-0.16012333408565 0.801982584419382 -0.373098105209908
-0.0825630542632055 0.888237094532031 -0.347520854276034
-0.0413701939194634 0.786054255317237 -0.38127776571387
-0.416385254771804 0.675645329847289 -0.378729523108307
-0.28884193497696 0.744925810251645 -0.378085465206095
-0.176286526376485 0.973631287784131 -0.29962228929291
-0.214948872668751 0.843619901999078 -0.355697655069338
-0.128654077091409 0.931497532998387 -0.326252707608145
-0.148487617296727 0.868071517245091 -0.352053781784764
-0.0432390547410603 0.659672915921552 -0.405485537013617
-0.165886173508585 0.734706947313495 -0.389489486297776
-0.0429089450117919 0.72386711925962 -0.395034485630939
-0.103093227304494 0.761350596593535 -0.386024186624142
-0.847515509357305 0.31022444718811 -0.326459126726664
-0.758445361880735 0.408626624442662 -0.349316690267387
-0.861770186062052 0.373951275901921 -0.305798232917776
-0.796040824084225 0.287917296016774 -0.354181319386379
-0.539207177206415 0.59524493221793 -0.374728607285665
-0.654270552822674 0.505372170308473 -0.365281786932973
-0.886595840076906 0.502558280202679 -0.24993806937541
-0.768685077841883 0.479768644836644 -0.328920645418615
-0.875666166817821 0.437768353086888 -0.280219186991085
-0.817457307073268 0.42760593759391 -0.318042422012568
-0.68694622802499 0.232984747192089 -0.395516394010951
-0.6993594599754 0.383780672747299 -0.374158786761575
-0.742690848498977 0.261310285473582 -0.377097430206084
-0.749003909538513 0.335801896548093 -0.365352782390907
-0.376828897866729 1.10015428864662 -0.131884465756662
-0.432052497633601 0.987312721872846 -0.23024095628384
-0.326641075356894 1.07784881171572 -0.183155727432082
-0.457983673699694 1.06615013025217 -0.13169062787758
-0.477896592233321 0.710293558495745 -0.358304561882165
-0.465096714852524 0.853962507374115 -0.305417717166711
-0.41346413406734 0.748514421415714 -0.359592030489634
-0.225508263672054 1.01308010776933 -0.26710137585365
-0.377756555773622 0.957555459762445 -0.270975504248463
-0.275872919294233 1.04832774939338 -0.228314962695694
-0.250414149201698 0.950732087988045 -0.302930943842551
-0.354927069033636 1.02051265637236 -0.229999971189709
-0.612378922578118 0.981649678413519 -0.124950617548816
-0.507079132638642 0.949218531675865 -0.228676099942655
-0.536617511575542 1.02650937157926 -0.129499826458499
-0.485378007453167 1.01072072015709 -0.182965720836524
-0.281567435961493 0.815376751104247 -0.358226379963304
-0.39491199350398 0.890408602918518 -0.306104426827722
-0.347884271251678 0.783606395852361 -0.359545101384239
-0.26906396555133 0.884373593132905 -0.333268618087197
-0.406606587750558 0.820368486982601 -0.335540698021609
-0.323292959953731 0.922795090238838 -0.305205594204222
-0.0413125596010511 0.393174852997573 -0.423831022545863
-0.166659670423897 0.460955541087875 -0.420909015561215
-0.0419357200860546 0.460448651013562 -0.421619638694833
-0.102795100030427 0.359033010767128 -0.424656527865371
-0.416368450171946 0.602280303881527 -0.393561962728263
-0.291827117490737 0.53103376290364 -0.41293998168449
-0.3547442612504 0.639354607939068 -0.393917238591338
-0.043019971801631 0.594053988167796 -0.413038056871043
-0.167927687476636 0.529765996948768 -0.41677732496643
-0.0425344857501896 0.527513926715528 -0.418219721293957
-0.106075745041924 0.629503856951302 -0.408532639200907
-0.104960763412336 0.494736175400944 -0.41972695977357
-0.222859834499528 0.286059838699294 -0.427000389880399
-0.227454089048118 0.42564514218276 -0.421939725538282
-0.16336787582498 0.323457588068708 -0.425692134134451
-0.165091954938954 0.392139886960392 -0.423682738397354
-0.229094569610525 0.705581059594717 -0.391898772782701
-0.230600924377527 0.565728263750518 -0.412053512871931
-0.292192877723507 0.673805950706232 -0.393359658834054
-0.168212757197145 0.666790074161737 -0.401770331177778
-0.292861660771598 0.602439809689703 -0.404728007369489
-0.16860993251086 0.59842683271491 -0.410629748692391
-0.877675794637617 0.755546466227589 -0.0822648716970624
-0.780140809070701 0.75403905195338 -0.200979263721917
-0.889486094241515 0.695456161199148 -0.130758947122735
-0.818013280132192 0.818733588200569 -0.0962028228400248
-0.54078361254788 0.669140572030217 -0.355606659898162
-0.663997580001402 0.722923888399995 -0.29260822517768
-0.601727314186254 0.625265379802169 -0.351407748088898
-0.539218899431536 0.742154304365076 -0.331859719381636
-0.893200437939656 0.567760302511814 -0.214895546531401
-0.784183751672941 0.687508113910716 -0.240259602982742
-0.894444941697604 0.632437348940481 -0.175107088697075
-0.836971378285862 0.562619271324508 -0.262941317380788
-0.83956252516114 0.695260088046246 -0.188826759326646
-0.684853275368039 0.931913040482352 -0.117848758570897
-0.716712160157546 0.808873709915087 -0.211188214165622
-0.753567445110075 0.877552972577813 -0.108196898577052
-0.634152616799563 0.923212766839239 -0.174629491222727
-0.770104846900994 0.81779757305155 -0.156851447565216
-0.716127710211423 0.530301857429901 -0.338129479431703
-0.725136369240241 0.672637592893626 -0.284540764475691
-0.660318985465547 0.578898991116781 -0.345610695801044
-0.777399321258684 0.549878502297709 -0.304084319219304
-0.663940026782939 0.651499298228033 -0.321519890412278
-0.782960180243122 0.619219244229756 -0.274598364522966
-0.523049856107551 0.883127790638482 -0.26867591581147
-0.659531353317727 0.792627682602097 -0.258570351681659
-0.533572876059161 0.813750407311488 -0.30300206864742
-0.579759742061579 0.906607946818899 -0.225057209481308
-0.60000177521123 0.770007898568124 -0.298754610790581
-0.649768781290559 0.8597627654395 -0.219240450445903
-0.449680911279504 0.117045691499203 -0.43189803888955
-0.459677197970353 0.265125908686544 -0.423947572296686
-0.510209151471583 0.1456234714431 -0.427280000640099
-0.394370666724681 0.161894231844147 -0.431346674876766
-0.476722231099489 0.562698396732768 -0.392230521184765
-0.468930993787647 0.413943723639026 -0.412260824638112
-0.535488156089613 0.520782140727798 -0.389807477444373
-0.414360817948555 0.52871790763469 -0.404787599391135
-0.629268072434988 0.203914822060114 -0.409702350743031
-0.520137547041393 0.295618175539255 -0.417351949464992
-0.570198954636627 0.174667995021323 -0.420097491981421
-0.634032039631506 0.279878584979382 -0.402614868497514
-0.515200110028726 0.220501852961451 -0.42280097769034
-0.281167059338437 0.246640417430125 -0.428520835232274
-0.403286609711381 0.308149786228026 -0.42409421949015
-0.338291456347472 0.205195198125648 -0.430072117489149
-0.284316338519193 0.317448972600406 -0.425946600377954
-0.399020779969679 0.234909748807673 -0.427941854013409
-0.647078835396371 0.430961570277711 -0.3809925796916
-0.525302469007351 0.370821085004405 -0.410448485633329
-0.592367839919133 0.476766564507287 -0.386129552443546
-0.64002629144626 0.355710231246442 -0.393248604772209
-0.530586710097261 0.445928976632619 -0.401488793079592
-0.580284139098722 0.326009389624862 -0.407381688830243
-0.289789703075985 0.459692481238788 -0.418749230076336
-0.407356586957376 0.381572122672007 -0.419353788316538
-0.352076748116114 0.494173631536371 -0.413321841688227
-0.287205572931752 0.388480546590021 -0.422870464404769
-0.411160740687535 0.455117776663095 -0.413142601432844
-0.345822922853073 0.349313852313027 -0.423643310409552
-0.599762196988546 0.900349579318092 0.382202974683435
-0.671350846983714 0.78737579895943 0.409144204380207
-0.56785877390732 0.856033038948562 0.418557457052698
-0.660576101154387 0.894486304717255 0.351079891864096
-0.778516552337631 0.524287768736912 0.444332369484079
-0.732023563196966 0.659695578729221 0.429855206313174
-0.485241272172687 0.756103747222901 0.458184025847251
-0.631279745040268 0.73608407395991 0.440541552751685
-0.528657352488138 0.808074173145604 0.444531807204662
-0.600608778560459 0.797291242611122 0.430804661381932
-0.774664642759273 0.868324736399829 0.268058067718479
-0.739135956018685 0.775382658635123 0.379443816067779
-0.719045128519966 0.88479327970581 0.31260719963141
-0.701761107947625 0.837086025724435 0.365630265817937
-0.832037308793543 -0.0142169980530625 0.463178523839734
-0.836262222432156 0.112407691443986 0.462723691510087
-0.810788054543625 0.385759915642369 0.453833266720746
-0.829703092556664 0.247442958350511 0.459689532607418
-0.312580321372451 0.546583316006657 0.359887047814712
-0.436376712601355 0.526396743123245 0.419164182990962
-0.350951926580527 0.594070110079459 0.409068866775357
-0.723808078981177 0.476036636372226 0.462655106540685
-0.575940019050081 0.505517303567331 0.458659543474182
-0.705411421730576 0.542356310894523 0.458992152792189
-0.439725131538912 0.701617585687491 0.457673672661406
-0.484953244139593 0.576973803700924 0.448245703881321
-0.39420212814596 0.646749337972641 0.441601870449449
-0.511421164752477 0.692667048482684 0.460765947799693
-0.416187869283066 0.585673018002489 0.430432733839819
-0.659136327773112 0.672836849847795 0.4482563535022
-0.55689694492522 0.567498465981525 0.460131803216337
-0.683872338894612 0.60809461930305 0.454297262662046
-0.58502138782653 0.683334420432533 0.458236775783944
-0.63092426430512 0.55635173352725 0.464124024788515
-0.535391289817223 0.629858617941205 0.461093367856296
-0.942052272070007 0.725688586503307 0.0557158414037289
-0.960445478857006 0.667973937403393 0.198575924623588
-0.910685992489888 0.772265528861683 0.110998844883583
-0.8484113902991 0.501090891674698 0.4204376727223
-0.927321751226221 0.590011612644013 0.326765349041359
-0.827265998103147 0.572374968405817 0.412472001719101
-0.826025035866532 0.844119668711443 0.218661018678154
-0.914703649574495 0.705260249994273 0.250729227063743
-0.871743483216616 0.811988515860276 0.165810456359037
-0.821070138783168 0.803721114100044 0.283724666717669
-0.919168623516597 0.741755001358326 0.182291115832541
-0.77260231604974 0.710191782148587 0.391969815425342
-0.897235412121198 0.664020514067282 0.313610762871778
-0.802002057800578 0.64228673254714 0.402996445103352
-0.802964297688761 0.758596972093682 0.34243939515502
-0.867560556543219 0.619319211250372 0.368296968822927
-0.861853927278025 0.735449538896125 0.299135690982442
-0.6538124714109 -0.827446353214854 -0.133294184637084
-0.75368434915601 -0.781675598373262 -0.0417343953033691
-0.643732856386539 -0.860823245917258 -0.075796756230212
-0.703596666472854 -0.774656753791478 -0.152483181625684
-0.898692346619528 -0.608008176973818 0.167281734213065
-0.838950919345366 -0.707637845887032 0.0618073391875571
-0.598511275602451 -0.91048242523581 0.0476925868687403
-0.737747940241655 -0.807119188573349 0.026124904321886
-0.62466009049358 -0.889294455691285 -0.015374377628857
-0.692335111068516 -0.837990433952351 -0.0257765955592819
-0.78984255455488 -0.652991194460014 -0.193073692532861
-0.808451863873347 -0.720893134458185 -0.0608619335531798
-0.748639926514794 -0.716447426365126 -0.173150470983664
-0.757932145780933 -0.750674823607528 -0.108754495521419
-0.85173120368156 -0.117229784914435 0.450936696307164
-0.897874760474251 -0.234352281436932 0.410643883232293
-0.927747808914672 -0.489633960566213 0.265277426059355
-0.926023362458581 -0.361807847017073 0.348066116847934
-0.440122746191997 -0.902636137152975 0.291075749886083
-0.593413092709988 -0.825739703633246 0.281496178654615
-0.485745524836446 -0.918912104587568 0.235279412597028
-0.86143103394222 -0.614660889769589 0.234398226954585
-0.735275601814171 -0.729292300187826 0.262644594504233
-0.840960858010507 -0.671547033396134 0.184432897163738
-0.566052412524738 -0.922918484265449 0.111779302381405
-0.638707071767166 -0.834699278494176 0.222962911238092
-0.528118280697691 -0.925792893615188 0.174947381258669
-0.641166636450866 -0.876668077239448 0.104653037838799
-0.563644161153874 -0.879443489996758 0.230355748926269
-0.778405062147118 -0.768669012011202 0.0791776584548626
-0.710371944750537 -0.784997095166248 0.212774219344877
-0.813101575270302 -0.723213950021397 0.132324558904614
-0.712251523217433 -0.825110572169357 0.0937456885845648
-0.778000898783737 -0.730568045700774 0.199807455490301
-0.678780585134965 -0.834486374073693 0.159864984147781
-0.910633618949587 -0.360978238765895 -0.254174114956034
-0.969271793116015 -0.436482281511332 -0.135844106301712
-0.887509014175607 -0.438146100410262 -0.242132023696104
-0.950734268073237 -0.540034601275196 0.149113423918572
-0.984295599608448 -0.498723976582075 0.00416660870321058
-0.926003028200892 -0.593707052307174 0.0962373271524631
-0.826929375864964 -0.584939590798333 -0.211447342677629
-0.937521814917467 -0.513041459927761 -0.119056951610186
-0.859564455365775 -0.513060707238174 -0.227866959088731
-0.847881158362061 -0.622054748876137 -0.148851111693596
-0.917593077808111 -0.477050522671989 -0.183937831018333
-0.854035032606821 -0.684717391229421 -0.00995372966928782
-0.945892795600146 -0.545199020605228 -0.0492468670785701
-0.893537961256252 -0.642179124426755 0.0428127184621494
-0.857157927867382 -0.655718597393038 -0.0809331018193711
-0.942014142902708 -0.572451712559626 0.023302976775062
-0.90014849130513 -0.586306412678414 -0.100594879803967
-0.0800649465297576 -0.575065741974052 0.491508532627164
-0.185783395557632 -0.530939533859141 0.490375289585546
-0.120093532969005 -0.621345350416206 0.489698371718214
-0.0845893080755855 -0.511322468184664 0.486986907874379
-0.402404184922343 -0.416906964662817 0.487883322251001
-0.29448525289234 -0.477777877758544 0.488840966972925
-0.203682736894562 -0.717660235183874 0.468626647910507
-0.234787540992505 -0.577801134774143 0.490537264243869
-0.160765769699362 -0.669596174904017 0.482359964074034
-0.177306997538912 -0.601273519285708 0.490265225440613
-0.085373994956575 -0.380600671641384 0.452539734503913
-0.18838884680763 -0.460329099942623 0.481864535586918
-0.0856160935588026 -0.446204935425581 0.474369741777805
-0.136297655895835 -0.486241546261681 0.484360960052914
-0.792225979239838 -0.107400682947545 0.469791110155477
-0.706448157535355 -0.192292745983292 0.480748095091027
-0.814371917659253 -0.167644995125555 0.459525457767726
-0.508124273672481 -0.348897253989494 0.487406781997333
-0.610270292636901 -0.273858313700612 0.485875151455853
-0.85506073173409 -0.293097265825783 0.42214285261659
-0.725482786305581 -0.260446754398167 0.474000339354223
-0.836265986766695 -0.229306843727265 0.443678394496175
-0.77173215330957 -0.214970360973549 0.46744883248442
-0.392493093224854 -0.877777435862737 0.340981744771355
-0.440126334729047 -0.750107297558714 0.417738406369602
-0.344054444874923 -0.845474153628029 0.384049166191758
-0.469435368106456 -0.845440453537516 0.338349984513295
-0.462600681361684 -0.458302191022183 0.488862007746666
-0.462945260615403 -0.60736267423731 0.467899836392
-0.406407026159201 -0.491612438092085 0.489714425919066
-0.248861855485372 -0.763972921737332 0.447884540532768
-0.387365353854333 -0.712138132769989 0.447734930354431
-0.295879428610084 -0.807062859394098 0.419739440895367
-0.270019402054351 -0.695880637633512 0.469417609472277
-0.368767409201935 -0.780922365226275 0.419222956542538
-0.616830000938276 -0.765983803206018 0.327878219709687
-0.509858881599076 -0.71506038938147 0.414950933322349
-0.54431524500815 -0.808062881304242 0.334107225337497
-0.492798106934851 -0.782492061365419 0.379750042145887
-0.29229766915934 -0.551517835448422 0.490523336522831
-0.399643718639316 -0.64025488405647 0.469252995530486
-0.349576194141235 -0.522724881819313 0.490249910883205
-0.284445152351259 -0.624644589023852 0.483841262978376
-0.405793037026787 -0.566390765899713 0.483381908452163
-0.335315586796703 -0.669878753993406 0.469702512378111
-0.0850365655317956 -0.154801128851449 0.252289912478276
-0.178525308437604 -0.198265598251858 0.347363505196466
-0.083641904671252 -0.199894328825073 0.320555664089989
-0.394926500567951 -0.343202842653502 0.477604897294242
-0.280745303523533 -0.26393239268568 0.428483879770558
-0.343839813977708 -0.374577543176439 0.477521877255861
-0.0845907422508156 -0.316108420488745 0.420335644330832
-0.181152998672951 -0.257665264178732 0.397506414677466
-0.0837990664550484 -0.25489638297957 0.376619057845226
-0.135431701633042 -0.351276225605873 0.443515992856041
-0.131576432634441 -0.226457410158968 0.3597704187221
-0.240479092060538 -0.433131895559379 0.479752978159508
-0.232997304295791 -0.293441123799982 0.431079628237601
-0.292336927291362 -0.4045520210325 0.478253784964803
-0.18745172920961 -0.390485479626331 0.464063506870259
-0.287274599526629 -0.332886118410956 0.45827368160471
-0.184604602103999 -0.32243785217796 0.436213797998819
-0.874280894297846 -0.553692305420426 0.281210539118068
-0.76756325127801 -0.536656991301398 0.386684960636093
-0.879585350108459 -0.489855045793379 0.323999958352468
-0.815876654460843 -0.61330376541289 0.295856513847436
-0.517963007252623 -0.422863794728997 0.487574861769272
-0.644818068542447 -0.490771019865467 0.45690172038035
-0.572264703869701 -0.385330511813428 0.485674258902734
-0.52395123997548 -0.497299239982696 0.480218945839336
-0.869242588785243 -0.358427589260211 0.394889826570056
-0.764788261057264 -0.467831011515568 0.41752666668285
-0.877701534477062 -0.424374018184359 0.362065499922141
-0.807504159090946 -0.347542715838213 0.432943819842946
-0.824650364052356 -0.482564967481997 0.375103374260145
-0.686590629511983 -0.719434759399969 0.319430001627114
-0.707048482690402 -0.586866090637856 0.396522230904607
-0.753120490806362 -0.668535014658932 0.308708429129993
-0.633584002890825 -0.701441308996178 0.3690245943813
-0.763820895739759 -0.603927758594874 0.350255936153217
-0.67644484107952 -0.304068769906935 0.479117412473495
-0.701764574436194 -0.446092861752452 0.450452678017116
-0.625215636588881 -0.345721256830932 0.482935784851741
-0.742657184710834 -0.329147038423197 0.461290535803147
-0.63715450952428 -0.418196303475896 0.473292206920198
-0.756176517887045 -0.398413782626059 0.442455575580598
-0.520543112506347 -0.644335597738766 0.443635704919743
-0.647222375704307 -0.562765603865032 0.433890115810522
-0.525070576050791 -0.57141726850725 0.465490214429086
-0.577786833012882 -0.676076447697092 0.410598660717249
-0.585794585465013 -0.532538612180343 0.461872938419545
-0.643638566062928 -0.633325379194577 0.404491616822562
-0.111603359379549 0.26974925404121 -0.175370258370414
-0.259665346927574 0.215726251161812 -0.117481755414292
-0.165006551291836 0.330414086218477 -0.148157630464679
-0.120943587225796 0.185033913719355 -0.175788407216234
-0.366203036053906 0.140925642790306 0.187904530632989
-0.353536764499624 0.167215525216539 0.0176097288071137
-0.243356932456397 0.435218921606287 -0.0368065026753058
-0.306785705647141 0.275373032260363 -0.0689703605084586
-0.210195454404967 0.388571743501124 -0.102703067125209
-0.241229920921226 0.304451953949415 -0.117966820556917
-0.123838044751715 0.0185164731674201 -0.125617299675816
-0.266698135134541 0.128334613085361 -0.099846960430439
-0.124210331079728 0.0996925549570093 -0.160012203857966
-0.197513148291953 0.155082363821709 -0.14746131655508
-0.779427159690326 -0.0447482870064757 0.47412682900386
-0.66312677278031 0.0090621576049373 0.474806813800778
-0.777233742144363 0.017724881917755 0.474751643552191
-0.733628166888 -0.0839656792908436 0.479448969904865
-0.431830403111674 0.107425763449121 0.335110674734125
-0.540383127873594 0.0617553252445518 0.431446345671433
-0.773345893367665 0.14533139264888 0.473174719255566
-0.655217158217198 0.0732881265081868 0.469786040804536
-0.775996124523858 0.0809593949668244 0.474247386588526
-0.717613074349551 0.0463032164302823 0.4774655051765
-0.641627022775946 -0.164266623797722 0.482917404812554
-0.612133806571825 -0.0288715327272613 0.468706443093464
-0.688197487528124 -0.124370235531794 0.482094359147655
-0.673532344764203 -0.0569283095309737 0.479432219908225
-0.282007097260125 0.507582219100864 0.295134072161198
-0.333965848088144 0.407375548508468 0.240859960293657
-0.261996813665804 0.479973444615451 0.217860579351861
-0.335541899966221 0.492977601956548 0.334784407317541
-0.389418184012856 0.182024417901483 0.242020576571217
-0.373009954284036 0.297111108949384 0.220629816865511
-0.368653464602857 0.199680221266124 0.162492047204239
-0.255807120627548 0.458839890299728 0.0460042004011647
-0.325144461704319 0.381577500153667 0.160600580698416
-0.254129892931955 0.464989883430707 0.133053407802687
-0.300136412365998 0.399651449630325 0.0143721944310258
-0.294779320401945 0.433579982728716 0.184418621156151
-0.454737602366443 0.468371565820545 0.409147224517796
-0.37725716362339 0.386513159372928 0.298020103047358
-0.392687590588241 0.480093559186316 0.373887544782729
-0.357359570157791 0.440005793523126 0.313516017734097
-0.350834519320921 0.245858113000111 -0.00067899268251512
-0.349177628322393 0.323472905517476 0.148407089123582
-0.36323382456826 0.219836559107482 0.0798968212636254
-0.332672161524734 0.326001862997427 -0.0016418597186683
-0.363811232529707 0.261556112920231 0.148998178944471
-0.331180121183615 0.358899732194946 0.0781883647327183
-0.089259567524855 -0.12332795284393 0.173860872100273
-0.197681977190466 -0.0756795295332261 0.139230939141433
-0.0979559403882212 -0.10745025987701 0.0894410865706646
-0.134485649804747 -0.131786421171902 0.229116312490654
-0.360699919442022 0.0859627476219548 0.223152421059982
-0.292143460424622 0.000634119518283649 0.157934593223012
-0.343559907557659 0.0950117952164986 0.139462372394846
-0.119681882017484 -0.0505820433423114 -0.0706832293952639
-0.222451042569859 -0.0526870079023018 0.0630239220623088
-0.110618939129115 -0.0945948604021091 0.00436901307382259
-0.194997884608249 -0.00568839482044422 -0.0765388773042397
-0.161030334795795 -0.0868966561190942 0.0682407624626573
-0.224694214611796 -0.169546592244885 0.340372601792339
-0.232031533437997 -0.0756165015935466 0.212241548805075
-0.178622566876793 -0.146851375868913 0.286017323926513
-0.183998011545528 -0.105820794564475 0.215325349262363
-0.318678602289783 0.107715503441099 -0.0317248298836232
-0.275313123282477 -0.00706156075794204 0.0741709031058199
-0.339991630242877 0.0982399570277262 0.0523966045447907
-0.263429033266061 0.0483486987648437 -0.0634655577463583
-0.315175969851489 0.0444191255661655 0.100469126267522
-0.248717473440694 -0.0153744270144511 -0.00758447989216805
-0.739182275541259 0.409463646250979 0.465568336683633
-0.619782047663367 0.321159814830081 0.457002766589987
-0.751675881082634 0.342894547751887 0.467960092698888
-0.66579360724011 0.428498199284453 0.466788511267178
-0.425529121546918 0.163981351565729 0.313262515127887
-0.510671416187364 0.239711575431698 0.400215035540318
-0.473955848363208 0.144252329984018 0.372520254018109
-0.417998423644212 0.220242017116708 0.29766067591671
-0.768593389115143 0.21061361834688 0.471726674455008
-0.630583980239244 0.259826988156071 0.458553844746661
-0.761431047324832 0.276543241584006 0.46998725272477
-0.707185655306931 0.173567790488127 0.473042394735856
-0.690752782335319 0.300820482935635 0.469311003519298
-0.521732081436214 0.45672473012467 0.437680060336474
-0.550768905905037 0.338529779297741 0.432830723560271
-0.5926484147913 0.443862220482417 0.45732775454463
-0.471285145787744 0.411088990098791 0.401524909182123
-0.607199967201525 0.382450933344605 0.456655264861073
-0.592111433384124 0.0987515156067317 0.450409259329196
-0.573462654236791 0.220092929235698 0.437200779160189
-0.530701954999496 0.1224820524485 0.418240083714327
-0.64783722414754 0.136189920521723 0.465150530447826
-0.521030751112644 0.181641760963365 0.407569707772634
-0.639825926162091 0.198253906671858 0.461317287324
-0.394307668448564 0.331927518642885 0.28977049085827
-0.499121330717242 0.297092490958487 0.396689160568612
-0.407870913610581 0.276344385850036 0.289614705264514
-0.427781587502427 0.369459221873138 0.351394840185527
-0.454449375315521 0.257980431836373 0.350544972103919
-0.486052928621001 0.354114459756088 0.397185768575411
-0.445554889102539 -0.310401701923486 0.478419654922779
-0.421679975825878 -0.170344060127923 0.436774674678574
-0.495666700834539 -0.276127415410951 0.479745691263215
-0.385279237838364 -0.271428354488395 0.458750657164969
-0.393273177923468 0.0705224906829623 0.298374889956193
-0.402065184388621 -0.0436408457000174 0.370962697815399
-0.438368531848516 0.0499039121428132 0.361379533887741
-0.356160102065268 0.0331121386081585 0.265232016247012
-0.593882518681587 -0.203015448381686 0.482460430963314
-0.468486513455845 -0.136945915522253 0.443926967561046
-0.545161259345933 -0.240333854497807 0.481238667895614
-0.577757256680051 -0.133616894001803 0.47357887457484
-0.481982108705943 -0.205258160329987 0.464955785639984
-0.274353058032406 -0.199069578674164 0.388712675279037
-0.365421022905682 -0.137460816017413 0.396549689855853
-0.327997876333795 -0.233689428996418 0.428632696793888
-0.270035318009409 -0.139809702249469 0.339409951969377
-0.374916863023459 -0.202543776155015 0.431495420742684
-0.550950653205649 -0.00101893763748078 0.44612143874594
-0.456373140287729 -0.071667983543253 0.418197436249022
-0.492102695888901 0.0256097645566434 0.41061283300846
-0.563274059499905 -0.0661558498722495 0.46079839783104
-0.446330010463686 -0.00952046461928844 0.389877852293093
-0.515574518983933 -0.102229981620153 0.452220343172073
-0.276951152184568 -0.0413925907653001 0.220178063119912
-0.358384219574595 -0.0767763719002512 0.355419922300221
-0.318058836082258 -0.00457373809140455 0.238393887862135
-0.270109340642521 -0.0873120442156968 0.282177856188952
-0.355117646291624 -0.0203436156041776 0.310555129327654
-0.314535583417232 -0.10887141636755 0.34457984485603
-0.927490358632125 0.252435575329234 -0.286262020780464
-1.02063167039051 0.216304002374463 -0.206404031844941
-0.951293153811397 0.3088871658725 -0.256441248801382
-0.941856546791165 0.182237145946357 -0.285367490216678
-1.13288883948791 0.118539280091948 0.0306198762092078
-1.09473961921979 0.170775272115656 -0.0982552577244518
-0.98159066090488 0.431147795115998 -0.186741338296224
-1.04238329921392 0.276493444455695 -0.163890496842225
-0.969094410659643 0.369040365388651 -0.22365391816991
-0.999138573453881 0.29449010435404 -0.213527616774013
-0.955072605013827 0.0332568055995673 -0.283939842201135
-1.03456283826403 0.136106678784625 -0.201030809397044
-0.950608394043832 0.109034432566237 -0.285064073716338
-0.990167647066681 0.159671598834368 -0.246819642920343
-0.876732633850958 -0.0580774733283918 0.445428082151387
-0.982444076499974 -0.0276911479429944 0.384211804673232
-0.887951913969791 0.00616971514818656 0.444024139231963
-0.908660671276652 -0.111979783560897 0.424797755415226
-1.12498778651497 0.0643353485625396 0.165554505534196
-1.07125564891852 0.0139697208188825 0.288425763119494
-0.895424058227402 0.142081658722474 0.441613170189501
-0.994532773597816 0.0476141634349641 0.379314911529443
-0.893633794822022 0.0730524982169273 0.443053213853728
-0.942856859557409 0.0260323688450295 0.416177957313549
-0.954682229598664 -0.231595791924259 0.369326787852662
-1.01278299919332 -0.085894070165391 0.348138829289148
-0.934405986104211 -0.170321458796511 0.399648364181346
-0.962795118975227 -0.100898374104418 0.390673322358389
-0.965407598395747 0.673294286396704 0.00134790134220812
-1.04760103523178 0.519403541085546 0.0338588613527872
-0.980675601223429 0.616313403966405 -0.0509048686721318
-0.987883900803051 0.651705241040511 0.0724043367354225
-1.13127252017478 0.17926899824709 0.0871713453721839
-1.10318109418677 0.353032553866046 0.0627835110546955
-1.12492970099646 0.206330295112164 0.0194367983974125
-0.988177612350401 0.493914695343095 -0.145502798796042
-1.05896132196313 0.461000681349875 -0.0195259542610211
-0.988099010685719 0.55607269356472 -0.100084762691009
-1.02565910324121 0.418048107803883 -0.131351338815591
-1.0231032234206 0.540516759033092 -0.0348786814786685
-0.995601063201001 0.591117132095962 0.214054548806121
-1.06029401135508 0.49345396319177 0.104293010476666
-0.998195153845685 0.624007239899389 0.144115925909064
-1.02734548660142 0.574138074680269 0.088774131648862
-1.07902734141022 0.255501875785625 -0.107811223885948
-1.08796907847227 0.378313839100229 -0.00531230617661199
-1.10710686366994 0.231947513017365 -0.0462085338757592
-1.05603688123927 0.338268096756942 -0.118710296666315
-1.10997041170382 0.293167090503345 0.00761145456796923
-1.06165710745552 0.400197168102359 -0.0705496627719621
-0.928903894830816 -0.282314280111224 -0.264018404620651
-1.03072797540177 -0.193765244400934 -0.174187991785836
-0.942361996365355 -0.202878491266612 -0.271757626497079
-0.966567398453219 -0.320804660219753 -0.210982248872183
-1.1339121503608 0.030466058283364 0.0417487089521861
-1.10122546267654 -0.0878100792045356 -0.0700035042853293
-1.12424907991469 0.057827411178312 -0.0253466684291801
-0.955289771558011 -0.0444314205373649 -0.281522383041341
-1.040050306925 -0.110794424455897 -0.182989585420791
-0.951109153288785 -0.123362171054855 -0.277533026996606
-1.00252621581653 0.00250545516805738 -0.240629307764426
-0.994698859384494 -0.159142326342946 -0.22953610491289
-1.01370179252725 -0.391099114024917 -0.0844038623085394
-1.05746820722608 -0.226970315120145 -0.11236197909396
-0.995380435647941 -0.357285773012919 -0.150684897176586
-1.01585422859036 -0.27614874629057 -0.163462207635169
-1.0730045640768 0.111143900170103 -0.148266332726722
-1.07731140449368 -0.0580152895200018 -0.132890429172742
-1.10349201878388 0.0849159537414742 -0.0892776246290742
-1.04209883160868 0.0546033544137876 -0.19592423759708
-1.10558872422425 -0.00145762960633267 -0.0800804390650636
-1.0438537242486 -0.0278341536577948 -0.190108522515893
-0.865512146739688 0.428997006516259 0.426989372071089
-0.986595396762218 0.358521848578736 0.356935499360696
-0.878668086397679 0.356594245339668 0.432250863404429
-0.913391460027261 0.472014411860688 0.388100053547525
-1.12554297288745 0.151484196919281 0.154728878621298
-1.07559398162144 0.264136614168495 0.262598310792855
-1.10786947737806 0.123743871635035 0.219749002748453
-1.11929855918307 0.238593364807334 0.143605450358766
-0.893544150655314 0.21268313343923 0.439431844538964
-0.996253692273343 0.280094631881599 0.363999543546996
-0.887981714721913 0.28434153686113 0.436354703553924
-0.951014041504015 0.17164066151123 0.410584556740045
-0.941022336461283 0.321433984411373 0.401866954255396
-0.980042988865791 0.554088241614731 0.279647913204123
-1.02269748468523 0.395088123108533 0.302792518667875
-0.952192296243481 0.514029741612457 0.33839901950628
-1.02466614365917 0.511723791205079 0.228323381816655
-0.971925507912155 0.436676016810953 0.348443634756816
-1.04067711920045 0.071260695853343 0.333659322476487
-1.0430502354868 0.232828797107023 0.320104112368855
-1.07909464839108 0.0967899736510303 0.280014368391082
-1.00043349650317 0.124257373760776 0.374789918171269
-1.08045479822634 0.180348532256835 0.271604803335277
-1.00090086472439 0.201868674539223 0.369846055078139
-1.08663625808179 0.410215615235593 0.118629876940157
-1.06464966893171 0.347655424266183 0.252549071533176
-1.10631655878943 0.325047577111062 0.131687595631281
-1.06037626596889 0.46347706650348 0.174203219825494
-1.09701176244818 0.295140032618532 0.199077202847499
-1.0476737477477 0.430373828194006 0.24116744367532
-0.967332940489027 -0.482127066386332 0.200283508894604
-1.04916712935362 -0.33253544567854 0.165674130801846
-0.975706161276278 -0.421108874442515 0.248695713918586
-0.996717081284039 -0.467790160064943 0.130699488547735
-1.13170267664491 0.00353385340295212 0.109858228286537
-1.10432572909436 -0.168928318887753 0.135137524479192
-1.11754067206973 -0.0222270560303906 0.176657157623489
-1.12804965753142 -0.0572547518789607 0.0534163297049201
-0.968824104113379 -0.294614761522507 0.333831278133301
-1.05302712409435 -0.271274211841527 0.216370445471307
-0.976051811487897 -0.35819221762662 0.293450243097522
-1.00525657769498 -0.222777050267545 0.320240689524295
-1.01762073489218 -0.348221238346581 0.232171036547583
-1.02031884832633 -0.421406527731789 -0.0139382236587442
-1.06941779521446 -0.311802693230027 0.0957875028589473
-1.014627712626 -0.447277150478347 0.0585392566648737
-1.05003880196232 -0.341031873655155 -0.0305637168256404
-1.0363505609957 -0.391567367019083 0.112738230387334
-1.05655728190985 -0.0674952829880371 0.297550836360111
-1.08158065889578 -0.19080254820028 0.20178230837183
-1.09206539997266 -0.0461083668487526 0.239881434461191
-1.03460662150545 -0.14675972066431 0.308053296922807
-1.10309551177138 -0.107524123593715 0.188594233968742
-1.04808569182418 -0.208952924133375 0.264023788129078
-1.09049658735461 -0.173593372126114 -0.0585643589392227
-1.09577216259631 -0.229059456773999 0.0802078451089101
-1.11420164625477 -0.116695830148735 -0.00300283697062311
-1.07343300269918 -0.258212408698546 -0.0454591967738695
-1.11532935979762 -0.143984586080136 0.066123846434886
-1.0775704506058 -0.286760652697854 0.0246512464691351
-0.53922392250466 0.957804406013398 0.37177273129344
-0.479644757290802 0.982702588756022 0.379493389501116
-0.344887141651671 1.02548522424252 0.392737710453909
-0.414129424127779 1.00575591103398 0.386587698032463
-0.0489930952950107 1.06159948591379 0.406732640085339
-0.124437853011002 1.05940543161376 0.404832402451168
-0.273014209274656 1.04121723386524 0.397844112901281
-0.1993087152272 1.05258688233993 0.40187549646985
0.507438688041602 0.92936931737239 0.387535757089967
0.449524811002481 0.956520992605198 0.392816481323976
0.318248486138895 1.00554119235168 0.401346856330692
0.385777543475737 0.982423803751453 0.39749038871313
0.0264818486341585 1.05917519319657 0.407602679192131
0.101469318062489 1.05219871548156 0.407471726883865
0.247910301809157 1.02514409884339 0.404317636306957
0.175456225695211 1.04079195313198 0.406368012370469
-0.580077750019736 -0.855267819925402 -0.173462758788473
-0.518108313456554 -0.888005524412216 -0.18136016573847
-0.375096411594011 -0.947088381685526 -0.194483403848344
-0.449050298274017 -0.919237623544535 -0.188511470054355
-0.0499987338699484 -1.01006459356875 -0.203613649289689
-0.134024389963955 -1.00245213363978 -0.203704621512346
-0.297367894387856 -0.970615982084307 -0.199078139537131
-0.216742336450947 -0.989210190825816 -0.202177207867828
0.569740042396275 -0.877435828219884 -0.148259509990522
0.506879586754217 -0.908284128678455 -0.159183413923462
0.361955348910055 -0.962339073343436 -0.178944640992686
0.436856517062103 -0.937190164605695 -0.169598665232937
0.0345505782893853 -1.01189174581041 -0.201881628265012
0.118832727469711 -1.00789231283209 -0.198508742728501
0.283371743006294 -0.982839941574282 -0.186967720802107
0.202046116770879 -0.998141267569762 -0.193519595833137
-0.601020688935152 -0.856775626074679 -0.148772289398625
-0.585878026502569 -0.891504517105952 -0.0984098111496222
-0.57084256561948 -0.875599237781958 -0.150546478090773
-0.538101290353221 -0.94535189204884 0.020292667001302
-0.564892669364743 -0.922015359728472 -0.0411795121696099
-0.505615035724337 -0.910439256112002 -0.156415844473434
-0.551776475282545 -0.91218812447958 -0.0986555497220321
-0.539014925737801 -0.893387109830403 -0.153365486417045
-0.561736716409115 -0.894540050128523 -0.125486961840498
-0.383053878002878 -0.943960536838705 0.266511887741282
-0.427276272901385 -0.959142192525331 0.208909794780286
-0.50578406460014 -0.959837836236102 0.0838654132435735
-0.468546518981869 -0.964532321527394 0.147418535428423
-0.359331929870985 -0.969622715564284 -0.167359912126079
-0.405519656351905 -0.981001770494956 -0.105404499916263
-0.397530365034817 -0.956386550829437 -0.164972258244045
-0.499701052841739 -0.965285766209708 0.0211486229003575
-0.452678436566851 -0.979506682324603 -0.0418183282597893
-0.51465329586805 -0.955081802019999 -0.0101669239383484
-0.470800952337769 -0.926695836528369 -0.159440181205456
-0.443534723179366 -0.965711961964549 -0.103521051407572
-0.434727273155255 -0.942046780923838 -0.162316329268557
-0.49332565659627 -0.930808411868856 -0.129754648307079
-0.420325872454017 -0.962661813182398 -0.134542799648678
-0.540672227445279 -0.928323655542058 -0.070322547516327
-0.467110713931951 -0.965432184933444 -0.0722550768332281
-0.528311255225148 -0.942696989317311 -0.0407423941838687
-0.516685876240392 -0.931342434401023 -0.0999142498137534
-0.490897223454697 -0.961843561204996 -0.0410599024900181
-0.48060250593332 -0.949160287873815 -0.101634276818827
-0.0471576249194754 -0.613015035423659 0.490824349855299
-0.0796268911861667 -0.660100324452202 0.485909236755851
-0.156490164604903 -0.758501331322581 0.458372711630966
-0.116404100758983 -0.709444473257953 0.47535348924026
-0.337045911003151 -0.919769731628692 0.318734818617067
-0.290403050477444 -0.887712984828807 0.364498214453299
-0.199290961583228 -0.805584548974151 0.434414923221497
-0.244180634433598 -0.849158780551879 0.403146146129117
-0.0303564172200539 -1.02837083431324 -0.173963419327134
-0.0762598848556919 -1.05365907408063 -0.112250865352306
-0.0728111395968963 -1.02599805514956 -0.174476375645691
-0.169572233303177 -1.06865839219724 0.0199068575478459
-0.122822861174037 -1.06730664150582 -0.0469845536740468
-0.157077217251661 -1.01684371085013 -0.174313733820487
-0.11903530804513 -1.04973713540275 -0.112510538928748
-0.115084694717034 -1.02214943827916 -0.174591716792729
-0.0958330157565009 -1.03927534956673 -0.144041358973321
-0.3422221281681 -0.957758435892836 0.267407084503558
-0.303135038589275 -1.00107765595845 0.211460199461461
-0.364542539971409 -0.967412021490542 0.239301660861085
-0.215812952241082 -1.05764940060103 0.0864350168879416
-0.260663893082971 -1.03479578767653 0.150779172610877
-0.407577335669198 -0.979494209111904 0.179682288202586
-0.324485757360449 -1.007595941649 0.181147500849079
-0.386374840637683 -0.974689594210957 0.209995314632808
-0.344979417880443 -0.988682164659647 0.21081685881726
-0.32024403325277 -0.981675824213412 -0.169444712222135
-0.286439060011125 -1.01898186778183 -0.110119522643293
-0.280372815709296 -0.992477917840837 -0.17120058477826
-0.343323110595495 -0.989863636711365 -0.138722511189591
-0.212609776554608 -1.06132877627081 0.0198516177531709
-0.250646847844859 -1.0458149202432 -0.046418313582546
-0.18924169987784 -1.06308863836207 -0.0136737402065708
-0.198689132231551 -1.01010661007421 -0.173649154897251
-0.245333225225782 -1.02887541763672 -0.111197003119928
-0.239820935562681 -1.00197113163906 -0.172607335040861
-0.180301251474773 -1.02851995674844 -0.143663671809341
-0.263058540109985 -1.0119499099195 -0.141843473820079
-0.390093870139558 -0.996970645230387 -0.0751025025747018
-0.309926829438231 -1.02293978466236 -0.0776953466227682
-0.366615828371733 -0.995003246977121 -0.107177325419946
-0.326895385173937 -1.00767740619997 -0.108766523873191
-0.142376744081391 -1.05725227754189 -0.0801089478409377
-0.227136272712909 -1.04311563822784 -0.0794685312519711
-0.165802226742928 -1.06172293744794 -0.047079049527739
-0.161537083690234 -1.04428348863724 -0.112412530159004
-0.208438819841134 -1.05455178068578 -0.0468815844841291
-0.203668175685495 -1.03732031708885 -0.111968974020234
-0.483489150130208 -0.973153397920995 0.0529440534796161
-0.403233286385955 -1.00726991646108 0.0535919090780289
-0.466078508046667 -0.978567346916379 0.0849557932435478
-0.460566619665228 -0.98368265382514 0.021432820189199
-0.23580637513929 -1.0564631115032 0.0532475032970311
-0.320548819269773 -1.03509098803477 0.0534188423776194
-0.258718466628426 -1.04855001510215 0.0862780727893047
-0.255262962382629 -1.0523630637154 0.0199913539031594
-0.428012876225747 -0.981758678514604 0.148578977587713
-0.384767726718593 -1.01136524060368 0.0859481303735248
-0.447552391101945 -0.981449051584306 0.116920378412499
-0.386911668375614 -0.997432440926944 0.149394578116026
-0.425724931817748 -0.995751382267687 0.0856033529181976
-0.41367624534185 -0.995711928740146 -0.0427974375591879
-0.380250048167548 -1.01585135148886 0.0210436876891339
-0.437227171292292 -0.991250999680705 -0.0105407836974938
-0.373921694971446 -1.01046201393147 -0.0438432444888196
-0.420737866439885 -1.00054008340256 0.021344532178856
-0.303189544283445 -1.02398295615843 0.150405463859977
-0.343249661774445 -1.02538523105304 0.0861107930480589
-0.28122283284169 -1.03768256635534 0.118727687913782
-0.345288509244486 -1.01151823342703 0.149971649642921
-0.301216319546383 -1.03778787626754 0.0861927964046981
-0.365420087971154 -1.01278381078099 0.118158274758085
-0.292345240587632 -1.03553701437534 -0.045724333111629
-0.339142357106532 -1.02960408388656 0.0206559255506714
-0.274121571330811 -1.04537059958261 -0.0130820250321403
-0.333459135708434 -1.02374421751377 -0.0448457755809639
-0.297461576154335 -1.04178125950707 0.0202795056560573
-0.356941873979816 -1.02137070023027 -0.011846073645425
0.588490157096494 -0.878858723383652 -0.121858864690965
0.567430493739668 -0.911471271495841 -0.0709972707930658
0.557640187516669 -0.896773162468147 -0.12508018178837
0.507084694380058 -0.959944414817737 0.0465543808391506
0.54015602200454 -0.939424573073482 -0.0139445641116006
0.491339259093036 -0.929589965508052 -0.134121362326448
0.532544465858538 -0.93111671362601 -0.0729061815672077
0.525258785405586 -0.91359204359774 -0.129449849667253
0.54556053314901 -0.914639097063892 -0.0998144234301035
0.331316499029359 -0.948377472135781 0.282423033941843
0.37979080318131 -0.965627591873663 0.228029287633623
0.468760014622777 -0.971547762053959 0.108365373254965
0.425987873464131 -0.973485669323823 0.169476348519944
0.343157959863033 -0.983688535371439 -0.151961196919046
0.38412759803765 -0.995312691040995 -0.0868514748985216
0.381798830019053 -0.971847302712687 -0.1478074680642
0.468102711804849 -0.978843868677467 0.0454502318858905
0.426118943863476 -0.993634054848384 -0.0202311345678818
0.48610358426178 -0.970046247823338 0.0147783731498446
0.456022868983814 -0.944703144774435 -0.138819184623111
0.422599686738646 -0.98126801801565 -0.0831089542352728
0.419462787331842 -0.958822938822991 -0.143408380458616
0.475976256635582 -0.948780858400896 -0.107426137338076
0.401989740175844 -0.97822273050027 -0.115747561761363
0.518336783558046 -0.945994753348951 -0.0446582880735471
0.443600619932169 -0.980883716029806 -0.050261659096202
0.502859131922672 -0.9590399410736 -0.0153432408680797
0.496811090227659 -0.949201099704314 -0.0758957672454231
0.464847907833068 -0.977096174411698 -0.0175463001362155
0.46016913466877 -0.96589783240753 -0.0793980346162987
-0.0196132292086331 -0.61301501676906 0.490899566347771
0.0135724015312576 -0.660096919256189 0.48640373221266
-0.0331955625555953 -0.638539247025657 0.488936832564194
0.0925222862809335 -0.758616282057659 0.461048897189821
0.0512685094566799 -0.709461711447627 0.476698665203145
-0.0653202639338954 -0.689125478914892 0.481122293027479
-0.000201556247018279 -0.689125448366971 0.48156409707732
-0.0486277261536819 -0.663775098238071 0.485719069353085
-0.0173513608566966 -0.663773816300468 0.485889093125898
0.281737432940133 -0.922567274388181 0.331398853840207
0.232162997278616 -0.889332684192737 0.37408177533718
0.136807188866851 -0.805944023797984 0.438923438803971
0.18357723255398 -0.849991316586175 0.409975665868191
-0.141429861738256 -0.789260747125767 0.44704217595503
-0.068251667853104 -0.797496047616399 0.446998805575697
-0.121199233152577 -0.764763812462082 0.458070908729792
0.0783383054427343 -0.789414471733282 0.449714121018715
0.00537455649337742 -0.797545174084973 0.447900669578867
0.057394757165372 -0.764841528792772 0.460005077464327
-0.0830578357903625 -0.714517233766093 0.475039930942553
-0.0497615141174289 -0.77136194079774 0.45805059060468
-0.101715043847016 -0.739789133990829 0.467381837028055
-0.0493735990863513 -0.717197120254707 0.474987298087279
-0.085590039163177 -0.769117531418267 0.457939794231213
0.0180460835986697 -0.714526248296128 0.4758626130715
-0.0138714218860137 -0.771376781586859 0.458442752729702
0.0372732294627139 -0.739821510638559 0.468700495026777
-0.0155733396646978 -0.71719995751458 0.47526448868295
0.0218989170231109 -0.769162690086313 0.45911064625938
-0.0321600903209381 -0.744585893406248 0.467450022135887
0.0121791987835542 -1.02925592544671 -0.173050901891754
0.0527213358816515 -1.05610052178426 -0.109271410211409
0.0546949678996237 -1.02864832188371 -0.171739205954654
-0.0104473954796785 -1.04402253189247 -0.142901063409137
0.135683276868042 -1.07308647838357 0.0275112573537932
0.0940251559006615 -1.07094772021196 -0.0417213967528498
0.139261459903409 -1.02296966228416 -0.167931811002808
0.0956015328821273 -1.0537914469515 -0.107548037765083
0.0970896490534932 -1.02654991876033 -0.17003109145952
0.0750520269824827 -1.04267165903739 -0.140222212090817
-0.0563724915822025 -1.065154510665 -0.079441173692841
0.0301151771578939 -1.06670373288513 -0.0773882853852287
-0.0333091070935655 -1.05603292334295 -0.111625925375266
0.00971785711808942 -1.05684822306131 -0.110632451761772
0.290510950235376 -0.961630320424356 0.281484230621372
0.255446291784344 -1.00550204966593 0.224655610455315
0.314812318980847 -0.972188585585314 0.254931746511344
0.177054808691238 -1.06244019704673 0.096257684132305
0.217297674493788 -1.03956022152047 0.162517590674415
0.362300074883028 -0.98640159909772 0.198317822041353
0.278987218962982 -1.01298315825364 0.195730116618405
0.33878968004546 -0.980480087561356 0.227154293175478
0.29732943648877 -0.993786934848375 0.226001122619068
0.303658126259562 -0.994272889538036 -0.155829417825356
0.263913406492947 -1.0291884665938 -0.097299207714874
0.263411396923969 -1.00353896342385 -0.159381710584742
0.324128438448216 -1.00272031706681 -0.123582538958381
0.178855078802969 -1.06698985620547 0.0296108593977862
0.222362950053776 -1.05366922401967 -0.0348989130297529
0.158007797080671 -1.06850981126288 -0.00510364577201405
0.18110799539893 -1.01792379556958 -0.165449302916812
0.222511431700454 -1.03760429153001 -0.100324857116104
0.222526065279675 -1.01143621531663 -0.162594487316722
0.159855286170772 -1.03523729342012 -0.136037271901193
0.243150498153727 -1.02184176399431 -0.130436531888363
0.365677882408458 -1.01000646266139 -0.0569344096444307
0.284789684222477 -1.03334682194988 -0.0634638468591849
0.344806608510163 -1.00800560884659 -0.0905125082729023
0.304707941172281 -1.01931028710492 -0.0940140577715721
0.116310971590315 -1.06186745916947 -0.0739597311356432
0.201447192051962 -1.05070178099616 -0.0692522632195548
0.137133739864208 -1.06679509648439 -0.0397199845264509
0.13825893089501 -1.04992875809197 -0.105472003454834
0.179941750463005 -1.06103036358688 -0.0374361254775168
0.180594740798005 -1.04452636730674 -0.103057718321611
-0.149480561933881 -1.07122381452049 0.0536061777843872
-0.0621419831804016 -1.07923544639023 0.0548100330839661
-0.126226246532423 -1.07433390625868 0.02019218175622
0.113027484440166 -1.07473570379633 0.0601720567294667
0.0255776479945471 -1.0804123153359 0.0570027043582906
0.0922373400014244 -1.07751054975086 0.0256313352712597
-0.0795900079561375 -1.07128497211975 -0.046579616161736
-0.0389333035989318 -1.08066614879452 0.0215439775032746
-0.102899834681823 -1.07435566356589 -0.0132854586254079
-0.0361953862602999 -1.07364443108907 -0.0458526846458951
-0.0826521294322841 -1.07834028162632 0.0207326217693982
0.0507057971002446 -1.07347694505216 -0.0434190685705763
0.00484497553821301 -1.08130427716705 0.0226332967634749
0.0714359985359459 -1.07709171400822 -0.00898895077003314
0.00726780538264813 -1.07437631792324 -0.044798728498332
0.0485968890459657 -1.08025184880567 0.0239990907809001
-0.015770260134727 -1.0790441430098 -0.0117401491834713
0.448918218414122 -0.985300846921856 0.0764179116224307
0.367899954226229 -1.01738112140229 0.0729706782285357
0.428634937888617 -0.989323247187225 0.107429762617003
0.428483150615255 -0.996191131046892 0.0437368696639525
0.199581948741248 -1.06225686707654 0.0641505396755835
0.284686341608077 -1.04308798861341 0.0686000679314917
0.220080824577813 -1.0543740314993 0.0982564274031389
0.221678024950148 -1.05923451377628 0.0318920770431144
0.385201575037962 -0.989875782526568 0.168610369078107
0.346699483895044 -1.02019107727888 0.104289653255714
0.407356512255143 -0.990854772580874 0.138239615132327
0.343903181549442 -1.00471610271247 0.167379613280428
0.387937920858946 -1.00554755042225 0.10602360179119
0.38667349228945 -1.00867263759384 -0.0231714568875595
0.347413148175731 -1.02619018296334 0.039259266757433
0.407666862511411 -1.00403352301646 0.0104724007574613
0.346530400865745 -1.0222115760379 -0.0262085603120431
0.388246370094222 -1.01197696228141 0.0416186133981266
0.259911750955719 -1.02959280072262 0.164242677806198
0.304951292639766 -1.03322670194766 0.102350927096735
0.24023290898999 -1.04344196816495 0.131690851996426
0.302127523025364 -1.01796715926923 0.165891550078288
0.262730322883193 -1.04462895874619 0.1003111125178
0.324738706366503 -1.0203834085157 0.135339403235037
0.264316134904891 -1.04473105660067 -0.0321465349528024
0.306012405096442 -1.03881607601573 0.0367877632099094
0.243272228073271 -1.05338065854051 -0.000284730374357812
0.305726981519041 -1.03423770856803 -0.0292283923329252
0.264083857051083 -1.04983711425769 0.034305406353693
0.326640570846787 -1.03183961224217 0.00510759339200488
-0.319556520986705 -0.945851481514411 0.294142141165138
-0.237105081054703 -0.966989601103393 0.295276405246415
-0.29668685725013 -0.931835083957444 0.319363834303612
-0.3009602616416 -0.970002951337592 0.268110461841626
-0.0689365484504107 -0.98907616432611 0.29760980080186
-0.153412847600652 -0.981507921501311 0.296299436368029
-0.250876165317889 -0.898129180037044 0.364830591375373
-0.214875668934272 -0.951246813217053 0.320317610812597
-0.273749935046031 -0.915869938005824 0.342956290374388
-0.255949306109049 -0.942346844851879 0.319869736591163
-0.260888949640245 -1.01183636574744 0.212003760101387
-0.217324660105882 -0.989638460407953 0.269227502532113
-0.281366139520542 -0.992054645885552 0.240703672829781
-0.259311900767626 -0.980645058228605 0.268694904014291
0.266026649079123 -0.948930462270058 0.306669521324998
0.183738664550194 -0.969163520369842 0.30427045054093
0.241496095977228 -0.934232009923882 0.330369936308063
0.249290343500443 -0.973342727941817 0.280342835820414
0.0157847761445444 -0.989507655750512 0.299419997962943
0.10018378638367 -0.982805034073584 0.301717825177778
0.192809237975591 -0.899476337373534 0.37296770023721
0.159905053246362 -0.952881126071482 0.327977775871549
0.217049534757085 -0.917691728959613 0.352492375856644
0.200873234331467 -0.944357297370261 0.32920818470625
0.21317999698898 -1.01558271395711 0.223196633594028
0.165754053238562 -0.991938329891965 0.277736156718582
0.231636761445151 -0.995621358350101 0.252488374779763
0.207690938366824 -0.983461863784867 0.279071100860248
-0.162328666761432 -0.813097693656818 0.434243297116389
-0.128130025668756 -0.87093057903702 0.403409966920022
-0.183814313495122 -0.836090281775266 0.419635914212832
-0.125056170689355 -0.8189122546533 0.434162141446271
-0.0483068429211112 -0.969738412376058 0.3225869179358
-0.0898422443197486 -0.923449283183596 0.366193572534541
-0.0901639291697289 -0.96776012252922 0.321867072140633
-0.228188058511906 -0.878794356969833 0.384923825441227
-0.149268832288203 -0.893246845176538 0.385300233432404
-0.205799284225911 -0.85805191031747 0.40319756215671
-0.211008479453391 -0.906980231144157 0.365108446647594
-0.167100060135004 -0.865341033414095 0.403265094349497
-0.0498549973025941 -0.824933122493423 0.434516248971552
-0.0889543459523134 -0.874735277396031 0.403684980234517
-0.0875339888875839 -0.822893583542676 0.434236376533875
-0.107521966425753 -0.847423169624223 0.419717228957915
-0.173514856645859 -0.958480119312472 0.320767109071192
-0.130432474541807 -0.919702435012025 0.365739651577833
-0.131923116204356 -0.963997890823648 0.321269892420278
-0.192748722718889 -0.933588247412126 0.343715288302426
-0.110696643185598 -0.944585882455629 0.34458904249648
-0.170842774885536 -0.914193737647813 0.365393070871331
-0.172562657787532 -1.06506549921915 0.0867182222821512
-0.131086331608663 -1.05705660088158 0.152186347968204
-0.195362999731081 -1.05593263199338 0.11930505422788
-0.129035864032685 -1.07078030916404 0.0871698026391903
-0.0471182365083817 -1.00837741567686 0.271874124397307
-0.0889740095135567 -1.03783893237407 0.214415018949789
-0.0898827688091472 -1.00633523866632 0.27105857514914
-0.239647926495331 -1.02918085934663 0.182114387434625
-0.1534838304538 -1.04399342697083 0.183144765060595
-0.217765057422655 -1.04392848682423 0.151163565187248
-0.218292088459334 -1.02092180469412 0.212517080543104
-0.174551464103946 -1.0513559040095 0.15161715838912
-0.0414467788995657 -1.07705100793045 0.0886893119252775
-0.0874370249547264 -1.06101348606215 0.15290551259849
-0.0853052668057462 -1.07477909796244 0.0878203079935581
-0.108322620906385 -1.06735653626993 0.12034879883991
-0.175051176657322 -0.996941020263944 0.269767624110753
-0.132272428081593 -1.03394780962278 0.213680051905066
-0.132549497663505 -1.00251631861808 0.270365099816964
-0.196718539860015 -1.0101301910925 0.241791890617783
-0.111033167110396 -1.02134614447411 0.243037862556055
-0.175399887202563 -1.02830148768351 0.213059665788411
0.100034442145036 -0.813367670083906 0.437776054359368
0.0680129889728257 -0.871288836015414 0.406555293758386
0.122411241590629 -0.836527017890179 0.42415104417348
0.0629098555409346 -0.819100559997597 0.436701634647462
-0.00642529856493689 -0.96991815275222 0.323443149781051
0.0322324791966325 -0.923804687691589 0.368436266435967
0.0354062579021109 -0.968299799571261 0.324434091474351
-0.0281021861609304 -0.948493909704451 0.345912554204472
0.168888482696494 -0.879759045732709 0.391749525301024
0.090264069542292 -0.893810547947478 0.389425120084049
0.145391049669072 -0.85871661839879 0.40881262271471
0.153096029213706 -0.908068090566861 0.371788261547683
0.106855530131581 -0.865848817516892 0.407652024811686
-0.0121378950679638 -0.82497000056231 0.435027788724982
0.0289246769146742 -0.874948607765264 0.405577300081934
0.0254893050210982 -0.823004955880076 0.435767201737987
-0.0305156779086902 -0.851383782710837 0.420448865147073
0.0463944990706782 -0.847634192456309 0.421996471833298
0.118635173674212 -0.959745473897243 0.326738424240904
0.0727526117115157 -0.920297162368841 0.369470950296095
0.077115517483221 -0.964898987095524 0.325542839308622
0.136308766661537 -0.934780003945847 0.350109044921559
0.0544310318799356 -0.94517625876104 0.347799111531934
0.113060840404208 -0.915031810589802 0.37060406349006
-0.0694627334342929 -0.900762343417027 0.386045224991597
0.0106155445288842 -0.90094814098597 0.387426042610607
-0.0491467352176609 -0.925392698176005 0.366786803251776
-0.0496557204401529 -0.876690445433836 0.404128678169499
-0.00842735345754271 -0.925510941019581 0.367535046641285
-0.0103295243002399 -0.87676130149755 0.404760348460567
0.133711636389671 -1.06880845500625 0.0943720545242968
0.0875734091470969 -1.05924165558772 0.157550681271673
0.154184549529042 -1.05980658676757 0.127985720160771
0.0901170951178712 -1.07346317184488 0.0926443878588479
-0.00432566544694184 -1.00863237426085 0.272824262459762
0.0412630391182254 -1.03886491454368 0.217486910280195
0.0384246393006158 -1.0071001971203 0.273907473342221
-0.024815258226623 -1.02550472032711 0.244740291768742
0.194038460681839 -1.03304635207716 0.192582686953043
0.107824869659372 -1.04632266058937 0.189448199338388
0.174332988255845 -1.04784021455207 0.160788814640942
0.170575271996148 -1.02399027275675 0.221694661067782
0.131071618567691 -1.05440758732351 0.159116924127343
0.00246179993181716 -1.07758950251792 0.0897857542115158
0.0439033258101671 -1.06232672893746 0.156127098835391
0.0463421925130421 -1.07639264043219 0.0911081052929465
-0.0206562543835695 -1.07183118373784 0.122121385156965
0.0670423258873036 -1.06930503823577 0.1247010851902
0.123527097485384 -0.99872761624034 0.276398130459642
0.0845579743272788 -1.03565638097093 0.218795006363118
0.0810639504068693 -1.00379163039817 0.275108320840841
0.147030734105986 -1.01250597811807 0.249682508547518
0.0613863499016581 -1.02253464197615 0.246994453639733
0.127682534955186 -1.03069089672051 0.220210632726738
-0.0664836135998469 -1.0518420999135 0.18461888526184
0.0208068718752702 -1.05262047728653 0.186723946605304
-0.0455722093669483 -1.0399595920627 0.215288954626869
-0.0436740328431175 -1.06321438960349 0.153797056577753
-0.00213655816193201 -1.04030173608614 0.216313412034428
0.000130320280828613 -1.06365251543609 0.154871420762063
-0.551045596966199 0.930918046601083 0.385075125158629
-0.517382513740719 0.89246382109042 0.41825579354769
-0.521031109280381 0.941715048885345 0.390703019269087
-0.43618266885468 0.793935462219412 0.457209062020083
-0.478417703866095 0.846037204255543 0.443546599519571
-0.458372019132327 0.964233237471016 0.399235563810459
-0.483874377447382 0.901447753287499 0.423568620449481
-0.490214271423647 0.953071149588575 0.395234261753588
-0.502822606297936 0.922724103147958 0.408112171312309
-0.271276918319643 0.57863617796564 0.36004100504686
-0.307897229720466 0.627618328003743 0.408964082622225
-0.392440163122982 0.738414902523637 0.45694834509444
-0.34901756447849 0.682006608902532 0.441193086712669
-0.322683450576717 1.0022652979587 0.411726117066579
-0.348809302579258 0.935769032307083 0.436526046914651
-0.357627245586505 0.994009654351524 0.409073032377164
-0.401309107147725 0.799633834843968 0.457955063081012
-0.374927858166744 0.867373166502175 0.451355451294722
-0.422679339816983 0.827018460292986 0.454128729279731
-0.425580843603299 0.974889218724729 0.402847037604339
-0.382964054246485 0.928005236052362 0.434085668209982
-0.391960906164272 0.984855510836165 0.406118270364114
-0.437578424011467 0.943024325756371 0.416565699401892
-0.370240767836425 0.961390246110455 0.422853552558538
-0.464126523100749 0.878214512674187 0.436635593985509
-0.395946227582447 0.894255439683307 0.442881311841653
-0.44367748426426 0.853310106391659 0.446930592638788
-0.450426067559072 0.910641142990673 0.42776112960976
-0.409214028203359 0.860504838731773 0.449462049651282
-0.416824794500982 0.919578477486841 0.431201599257962
-0.0619479407057786 0.319441037233089 -0.173166362725806
-0.105957509360031 0.37982127723472 -0.146823474777695
-0.184156175684302 0.480786677368784 -0.0357796474244871
-0.149036394482415 0.437023142589262 -0.101641019455383
-0.241474396473351 0.538846250057126 0.295502371470103
-0.220398194544612 0.511780106414134 0.218421575069228
-0.202637882191953 0.498739504858469 0.0469429289083972
-0.208527493267188 0.499397812953223 0.133802244218633
-0.0309778631228538 1.03126383023203 0.423238697939943
-0.068085326012891 0.966984229324827 0.445862791759045
-0.0679729792557556 1.03139484880377 0.422668312612714
-0.133356514840789 0.82908685299566 0.452544955548012
-0.102106185485849 0.898606105955037 0.455591044539798
-0.141824522490032 1.02840787222026 0.420819630195467
-0.103546619009948 0.966304025123385 0.445418245022882
-0.104941449215518 1.03044338844724 0.421864096330514
-0.0861509911522497 0.999512298616454 0.435598363800354
-0.242215304357987 0.583131782365815 0.347407175324505
-0.216051848105877 0.637644146514828 0.382295143729074
-0.2587744577135 0.606124270686541 0.375577248731068
-0.162330771805617 0.761167695905995 0.437825810010511
-0.189658260482437 0.696974213287049 0.413484854404608
-0.295974696200972 0.657872963750739 0.41968288660795
-0.233505103854888 0.664079258747565 0.405193584372297
-0.276778323272748 0.631204723599804 0.399710971394438
-0.24619809268648 0.634565747945027 0.390752081299715
-0.287222915883202 1.00956010677262 0.414088766142996
-0.244728197767332 0.954251149506354 0.441808858466307
-0.251330832309688 1.01584899300809 0.416170685807308
-0.300954107352065 0.976627538824337 0.427677520192348
-0.166164515334575 0.827511998151159 0.453450795386853
-0.204286657865065 0.892537263030658 0.45532017917905
-0.151442656295777 0.862383955319705 0.455990946258806
-0.17856083342345 1.02529083395371 0.41952778068747
-0.209610035856194 0.958653731736136 0.443024754032843
-0.21508577056287 1.02109988614083 0.417980847599863
-0.158442708770024 0.995868183119386 0.433905859423934
-0.230192472027365 0.988205324706554 0.431306560539098
-0.327596767676031 0.908359040098029 0.446905149432232
-0.258795568865406 0.919595813360289 0.449511572280707
-0.314365997722509 0.942771658647903 0.438594784524328
-0.279660264479666 0.948947235666357 0.440342740383497
-0.120194173177452 0.932134667891723 0.452075845089772
-0.189604014059874 0.927572352565279 0.451138172541993
-0.136140559888787 0.897373432419019 0.455577201193094
-0.138979536798885 0.964687892669378 0.444808393741279
-0.170203462342028 0.895349415361366 0.45549755995275
-0.174346987175074 0.962136213782315 0.44401702356456
-0.379758838782851 0.771465883480508 0.458177702779977
-0.311911558126408 0.780581369590191 0.455379610011675
-0.358231780873036 0.742842749778032 0.454602539358959
-0.366862935027119 0.805101261296469 0.458095631816157
-0.180374663142316 0.793071589912004 0.448154427640006
-0.245581327777548 0.78791450455617 0.451770161704248
-0.194143729504763 0.75933108859909 0.440358151923253
-0.199109263004107 0.825284077850847 0.454426208770021
-0.316110720665389 0.685655868150575 0.43545841700017
-0.291375509511461 0.750752374903182 0.449004148051931
-0.336941228339546 0.714114271989008 0.447070553769856
-0.283793407832229 0.68902469188415 0.429656462311644
-0.324561889053933 0.7469809415356 0.451902328410055
-0.340741104362885 0.873746113667685 0.452760852363037
-0.299014729497671 0.814831197038348 0.457181104632489
-0.353836308944908 0.839246410634663 0.456394536298662
-0.306603663089484 0.87951115650855 0.453786336249607
-0.332784216306553 0.810201235651474 0.457794540697104
-0.220640710556822 0.694725794426855 0.418524113668674
-0.258614391586312 0.754096054252676 0.446040503457696
-0.207542550921748 0.726501057050455 0.430367407966911
-0.251994751594651 0.692062904235425 0.423960404607446
-0.22622165885732 0.756966448137667 0.443125386990585
-0.271344609897109 0.721105697817507 0.438555635152904
-0.238382973642482 0.888946143507253 0.455007089198714
-0.265504704911293 0.818918301802953 0.456359699186201
-0.218467648080394 0.857378238179616 0.456683466102466
-0.272488137175911 0.884593960526358 0.454513531583345
-0.232213730939509 0.822413180165604 0.455416904159071
-0.285879231104182 0.849576880814514 0.456989424870185
0.516643156293368 0.90182135051401 0.399957916494819
0.478980094074296 0.864275874959355 0.428453243832824
0.487247091369295 0.913660648617832 0.404179495296351
0.390946116298014 0.769767852087141 0.457455880352674
0.436334255581857 0.819502769854806 0.448732958905311
0.426200940411676 0.938667869186229 0.410208893992241
0.4461474711891 0.874569278348763 0.432308320692026
0.457203783192947 0.92619248628789 0.407426689098809
0.467037387149523 0.895176096108553 0.419246700000205
0.218019452888782 0.568461219361599 0.346685437874366
0.256255830022147 0.613650573142516 0.397633324019255
0.344614021141548 0.71723150664241 0.452630110235678
0.299104952836827 0.664284406525387 0.432939792830713
0.29392298195823 0.983271206268229 0.418387607007292
0.314415693317213 0.915207821957837 0.441067025677306
0.328047926736328 0.973185158321815 0.416727353793527
0.356899245248498 0.777123761295749 0.45725257078688
0.335284168058948 0.845637450094597 0.453382370629042
0.379754315280483 0.803175596104583 0.455695580263008
0.3942773770437 0.950773328839835 0.41265760486771
0.347725524967854 0.905701177033673 0.439491987786601
0.361528093720219 0.962321608771153 0.414822254847098
0.403405268268917 0.918201403018817 0.425223153202838
0.337788855103695 0.939780064216319 0.42943187884748
0.424550521307304 0.852178341544651 0.442958458425404
0.358024821666255 0.871347358968962 0.447045903068216
0.402365087729688 0.828288127750418 0.450850587256192
0.413488804292147 0.885178253274767 0.43524559036961
0.368727800322769 0.837082973976544 0.452339947948079
0.38072956016503 0.895640022330862 0.437583853750811
-0.021509053598908 0.318961436500023 -0.174723377498066
0.0254567460820862 0.378393541715986 -0.151825721820335
-0.0410727512495211 0.352345060008007 -0.164904237974429
0.112757208672731 0.478379457332191 -0.0470071140155511
0.0725609257608916 0.43485928081087 -0.109994061257383
-0.0842519077039787 0.415283744845564 -0.133169869123592
0.00534525049739954 0.4143832410582 -0.136596206640472
-0.062419178478442 0.384435195358421 -0.151248737392176
-0.0182244245607108 0.383959653746427 -0.15293660906362
0.186354954866076 0.532135399387482 0.281269389785768
0.16274464871933 0.507743232232595 0.204309763096793
0.136782360834244 0.496510237268825 0.0341251007002866
0.147341525960559 0.496877532885106 0.120328688055055
-0.159407331039591 0.506381296634806 -0.0112033895793872
-0.0781645312554623 0.521166913590315 -0.0302293215865467
-0.144386883851394 0.491334760730561 -0.0491840712973477
0.0898430822375306 0.504633165799599 -0.0206587923238078
0.00746259778952771 0.520544993671387 -0.0334731372676443
0.0721499344984039 0.489573373630314 -0.0573672406484595
-0.10575482633465 0.444162727594632 -0.110287640369382
-0.0586141738162851 0.501836353959867 -0.0640604385962041
-0.12611977388449 0.469999799043573 -0.0823332542392352
-0.0611499146162904 0.447736971392134 -0.115428619431059
-0.10222998988478 0.49841169973215 -0.0585629464121399
0.0288316664759254 0.44289594545648 -0.115416410086356
-0.0144253823090301 0.501491090699532 -0.0657434154887728
0.0514179304510744 0.468415459270696 -0.0890424649629354
-0.0159983088638892 0.447339594713596 -0.117185241295239
0.0294590950055555 0.49736829694098 -0.0635635277039796
-0.0375983517407103 0.476782144286136 -0.0930693601830746
0.00598712090132518 1.03005533580725 0.423580804642658
0.0381229451952742 0.963448504968016 0.446318626610033
0.0428665040497556 1.02777738800845 0.423699176871936
-0.0137195762376838 0.999123071699032 0.436476313858795
0.0941244366410587 0.821787684294552 0.450917704056604
0.0673721015395071 0.892991491642745 0.455384256610921
0.116149056588787 1.02005984240946 0.423277155193994
0.0733578212273508 0.960434517830838 0.446199173037289
0.0796054479323475 1.02444090191226 0.423597229821868
0.0584817239877429 0.994740230776609 0.436600188851911
-0.0507537753634081 0.933247586093614 0.452530004291544
0.0185434689345813 0.930933445704021 0.452633370651351
-0.0326309615274307 0.966731296853779 0.446155079382591
0.00278268597944301 0.965550374789518 0.446304891699891
0.189218863633124 0.574489657652349 0.334977718489704
0.165731245875019 0.628603861633653 0.372940165154025
0.206747066787497 0.595691080090147 0.363765162817702
0.118950294413804 0.752704126619958 0.43409357083184
0.142557588240002 0.68793970580683 0.407107048033226
0.245815121719258 0.643735995618923 0.409932271436342
0.184359671322978 0.653333733249874 0.396504686741466
0.225682749989411 0.618925372274687 0.388795968251344
0.195540756606296 0.623932146808339 0.380504337816659
0.259231079989009 0.992509624557072 0.419812919838191
0.212608842270392 0.939520817763295 0.444317834054573
0.224043450376958 1.00084613323195 0.421010335292112
0.270131070236697 0.958695370730802 0.432497203788047
0.126545926173609 0.818167263874263 0.451483685400572
0.168295170125544 0.88042211457435 0.455227372234006
0.114062584644043 0.853739241950245 0.454977860414921
0.152441684853949 1.01465167067052 0.42273985057791
0.178112804728604 0.946042764712384 0.445015558480602
0.188426238986376 1.00823809151072 0.421984863114953
0.130098175715988 0.986443975542611 0.435994959609164
0.20077226990733 0.974361533237611 0.434646547497171
0.291347097025854 0.888966827094739 0.449514616378319
0.224053786312556 0.904083309364648 0.451033769326719
0.280784882837726 0.924057881375921 0.442370258131555
0.246842101404165 0.932179610615621 0.443443690102266
0.0875398750411444 0.925242756704255 0.452444685419912
0.156088109470381 0.916251267800257 0.45194509560539
0.101085559458697 0.889551138152502 0.455345984472944
0.108455591544945 0.95651928203664 0.445945800064777
0.134727343150147 0.885356999507717 0.455299269273557
0.143384522447118 0.951716314409993 0.445554045095112
-0.1159751818475 0.795881449703564 0.445128244971161
-0.0521170220477307 0.796289676013098 0.443125612129546
-0.100664580969097 0.83000448676706 0.451754612749448
0.0749368030475465 0.789902911186106 0.44309605415322
0.01144170234768 0.794291638291431 0.442417034277105
0.0617252159518486 0.82477416198841 0.450539758508472
-0.068108561942429 0.899048136469566 0.455565263232901
-0.0355516039519618 0.829868359135252 0.450661937189311
-0.0847295440040192 0.864510478504645 0.455280509532949
-0.0341553596440329 0.898702653973981 0.455520252291689
-0.0680692554610118 0.830264440709143 0.451117310340167
0.0335908153332427 0.895668392721456 0.455424419656724
-0.00309277520251391 0.828818970596743 0.450408382066214
0.0479663019316114 0.860152339363865 0.454698824008014
-0.000253505377354956 0.897574236583162 0.455470497040419
0.0293263039065849 0.827119596991888 0.450367256554028
-0.0182772857815235 0.863756844647209 0.454804487058625
0.333990085520902 0.750427774014919 0.45532134926017
0.267725715443299 0.763103189743802 0.451719136870787
0.311223078754125 0.723398722049841 0.449737298908375
0.323283308064187 0.784313158389973 0.456683140035328
0.13861504764577 0.783161270109598 0.44507494617672
0.202759013631021 0.774158098706308 0.448092643914954
0.15035132281689 0.748997990063375 0.436026175354212
0.159014039908119 0.813923592945357 0.452211268781884
0.266926296419198 0.669686183604634 0.427120136227663
0.24586233864059 0.734886974244753 0.443769132719752
0.28879961815689 0.696367062796363 0.440369165495029
0.235258175156435 0.674807637734851 0.421487674795155
0.278329469898496 0.729311767119713 0.446739642512154
0.301927695018836 0.853781015152244 0.454102618436251
0.257009273466314 0.79766323505375 0.454962690104667
0.312576648459715 0.818815745144377 0.45638839879528
0.268586400856176 0.861398401119185 0.454589116210949
0.290012666949369 0.79119511578696 0.455884646914003
0.173147128724676 0.6839820751923 0.411360173232962
0.213752170234058 0.740057808397839 0.440934841607456
0.161835782000399 0.715891245482634 0.42466525107307
0.204023651466321 0.67959006531617 0.416191221422986
0.18193455562268 0.744773797059913 0.438328151183991
0.224576170401005 0.706916814573138 0.43194409827895
0.201789503784681 0.874764758732269 0.455106897102525
0.224208074675204 0.803640573752272 0.454000472553865
0.180091618153733 0.844587136403432 0.455532761968126
0.235215551146142 0.868411020810306 0.454907194761008
0.191556866340134 0.809073061961313 0.453065067682422
0.246181382982571 0.832840932541584 0.456129680363856
-0.22733618363432 0.562736233452557 0.315442943828342
-0.17135440736483 0.572814254344594 0.290653561710038
-0.214329347780824 0.545421900225522 0.280064968855515
-0.213464788547553 0.587457315447955 0.335550481149876
-0.0566580798038783 0.584820018400156 0.261444825540121
-0.114581226320217 0.580703838296922 0.27216064003969
-0.194272391122086 0.521556963111221 0.20128310571421
-0.159230216176986 0.557660810062845 0.253694551113466
-0.20330880153607 0.531600264696447 0.241797140109898
-0.186978319332982 0.551778128565389 0.266035675427427
-0.186237843110109 0.640376788225364 0.374529264007725
-0.156310450987846 0.595113246981712 0.315147494385203
-0.199797321996778 0.613274301523114 0.355391996804506
-0.184872943835927 0.591496364051496 0.324721805648252
0.173286746836334 0.5557789976189 0.302676965343691
0.117157885761189 0.56834540565191 0.280867480112222
0.159094158635463 0.53998737033368 0.267227863003315
0.160609976615285 0.580257315643335 0.324283199099577
0.00187907280239117 0.584053507885985 0.259348105521288
0.0600526755775791 0.578264781189958 0.266012892033053
0.13609496998876 0.518470758281053 0.18893713011654
0.103509156855934 0.554384563573296 0.244243022765422
0.146709483446959 0.527471105764799 0.229118542242915
0.131528389184536 0.547488496569924 0.254801676009445
0.136163394659555 0.632871076917338 0.366265798122935
0.103475522157665 0.590499184172535 0.306798501370663
0.148267278315916 0.60587832659266 0.345634086553321
0.132062962961362 0.585639770819355 0.314824357877434
-0.170128893344682 0.513690429331455 0.0302901456350193
-0.11973615233838 0.53563172637024 0.0901539508897315
-0.176622384685011 0.514134779725102 0.073211635590697
-0.134034048748979 0.525306695092753 0.0171747483676962
-0.0431891520346342 0.570990036789815 0.225435914865175
-0.0777779537304447 0.550344205564247 0.156554720908434
-0.0728486302895255 0.569680852655925 0.229018874445074
-0.187071682668318 0.51541196673938 0.15922948510448
-0.129150181397802 0.535509195499664 0.132033208339332
-0.181395993255576 0.513108175260712 0.116334919777093
-0.167022264175278 0.530786676376584 0.186280052880515
-0.151771157304288 0.525439832043559 0.101707822278268
-0.054805942815022 0.536937217463719 0.00233627292963769
-0.0856370347552296 0.542875363339234 0.0818642884944022
-0.095250066321302 0.533103836132295 0.00782522151719018
-0.109038457652116 0.536990479191384 0.0485313294968609
-0.130966007754018 0.562789199352982 0.243284105752219
-0.108681987096063 0.54565056200883 0.163718412923269
-0.102153127126616 0.566880902803052 0.235006068318024
-0.14836855199953 0.546341138122691 0.214471971301079
-0.0900481740871351 0.556799452951539 0.196238437234822
-0.138489758575731 0.538982665215236 0.173684245083039
-0.130736493874474 0.762461476842255 0.435604043013041
-0.0982768304822168 0.700911704117862 0.401894709731775
-0.145037077658959 0.730019907118323 0.42344420353026
-0.099317690243699 0.763202896858054 0.43375726478393
-0.0410633907661017 0.602529149173635 0.292886515485941
-0.0686790779962191 0.646515288099015 0.353462468989374
-0.0700514038216871 0.60198616138289 0.295780546458175
-0.172671898306587 0.668870509214925 0.392527353946858
-0.112845424500986 0.671872309354211 0.382840061888187
-0.158978170996852 0.698773939216111 0.40896473563586
-0.156663537206089 0.642696621952745 0.367624557581654
-0.128536763626591 0.700095050837043 0.405070895619948
-0.0368459163705621 0.763007456437356 0.431386573025175
-0.0681477489176143 0.701202399243128 0.399510457650637
-0.0680337152772254 0.76338602709195 0.432338093811713
-0.0833843846620008 0.731494963978753 0.418504691428122
-0.127681934307579 0.59816160788734 0.307026309859913
-0.0979368539805142 0.645827705357727 0.356975905474641
-0.0989329167944614 0.600496142441281 0.300526090028227
-0.141673732656598 0.618964666833052 0.33900727637616
-0.0837261079441255 0.622407079517989 0.327808185807257
-0.127250395003928 0.644535440076134 0.361730898685705
0.103257745538149 0.511982178555026 0.0199338893902767
0.0562880829918197 0.534793610884531 0.0834346899040383
0.112304679630272 0.512469352212161 0.0622623972043601
0.0663549131664937 0.524090498783036 0.0095655686465357
-0.0133683633648679 0.570689047318608 0.224324504332443
0.0177417257072855 0.549794867403693 0.152885798410998
0.016394709503438 0.568755733482346 0.2257039813239
-0.0291865693995342 0.560358845399126 0.188428567727597
0.127081403214139 0.513079550656255 0.147322913544694
0.0678742867101994 0.534409665561958 0.124495878662661
0.119354553999489 0.511238097679008 0.104908606249227
0.10829057471883 0.528512721741815 0.17588389315711
0.0889588615916649 0.524129895694421 0.092538358071904
-0.013713987266094 0.536657906040656 0.000782538233513525
0.0217340346981419 0.54243997537978 0.0777564625126876
0.0270088142106174 0.532339251655059 0.00318525237295812
-0.0331534799450163 0.544863783347362 0.0380967674342951
0.043267021338229 0.536233043908719 0.0427327828225
0.0749609067802291 0.560401337998682 0.235766455355247
0.0489747126740344 0.544633694994687 0.15768748465843
0.0458920671930758 0.565269942198 0.229544378630239
0.0909630989101736 0.544029805908073 0.205537135125787
0.0319485314943125 0.555812543581389 0.191611580583353
0.079231252908221 0.537394546397483 0.165401145501508
-0.06471980819214 0.547168642986565 0.116612599543193
0.00266296293436135 0.546903217113311 0.114018106649163
-0.0461067633581973 0.552713252493721 0.152317797238714
-0.0501211838860108 0.546580619274222 0.0769801518140947
-0.0141050961168804 0.552543860129318 0.151085439256014
-0.0140269330320282 0.546459422102233 0.075596807015551
0.0876844433368136 0.755874054404222 0.432583157234137
0.0518997324379262 0.696868952272331 0.398702780460968
0.10006549240187 0.72297425315978 0.419281064471097
0.0565108525928816 0.758495615143309 0.431535739100091
-0.0120226249465469 0.602062448306558 0.291901777337919
0.0189837524848933 0.644579465606531 0.350982521508308
0.0170040274505399 0.600570868035546 0.292843721079968
-0.0256923103486342 0.622915857275961 0.322734780729332
0.124180372145341 0.661373293837839 0.385714584033004
0.0647161565522159 0.667461262516553 0.37850451889645
0.112190379935046 0.691425958029438 0.403528623487365
0.106758946753293 0.636664368432915 0.360623700771787
0.0819879557920478 0.694410380527667 0.400705822724946
-0.00571700601242686 0.762065700468691 0.430929421561167
0.0218811829501828 0.698784278048687 0.397565499681494
0.0253896522048908 0.760561024976429 0.430979519285745
-0.0222040868252484 0.730829814548503 0.416045682075377
0.0388379363400104 0.727983506233404 0.416312639045776
0.074781148231433 0.594693504383808 0.30037444718239
0.0482069072456942 0.642571587208996 0.352897350159239
0.0459532565719416 0.59808839356779 0.295689036022287
0.0903076302344762 0.614287903754164 0.332063779889094
0.0323603409151273 0.620157581561783 0.324202321456172
0.0774553460145215 0.639917520620778 0.356135000742644
-0.0535415973484323 0.672756593799592 0.3769941494226
0.00556577287003952 0.671302715348916 0.375507034924371
-0.0394492521586529 0.646552456534544 0.351266335248645
-0.0381048027923639 0.70095066502254 0.397973809358609
-0.0102315395792848 0.645910251742663 0.350434194101456
-0.00810775509526524 0.700145925975188 0.397320503144386
-0.0336887393019491 -0.566592815760368 0.491280456158949
-0.0340144652862325 -0.507386625341748 0.486010129876879
-0.0345689573398211 -0.379265089783284 0.450351760087824
-0.0343034063179332 -0.443955947431501 0.472801771664758
-0.0368580972784636 -0.156628705205282 0.24662645137471
-0.0358682427699192 -0.200635948096389 0.315950322871843
-0.0348581521127978 -0.31543968973547 0.417453754194282
-0.0352515827201099 -0.254865723197273 0.372939163400366
-0.0428029943729651 0.257665947347481 -0.184707889136049
-0.0438349725038046 0.178228449452776 -0.185118794370373
-0.0447415919961175 0.013426663499221 -0.135545421716924
-0.044539313599609 0.0943506726392591 -0.169645768092355
-0.038361390624936 -0.126763629711288 0.167016585619692
-0.0404447575384203 -0.11334241984987 0.0812399469471239
-0.0442322560170498 -0.0561318368094955 -0.0807710682798026
-0.0427497211332129 -0.101108256338576 -0.00527814120310976
-0.59477999956153 -0.83170737736296 -0.192184697760832
-0.565751930135885 -0.808817471778748 -0.240860281231804
-0.563971720189991 -0.847366863723012 -0.198841439504408
-0.492521923373677 -0.742206151455822 -0.32978652362165
-0.531190835948679 -0.778634682049027 -0.287721491279362
-0.498475702698684 -0.879105087672072 -0.208733457260949
-0.530960129760959 -0.823956285346953 -0.248684929762869
-0.531920672801396 -0.863355757018753 -0.204112451091618
-0.547868085131075 -0.836733553281331 -0.224024783016798
-0.317691372143569 -0.556203447191693 -0.434370245744328
-0.362636925377191 -0.606592058365224 -0.417758079748355
-0.450875867252679 -0.700631325986523 -0.365727090041073
-0.407280406276557 -0.655059766919812 -0.395031752383745
-0.352918335355195 -0.935019019415605 -0.222805020893776
-0.385749061006168 -0.880442307201945 -0.268842673521416
-0.390835413919316 -0.922410574680228 -0.219901595215751
-0.454566952288028 -0.755265668156114 -0.336412207981218
-0.419694177785341 -0.81983705071059 -0.306676481144284
-0.474830337530367 -0.774761555590498 -0.316538844245542
-0.463729739228163 -0.894321769110936 -0.212876636034038
-0.423122680603553 -0.867404279465929 -0.264908516407321
-0.427809467968972 -0.908806297443219 -0.216593707171523
-0.479195340921683 -0.867467078364549 -0.235125444998009
-0.406780791939932 -0.895771808583284 -0.243429731540188
-0.513120830852342 -0.809260634373166 -0.272494266089644
-0.439953030376602 -0.837588165993565 -0.284238899912393
-0.494382904155542 -0.792811143201537 -0.295181783354069
-0.495682457280533 -0.838982151415328 -0.255019040478228
-0.457237486491016 -0.806619647103442 -0.301415988338946
-0.459762205824554 -0.853535556864816 -0.260344509383779
0.00380091209535996 -0.157269306436907 -0.44663893961384
-0.0294685929012195 -0.201526339347633 -0.449460279712893
-0.104336881076447 -0.29864618432371 -0.454706393332249
-0.0658595753663783 -0.249166721366236 -0.452320715255156
-0.273027045672304 -0.504705604926057 -0.445600645199093
-0.229078890886668 -0.452743407451491 -0.452331118144331
-0.144514937330875 -0.349332579217983 -0.456008384483674
-0.186162922407785 -0.400818576236523 -0.455496090830619
-0.0274144803529582 -0.991656887945884 -0.231278536348939
-0.0660483196585574 -0.944912578928738 -0.282633038065565
-0.0693760433411488 -0.989297315324892 -0.231674554208582
-0.14082734404103 -0.831166733696833 -0.362127461717044
-0.103816359652885 -0.890815772248349 -0.326328717955334
-0.15267633686365 -0.980374571228118 -0.231209646922706
-0.10738955579815 -0.941231608137457 -0.282478565902367
-0.11116133914668 -0.985529962914415 -0.231651135282283
-0.0885000414470059 -0.96627916550975 -0.258000364718056
-0.279632445302803 -0.565154867788207 -0.437002319127267
-0.246857670971251 -0.633820088945526 -0.426733837145337
-0.301869050883217 -0.590969859406805 -0.429849995747687
-0.177110170052872 -0.767611089482236 -0.39029729680774
-0.212546956989407 -0.701503011527964 -0.411517065543314
-0.346436354085691 -0.641455472630665 -0.411217691796702
-0.268853070280456 -0.65987951712165 -0.417465921316538
-0.324159977265609 -0.616438968413723 -0.421285554493214
-0.285567939991465 -0.625540933715586 -0.424258890687337
-0.31416163945644 -0.946538417922086 -0.225303948863367
-0.269550688670606 -0.913560552696845 -0.277474130796584
-0.274663975387256 -0.956892088085362 -0.227396461143851
-0.330885474356852 -0.920439855110622 -0.249726451233745
-0.181022526596414 -0.825274928704041 -0.360864793387579
-0.22518218037261 -0.872556269856044 -0.322819759742458
-0.16286988286217 -0.856185105059901 -0.344217246306237
-0.193827413454324 -0.973858351152854 -0.230351876287706
-0.229645176880334 -0.922350196700069 -0.279394948589449
-0.234521147643997 -0.966016357055741 -0.22907998899403
-0.17107622117844 -0.956123952050695 -0.256965870026153
-0.252098491149642 -0.940727464499861 -0.254216144979872
-0.364590705913788 -0.863074277582994 -0.292702812400367
-0.286945811575226 -0.884744360086223 -0.298776564149749
-0.347664046487455 -0.892538299313176 -0.272221342074852
-0.308912123344824 -0.903602499503759 -0.275089107109502
-0.126067033514364 -0.914382081030894 -0.305030900699805
-0.207289501176199 -0.901987140375661 -0.302828779580312
-0.144554577589178 -0.885958724264237 -0.325613662077048
-0.148488707398469 -0.936224778985414 -0.281890072722663
-0.185028713782363 -0.8798604477414 -0.324448530342224
-0.189266346157944 -0.929919323252964 -0.280864088082386
-0.433703952877787 -0.734478623004398 -0.354696832792047
-0.356446203447248 -0.757593673892756 -0.364304551297284
-0.412353454038491 -0.712555214845228 -0.37132987929574
-0.416362363643454 -0.767802038212699 -0.342024353974167
-0.199011086065598 -0.793426928283623 -0.375609765877066
-0.278224070798238 -0.777468003453782 -0.371088451611341
-0.216821445416855 -0.760820266529305 -0.388532370236424
-0.220974713947421 -0.818233888882231 -0.359131823390252
-0.368620205528397 -0.665901227760681 -0.39957010476537
-0.334747328631803 -0.734424229551137 -0.380118071617453
-0.390624463778548 -0.689647309659845 -0.386285510642455
-0.329820618999687 -0.676051441798517 -0.403419393241803
-0.3736468467733 -0.723856576067908 -0.376092720340235
-0.381706435581179 -0.832301688820538 -0.311136544956214
-0.339114398710048 -0.790730379504751 -0.350781355618199
-0.39898994458902 -0.800469862155071 -0.327548564515564
-0.343252082070351 -0.843892323554298 -0.314912955429559
-0.377885380171048 -0.779664569293037 -0.346774660010578
-0.25178682267289 -0.693929206744401 -0.409336179834705
-0.295645501399064 -0.744161061529816 -0.383490299643135
-0.234426449093039 -0.72761088183471 -0.399734882477759
-0.290877582073667 -0.685421193654965 -0.406653970839326
-0.256336303662615 -0.752983504738129 -0.386277217362228
-0.312865997372094 -0.710316323571572 -0.394223328962802
-0.264964195028824 -0.864089843338014 -0.320707783370229
-0.300037207522285 -0.800899519933691 -0.354134245745106
-0.242968155511856 -0.841852127729805 -0.340833132360212
-0.304331722354508 -0.854514011322669 -0.318085068935848
-0.260653515543442 -0.810089981564059 -0.356900870774854
-0.321726603753861 -0.823102606201225 -0.335404045848259
0.587116529175622 -0.854906045375793 -0.166976785270665
0.563116965830766 -0.832316884509247 -0.218874241937176
0.556104919012096 -0.869719796908276 -0.175218626604392
0.499444106247112 -0.764586105326961 -0.315253575342009
0.533507229612902 -0.801873014796023 -0.269396707063496
0.489803486305696 -0.899392785523113 -0.188279887351017
0.528108904272997 -0.846394439680731 -0.228434477815665
0.523685695909366 -0.884733184069883 -0.182064521963341
0.542514592564569 -0.859190229249918 -0.202046983719421
0.33868042631714 -0.570969117561472 -0.432020955719859
0.380716307167742 -0.623628852215803 -0.413091192251748
0.461963079257079 -0.721612907086628 -0.35485994567655
0.42207661109943 -0.674214603131436 -0.387500149640019
0.342335864317089 -0.949946475134425 -0.208872465280502
0.381102674913929 -0.89757628103246 -0.25497948475929
0.380722602126273 -0.938815395631793 -0.204326601135402
0.46105838485706 -0.776225479550915 -0.323421270188945
0.420775852117241 -0.839003748354961 -0.293155731993786
0.479120815804582 -0.7962997356185 -0.301738222148761
0.454586006119833 -0.913413177217386 -0.194036646681286
0.418975709963561 -0.886008263534084 -0.249499139068454
0.418180445021632 -0.926601306508475 -0.199381555974929
0.473054545065291 -0.887662457435006 -0.216401895385884
0.399672848773571 -0.913295739716691 -0.227904152821556
0.512726147823936 -0.83154202151201 -0.254034600904143
0.43870277448103 -0.857227303589234 -0.268996005932141
0.496374412998472 -0.814792059844057 -0.278548606629656
0.49246630244078 -0.860244222582417 -0.236427050349335
0.458803002968987 -0.827240440651206 -0.286378097443669
0.45610078988533 -0.873517457326851 -0.243361384475703
0.0319782263091277 -0.157731696354198 -0.446897458686923
0.0640642516315133 -0.203118579435257 -0.450263265458305
0.0175750709111393 -0.18157437388752 -0.448399259093629
0.135994931643805 -0.303108824998458 -0.456277152051708
0.0990742534537958 -0.252095469940362 -0.453591942677725
-0.0154164956258221 -0.229448261516484 -0.451344743250692
0.0492142686600332 -0.23057368650679 -0.451876184599788
0.00156713174309295 -0.205319084509493 -0.449879270710414
0.0329272288249702 -0.205853816156112 -0.450149025839926
0.296609788701099 -0.517169206569159 -0.445001630670413
0.254991152420036 -0.462970480924599 -0.452938065210036
0.17444297486347 -0.355528560216128 -0.457624100423592
0.214181043407318 -0.408942633014084 -0.456817515547693
-0.0896968289455237 -0.329713800050615 -0.456083512198825
-0.019974234033987 -0.337346330070188 -0.45690806470991
-0.0703500911187602 -0.304178401890911 -0.455196810416224
0.120267311862913 -0.333714027997949 -0.457341807386892
0.0502521129292841 -0.338689021615051 -0.457340840547444
0.101794242210447 -0.307383851126343 -0.456343352769487
-0.0331413943419351 -0.253997193939991 -0.452757614300026
-0.00166409432000098 -0.310684603917704 -0.455937996824471
-0.0514795865915034 -0.278924008666633 -0.45406336960808
-0.000108206259783695 -0.256849361322983 -0.453115056273187
-0.0361097057985501 -0.308259356069114 -0.455610224591517
0.0661989446727368 -0.255765222887626 -0.45352990109111
0.0328835098915376 -0.311329731782372 -0.456172191606777
0.0837526686306853 -0.281385423846999 -0.45504432241975
0.033083033438019 -0.257440776766698 -0.453374122673647
0.0674053772493731 -0.31019051885455 -0.456307928615648
0.0160586355932038 -0.284080724723303 -0.454741207119696
0.0146287943990908 -0.99259620674615 -0.230462168154074
0.0586112852883271 -0.947838873115531 -0.280501211515933
0.0566586357575529 -0.992109996052176 -0.229225026772952
-0.00506864846977077 -0.970973712945217 -0.257326542909392
0.143685748935652 -0.8381361999138 -0.358687098515994
0.101615113196605 -0.895784643525753 -0.323324978457947
0.140294198610049 -0.986876299006985 -0.225489456043829
0.100099469660629 -0.946091348146022 -0.278920934235525
0.0985792624774643 -0.990200229369689 -0.227567223649133
0.0785052309792859 -0.970107174475702 -0.254941274276806
-0.0438116348649637 -0.921648161828134 -0.305463639825595
0.0388963645293318 -0.923626795437416 -0.304153773360339
-0.0245460742360259 -0.947247900877326 -0.282355156828104
0.0170348608381999 -0.948225078908709 -0.281645008989976
0.300097180645412 -0.578292598822802 -0.435165544655997
0.263370262815402 -0.645791103303501 -0.424129327074941
0.320905033405579 -0.605243708312252 -0.427060117524284
0.184798844135647 -0.776456165179703 -0.386818224522501
0.2247959780191 -0.712031980168511 -0.408339848476829
0.36237027003888 -0.657947275231883 -0.406107876403965
0.283738396705604 -0.672944820124026 -0.413898901769938
0.34168778564648 -0.631835858654134 -0.417404007200805
0.302569071446636 -0.639247262849391 -0.421059944325945
0.303134546011409 -0.959908435902327 -0.213016050306926
0.263498073176252 -0.925795969093234 -0.268120273074949
0.263226847469732 -0.968632275006701 -0.216753254006511
0.322815710128466 -0.934930341449355 -0.237365727021279
0.184190303915728 -0.83418243141763 -0.356400915205225
0.223871046359968 -0.883273636441795 -0.31610585526836
0.163494269347426 -0.864114664211244 -0.339823962538448
0.181706169346732 -0.982155317906739 -0.222993062890761
0.223197163528827 -0.932814748947565 -0.271508949570619
0.222716911634691 -0.976062585587374 -0.220080076663275
0.161498265590905 -0.963695955925541 -0.250833936839014
0.243179956562081 -0.951878565066044 -0.244986081270084
0.362336093575256 -0.879699620137416 -0.280464052029727
0.283725954218121 -0.898034303594563 -0.289397694877586
0.342523809751412 -0.90811622640427 -0.259881038711669
0.303298941561141 -0.917545086624387 -0.264251174472882
0.121454335172618 -0.92027715895508 -0.301086231919557
0.203258127766182 -0.91167777489961 -0.296204319798622
0.142582871701208 -0.892880765279813 -0.321391678753149
0.141415514811244 -0.942992012227384 -0.276899833502664
0.183355820632305 -0.888701693230346 -0.318991476460631
0.18247574351847 -0.938558059727502 -0.274431869884071
-0.118920328644669 -0.804999454966564 -0.378198503367337
-0.0381841455418554 -0.811872954323911 -0.379031428387849
-0.10042656705867 -0.835871926580955 -0.362939495636235
0.12394819559892 -0.810974507740486 -0.375595380858344
0.0428870325827726 -0.813875949817346 -0.378173735069545
0.103047231579588 -0.840872461163808 -0.36049885225922
-0.0628749693304404 -0.894404108203738 -0.32660246940525
-0.0191837319728461 -0.841615031188755 -0.363257767489932
-0.0817447975472597 -0.865740399135713 -0.345755795906084
-0.0217944481770637 -0.896703839789707 -0.32643962974668
-0.0598630615800457 -0.839361594649053 -0.363313880280644
0.0605181271527499 -0.897395302898266 -0.324805002867598
0.0215618136277325 -0.842619634983735 -0.362772967669551
0.0819020204542361 -0.869742769475439 -0.343582266558445
0.0193590407364473 -0.897702554940549 -0.32584126968358
0.0623225394875336 -0.8423708998043 -0.361856159531299
-1.36280000858441e-06 -0.870292868171702 -0.345539961254832
0.442292353410623 -0.754735078608166 -0.34346587078018
0.363988599204944 -0.774636881758002 -0.355635609529057
0.422932693261204 -0.731996970675358 -0.361785349002201
0.422363266285387 -0.787251826918646 -0.330468111911919
0.204662595700497 -0.803273616027111 -0.371169409147478
0.28474320808613 -0.791023249969314 -0.364651916139632
0.224891031530848 -0.771559138669505 -0.384202062893771
0.224516794418639 -0.829040243889634 -0.353613327853283
0.382868334879111 -0.68344355632214 -0.393100599368181
0.344258263954829 -0.750564862684169 -0.372898196312839
0.403089253130532 -0.708178725138145 -0.378333602322742
0.34352381497859 -0.691918416836575 -0.397902157723687
0.383693030835021 -0.741682245505276 -0.36775909816097
0.382278462360798 -0.84992704418491 -0.299068825846333
0.344071460975374 -0.806921124179421 -0.34183157195058
0.402316899531394 -0.819039647466039 -0.315711158445097
0.343312881650755 -0.859895331041024 -0.304244792298519
0.383366533167749 -0.79752236330539 -0.336560955446008
0.264476757432477 -0.706283219706352 -0.405451623778863
0.304638312594653 -0.758554477008651 -0.377300673680369
0.244843487247857 -0.739187639968684 -0.395592807447739
0.304056417659291 -0.699556618997551 -0.401993755356112
0.264844227238848 -0.765574113093799 -0.381046932774733
0.324254693670856 -0.725482248376426 -0.388343146726786
0.264069674789987 -0.876631561652283 -0.312710120685941
0.304485990175504 -0.815354786384416 -0.346381589562553
0.244328101602885 -0.853561573663843 -0.33412593992887
0.303898622244734 -0.868820141014504 -0.30877130704572
0.264626197352332 -0.822748090346664 -0.350288905240735
0.324022506565207 -0.838378361021208 -0.326236364924234
-0.257510295373616 -0.539089171367591 -0.442845091577591
-0.181602707572305 -0.55363057299546 -0.446225559280418
-0.235554671438424 -0.512856736674341 -0.447488733328019
-0.241464105916558 -0.573311446868052 -0.439201037534402
-0.0284822070161206 -0.570668942126238 -0.449349854873494
-0.10523851362192 -0.564312657650136 -0.448343896271611
-0.192316533923898 -0.460176052613724 -0.453641475475169
-0.160250053471656 -0.526530612708005 -0.450314271400371
-0.213810479262375 -0.486531032327101 -0.451048444247238
-0.197963307989447 -0.520157320136628 -0.449049834056442
-0.208026959983918 -0.641203701906759 -0.428756914940257
-0.164788697419471 -0.586948001246535 -0.442457882243939
-0.224950210240393 -0.607358975235012 -0.434547483866415
-0.203183098075771 -0.580599151077375 -0.441008202125721
0.279330465989058 -0.551091259622408 -0.441823702175799
0.202566758194302 -0.562309930539243 -0.445726370994384
0.258662637162538 -0.523735523889776 -0.447148237074595
0.261445026796143 -0.584780871451136 -0.437784863753763
0.048523278745367 -0.572426695654703 -0.449294355923724
0.125594802955155 -0.56956378707017 -0.448133690413411
0.217816875792753 -0.468883905813559 -0.454281688746789
0.182568323321633 -0.534147569844183 -0.450268028374138
0.238143694922141 -0.496308961672776 -0.451259550167755
0.220647231367851 -0.529419064942075 -0.44888900384293
0.224100476869427 -0.651400378836275 -0.426672580722825
0.183962094924929 -0.594980257472312 -0.441663698104942
0.243015410865373 -0.618225875862616 -0.432773752727886
0.22273072141066 -0.590365049207361 -0.439935017119288
-0.109477853195754 -0.35548797166369 -0.4566404261267
-0.0778044061388699 -0.417966043282131 -0.457710053598184
-0.129659298684948 -0.381461297886438 -0.456776406835207
-0.0742342370229539 -0.360460612861521 -0.457164454751638
-0.00830985231241689 -0.541437323172515 -0.452784455423366
-0.0439014218618079 -0.479851272541127 -0.456694791527478
-0.0464293850261718 -0.539403599886492 -0.452532280616573
-0.171106771572747 -0.43384758860529 -0.455384759703389
-0.0979082706847482 -0.445042934641245 -0.45697664796888
-0.150211584747363 -0.40759469269224 -0.456392888030709
-0.155414149768564 -0.46668629746777 -0.45471568578195
-0.114090728299551 -0.413346077147622 -0.457127272181801
-0.00322032843024675 -0.36631398133631 -0.45789092925559
-0.0413721353967277 -0.421359129316041 -0.458147147534393
-0.0388001189632468 -0.364107828608672 -0.457581903745109
-0.0580902917959146 -0.390982382683262 -0.457879152786075
-0.122416872652228 -0.531904085370268 -0.451305641322562
-0.0811940687956052 -0.476598725517053 -0.456230693869961
-0.0844718197678608 -0.536212914479586 -0.452041211160568
-0.139161688299073 -0.499364753624643 -0.453391421072751
-0.0640157506941044 -0.508046625056097 -0.454786377262155
-0.118370767512522 -0.472187438202295 -0.455573976665061
-0.137219028053482 -0.77330582462905 -0.391603441303842
-0.0939927108756787 -0.718033029511005 -0.415414531573448
-0.155307361596211 -0.740952876673712 -0.403246595603142
-0.0971710975900943 -0.777863851404483 -0.39247363678256
-0.0102148595623045 -0.601823293793498 -0.445115105203609
-0.0515799437304129 -0.660588927998929 -0.432966838260437
-0.0489821329031173 -0.599770027144684 -0.444895318212027
-0.190748048028352 -0.674799506688429 -0.421697717904682
-0.112138522616303 -0.685700729466818 -0.424230896050345
-0.173161270086839 -0.708079295426809 -0.41323741258353
-0.169076563201181 -0.647625731240061 -0.430365899100315
-0.13363847377951 -0.713604099460048 -0.414528801881111
-0.0167231720926955 -0.783453334946038 -0.392960559611966
-0.054243017342961 -0.721331521759617 -0.415910339067184
-0.056994903398479 -0.781253778650464 -0.392923180749338
-0.0756036576537835 -0.749925119611284 -0.405016997184809
-0.126284190533379 -0.59229435118041 -0.443576828299366
-0.0908411700592069 -0.657362062854748 -0.43245242452227
-0.0876776726239559 -0.596583138034993 -0.444384881139548
-0.147575522084205 -0.620092198387039 -0.437622464352611
-0.0697786615234831 -0.628690231673536 -0.439302232158375
-0.130011425957205 -0.653028136320473 -0.431590400347902
0.139129434560342 -0.360333612239428 -0.457945941499897
0.104976546409279 -0.421711380648388 -0.458419915229552
0.158345922497058 -0.387202351611433 -0.458054005101288
0.103671425859923 -0.363936982368329 -0.458122781910955
0.0298622735986608 -0.542292576627642 -0.45279780056143
0.0683781454485079 -0.482262426140986 -0.456947406005728
0.0680605152885388 -0.541966635878757 -0.452566863193569
0.0115024693130723 -0.512108487668223 -0.455315747575362
0.19771982739684 -0.441522792064063 -0.456339635873199
0.123946659976101 -0.449689601834418 -0.457637995548697
0.177885951628022 -0.414279744151802 -0.457556992384852
0.180559311630006 -0.473848783100759 -0.45532439808025
0.141481286891222 -0.418570288525523 -0.458083484687499
0.0324362638808118 -0.367012501564954 -0.458087695760229
0.0683958324521159 -0.42361200297719 -0.458583697633792
0.068090620707589 -0.366200066294471 -0.458167122728062
0.0140534627625662 -0.395248922601143 -0.458480572842989
0.0863460025649762 -0.393875758319242 -0.458560206529078
0.144434413378237 -0.537853100099895 -0.45132199085446
0.1058227168904 -0.480608351684072 -0.45663354690313
0.106258932369096 -0.540475616370178 -0.452080568113958
0.162775284432082 -0.50595145187453 -0.453684026039488
0.0871757185662103 -0.511361104534546 -0.454977008194755
0.143223619930604 -0.477782408903923 -0.456099446059893
-0.0241608850345997 -0.451650251291024 -0.457877660635773
0.049899948677046 -0.453206420109931 -0.458112518013708
-0.00651926614417132 -0.481894014727402 -0.456970231695605
-0.00482906792329263 -0.423452144475085 -0.4584402858689
0.0309192714762233 -0.482698638699771 -0.457056243029479
0.031777652465766 -0.424204066070386 -0.458587563835354
0.144592936233734 -0.780222183070469 -0.388936717924584
0.105300897126222 -0.722888629060063 -0.414067253128602
0.164961954884669 -0.748768861858344 -0.400608205742476
0.104303160738162 -0.782823988455817 -0.390589623263716
0.0286037278054299 -0.60272524567276 -0.445045034570187
0.0665569813043251 -0.663413368572077 -0.432472001749113
0.0674516326477475 -0.60247300741631 -0.444679743110814
0.00833685645362782 -0.632827883035375 -0.439700696067422
0.204754839181881 -0.684261368117223 -0.419359440630414
0.125517022618822 -0.69143042664284 -0.42290912597081
0.18502773559395 -0.71674586811768 -0.410711387442475
0.184769988802876 -0.656014746448902 -0.428740607963104
0.145189138519028 -0.720377347000229 -0.412609194275283
0.0236084996177091 -0.784449362889431 -0.392587876911336
0.0653868925173811 -0.724251941649797 -0.415111439753512
0.063963016580449 -0.784237853707517 -0.391801025167927
0.00450255550246737 -0.754264588667537 -0.405173726633673
0.0847743768240492 -0.753862989531835 -0.403733769354047
0.145149570355232 -0.598568015977846 -0.443010551406716
0.105980968564577 -0.662058986217531 -0.431610528903777
0.106306977275555 -0.601078558433285 -0.444007611220299
0.164887506487768 -0.627414890549314 -0.436586439141669
0.086614916530051 -0.632375346109601 -0.438826995712484
0.145391553130895 -0.659581934015139 -0.430375372473264
-0.0331148897735669 -0.692213196183616 -0.425249649340143
0.0461666839877751 -0.694131954431234 -0.424822317253113
-0.0122457464067473 -0.662681356836997 -0.433141703111756
-0.0144124022283858 -0.723475131309208 -0.416024910275954
0.0271406423546111 -0.663623888046657 -0.43297846516765
0.0254733282609823 -0.72444978483336 -0.41576018047021
-0.561938280281442 0.967519616915408 0.352026968364855
-0.552275712818363 1.01377198196059 0.311164858561618
-0.532867534513206 0.983246784124998 0.35447146211769
-0.514035905404969 1.0950130183605 0.205365269098376
-0.536450312833139 1.05747885089575 0.26159979686912
-0.470202600740698 1.01103992217751 0.361179140798322
-0.51931958654904 1.03197162061574 0.312698615047316
-0.502227724455789 0.997588179743417 0.357736551076512
-0.526573826166983 1.00800153680362 0.334700422240723
-0.365166016693595 1.14992154472536 -0.0447691546859941
-0.409640281303364 1.15200746693073 0.0172071685114807
-0.485056003335337 1.12413898756497 0.14443607766228
-0.449976125713733 1.14338963134381 0.0809748676996874
-0.331756179394333 1.05548835983575 0.373919904904837
-0.378453531885831 1.08924712035265 0.323776711172652
-0.3676287765589 1.0459079397874 0.371010250876158
-0.476135480808367 1.11359687727337 0.206243967609338
-0.426998543559632 1.10878848411801 0.266824630666073
-0.489226441292277 1.09593229845274 0.235197283350924
-0.436985408619346 1.02361945375251 0.364595611786873
-0.414919882599672 1.07693909941804 0.320828425483048
-0.402746327661802 1.03526490804296 0.367890717251312
-0.460736573097745 1.03795396651642 0.340584489277316
-0.390968834813324 1.06316522732921 0.346901379189166
-0.510767437348918 1.05483419631229 0.288648101107947
-0.439407057891898 1.08701531909722 0.293242684506796
-0.500761731131259 1.07625569386661 0.262743208926443
-0.48540413817996 1.0483905369717 0.315094686487014
-0.46425788265198 1.09332281867922 0.264578102725602
-0.450589384509468 1.06333529203699 0.317887053617259
0.00161558724898909 0.881172768164083 -0.35136119128704
-0.0363578854662933 0.924319730207602 -0.333167000280808
-0.123539641181235 1.01172250270565 -0.280636752693129
-0.0784949490138293 0.968669939648719 -0.309695950141831
-0.317815736512355 1.13767444140998 -0.103161053491108
-0.268868211655501 1.11629496162529 -0.156603480605919
-0.170784434479082 1.05175136250467 -0.245564398165972
-0.219513172613012 1.08714178435372 -0.204211550571417
-0.0292083836604805 1.08979273327179 0.387942688547478
-0.0673906883967574 1.1399423550584 0.340935741446305
-0.0677522543062638 1.08977691446102 0.387144298313514
-0.151080508033669 1.20316633198802 0.221807063284954
-0.108220109799659 1.17826395181465 0.284700419523615
-0.144611755121601 1.08604750139805 0.384718474781714
-0.107377252047241 1.13837749636211 0.339669757737345
-0.106244899526375 1.08852870773567 0.386069718967051
-0.0872278602164743 1.11546844278336 0.364701533771407
-0.322701904863507 1.16382712265125 -0.0440074546087805
-0.282107075741118 1.19319203221119 0.020032641653835
-0.345568989980675 1.16696554925798 -0.0134311899798352
-0.195093030959806 1.21383703311225 0.155013095705327
-0.239169473798504 1.21027428408323 0.0869817624436464
-0.388831995618112 1.16518604552541 0.0496177110676057
-0.304003763420288 1.1923715891883 0.0518348720168415
-0.367664003147672 1.16743961972449 0.0178554044679471
-0.325134475394207 1.1811804831437 0.0188263102623303
-0.295238107474809 1.06395653405923 0.376596603741504
-0.26500882382537 1.1183669686866 0.331903869479366
-0.258174423477351 1.07127297913633 0.379024329881779
-0.317995239572933 1.08373610012749 0.35274317505603
-0.193286278387113 1.19767658949378 0.219964210960327
-0.231097036306703 1.16348096873217 0.279072311380339
-0.17119733179973 1.18803611843697 0.252146144893883
-0.182775982883934 1.08233729130251 0.383091593368285
-0.226115676286006 1.12541633016546 0.334224137019785
-0.220657915854395 1.07740734025482 0.381191886457128
-0.165424089626822 1.1100454667312 0.361777851681853
-0.24257355583453 1.09942967332849 0.357760676935103
-0.364973748200791 1.1133081315501 0.298688251806352
-0.287898091365682 1.1339792465426 0.303975639897189
-0.34126045251216 1.10026385502951 0.32664271017432
-0.303418306531251 1.10997661529844 0.329366115552595
-0.128141764689475 1.15824462607168 0.312347073291295
-0.20874240080351 1.14898746323447 0.308618238023803
-0.149445984555413 1.17485350251444 0.28305809182302
-0.147215805587413 1.13543171632804 0.338122552187089
-0.190432156980798 1.16992403687956 0.281174124507896
-0.186823229126173 1.13110866343069 0.336302999900174
-0.461501227386747 1.12902090821338 0.176135683335013
-0.381753550508996 1.16058436959491 0.17906434106157
-0.445368611747904 1.14201623050937 0.145140004249015
-0.437498059056787 1.13050543473634 0.20768285829097
-0.215587486640541 1.20371301235341 0.186865131147234
-0.299631576179597 1.18549108807789 0.182902036985184
-0.237962011069234 1.20613694003326 0.15319186070295
-0.235175718623575 1.19054878454572 0.21796455778442
-0.40892591583792 1.16017973559551 0.0816007530763332
-0.364031595600361 1.17274628127084 0.147803649539725
-0.427810913315803 1.15243676757836 0.113534517250915
-0.367263335800708 1.17528926953304 0.0826141915923394
-0.405008052395026 1.158221675748 0.146307377204189
-0.389028149588048 1.12271895965318 0.269287053673772
-0.358237789054483 1.15939571822625 0.211536712754449
-0.4132679204402 1.128440084508 0.23883346815223
-0.350393793816455 1.13514733184935 0.271828669160447
-0.398181991376425 1.1457657827809 0.209496650942512
-0.282327090953916 1.20036011974569 0.085393756027021
-0.322493743182602 1.1855807120839 0.149512566726863
-0.260260492656162 1.20499030528398 0.119268618457388
-0.325044818896026 1.18869098415705 0.0839101096680996
-0.280450549992858 1.19671459769384 0.1513359125444
-0.345094557996948 1.18213913851312 0.115992004608969
-0.27136158577375 1.15553191298428 0.2767843637146
-0.317716823991095 1.17140327233668 0.213686058271129
-0.253782836092824 1.1744435592253 0.24802847813541
-0.311150526913288 1.14608519452885 0.274351743764846
-0.276675343554084 1.18178898419812 0.215852806396709
-0.334646419832348 1.15457135039736 0.243414676207663
0.531861603195644 0.938654712819213 0.370130849360525
0.527947541616613 0.986257127756014 0.331668893310043
0.503832848444376 0.955401542519332 0.371424517676592
0.502751915851165 1.07199075862501 0.228756655196081
0.518502624342173 1.0319413360394 0.283954013655491
0.443050718955677 0.985615042599017 0.375616921754504
0.496209241872751 1.00565564404204 0.33187509412831
0.474144816889166 0.970885093043063 0.373446945007838
0.500432919590402 0.980851784921183 0.352817604464249
0.378337647236085 1.13888643202186 -0.0260536682923037
0.417429545904284 1.13807421069377 0.0382290850193948
0.480441612138063 1.10401951816113 0.167935825318284
0.451788187872512 1.12636775834946 0.103651573745679
0.308109793205357 1.03652123139642 0.383340514670347
0.359284031899091 1.06884374031832 0.337220305689821
0.343158519075048 1.02513282227067 0.381655034854319
0.465956343429998 1.09194820933981 0.227894761377806
0.412334067404583 1.08748130508126 0.284422572378561
0.475754843209669 1.07294129753536 0.256539990857884
0.410751066775028 0.999610424291706 0.377756203425648
0.394858465040439 1.05487767201918 0.335726595343192
0.377409425700509 1.01280719710976 0.379783991137225
0.43662320504199 1.01338445664572 0.356045340129353
0.368697000838369 1.0416829078661 0.35965010997328
0.490799025754358 1.02949453019229 0.308734731124372
0.421552811991763 1.06450695516832 0.310309276139222
0.484016613649747 1.05202857295755 0.283559463107859
0.463384143094583 1.02337607123479 0.332874048322391
0.44859964196463 1.07050357292859 0.283802864891237
0.429579379069257 1.03973714267209 0.334234180800518
0.0334791473492935 0.880981851047755 -0.350947600741751
0.0701959059583102 0.923647307278178 -0.331599806623831
0.0172228294503315 0.904584238081413 -0.341724840233353
0.153926945791548 1.0096308351388 -0.275518329701855
0.110777042933194 0.967380210018591 -0.306559775945422
-0.0204722349285609 0.950777854411352 -0.320461520979213
0.0534767665898654 0.950292585379356 -0.31929850635452
-0.000993065633421236 0.927734679977239 -0.331662051417509
0.0347486461436245 0.927508304513015 -0.331133035253867
0.335697627666698 1.12921322166284 -0.0871764132185107
0.290775028025975 1.11000933915219 -0.143536707978552
0.198866887875232 1.04860533438871 -0.23807625609518
0.244796901751641 1.0826176844406 -0.194034232493425
-0.107026409001699 1.03919817684769 -0.262235958429876
-0.0261856321281079 1.04721613380299 -0.259449342281265
-0.0843330136657081 1.01802235288762 -0.27894961639245
0.136240023413251 1.03724556462781 -0.257507145371414
0.0552993233930654 1.04655827970638 -0.257857647453496
0.114629404565206 1.01651630035072 -0.275263316428617
-0.0409514124748052 0.973623364625072 -0.307997264607746
-0.00488888684865967 1.02430530709082 -0.276326067856908
-0.0622759636572985 0.996100389460314 -0.294183549856675
-0.0030014010543554 0.976096983691903 -0.306756036144807
-0.0447493156096227 1.02227680969116 -0.277473312528794
0.0731344886217809 0.972842897112106 -0.306096283635396
0.0350846372293219 1.02400123366368 -0.275581832107171
0.0935591356190329 0.994982206282397 -0.291440984078011
0.0351309531967273 0.975835514281316 -0.306118700509238
0.0749798161711351 1.02136762946926 -0.27524793177632
0.0155987215799417 1.00049195557962 -0.291845722829409
0.00931389586218892 1.08858088282432 0.388466656676747
0.0526388594868509 1.1363773968296 0.34301159127284
0.0477429890824225 1.08614986029381 0.388719101214769
-0.00863357214687075 1.11566508153497 0.36649115693541
0.146448695621261 1.19570111463301 0.228534287066582
0.0985794079903497 1.17256949131015 0.288899168842526
0.124038065510725 1.07768249120934 0.388426046884124
0.0924036213559215 1.1324641182612 0.343134352837372
0.0860079804145234 1.08251179526924 0.388703939744309
0.0697341519558905 1.11067182461506 0.36714613070045
-0.0467596201087425 1.16169901297503 0.315012431250244
0.0347357264703914 1.15935724369531 0.316549141982741
-0.0273383808011612 1.14012688191301 0.341915336635507
0.0126982999173781 1.13893572398417 0.342606792534688
0.336272405005982 1.15396287097639 -0.0274059235402447
0.29143628875979 1.18325188012305 0.0346323501447801
0.356619325101885 1.15574253858922 0.00438613840099395
0.195312459787563 1.20505546435955 0.164467728894227
0.244047622920345 1.20067296932554 0.0991348647009433
0.394378458321996 1.15104263223637 0.0694788780972849
0.310678549982373 1.18104793575649 0.0674311288255444
0.376036379717358 1.15478456238424 0.036768523937684
0.33401914441947 1.16985680438743 0.0355976705979932
0.272360652450239 1.04691527231895 0.384820350040891
0.248135397485264 1.10362725252197 0.341010595962333
0.235999175639115 1.05626631937342 0.38607956766824
0.297377310703403 1.06584045531985 0.362813506749461
0.188266170874018 1.18816530896728 0.228605028347704
0.220220099251428 1.15129852379906 0.288317628381709
0.163723531144537 1.17926519910107 0.25937627909603
0.161761941552533 1.07168165277805 0.387891250562911
0.209856940547409 1.11276934058047 0.341904416323118
0.199107129098519 1.0645332938355 0.387106404258873
0.147265069103856 1.10058700791278 0.366700159284396
0.223351957660409 1.08556925503647 0.365220341705402
0.348928952954302 1.09408220952217 0.312647393729245
0.273383011390471 1.11847955689692 0.314807295456656
0.322923816240939 1.08163733202159 0.338633334929649
0.285849550485178 1.0932405075121 0.339910132244693
0.115683765433857 1.15128580024187 0.316963855019329
0.195439828871849 1.13760551784049 0.316332391572911
0.139490570271522 1.16693732382665 0.288938068090916
0.131913646455347 1.12721166918382 0.342982829421451
0.180063115798112 1.1598407027826 0.288736461994779
0.171090650550733 1.12063925949018 0.342568014197252
-0.13015038565304 1.21519342649601 0.190442637710676
-0.0439236882763542 1.2198915365584 0.193320946838569
-0.10863600693227 1.20701342237627 0.2234588886949
0.128293474604552 1.2090068343906 0.19651014212698
0.0424440584237636 1.21781050274278 0.195346214459671
0.104298536418941 1.20164427855706 0.228267418743573
-0.0668377029093473 1.18015300207125 0.286084109546782
-0.0233552383485104 1.20977411710018 0.226098019628554
-0.0874948441235676 1.1953037909753 0.255453771773836
-0.0253827220237004 1.18052170844825 0.287198275699118
-0.0660333939717525 1.20921572061595 0.224894706331393
0.0574090282313495 1.17672012609787 0.288602794674938
0.0193149580637843 1.20869280532844 0.227060372420661
0.0806310857335556 1.19085671385083 0.259070812934156
0.0160607422522561 1.17937469834419 0.288037736229707
0.0618937242549848 1.20597930654693 0.22778112702758
-0.00332868420120111 1.19623201087039 0.257780500424195
0.454602709483325 1.10879985123738 0.197868014138421
0.376632862608582 1.14339289325771 0.197013282209706
0.44170927622203 1.12328458374976 0.166725945561876
0.428318601496357 1.11032003971094 0.227547783697098
0.212987417586656 1.19358432872094 0.19694893641739
0.295939725998038 1.17167327552365 0.196955329136372
0.237743932914544 1.19551883754378 0.164721699239468
0.229676399229398 1.17905353848158 0.228511863146336
0.4115124844702 1.14451190709128 0.102237001985789
0.362003049204263 1.15702788469812 0.165447903572465
0.427321625491747 1.13523132313356 0.134751317732594
0.370540348741039 1.16104162179911 0.101173654407574
0.402208506469438 1.14095665585572 0.165939285191646
0.375276489654857 1.10303120866047 0.285234848892833
0.350783704443366 1.14241678448833 0.227733661009155
0.401805080037916 1.10843201796733 0.256760097133195
0.337478713415697 1.11718619573128 0.286111165007626
0.389908589396149 1.12713669042079 0.227541000167353
0.286747825872228 1.18914864860281 0.0997077627437211
0.321151433151239 1.1714880534694 0.165140975590796
0.262383301861985 1.19401207002892 0.132218098286768
0.328932326411588 1.17592945411671 0.100360827607255
0.27971162871372 1.1843237537819 0.164924859250262
0.346075350207689 1.16790527869706 0.133131887277071
0.259887649509769 1.14133036499136 0.287712137027141
0.310998353914672 1.15616658696172 0.22801476106911
0.245319974091356 1.16158359532825 0.258860091569801
0.298995687618871 1.1299547159676 0.286959534450965
0.270609006477075 1.16838238293785 0.228297065429356
0.324846834875452 1.13794640160718 0.257820980174438
-0.299221426129465 1.15812188111836 -0.0736634764685685
-0.212761233522474 1.17917263912113 -0.0713533884006512
-0.275286108775021 1.14997696060581 -0.102217266976936
-0.279739934443722 1.17603212592646 -0.0429841933342978
-0.0360791627878103 1.19937652108118 -0.0661057602602397
-0.124865396183155 1.19302093230356 -0.0686840777717606
-0.226664792932047 1.12699375508862 -0.155440778007854
-0.188932080215475 1.16939480320185 -0.0998061721912905
-0.251050991022487 1.13954397350835 -0.129516782140306
-0.232307325857374 1.16056885692956 -0.101075028808753
-0.238639556498775 1.2034396964806 0.0213938095979699
-0.192542731029721 1.19515900850468 -0.0404549974139618
-0.259500213897085 1.1912027452879 -0.0112469293384861
-0.23633411270825 1.18649021563617 -0.0417761365363076
0.315148487171099 1.14952979873537 -0.0583686708895926
0.229176013925126 1.17290567767857 -0.060330165017508
0.293404063368334 1.14256098557531 -0.088290818892308
0.293653579301016 1.16737996078732 -0.0285267844666937
0.052964589942386 1.19809385050453 -0.0638794959233542
0.141595752555348 1.18920340991374 -0.0620276269203899
0.248675532406305 1.12162274287254 -0.144323719227408
0.207406332501644 1.16416104762872 -0.0900785523630905
0.271195458239258 1.13320238097075 -0.116991843387535
0.250621840852335 1.15422924366673 -0.0892349601741187
0.248347734660321 1.19493260188478 0.0337951766333457
0.206985661181555 1.1890474437393 -0.0303663585620798
0.271341168644034 1.18257483038023 0.00224003245354188
0.250537873408522 1.17908990673391 -0.029490654555122
-0.130264383308823 1.05943355674867 -0.24399573748778
-0.0938516901371611 1.10919316094353 -0.200007971561719
-0.153952668335851 1.0785310165702 -0.224197597966477
-0.0893740055660417 1.06525928006377 -0.24248870707351
-0.0127687357133899 1.18614236532617 -0.094675429547607
-0.0543304400077207 1.15185748251995 -0.150197681163477
-0.0570602858484348 1.18480678787201 -0.0958702772131741
-0.202267788051933 1.11251121709186 -0.179898572058131
-0.117326651672058 1.1270288980261 -0.177157900923224
-0.177990412057977 1.09629054730976 -0.202828831891464
-0.18405142829485 1.13596372677343 -0.154149954132727
-0.136084921163702 1.10367033764195 -0.201401518726926
-0.00677828649812474 1.07087772830473 -0.240013431316464
-0.051364220122048 1.11278191285185 -0.19871807809643
-0.0481788886631716 1.06910637491363 -0.241136075284845
-0.0707675897624319 1.08982336144132 -0.221332270981434
-0.145219843033317 1.17640411043929 -0.0984778470621737
-0.097815193975853 1.14845188123118 -0.151466804143808
-0.101237697617691 1.1815529675492 -0.0971495817518631
-0.164992302459903 1.15732253269841 -0.126992812933147
-0.0776828525737877 1.16777074914321 -0.124352907542735
-0.141080478928471 1.14313697412906 -0.152803099910112
-0.151913465856018 1.21980549282835 0.156745203681695
-0.107712088384577 1.22930599828289 0.0917129297186922
-0.173789634372351 1.22086019096113 0.122695286777131
-0.108497599184389 1.22403518208539 0.158345474121467
-0.0148737215459059 1.21129830462331 -0.0351811010836164
-0.0616652864790673 1.22625116846658 0.0270893222056474
-0.0595181978759757 1.21008992431253 -0.0364105366251552
-0.217301822887234 1.21256308492756 0.0547506212048562
-0.129227997743496 1.22556156936731 0.0577884049417078
-0.195635226725026 1.21841374135576 0.0886024177429543
-0.194793403043466 1.21189284067651 0.0228374893575752
-0.151792072549992 1.2247619223909 0.0901956436377911
-0.0212709249305493 1.22726503100424 0.161033617100246
-0.0634711254477962 1.23203740313921 0.0931173247697897
-0.0649232874638938 1.22652193241564 0.159782088870014
-0.0862305201389922 1.22965006510669 0.125808342573769
-0.148429318030517 1.20200123695811 -0.0390853159831256
-0.106233612962274 1.22331648146768 0.0257317259576274
-0.104062997779385 1.20698599000524 -0.0377224233445268
-0.171787203827931 1.20833675460689 -0.00851428427336252
-0.0829497138465082 1.21811862666425 -0.00573795156516771
-0.15063456949723 1.2185253843305 0.0243008724758268
0.158289483412547 1.05696669844335 -0.238131425985456
0.119137222305089 1.10708993142949 -0.195310594599657
0.180673352563194 1.07547320206975 -0.217113391587434
0.117350532286219 1.06348523143745 -0.238276134418343
0.0315513756095333 1.18554949584184 -0.093584939192306
0.0765537680785287 1.1503538869485 -0.147121603192157
0.0758127542599767 1.18303176464589 -0.0926018347675487
0.0102822255408953 1.17056241689001 -0.122004543356683
0.225991002924613 1.10800810842424 -0.170171380653884
0.141109879481243 1.12428638208974 -0.171268056033421
0.203280485373866 1.09255650432763 -0.194452014351873
0.206143077191472 1.13153054044632 -0.145009810098577
0.161374444013828 1.10074383694706 -0.194852392457511
0.0347008205761866 1.070520248609 -0.239165706241837
0.0766452635928399 1.11151452469124 -0.1958914655158
0.0761200640902503 1.0680367035532 -0.238598275905527
0.0133236006710753 1.09316869762966 -0.219092662920603
0.0974359482800527 1.08827490198733 -0.2177562307272
0.16381922690478 1.17230276261992 -0.0908857345848291
0.120010884036949 1.14595600234124 -0.146351441455903
0.119929377093775 1.1786063347836 -0.0917121156533382
0.185377401374609 1.15301952309928 -0.118568113329301
0.0982036003241587 1.16559417769462 -0.120115945002172
0.163232943380471 1.13966315757712 -0.145664737905349
-0.0313025159267322 1.13399948113115 -0.174619661664136
0.055109000540667 1.13307774414223 -0.172646504547822
-0.0107116134400401 1.15331784449585 -0.149037881105726
-0.00871430334251937 1.11437933338281 -0.197585741608623
0.032948397326725 1.15281560986369 -0.148011352366302
0.0339925260050068 1.1139559299083 -0.196642128521031
0.1524856605047 1.21291532233666 0.164111786726445
0.113509799606535 1.22483109982551 0.0972748274958613
0.176735187016945 1.21338598958195 0.131372728286388
0.109336205731581 1.21908079546747 0.1636142053263
0.0297887194210365 1.21060572881514 -0.0340515308969343
0.0722537752648129 1.22386497410423 0.0305030147923812
0.0743863316334768 1.20801642138878 -0.0330244892424944
0.00641883052436773 1.22039950330519 -0.00325371990002527
0.224816493221896 1.20428374748146 0.0659722902192097
0.13730276402946 1.22051198768644 0.0645547090908443
0.200895487193882 1.21047703496272 0.0985740949774121
0.204816371831008 1.2048641118299 0.0330172494914392
0.157359013561875 1.2185369552581 0.097969027081693
0.0223776804533142 1.22626747119921 0.162088729382884
0.069423111016487 1.22934087692722 0.0964582666358295
0.0659404579975913 1.22353597424715 0.16294606336467
0.00180584066649175 1.23131244365536 0.128330230538161
0.0896748504376565 1.22586399024673 0.130160323544188
0.163062021589156 1.19721100244464 -0.0312149738216801
0.116696468712867 1.2193559551652 0.0314135396310985
0.118837186316066 1.20354403895943 -0.0320877961980316
0.184183946382853 1.20247420263845 0.000539379468862888
0.0956773800387622 1.2151518959179 -0.00119163918836551
0.160908965619752 1.21301456556558 0.0322394553299219
-0.0403510135779972 1.23123595051434 0.060545169209856
0.0487065745650554 1.22953850166367 0.0628062378197567
-0.0170076781906709 1.22732088979472 0.0283452276759455
-0.0191478954512181 1.23295222757804 0.0943834891319377
0.0276589908619197 1.22652382611419 0.0294838972904499
0.0251771597376571 1.23205143507653 0.0954977714365721
0.0184245662052635 -0.113915641432226 -0.443786580314537
0.0190394322012225 -0.0584653763985584 -0.440146498023464
0.0200942525089252 0.0636859890827408 -0.433398623556419
0.0196086263284924 0.00137202216386962 -0.436578005467621
0.0209810560176276 0.325821450275548 -0.425618525250096
0.0209238319007169 0.259093724226021 -0.427049419033326
0.020479705496548 0.127703549619936 -0.430760232474327
0.0207570863509594 0.192956031719861 -0.42868177120397
0.0180918695640988 0.838021542096359 -0.366351718386249
0.018706848042424 0.782354472762239 -0.382196844994886
0.0197798938616791 0.658232820039539 -0.405748031318656
0.019278551426365 0.721682223113138 -0.395479767824633
0.0209323218557379 0.39286771511998 -0.424023228906683
0.0207825621051873 0.459962007535769 -0.421794855971968
0.0202012892793057 0.593054713045358 -0.413228773154268
0.0205371535570642 0.526809233806956 -0.418389950834848
0.556740313901278 0.9171021649512 0.372960549450923
0.611987431768249 0.914410508939105 0.342315338623734
0.558773225572274 0.940888126688633 0.353884039161907
0.724892625668557 0.888851002830564 0.261774563086086
0.669088890615402 0.905333366110479 0.304839096634457
0.555956176167083 0.987823264788542 0.310176416872549
0.614588893109685 0.938130080496934 0.318008276559815
0.558279525778532 0.96461552563805 0.333043394372491
0.586486499904843 0.940518237315101 0.336635842579758
0.901414909438122 0.746081721802249 0.0573850668111859
0.866740625034709 0.7925686381436 0.110734317041469
0.777418091463872 0.86450446563136 0.214239404376548
0.825109891291267 0.832282541733979 0.163457625522604
0.529336230598026 1.06785995299029 0.200606129100234
0.600036879181667 1.02056359172776 0.20654713733027
0.53860830019861 1.05041296486613 0.230338153453441
0.724633205655512 0.908664748207161 0.230502634505565
0.665505973247449 0.967241635807853 0.216604621902814
0.69800502551002 0.919082453729503 0.254112681495187
0.551907401834247 1.01009575357507 0.285332027203412
0.606900481392454 1.00235531123909 0.236465908885003
0.546130373290033 1.03106571351952 0.258655205565379
0.583966654829405 0.986394861973866 0.288043321859202
0.573385947402962 1.02719457069604 0.23285061613815
0.64273593849779 0.933783015479519 0.297987398626477
0.638947579128605 0.975971034141566 0.241263479777841
0.670628460733046 0.927446684331456 0.27665137298979
0.614336241171715 0.960889117380496 0.292285150908531
0.669350596246221 0.94816578409599 0.247198893436372
0.611702060782002 0.982383859294073 0.265088575824496
0.927164756293179 0.271250460181808 -0.276009972750581
0.942510809724799 0.327654251858103 -0.249157272953614
0.962539928506501 0.45107809615985 -0.180490822304658
0.954846210029237 0.388400117526465 -0.217129279737428
0.928581850080428 0.69380283240225 0.00465912135104074
0.948031780303555 0.636892435107562 -0.0463271635622905
0.96449867181434 0.514243875037058 -0.139536792254921
0.959873675964216 0.576609397631169 -0.0946371853583738
0.399043658469742 1.1194783888031 -0.0555981298227509
0.48044462823629 1.08318043202437 -0.0514264086756513
0.419794778629699 1.12220002164328 -0.0243923706984684
0.634044929865567 0.993515481996885 -0.036775100793205
0.558933314486399 1.04105999763173 -0.0452964538254496
0.458139674528971 1.11976648952908 0.0400679661424526
0.500666745240873 1.08419853359216 -0.0198317499040169
0.43954488717167 1.12231556413629 0.00757815977469787
0.460589668854593 1.10395387486771 -0.0223437304100039
0.890009647544936 0.755311556553194 0.0216337125321213
0.833747832430696 0.821588808616015 0.00400061146420791
0.875143115670312 0.780550069653578 0.0481835118214454
0.705254414012192 0.940901758452515 -0.0256403823221224
0.772002828499868 0.883514984374299 -0.0119406013852863
0.839964536374704 0.826359386944259 0.101701665897702
0.818188217610519 0.846336826566243 0.0306961124614572
0.85844096011504 0.804276161994683 0.0749236312446259
0.847386550116118 0.81397772149949 0.039255707074971
0.518330186616092 1.08316990204995 0.169710378810135
0.567743961326522 1.06255716064424 0.111083165416359
0.505630514297436 1.09614711707517 0.137921971192188
0.555281326592466 1.06075042060145 0.172194765918038
0.652559326747388 0.991080857485867 -0.00390635081352589
0.612832217576051 1.03144455801356 0.0529166510895127
0.615983162297747 1.01637775743828 -0.00886298732666403
0.475435281363245 1.11453326076899 0.0728107408925177
0.55333037941488 1.07181538018032 0.0781982778494605
0.491302489194926 1.10663819329169 0.105525238884968
0.498105002755676 1.09990391314885 0.0423749076224535
0.529982392916646 1.08535544736348 0.107967854543163
0.625888676943808 1.01133583508012 0.179782555090194
0.604491500633548 1.03828844332329 0.114958192097121
0.59117911987654 1.03678951277252 0.175520433579812
0.580390326482632 1.05084070731271 0.143614115680423
0.539967360253137 1.06298439144277 -0.0167860980319531
0.575527869263611 1.05569482811292 0.0487295051654967
0.578428653484927 1.04036124241835 -0.0131457979379292
0.519656573839128 1.0826601325253 0.0124715604840175
0.596447988611147 1.03716012421404 0.0196731131905814
0.537258804175935 1.07853105268635 0.0452362895340472
0.750304161557408 0.896187989439612 0.205965504259199
0.739247388502004 0.927676231737194 0.138647410838667
0.774830100444525 0.881668902385017 0.180655018377807
0.721554844348393 0.926795121253967 0.19822973439331
0.688082862787976 0.964515020699229 0.00173624031106129
0.718094607514941 0.950725862829674 0.0699151760928678
0.722478788597069 0.936721633008406 0.0080562869340401
0.669334542918207 0.986208526328027 0.0296013444212066
0.819797048935659 0.846683067217381 0.128358660716959
0.761312889247546 0.910227050316006 0.111785995331691
0.798043460898849 0.865146836585322 0.15473141769375
0.811670182453609 0.859109932088954 0.0930004200296954
0.769413215679966 0.896962280794604 0.14641809856533
0.659268664742431 0.984459855282483 0.185019135988585
0.707593801968397 0.957230511659874 0.131537943746287
0.691190205072917 0.956248572342361 0.191199894375244
0.650769043587902 0.999633468719244 0.152628849290773
0.715824613158891 0.943040823228101 0.165168240790913
0.787598201939384 0.877599951861912 0.0225929456994184
0.750681885083708 0.921334884757791 0.0770137292404589
0.755673744712154 0.90773853915647 0.0150246491257502
0.800881212655213 0.869445260843095 0.0576571920838835
0.737680740428604 0.930188277698415 0.0423543114339176
0.78189353834185 0.890781832951831 0.0847377454773808
0.627434162395902 1.0232386089702 0.0863294080407627
0.697005453796513 0.969222919932484 0.0975708032634009
0.649086440427557 1.00583153470031 0.0578384176580511
0.640120097378688 1.01260286791114 0.119651835417674
0.684202662288187 0.978908029836036 0.0635093038906678
0.674521744433988 0.985561592863748 0.125185426685971
0.617008300468471 -0.843011273028724 -0.152654946851747
0.662339246214757 -0.794700067179499 -0.173378047748055
0.608591195362232 -0.831262870741308 -0.179954931561434
0.750533541094395 -0.676961292965381 -0.212840957912954
0.707611475899301 -0.738792608633964 -0.193785901010576
0.584609582078144 -0.804534226775656 -0.233132035862902
0.653150192779739 -0.779288663106745 -0.202640830837076
0.597516073937972 -0.818658242522876 -0.206829454812266
0.630820556607268 -0.806089313102718 -0.191609314067002
0.882117380600894 -0.388793676188421 -0.269168403025745
0.856142376711387 -0.465306392922117 -0.258318290813705
0.790005935579123 -0.610200914325614 -0.230086352973642
0.825352760344786 -0.539374997593473 -0.245282793109931
0.519555346156614 -0.732205907012415 -0.327138902983385
0.595379670262239 -0.708144928033865 -0.305346581383604
0.537490169564534 -0.752502567501947 -0.305765346384528
0.738002539105213 -0.65768962996914 -0.241728475661492
0.668696318950241 -0.68336955397675 -0.276966004613327
0.717816248339012 -0.690030687134913 -0.232732136900596
0.570176704282397 -0.788771159481834 -0.25856433797651
0.61217945290651 -0.727700517763141 -0.281998354622187
0.55441505188058 -0.771397659587805 -0.28285009443951
0.606232071878967 -0.775802842553526 -0.245687352904278
0.575117795253215 -0.740155054847787 -0.294743070213548
0.675238111732826 -0.750938915064844 -0.213170537485636
0.648465834140192 -0.715226413120628 -0.267413119881062
0.696850768177605 -0.721149461994709 -0.223206401936405
0.641368605650875 -0.763191424622302 -0.230547445424991
0.683745625111811 -0.702713809056877 -0.250967024366041
0.627592968919267 -0.746043070812949 -0.257030756360893
0.923818069761815 0.21805975231613 -0.288427022495135
0.931889545914642 0.151607381064717 -0.291218774596906
0.939216353232873 0.00406089395875271 -0.293257075130108
0.937319087046391 0.0794620028081592 -0.292917269573573
0.903157209816397 -0.310611452364435 -0.277871608883313
0.919254230638187 -0.231509086921657 -0.284510957580182
0.937063910978191 -0.0734437634131729 -0.292067621095256
0.93049760580643 -0.152213862527986 -0.289199305145813
0.355829291162681 -0.536444240733846 -0.436057330596908
0.432008598240454 -0.518925976794 -0.42793061613877
0.377186941533715 -0.562880869657242 -0.428286404054523
0.582733036237981 -0.477090304717446 -0.402038862526124
0.507738146862658 -0.499028184266038 -0.41682548867764
0.41964060517638 -0.614700965377654 -0.408041336701431
0.453917160566038 -0.544683696963653 -0.418747162319204
0.398485473727018 -0.589003557013429 -0.418978600259763
0.415605217939126 -0.554097242501631 -0.423888769364523
0.862484982941867 -0.367076406236566 -0.293579600495067
0.797341213140702 -0.398731315770863 -0.328949731750282
0.850931248573241 -0.405593642573096 -0.289052144344658
0.656501202915661 -0.453219170293263 -0.382854904057035
0.728335060250254 -0.42724336412686 -0.358642182999511
0.824251842099642 -0.481226481384751 -0.278350085501731
0.784962457706904 -0.436483311152203 -0.324590405269789
0.838182177564204 -0.443674617118678 -0.28397892359786
0.818498939282995 -0.421461292614708 -0.307534363425601
0.500757226268479 -0.710645155701906 -0.346848181940223
0.538602973190205 -0.642882086988723 -0.364848619340556
0.481236657628516 -0.687966676387197 -0.36481470261235
0.53926423121292 -0.699213043384911 -0.337603751850961
0.605358174169123 -0.501718648177754 -0.388945140925697
0.573670425837603 -0.573178040473125 -0.378598440216678
0.567876811779448 -0.51319079912497 -0.39796573076558
0.440556869136644 -0.639850532732171 -0.395399481199585
0.518109145655547 -0.619287745905185 -0.381022747409667
0.461127821551133 -0.664319494751639 -0.380999658256732
0.458439092546519 -0.605126709322613 -0.402165225983041
0.499987811459932 -0.65384739177053 -0.373487985590265
0.615035545169529 -0.675368573345162 -0.314853144035988
0.576895555145344 -0.631493127125629 -0.35496679450327
0.577398591429027 -0.687426738487802 -0.3269811597239
0.558417554816204 -0.665635478709875 -0.346829901545441
0.492095180338824 -0.53469857867469 -0.412774231392946
0.535511136181832 -0.584311358469752 -0.387544320807263
0.530099613731367 -0.52418968191813 -0.405878216538325
0.475642087416324 -0.570069791595427 -0.407920065794145
0.552120261835151 -0.54893876038837 -0.393160950940512
0.497078684270274 -0.594976429187966 -0.395366420959596
0.757305550575222 -0.624230377107038 -0.250178992822299
0.72448219278549 -0.58208881379948 -0.30126055509161
0.775642076307678 -0.589754859352333 -0.258071668753636
0.723315579192614 -0.637615015897569 -0.268764060236455
0.642460246748603 -0.489770647977988 -0.378730284362962
0.685578052737269 -0.537108103817888 -0.344124032295178
0.679085786222141 -0.477323969018424 -0.367244154783641
0.627438840768521 -0.525911993457285 -0.373942563474902
0.809162489239888 -0.518154741461984 -0.272158272943532
0.741189889448919 -0.546660647074033 -0.308017790202471
0.79294541510663 -0.554363360406886 -0.265399105512629
0.791112858207735 -0.49626699056726 -0.29697010193089
0.759277479195633 -0.568559384818574 -0.284074887948844
0.652017037867355 -0.663073841061099 -0.301128380580744
0.688700034131221 -0.595068230819359 -0.316928712711259
0.688167865737806 -0.650517888386826 -0.285763309439745
0.633965259847324 -0.641841235503306 -0.323397962339033
0.706788046900422 -0.61673366994221 -0.293850827153057
0.750460147517985 -0.450747192386679 -0.340215052308569
0.721639026205089 -0.524113052213 -0.329860216763284
0.715125508643179 -0.464336131329521 -0.354422207923508
0.771463084219244 -0.473776360276583 -0.319662126828036
0.70086459520191 -0.500978470198754 -0.34959504924726
0.75686278474346 -0.51052935107388 -0.314144703170369
0.594604796939603 -0.596807007430311 -0.362135290611572
0.669300698200242 -0.572664965689685 -0.337967818448934
0.611471869975688 -0.561602874149044 -0.36843356534513
0.614762294839444 -0.6197258847384 -0.343738318693153
0.648813299760226 -0.549587797445629 -0.356965130919552
0.652077494305278 -0.607592793370815 -0.331078431628006
0.0409706907974746 -0.130894291732641 -0.445156623952811
0.0934590934320592 -0.114150710145762 -0.444732096381765
0.0591315790459752 -0.152013188377756 -0.446796137959889
0.0438811893717509 -0.103158081266251 -0.443317305553822
0.208646365139084 -0.0752709947522942 -0.444524164191547
0.149966148047595 -0.0954574793289447 -0.444543416056939
0.0947726104651671 -0.197970129151343 -0.45027274568039
0.114887611702645 -0.136547542380434 -0.446550494536062
0.0768414988186013 -0.174525949503374 -0.44852306434468
0.086690227972502 -0.144699057405033 -0.446661868102289
0.0466781282557728 -0.045138321224928 -0.439609755363955
0.0979195149933317 -0.0833314348512185 -0.442797087855647
0.0455137904349902 -0.0745698567412594 -0.44145583880995
0.0704591959395309 -0.0932304924511165 -0.443004252992936
0.45350759342427 0.0179336278233292 -0.440213704619661
0.391503099990413 -0.00707252592218722 -0.442818819060765
0.268747042336044 -0.0537517708848308 -0.444470971492695
0.32981355440927 -0.0309934967000499 -0.444052802215918
0.170006496625167 -0.297590875980267 -0.456104919468185
0.196442100216082 -0.232972783600773 -0.453332729926326
0.150677781350256 -0.272020826587252 -0.454978903355813
0.232704985301564 -0.0987741207806256 -0.446346183914198
0.217380071804865 -0.166490678506107 -0.449975122539033
0.202652754441519 -0.10885573661433 -0.446391281913274
0.113049278626375 -0.222122689492398 -0.451980496219415
0.176105680159748 -0.20815327483427 -0.451847584304787
0.131687250508319 -0.246839769623034 -0.453575337633973
0.12529825818206 -0.19134872143021 -0.450234808071563
0.164112808286039 -0.240374677850211 -0.453489550804474
0.143671235309075 -0.127792490501189 -0.446473314814426
0.186523514867935 -0.175413934639068 -0.450091060512943
0.172952769236404 -0.118541572801514 -0.446425433340476
0.135524374529387 -0.159833748771376 -0.44838550908842
0.195340872269056 -0.142271425923163 -0.448259190419015
0.155845341202421 -0.183746291712911 -0.450173536062524
0.0495446826061241 0.0787552058611202 -0.433044698674957
0.106774304672906 0.0426085408870058 -0.435701958988354
0.0489942860480179 0.0470470481078648 -0.43451257486712
0.213548596482266 -0.0415775214532866 -0.442689834356526
0.161596467819059 0.00239966775583619 -0.439018880786105
0.183988197299307 -0.0524062650547592 -0.442649271158575
0.047595355241079 -0.0149843318913087 -0.437816755804664
0.105261806062129 0.0106651301512814 -0.437330148745657
0.0483528984973707 0.0157754983770366 -0.436109230566046
0.0748361594906257 -0.0328206753601875 -0.439263833758999
0.0774326143922787 0.0294227518961669 -0.435826894378321
0.126081271851095 -0.0732644461217212 -0.442679591288103
0.132341122961476 -0.00927805927749452 -0.438996772992516
0.154805632630249 -0.0629647280648867 -0.442636944067957
0.101054709102559 -0.0522861003377426 -0.44089955507759
0.158583062929077 -0.0303492399250266 -0.440786958042731
0.103407551382347 -0.020964567798521 -0.439069184239735
0.901528677600581 0.235799980778748 -0.301677602618284
0.858082506096447 0.210406269454004 -0.332434147297728
0.904035352247779 0.202609953549324 -0.305022893136057
0.754359593453943 0.154890531398601 -0.384002918003594
0.808382636998969 0.183047634911434 -0.360366647140467
0.909776188328273 0.133267558378029 -0.309102230952012
0.858843173929108 0.173886448316765 -0.336392291140185
0.907044184725121 0.168461423848804 -0.307335526416836
0.882253138362546 0.18817723751038 -0.321086995096611
0.515505258777334 0.0439346280291293 -0.435602799471417
0.577120693959532 0.0708156359567088 -0.428307819478798
0.697216353142633 0.126545420199715 -0.403038187766599
0.637887953208481 0.0984229217329069 -0.417654983639155
0.913719083145837 -0.0153371095365298 -0.312064348584893
0.861326309887834 0.0253274996972976 -0.344543110815712
0.914010734978396 0.0227328479255436 -0.311916349622961
0.753088644853819 0.11655525881154 -0.387275944000144
0.807282806830628 0.0695055220711722 -0.369337520584808
0.781004724091784 0.130880331943796 -0.376253300254385
0.91194524297544 0.0971547471040059 -0.310437172009639
0.861440137050812 0.0629710528844774 -0.343313969118173
0.9133925690346 0.060267242308607 -0.311372858415173
0.8860342839383 0.116352500124764 -0.3259305856919
0.887992160408885 0.0423251148727276 -0.328603301151092
0.834040255130772 0.159575705754939 -0.350760531290721
0.834626014669824 0.0846965271622044 -0.356085148742129
0.80803817550164 0.145232008146114 -0.364071045769003
0.859963006229864 0.13721321603263 -0.339350111230183
0.807770508752736 0.107400216096012 -0.367012831157
0.860925597281401 0.100262530965322 -0.341607726673348
0.334485796998833 -0.509793434174301 -0.442397348911358
0.366030609471359 -0.440359157529543 -0.446661700135478
0.313219230298141 -0.483016863714532 -0.447422051859468
0.372287291221367 -0.501679709194353 -0.439275658253691
0.418825110306526 -0.298670951022208 -0.448921827511588
0.394264713985069 -0.369981330787021 -0.448652153325573
0.271120290522525 -0.429387944175011 -0.454015969413651
0.344173571375166 -0.414002658906861 -0.450359663680251
0.292082632091287 -0.456192295273024 -0.451253250038208
0.329094683957263 -0.448630188575864 -0.44917955968121
0.447635403895905 -0.483500119281941 -0.431202551868732
0.40289084212425 -0.431446331624516 -0.443636787520555
0.410007848005402 -0.492895149329126 -0.435569019955799
0.387993277262405 -0.466679899099188 -0.441772992228156
0.480242819626021 -0.00627520898833806 -0.44000064407378
0.469827456886366 -0.0801714787939782 -0.443238569512958
0.448977815352826 -0.0188582239891172 -0.441959004116193
0.439527744194772 -0.226505488883416 -0.447902628756105
0.456426820166582 -0.15362174852281 -0.445926378000756
0.386531832727561 -0.0432106634909849 -0.444517550752293
0.437941458627563 -0.0921580771883325 -0.44516938985503
0.417727378308885 -0.0311739467983273 -0.443438081460788
0.443817229366883 -0.0555587333434122 -0.443614113477601
0.18965762920344 -0.323490025547423 -0.456859111082883
0.258499458636332 -0.309351006917537 -0.455772344677464
0.209614448059199 -0.349666841225838 -0.457139471919066
0.203862442475621 -0.291037463718223 -0.455816050797607
0.395471235703047 -0.273035987289714 -0.450715564048708
0.327043289097089 -0.292314918670636 -0.453846037378669
0.38408129845534 -0.308638659050119 -0.451160005155301
0.250368859249241 -0.402663894719259 -0.455835839573498
0.279609903542615 -0.335299317886519 -0.455577325219014
0.22985856334778 -0.376073798170718 -0.456836851126097
0.286459158373134 -0.39554342403384 -0.454575817576012
0.244661847562923 -0.342884213496667 -0.456467757072533
0.228748922121178 -0.224818086663573 -0.453091560975222
0.271287303360595 -0.27546661954883 -0.454805752043863
0.21692935178389 -0.258144484250098 -0.454545113755358
0.237608269260788 -0.283618669179978 -0.455392019334579
0.35839722039558 -0.379128640494311 -0.451038957865988
0.31448334101534 -0.327011701266004 -0.454428764730545
0.371713750726477 -0.344006138064845 -0.451285603392225
0.322464669816149 -0.38767186520521 -0.452993912590859
0.349302581909784 -0.318102913270456 -0.452974727539986
0.300935992509276 -0.361421169909146 -0.454691495976322
0.596651822006186 -0.440662676156223 -0.405449743964377
0.549354139287441 -0.390369365587607 -0.424971037632852
0.55970648002795 -0.452107720174942 -0.413308165186244
0.453530890224411 -0.288239842776744 -0.446190395872942
0.501453894507402 -0.339414392139841 -0.438205554239424
0.442275818843739 -0.324368699168932 -0.446164486273225
0.485149835236144 -0.473545966783794 -0.426094949372526
0.512928994657594 -0.401381458926017 -0.430786129859931
0.522520871348147 -0.463072847552145 -0.420159925074744
0.46243299003319 -0.447827538500287 -0.433792527156149
0.536403060783388 -0.426847645856469 -0.422853065733189
0.416929980303413 -0.395980453200934 -0.444945139003834
0.489372400472022 -0.375774480225071 -0.437229408941596
0.430068885613701 -0.360285688247928 -0.445767321869507
0.439670455793821 -0.421949503077067 -0.440034659767026
0.465803652630234 -0.35008582970956 -0.442311451961128
0.47635704502079 -0.411915956983447 -0.435778544810829
0.263054008700124 -0.0883243000840746 -0.446256960571612
0.311067749715195 -0.1368924011001 -0.449147638981631
0.293652128983259 -0.0775272218657977 -0.446082289921814
0.25632712674554 -0.122778528095904 -0.448044195119173
0.405870928670537 -0.237213810683119 -0.449999401385733
0.358477196101572 -0.186657398789732 -0.450669665388467
0.415285575458357 -0.201192344205555 -0.449052971522185
0.372217516377451 -0.247503874380921 -0.451674549890264
0.355429304963992 -0.0549566649263 -0.445272615969283
0.34262427537153 -0.126223536234048 -0.448574624115735
0.324456930306283 -0.0663998448323043 -0.445773031920948
0.380830496059809 -0.0792585639873433 -0.446171737776029
0.318244371459864 -0.101709370919226 -0.447479241818424
0.23925227416697 -0.191100679488233 -0.451497426737949
0.302834026414714 -0.171908256396707 -0.450749477465798
0.248427998174475 -0.157061200633422 -0.449802479095965
0.261083512335654 -0.216034650253633 -0.452742299311783
0.279662171482837 -0.147181731435959 -0.449540436011984
0.431271805752698 -0.128642507390699 -0.446609221364701
0.366879530263414 -0.151008504402846 -0.449272820135186
0.423738788608001 -0.164994279128338 -0.447912500987223
0.4060900950053 -0.103838510554222 -0.446652712746813
0.391081809092044 -0.176013011786602 -0.449469718048768
0.374307515815603 -0.115199073495633 -0.447764336622127
0.304934236699758 -0.266682034833133 -0.454021549520121
0.325939498269247 -0.196900731716318 -0.451577606389723
0.338573144883241 -0.257341581092784 -0.452995253310537
0.28295892575423 -0.241242424273047 -0.453617323079708
0.349050588034803 -0.222112764312949 -0.451922700803967
0.29347567913217 -0.206708349548674 -0.452251683755834
0.0519133136593111 0.342157884215313 -0.425447647614307
0.113255899867599 0.306976818775746 -0.426857161548844
0.0517649106300058 0.308653524856612 -0.426203035227807
0.232938765499339 0.23140086756281 -0.430869838834491
0.173671476287579 0.270198764886208 -0.428674105254097
0.051358485367897 0.241964582703987 -0.427708209678993
0.112755524292592 0.273323054802904 -0.427699863461662
0.0515806155429093 0.275244738728384 -0.426941239036976
0.0823672533288192 0.291178676166742 -0.426892319384959
0.457493248954095 0.0548102302225678 -0.438381311357704
0.402970256054614 0.101794246458277 -0.437531505860853
0.426654468258993 0.041855791989805 -0.439955247903004
0.290903243358786 0.190363411766533 -0.433288574919361
0.347535724103438 0.147092946145409 -0.435647558153914
0.365084129718489 0.016687119614684 -0.441855237933793
0.372388191847465 0.0886152270044389 -0.438412825310096
0.395838750377664 0.0291447355858279 -0.441086538279766
0.399631747283923 0.0654347483572845 -0.439325065130416
0.050020232956941 0.110838413925378 -0.431715734047697
0.110042128832091 0.140166288791156 -0.431589478753453
0.0504321184922296 0.143244485371981 -0.430527798443148
0.079235457799273 0.09326036985169 -0.432863875689627
0.231527986181527 0.196914018907811 -0.43208927075661
0.170601915145537 0.168609801045107 -0.431839281979679
0.202310064199902 0.216851832846036 -0.430840859495918
0.051095706884828 0.208847058941689 -0.428542498818098
0.110851377882081 0.173180595131545 -0.430476836782126
0.0507885312769971 0.175927737564642 -0.429474829812902
0.0815852865823754 0.224425349576892 -0.428514441745767
0.0805691401582595 0.158361853477369 -0.430444112615613
0.136337766593501 0.0555428913277656 -0.4357036033223
0.139146715209529 0.12126657806728 -0.432901822713448
0.108038491757578 0.074854268821604 -0.434198611550389
0.109114192133731 0.107381838549247 -0.432827653828635
0.142896585255204 0.255019437632166 -0.428630678706643
0.141249728537103 0.187809850646117 -0.430586370142925
0.172758022568342 0.236210515446842 -0.429681487934264
0.112194140148284 0.23978707735757 -0.428559299785773
0.171741941589732 0.202341700561258 -0.430725806729635
0.111563375198175 0.206396893877032 -0.429474532106761
0.243422630066687 -0.0304735719931275 -0.442724426662388
0.250919623435627 0.0381498647397958 -0.439311915459087
0.273556981606785 -0.0190931237288674 -0.442711228121324
0.217578303251106 -0.00779798822143834 -0.440914180213344
0.2603947147511 0.176383977719119 -0.433399113407434
0.256323699663558 0.107089513174909 -0.436208513031453
0.288903208966774 0.155264847289424 -0.434734644902399
0.229949153390733 0.16252916364878 -0.433351788844014
0.334427464248747 0.00449101780167062 -0.44233673764782
0.281096672249063 0.0504347598794465 -0.439340097283085
0.303905655822712 -0.00743727384102406 -0.442600884095198
0.338409188261976 0.040044015945471 -0.440636780358724
0.277629760943135 0.0156368681021124 -0.44099676753326
0.164053332555991 0.0353017081866596 -0.437351556708996
0.223726815172916 0.0600246915480346 -0.437609503802222
0.191135465912744 0.0141621884249586 -0.439104388806634
0.166096183090126 0.0683713752053531 -0.435797522047692
0.22092148984435 0.0260667969377155 -0.439216535501049
0.344876801744472 0.111344576527151 -0.437298326189006
0.284070763329078 0.08530283751611 -0.437746733721752
0.31705818175986 0.133574749306554 -0.436051867149751
0.341861521102072 0.0756619328943116 -0.438958050726857
0.286646873282318 0.120245103681924 -0.436214795961168
0.311420891840842 0.0629360753163993 -0.439243583405604
0.169308974337854 0.135030098890812 -0.433046162376484
0.226110130009806 0.0940844216054745 -0.436098726766837
0.199582001902419 0.148761599263604 -0.433213984781306
0.167824393478227 0.101614724651575 -0.434362740620026
0.228161102372121 0.128251933176551 -0.43468256792021
0.196027313752006 0.081194980998551 -0.435944371152714
0.872836781625061 -0.328214037471864 -0.297573176602907
0.827673973827323 -0.283514683041949 -0.338813666994192
0.881986952083355 -0.289095925792322 -0.30104634547997
0.841264641934658 -0.344850430492838 -0.315876132992804
0.726271174576 -0.189626349094501 -0.396723182599736
0.778278825294332 -0.237221713653368 -0.371699252554828
0.896715580994084 -0.210441767585933 -0.306490773441194
0.835526566976566 -0.244711476741896 -0.341094874614759
0.889942257835406 -0.249809776328865 -0.304013744797943
0.859364780460352 -0.26711801286025 -0.32212122254177
0.774946815014994 -0.375545211609404 -0.348224841905717
0.795014377872174 -0.299080829742608 -0.354092118753828
0.808587657576976 -0.360600434425445 -0.332760200253253
0.818697600251368 -0.322169275891809 -0.336041692787676
0.511478699121379 0.00656300180623778 -0.437480001777071
0.565283487631372 -0.0424836904060468 -0.433944518970785
0.54263724794001 0.0196435457033277 -0.43431208596353
0.506908332034431 -0.0307137239409983 -0.43920613502549
0.672929450771782 -0.141041502952454 -0.414717082321733
0.619120599163486 -0.0918456601628076 -0.426737841128385
0.604500272255705 0.0464738874526903 -0.425693971963433
0.596869831857276 -0.0293743981528426 -0.429396854149678
0.573664625593904 0.0329523877384921 -0.430411454876001
0.569749424777357 -0.00481461851597825 -0.432287292879875
0.495803524306144 -0.104959579742269 -0.442194010225307
0.560181409525797 -0.0800519904865591 -0.43538478609675
0.50170970192444 -0.0678904039501311 -0.440780049691752
0.53354479494707 -0.0553249025716704 -0.43771043524472
0.912453395951945 -0.0538430325169672 -0.311808387591009
0.856131668033202 -0.0894259161954255 -0.34564112863223
0.91016083919672 -0.0926928870224142 -0.31113700080324
0.886837355780415 -0.033602656221208 -0.32955892648937
0.732264966886048 -0.151386997330335 -0.396927026039036
0.795705433307989 -0.121689883991294 -0.373954034866782
0.758886564015063 -0.175210945945216 -0.385822038932367
0.902325708009406 -0.171076843214195 -0.308493205349621
0.85254050508537 -0.128123509231787 -0.345163170547655
0.906797263582817 -0.131799179483288 -0.310036814714226
0.87286428053284 -0.188918879268936 -0.3264021287155
0.881930577277268 -0.110879420194787 -0.328845820779417
0.833562578129165 0.00906110563191826 -0.3591672226525
0.829625683675728 -0.0674206508091933 -0.360463637903702
0.860460859737319 -0.0126475317122557 -0.345331791042692
0.858752871830943 -0.0509151818061362 -0.34569631901337
0.81069729169193 -0.221905690427286 -0.357995527118696
0.822144461583926 -0.144533194461893 -0.360084158882511
0.785086918469844 -0.198728803254275 -0.372878230710677
0.842271879774385 -0.205832236981953 -0.342903020747382
0.790883483197552 -0.160202338173626 -0.373625545902895
0.847933134741109 -0.166947096759469 -0.344254355920918
0.633288812877055 -0.428733815552411 -0.396496893624686
0.657251183322971 -0.354501706912847 -0.40170582457234
0.669536252587189 -0.416300861173842 -0.386366955591104
0.609605860225017 -0.403935821178196 -0.408258704212909
0.693143552284884 -0.203504459404723 -0.406390674378461
0.677178353587282 -0.279325727997874 -0.404916779550069
0.719330506341629 -0.227799530036554 -0.396120758698984
0.740475918100262 -0.389763435521638 -0.362288137349275
0.692530260222239 -0.34154545505775 -0.391725642995072
0.705300410958365 -0.403327636546855 -0.374985313265724
0.751538701997477 -0.35195963343951 -0.36539035815983
0.681548701343382 -0.3790609254742 -0.389310809010353
0.561353332505061 -0.353656738499907 -0.426571642469515
0.632557076352093 -0.329705657458372 -0.412274655491936
0.58558880230667 -0.378889903253592 -0.418244667831132
0.621577200326558 -0.36693970573438 -0.410518364013565
0.770430662628497 -0.275628888497478 -0.370071976268102
0.702480890531271 -0.303800448142564 -0.393646048865915
0.745143905732142 -0.251854871488382 -0.384051042158984
0.761521692505463 -0.313894455945569 -0.367976561966792
0.711408790958676 -0.265870841522696 -0.395102359986998
0.72732184982184 -0.328027874581185 -0.380503877563063
0.724423412590029 0.102292191937864 -0.397138037346288
0.720295627261049 0.0256230744120405 -0.40177508195085
0.695129269134378 0.0881243111614603 -0.405862439689023
0.751697804240895 0.0782624622743496 -0.389969726676061
0.705365436325216 -0.127298484474323 -0.406311013969303
0.714223804113073 -0.0508953548053045 -0.404776244884081
0.67830357278853 -0.10299434935211 -0.414105867276808
0.737355819323597 -0.113111878976308 -0.396744604593847
0.635075877104305 0.0601903446725254 -0.420078802663722
0.690038405067686 0.01149908418552 -0.410243610291854
0.665314416195057 0.0740815413748384 -0.413490674353628
0.631895867192774 0.0220487134873973 -0.422180696572767
0.692782302895593 0.0497778990691929 -0.40824989321017
0.806359961787764 0.0315075012645881 -0.37113930326481
0.747825903192623 0.00172994281324939 -0.393906211742012
0.779030778457739 0.0546162700617135 -0.381358868530089
0.804845378515969 -0.00661563721685702 -0.372476016579306
0.749995908158898 0.03999384394223 -0.392161599895121
0.624011141349022 -0.0539687632718629 -0.425500837352143
0.686777110344879 -0.0267202497994301 -0.411873539362277
0.65116610877503 -0.0785305578718841 -0.42045336481329
0.62824036828652 -0.0160037513320425 -0.423983522165002
0.682894820292737 -0.0648849463902381 -0.413158098433478
0.659323400520535 -0.00237763109664432 -0.417624069183793
0.799599081000168 -0.0832332226624992 -0.373871853441654
0.745060937845052 -0.0365419446547472 -0.395239415958838
0.768802982016857 -0.0984409860733294 -0.385950598768244
0.802621887128141 -0.0448668027009513 -0.373381148483311
0.741598603101093 -0.0748248569994276 -0.396182318667685
0.77530492868454 -0.0217959925166989 -0.384488582608444
0.463827551380329 -0.251912882793938 -0.445892127876304
0.532010794006758 -0.229167690728499 -0.438780710467841
0.473173593045548 -0.215404097785963 -0.445310671276502
0.488186346413251 -0.277374663807587 -0.442889654637891
0.666711146718382 -0.179013238449543 -0.41498482968632
0.599772452886097 -0.204882730408663 -0.428711515653331
0.64013541123458 -0.154372091790847 -0.422038062433883
0.659598846296794 -0.216890774636686 -0.414895930740209
0.489118092585844 -0.141910886968068 -0.443434247680105
0.540332360228247 -0.192084871354919 -0.438320949201643
0.481591498542136 -0.178730995378186 -0.444481379256717
0.521778197416404 -0.129872735218974 -0.440354623681973
0.506785595898536 -0.203927088415854 -0.442144535999734
0.536994540846473 -0.328292589740033 -0.433365852772053
0.557249425959096 -0.25441026991506 -0.434251148237293
0.512587226645609 -0.302849311564238 -0.438759850612713
0.572389889426762 -0.316730199197983 -0.427705277120033
0.522769706275557 -0.266094819949454 -0.438938317907119
0.586832144697166 -0.104838788451686 -0.432092769592013
0.573773811153043 -0.179881202032652 -0.433753705301318
0.613492277533764 -0.129630064287786 -0.427692275717872
0.554365794262038 -0.117514302481578 -0.436602897864118
0.607060922400159 -0.167313350291234 -0.428355189213588
0.547768625997865 -0.154862382656479 -0.437587386994889
0.64254591058714 -0.292265504624769 -0.413567551746657
0.591583904408859 -0.24232178409497 -0.428740457708042
0.651553427765464 -0.254650600944646 -0.414431548876735
0.607593109683931 -0.304725537960146 -0.421135222033401
0.625721210923711 -0.229821065441365 -0.422317814840419
0.582463366395875 -0.279611285094693 -0.428415674195129
0.0435098743211774 0.854275104652849 -0.360464695256356
0.102287794249201 0.835262057070245 -0.364643509730557
0.0641337022076977 0.874401905921057 -0.352541582838714
0.0466142219625506 0.82658258516908 -0.369412274538959
0.229268920268027 0.786420099826676 -0.370411193268941
0.164963474341501 0.81253098732295 -0.368015921047772
0.1050689209121 0.916975574731136 -0.332695808973581
0.126740298388499 0.856002437055616 -0.356134138455257
0.0844008549541741 0.895494595031904 -0.343284067067175
0.0951443188711409 0.865841823918278 -0.354373190129141
0.0493147673157451 0.768124619849339 -0.385202645412536
0.106734551849678 0.804238338003064 -0.373924551475
0.048240975810544 0.797857805176901 -0.377672601824551
0.0762579690046892 0.815598947698592 -0.371848606308629
0.486719365259326 0.650238962315556 -0.369300571095588
0.423399273183206 0.688838642111069 -0.37129825656145
0.294192291318459 0.757040940512954 -0.371782936425799
0.359074146902526 0.724480565844126 -0.372096753174245
0.192829534048717 1.0009156895424 -0.275884822325881
0.221349484087866 0.93973065779207 -0.308928511167155
0.170200213023517 0.980701618005702 -0.29237959497278
0.256894765447648 0.806627237010346 -0.361113922359472
0.242698176347238 0.874485680992084 -0.337371928527301
0.224016146275447 0.820359345174842 -0.360235504449327
0.126267517397261 0.938508144460121 -0.320724279696245
0.197593826249938 0.919222838098987 -0.322832869914759
0.147992410312629 0.959827282837835 -0.307306703731356
0.139607115831875 0.908372548109905 -0.333999869400599
0.184827278543559 0.950528508895139 -0.308144185111192
0.158833028704183 0.845088609007905 -0.357725200692525
0.208363090881361 0.88695274062051 -0.336431788236051
0.191296355029084 0.83319079189472 -0.359100696213267
0.150475620227907 0.877134514704036 -0.346361723199827
0.217126577467635 0.853927900650131 -0.348908284910481
0.174007531031422 0.898289604267675 -0.335285039782703
0.0514686282925711 0.642104683963554 -0.407620141423627
0.113821120468903 0.676307278720837 -0.401567698795861
0.0511264332441846 0.674408172268613 -0.403143414116653
0.233165493890318 0.752229045254828 -0.379463005093857
0.174583051846628 0.713182314765008 -0.392487322115174
0.201157965054001 0.766304356029981 -0.378464641694036
0.0500924640555484 0.737538703069881 -0.391960893431819
0.112899896909979 0.708854090412488 -0.395978338673843
0.0506784337034966 0.706255880275215 -0.397935823674515
0.0803080878271273 0.754542421319357 -0.387591599383288
0.082220828924269 0.69123310705019 -0.399930528522352
0.1378204683599 0.792281794616347 -0.375705163717528
0.143004443915396 0.727311652946214 -0.391157494179631
0.169340243371092 0.779649227491909 -0.377214458486023
0.109616124564763 0.772837036895002 -0.382210088319188
0.17242875386136 0.746522872778075 -0.385352166916544
0.111560517150911 0.741040735362059 -0.389544149707038
0.903706575521726 0.268563378082248 -0.294304824535943
0.865598286339114 0.317669712405676 -0.30978863660398
0.910303078197333 0.298395459405231 -0.28326903743042
0.881564600927762 0.258637070512782 -0.311082721888897
0.773546780926338 0.419938766546218 -0.336245887862205
0.821778811286548 0.368836820225 -0.323978818086295
0.923939644535316 0.358822574261659 -0.256648476037223
0.871125199707742 0.351464669139587 -0.298537107325103
0.917310816565943 0.328320794070445 -0.270621709849143
0.891486181956633 0.324947705334586 -0.290953565871877
0.83445597984143 0.234143052041619 -0.341822341430673
0.839738683610165 0.307614998379879 -0.326971601021588
0.85859430816537 0.246850137899058 -0.326917243211154
0.861132066318927 0.282804618551405 -0.31936854374921
0.548615633906769 0.608836083320157 -0.365981345945426
0.608677092898195 0.564822830832752 -0.361187040695609
0.72160087108543 0.470007344349181 -0.346478803720405
0.666485321419214 0.518442134287769 -0.35474422908995
0.941141765036195 0.485112271984444 -0.188821990847596
0.89027991398736 0.483900821929891 -0.240995412052577
0.938605848175939 0.453160548673382 -0.20749724239596
0.777364531893539 0.456357894166568 -0.325114227589096
0.835055471053944 0.474074486029979 -0.286638475076197
0.802434593635336 0.430486152388989 -0.319153659250482
0.929842149810196 0.389878025243315 -0.241441011060365
0.886641117346363 0.450849564000079 -0.257131627133886
0.934789900415338 0.421369249586691 -0.225046529780916
0.903711772324575 0.388736537214899 -0.264420372210418
0.913218348677463 0.453141934262386 -0.233074662717299
0.849412035655987 0.377951868727725 -0.305823749705469
0.859152496173589 0.446223225107675 -0.279558931586862
0.826480102153185 0.404323171375687 -0.312714033914559
0.876791705596723 0.384727521005634 -0.285936545885901
0.831014347097342 0.439356288894517 -0.300254447261441
0.882070530026962 0.4178043045447 -0.272118530621854
0.727789668171906 0.179193870701582 -0.390467623245108
0.731799071011753 0.256207495485343 -0.381111633662135
0.755731457795829 0.1932699496507 -0.380049463392945
0.744418348061145 0.408058614424191 -0.351569622847444
0.737428560207499 0.332745802083309 -0.368325920625466
0.769612690512549 0.38309491908987 -0.346260515953259
0.809188209942939 0.220859162973652 -0.355695759866781
0.759642691036371 0.26996133345291 -0.369624770957187
0.782904886568343 0.207191119281521 -0.368453914876047
0.810843216307938 0.258567716653705 -0.349833149902826
0.757430748281672 0.231656849078214 -0.375296816435644
0.817328418851487 0.332735427583529 -0.333975098368271
0.762457074375886 0.308051186695043 -0.362932628896159
0.793935162510417 0.357947630493954 -0.340400533437977
0.813575534039961 0.295942883090199 -0.342610523912607
0.765834611485739 0.3457921007627 -0.355154440956716
0.786902060478175 0.283277241691382 -0.356806757586156
0.377451982784247 1.11424432558846 -0.0858192333528397
0.414034996401642 1.06563612639335 -0.139848386800056
0.355182181427186 1.10662203943623 -0.114864987170302
0.418619542005105 1.09771263663398 -0.0841465293513349
0.470759053308172 0.947840030385184 -0.233101901962376
0.4452924694131 1.00967531434663 -0.189030502231744
0.309245123132567 1.08483182014103 -0.168826061628858
0.390537123091739 1.05538065308903 -0.166643317879883
0.332394802514059 1.09676122708104 -0.142576176092326
0.373494006158374 1.08194797664916 -0.141369886867576
0.499007138785 1.06018787893732 -0.0795765048489233
0.453980896856131 1.04788820096373 -0.137946804794858
0.459153727523637 1.07967538150326 -0.0820876855035741
0.436961474879544 1.07378452724043 -0.11161768834585
0.517059316320709 0.666859441284553 -0.357674651593188
0.512759353389692 0.740107892594202 -0.334019994042688
0.485378292236235 0.687059431812595 -0.359227040724486
0.490291854126658 0.881510602923074 -0.27193727683643
0.504106978233634 0.8119220164236 -0.305533138359254
0.421018134842502 0.72521899262369 -0.361304349225289
0.479883215256781 0.759979391969972 -0.335668091268112
0.45334674373522 0.706519702961521 -0.360431807084111
0.483140442897947 0.723661908182361 -0.348035101723184
0.215805738355121 1.02026069569428 -0.257774620292953
0.293748940519866 0.996800513804235 -0.257836687096296
0.239041663073148 1.0385300148912 -0.238016042515054
0.231335419072565 0.990557385997189 -0.276241360687273
0.444650023184532 0.933838260570289 -0.254866957730395
0.370050591253701 0.967785158959508 -0.257024191618978
0.433321043300931 0.96616064505656 -0.234775957726023
0.285880343459094 1.07101884187839 -0.193520171326583
0.318106599204927 1.01370576923301 -0.237524310496184
0.262437435133725 1.05551767552741 -0.21659503244353
0.326497977279388 1.0578477930061 -0.192832383358247
0.27879221966886 1.02686137017239 -0.237859551443368
0.257609248213154 0.927599658982091 -0.309559554711986
0.307211874805431 0.965489260863632 -0.276533832740221
0.245309189517207 0.959622128704155 -0.293499943739093
0.269458433994296 0.978708689335382 -0.276485253970742
0.406229658159837 1.02710634587012 -0.190650595113788
0.356975058901336 0.999154269678916 -0.236938333444457
0.420506290349649 0.997307218591432 -0.213367082004479
0.366622789074256 1.04318577757646 -0.191898039096965
0.395385495300514 0.983284054230115 -0.236039801998775
0.34243589288102 1.02923151226792 -0.215539471158628
0.65056393510507 0.968742532478752 -0.0639649967061237
0.607005042056535 0.96362233651943 -0.125476292310161
0.613967529298016 0.99353604252762 -0.0687806752928985
0.507670842599858 0.928370378735622 -0.230979613755232
0.558904967929195 0.949824570516789 -0.181447884963189
0.496475260056095 0.960278383724372 -0.209624923469046
0.538130025016062 1.03930292056305 -0.0765534750836997
0.569852341087566 0.986583629526889 -0.129409737000121
0.576469204539267 1.01707024285558 -0.0729680222014565
0.516192027448539 1.03516822929397 -0.106714939371143
0.59250880372732 0.991197542989502 -0.0997188290670269
0.469605814794877 1.02021483182973 -0.163082676650081
0.546179580552099 0.97980308366779 -0.157701174944442
0.483782179734909 0.99095120188939 -0.186985442357081
0.493293598719343 1.02876218944388 -0.135606255384569
0.521665638578188 0.97098578215772 -0.184470420033963
0.531932265277635 1.00831126865991 -0.132775036450738
0.289847999986977 0.792019136981676 -0.361724709230084
0.345367956605505 0.830954133976747 -0.338585127982402
0.322801591917174 0.776555677740805 -0.362058491973657
0.284177963091445 0.826701323389389 -0.350494804763396
0.454493559844068 0.900504507560625 -0.273636051829706
0.400240670840544 0.867575534888368 -0.309400148474343
0.462877238708027 0.866314704719883 -0.291085923065563
0.418260357607488 0.9184453617169 -0.274911871316403
0.388446765136418 0.743137314054591 -0.361858446188894
0.379347005088989 0.814537306911832 -0.338375968194143
0.355688484244666 0.760255664940854 -0.362106260664415
0.4176371533786 0.761372494116876 -0.350166575884151
0.35116928474414 0.7957793327622 -0.350951317794747
0.268170808254105 0.894654787560063 -0.324416641067826
0.338152642608671 0.865659866218534 -0.324974823328916
0.27700004414176 0.860964294760226 -0.338062681395859
0.293631897049534 0.914248145605053 -0.309967272296479
0.311237016467164 0.846440626442754 -0.338474532457418
0.475489305348158 0.795929335468681 -0.322078144912672
0.407362329508479 0.832658689569704 -0.32425249788861
0.469851446424712 0.831412830993566 -0.307226933964574
0.446654838415388 0.779024383363039 -0.336933053390402
0.435215242963438 0.84997421098533 -0.308509218664315
0.413125865622342 0.797218654366493 -0.337830510764066
0.344601225212804 0.950992216378741 -0.276321336375414
0.364965454749299 0.884182570083008 -0.309922156752736
0.381622065325517 0.935291082533283 -0.275795028200494
0.319112745442927 0.933086648026344 -0.293954814108969
0.391678379469402 0.901835460598012 -0.293251820008092
0.329421338884943 0.899755878910786 -0.310100962468469
0.0520269050604643 0.37572510639048 -0.424622284707878
0.114428440232358 0.408363805671485 -0.42393091206789
0.0521058702104585 0.409322191057957 -0.423668029774554
0.0829593488970871 0.358367652446023 -0.425269094013317
0.239598534625039 0.474735382817388 -0.419788056509464
0.177023057988858 0.441234197196243 -0.422538020726267
0.0521557746164426 0.476468045142089 -0.4211119336781
0.114707114852168 0.44220562302276 -0.422624971103109
0.0521494356023379 0.442915126468112 -0.422520713590833
0.0833745875636313 0.425743299029355 -0.423222946113178
0.144222107923352 0.322714026633191 -0.426781531757538
0.145283982805088 0.390700349318894 -0.424664776549914
0.113700510783245 0.34072037746497 -0.425984718271764
0.114091608698258 0.374525575029095 -0.425029164077129
0.487287250232825 0.613253520107233 -0.378320079169664
0.42584401288073 0.578901649020932 -0.395093970905379
0.456257334569667 0.633117193699129 -0.37941376816049
0.301983372892314 0.509012215189551 -0.414893792767651
0.364075163016328 0.543896803600661 -0.406973065616718
0.393303128180684 0.670770404784786 -0.380730925214908
0.395013659637291 0.597930472126581 -0.395523594131092
0.424912806752221 0.652295015145337 -0.38021226478039
0.425687362280286 0.615637034435353 -0.388118211278381
0.0517262383714539 0.609435963250458 -0.4114170519459
0.115033727580931 0.576961247554383 -0.41389204940017
0.0519141804991047 0.576477917675873 -0.41459524669693
0.0831697941731323 0.626193991616071 -0.409166566474921
0.240049636322178 0.509605935906437 -0.417098998316925
0.177880964464669 0.543944941286856 -0.415710601603523
0.20877154547465 0.492446282787379 -0.419134156899843
0.0521218757110048 0.509942225774356 -0.419370229500616
0.115101835016682 0.543434769067461 -0.41675090272863
0.0520433552599934 0.543294912423427 -0.417222435814695
0.0835942203808258 0.493045633229089 -0.420241227040374
0.0835619552013488 0.559981245509894 -0.415752218241716
0.145429496517333 0.661257646854964 -0.402919258461419
0.146393900491348 0.594306830673925 -0.411543573818283
0.114437963388141 0.643444058242766 -0.406372140917021
0.114824924573416 0.610312745111521 -0.410456932778986
0.146071611968071 0.458776072331534 -0.42180099893762
0.146500781216344 0.526724685380832 -0.417630225808027
0.177436478367389 0.475509801547742 -0.420668094893505
0.114920353414844 0.476020252254872 -0.421041899560821
0.177731831057557 0.509754878849496 -0.418418375643646
0.115057087012816 0.509775024074598 -0.41910888221375
0.263614334543357 0.24603568559204 -0.430743736306957
0.266264992331375 0.316002639146945 -0.427972396213307
0.234212218991888 0.265981201317725 -0.429660226723147
0.270192826781358 0.456572561252269 -0.420383027294331
0.268467975203431 0.386211612292847 -0.424688615669177
0.238985331080748 0.439861977508301 -0.422056364785423
0.174497195863269 0.304287447426688 -0.427663618762586
0.236425103953261 0.335377791520647 -0.427097773408498
0.204501017621575 0.285389610404735 -0.428627076051543
0.17524431059523 0.338456499509354 -0.426602488205982
0.235369938237435 0.300644294854971 -0.428419188446818
0.176511876231675 0.406951682405577 -0.424103533502604
0.237382797055965 0.370168184543604 -0.425639762706105
0.207752492131673 0.423327593489613 -0.423264021580536
0.175916472661541 0.372685075561203 -0.425436130055935
0.238239998900103 0.405001184666648 -0.423982252319542
0.206303448451816 0.354259969611487 -0.426248505657189
0.265273545781845 0.737414604202441 -0.380213745161878
0.269586008676776 0.667550774803915 -0.395057590145155
0.297405741045052 0.721858268727914 -0.380718396418855
0.235974887217608 0.7178589058248 -0.387443175338739
0.271248222512048 0.526987709109868 -0.414455762274302
0.271254329394474 0.597353229913306 -0.406244636705829
0.302350787985572 0.544567878138045 -0.411092550466766
0.240297692052567 0.544457914249865 -0.41390749716871
0.361479320511025 0.688529589074194 -0.380982255383483
0.301171065887012 0.651118077903646 -0.395487287629293
0.329494682735084 0.705561583092177 -0.380975849391878
0.363052092123646 0.652459412110995 -0.388832604080444
0.299675808928547 0.686535734564246 -0.388594972622087
0.176052130581203 0.679645205396793 -0.398689763076707
0.239204336286399 0.648740547177827 -0.400471205769381
0.206241491754378 0.698550547991467 -0.393567673948278
0.177009417390681 0.645929908139516 -0.40403453321543
0.237926329983223 0.683353301843535 -0.394420034618145
0.364234733325667 0.580116719037959 -0.401743541675291
0.302037051354561 0.615636615590935 -0.401476922690312
0.333347482683864 0.562300124338809 -0.406894128495398
0.363929572113202 0.616311673681352 -0.395725401875692
0.302396396552635 0.580114077528488 -0.406649505901433
0.332634094379968 0.634040656273988 -0.395710867553357
0.177846205940925 0.578054677336929 -0.412464651797869
0.239954047923255 0.614041836002399 -0.405679315828417
0.209155657438208 0.561462278426212 -0.413246870406193
0.177577735079213 0.612058239908688 -0.408599567636095
0.240288930541608 0.579275324793943 -0.410129445397255
0.208528281324882 0.630216442532281 -0.404947131881091
0.903000816159454 0.728702157120003 -0.00458192985090061
0.869588967311441 0.738968289920255 -0.0731634942281187
0.914097947560205 0.700871785894345 -0.0303298250884643
0.875961694017749 0.762555027180449 -0.0135950256197171
0.778830831724995 0.73513021558121 -0.195299659578884
0.827594781977282 0.741082623096256 -0.137199055481006
0.930635583478751 0.642174104317955 -0.0799467304577657
0.8779068836741 0.709150033263154 -0.0975232574021053
0.923302610981574 0.671976111779129 -0.0554879403263124
0.897135854487869 0.706003279740338 -0.0644632656581299
0.817713286216866 0.827052282443741 -0.0305887364842106
0.840721759072438 0.7708672562621 -0.0815079965181827
0.847514387091872 0.795343777895589 -0.0222912720695478
0.859462999747707 0.76775192378168 -0.0480514944246721
0.548336604614011 0.645942549252391 -0.355757753122648
0.608741761615774 0.675774348598746 -0.326618197069579
0.579156707191872 0.624333433523466 -0.353458229550973
0.547249101892132 0.682826601473552 -0.344439952704745
0.725085733355567 0.721617513173372 -0.246505066321968
0.667960717386538 0.701438764547841 -0.290302991390791
0.639207815209466 0.579148749311236 -0.347635145169914
0.639669883115226 0.652838071644865 -0.323279568661295
0.609465505179637 0.60205898718467 -0.350757121648957
0.609530329658591 0.639056397416947 -0.339250882862885
0.542162978481305 0.755695999400302 -0.318309144230493
0.606975298045462 0.712159202186679 -0.312815427715263
0.545230594203545 0.71943383406151 -0.331972918954981
0.577243115140733 0.697981216368776 -0.329510915518229
0.942268936502434 0.517082175868065 -0.169052475602477
0.894002055439089 0.582601759873845 -0.185823972949699
0.941874143788306 0.548924702889169 -0.148227060972993
0.918292349495903 0.518011683827319 -0.197150098418593
0.782877811775506 0.701794288508961 -0.215524465550936
0.84067456317517 0.644084751600736 -0.201504086053724
0.808889384910805 0.706568145833773 -0.188446808190474
0.936135619812097 0.611625798557547 -0.103609656301366
0.89242409319884 0.615035641625717 -0.165247990908871
0.939858164869604 0.580490385107436 -0.12639329619798
0.910971947967077 0.645570275712336 -0.112443089443398
0.917822432454272 0.582509583982505 -0.156835939415973
0.866083310092482 0.513773361690195 -0.248663945733258
0.868639474035174 0.580729024032674 -0.213232316942622
0.892812944916625 0.516928080059864 -0.22372193316021
0.89409531483552 0.549860723975086 -0.205324846298052
0.856635016038013 0.710287931970569 -0.129315760997253
0.865754797504884 0.64653699576131 -0.173368395639786
0.833551509412656 0.709417996532006 -0.159671504609141
0.884449545515243 0.678453760528049 -0.121039965107409
0.837886669452712 0.677041199909424 -0.181121193353503
0.889266741987285 0.647032974578574 -0.143636233983852
0.686194045836736 0.942727575609103 -0.0585090993706259
0.713308835997434 0.887688046328445 -0.110086183480228
0.720791224446066 0.915524460824163 -0.0524165892906995
0.66548997890998 0.942229026976438 -0.0903413593795375
0.747777348808787 0.762732911969104 -0.201646143659416
0.733780327792804 0.827272920430946 -0.157965318585357
0.773261189098455 0.767767903153133 -0.173967514831761
0.786617011558093 0.857664276993548 -0.038414540385604
0.746824836787882 0.860117118052339 -0.103757443363556
0.754287904839321 0.88716189538543 -0.0457068332216948
0.799485234497458 0.830339192372058 -0.0642789799755414
0.734654544902003 0.888542523365535 -0.078487530941447
0.619930067747853 0.934521681544468 -0.150177360358057
0.690457996671444 0.884657265001009 -0.140330917607865
0.64333728761526 0.939465205789936 -0.120950962630615
0.678792020020958 0.914144723869164 -0.115821177741482
0.819957335569498 0.771892148204946 -0.113760663548981
0.757301424100384 0.830408850653781 -0.12814112917565
0.797395096963465 0.770844297610145 -0.144631060065894
0.810596115527082 0.801696085455542 -0.0894262812596817
0.766101876001022 0.799575205296826 -0.151564969688941
0.779275592229812 0.83144895096426 -0.0968587808004647
0.751348859923388 0.481866603722103 -0.330583791920187
0.756483901125569 0.5543220600377 -0.305220671542041
0.724459763486229 0.506950375957337 -0.335561461931431
0.780807202085367 0.492407988659812 -0.312866412466766
0.755736537558382 0.69518023402226 -0.240814612328376
0.758335774693461 0.625509462203474 -0.27533497359907
0.727670662778161 0.686836051391559 -0.264255375572515
0.785483891688267 0.667878424669627 -0.23461661080756
0.668327004011085 0.555635434332421 -0.344073354926162
0.728439158412682 0.579912489677381 -0.310458687123546
0.69676458557806 0.531555584860307 -0.340053978750683
0.669536920317123 0.592561803217449 -0.332332860563591
0.726797529082984 0.543584565619322 -0.323564182415458
0.83835475282848 0.508559540081878 -0.271880732092053
0.785691641073855 0.56356681722856 -0.284996431596683
0.809862034990891 0.501380819232987 -0.293296445268816
0.840716106655587 0.542838126404954 -0.255984868394106
0.783647701424036 0.528136434181118 -0.299497065467306
0.669486307883397 0.66550755521172 -0.305481234291359
0.729225289045032 0.615921531607602 -0.296219143151824
0.698866134299702 0.676894761104268 -0.285813013803839
0.669969184703142 0.629197942701428 -0.319481012770207
0.72901214542979 0.651580043150867 -0.28082355534373
0.699579596745923 0.604880350405906 -0.31521044720008
0.842003992409747 0.610667672226817 -0.220788183560931
0.786772301081749 0.598693953579728 -0.269353907249046
0.814262198029646 0.639710736404496 -0.227930957405292
0.841978237962052 0.576891945653319 -0.238952385919514
0.786745170172666 0.63348428528857 -0.252561482337422
0.814255253636322 0.571138399252902 -0.262895234713083
0.51737600641394 0.895392586150705 -0.251036233865435
0.587953344756749 0.852764468550724 -0.245299670217388
0.52561922755744 0.861500097065747 -0.269789692298597
0.54402184521359 0.907793289170907 -0.228377283200389
0.721155917070553 0.755833448987311 -0.227571486984806
0.656022154333122 0.80618918833005 -0.237503039997553
0.693595253334895 0.747185345984569 -0.251676639303735
0.715793636830958 0.789375559967243 -0.207463022025123
0.537935834865087 0.791529735623182 -0.30340941339803
0.59469126007217 0.818553020967293 -0.264063589798392
0.532449701075013 0.826835983839989 -0.287243353495286
0.571288859181414 0.770261881462664 -0.300838872942091
0.560434347854123 0.840504896441622 -0.267171275610137
0.595457353934333 0.927507183906315 -0.177887955070843
0.614875973405537 0.863455113139658 -0.221634462091688
0.570099014469683 0.918549854909371 -0.203979307229033
0.631275148434847 0.90406757846828 -0.173768744972737
0.57977195633647 0.886144638114004 -0.225268958006196
0.636357007050276 0.725194541291398 -0.294297976057008
0.62833995450948 0.795668964844219 -0.260451818640695
0.665275798523359 0.736922827995406 -0.273922770712162
0.604114090506766 0.748142613842328 -0.29780621372232
0.661326853740791 0.771873841923892 -0.256325030110351
0.600051114243277 0.783640548422301 -0.281562190569111
0.700494417333588 0.853930076842601 -0.163807403695665
0.649284092343195 0.839750516623181 -0.217459536495506
0.708925755286263 0.822120121235837 -0.186198424810887
0.666306208670346 0.879534198518335 -0.169076772008609
0.682942441016103 0.815051899634369 -0.212736159885078
0.641050369556285 0.872425114655444 -0.196207165049266
0.488314719026923 0.0679957185742722 -0.436281059438714
0.49472245765647 0.142602639688014 -0.432038226585892
0.519075037152253 0.0813972864908633 -0.433568458683009
0.46102067694309 0.0917671264954573 -0.436457736194094
0.504881545439157 0.292624031280594 -0.421156618972518
0.500088883864226 0.217503892607937 -0.427101141702202
0.580212935933754 0.108772813305718 -0.425958949607747
0.525187619031137 0.156578547937097 -0.428964052158087
0.549725792108767 0.0949968772366203 -0.430156527650168
0.522274760203888 0.118947056748173 -0.43136302781895
0.405935214022381 0.138221474770232 -0.435695136069656
0.467023537355185 0.165907147394812 -0.432281081182083
0.433576052704275 0.115192908754885 -0.43623272495457
0.464172131872727 0.128800735940369 -0.434431082920575
0.51795409236407 0.592723481366076 -0.376913128564202
0.516408725347801 0.518044361626097 -0.392263951477241
0.548209943924555 0.571549659183247 -0.375172351474555
0.487202767329394 0.576144241673371 -0.386356391728857
0.509317623434945 0.367847106497447 -0.413753722313964
0.513299748698949 0.443034481549806 -0.404331340509445
0.607297444083158 0.527378310017543 -0.370596476491451
0.545826098380284 0.496561586118444 -0.390730048590482
0.578007044369721 0.549758016925388 -0.373074988773325
0.547241292821257 0.534116163605763 -0.383397991971124
0.425493549714354 0.542116532629024 -0.401221642291023
0.485527173056535 0.501673597135906 -0.399786606004222
0.45637963037949 0.559234508309098 -0.394421031764368
0.48658073989642 0.538942754533949 -0.393485394202591
0.699193350022214 0.165040580591301 -0.399720125376494
0.645253314373567 0.213612136502516 -0.408070601086102
0.670047121186708 0.150873442056968 -0.407839838989346
0.701212784255835 0.203592958036028 -0.39583817378086
0.535300570079395 0.30770465758243 -0.416668368085116
0.590752334569839 0.261357945534752 -0.413445187630043
0.532905680093179 0.269863932015864 -0.42024603859861
0.610475775561519 0.122699164254885 -0.420891930732081
0.615612885712488 0.199262673117285 -0.414755822119433
0.640446048937927 0.136744993232891 -0.414876290928208
0.583036884789657 0.146818867341475 -0.423338517655466
0.64286520018881 0.175147919622302 -0.411699318698896
0.705892260033511 0.28068357855999 -0.386060320631479
0.647700475948722 0.252105037192537 -0.403928011184509
0.70341235579149 0.242162290389462 -0.391312657965282
0.674541833685513 0.227935182345091 -0.400279050083455
0.527889635833071 0.19428363678922 -0.426340113942184
0.588234068559789 0.223131413189669 -0.417131053207266
0.530445721219048 0.232050612934543 -0.423450634628957
0.555524094841408 0.170702883160534 -0.425118066195488
0.560678881148571 0.24668417120576 -0.418930625083851
0.585683639616084 0.184943876672823 -0.420410883281058
0.292697370432775 0.225539755846017 -0.43185061119985
0.35400054051769 0.254732935063588 -0.430523745594747
0.321459259837887 0.204493127652143 -0.432946097434041
0.294324126770805 0.260790490931034 -0.430386452483458
0.476582040494607 0.314926394473766 -0.421731162170829
0.415331245647409 0.284561629765008 -0.427410068664481
0.474387497755199 0.277601077893562 -0.424755041038299
0.378056974780222 0.160806429616578 -0.434923731312915
0.382650679255785 0.233255018118547 -0.43123813658836
0.349906957756193 0.18290773072762 -0.433987474700499
0.408598499420349 0.174714860553398 -0.433796922690523
0.352047079953249 0.218788425111405 -0.432291321428578
0.297174700639711 0.331491724809253 -0.427201412603381
0.355799542284673 0.290737533656595 -0.428640858973545
0.295810973066286 0.296110175816759 -0.428853558917228
0.325056276286159 0.275687536705622 -0.42971517211225
0.46964187717429 0.20308114023531 -0.429978644650756
0.413253542760829 0.247889387023349 -0.429695328979595
0.472082655370613 0.240315556139648 -0.427485656454865
0.439135593884812 0.188811093291261 -0.432179119350753
0.443838490692307 0.262678803642785 -0.427567334366917
0.411021446400341 0.211272058059703 -0.431809168759958
0.718408897259797 0.432745199806926 -0.356346226273355
0.6586840779518 0.405394842390249 -0.380822724236507
0.691639483109159 0.457078768054447 -0.36061213454986
0.71507699295238 0.395157485727004 -0.365196173889224
0.537639875434499 0.345551495771891 -0.412652353067443
0.598383188533906 0.375956244996554 -0.399307420293142
0.53990989859887 0.383382144326562 -0.408126853005584
0.565623586146128 0.322787874182161 -0.4111855277526
0.636032684009914 0.504444655752521 -0.367710927609855
0.631257940977543 0.428898089688316 -0.383937719078554
0.66416349065119 0.480996315432671 -0.364391711408811
0.605458014472489 0.489748795225789 -0.379046272394926
0.661514229730987 0.443309117594386 -0.373066263376854
0.708693952670481 0.319075177823442 -0.380001466891272
0.655803544537059 0.367276730322352 -0.387720661497981
0.711788173995565 0.357254904765307 -0.373065965703992
0.67963331192532 0.304972594517194 -0.390265726170363
0.685535189141625 0.381494346673416 -0.377214244711161
0.544071889751219 0.458907715734183 -0.397243743426083
0.60089379199002 0.414015623236051 -0.393331437638023
0.542073601613969 0.421174557754909 -0.403016552174797
0.574796529334663 0.474521119918913 -0.388853671559419
0.570439551919777 0.398804182044811 -0.401357106205585
0.603284971128238 0.451954397363809 -0.386601633137448
0.620628087362096 0.276014230831106 -0.406899997662735
0.625895725892863 0.352669614603015 -0.396816034615674
0.593279610305795 0.299593663032507 -0.409291716501729
0.650267444062359 0.290581869477014 -0.399203168433644
0.595829075242641 0.337804700463123 -0.404603008638822
0.65297596960624 0.328990167247224 -0.393824544382
0.301360965050846 0.473459384038416 -0.41813984702118
0.361652151961454 0.435237424272322 -0.418801166421987
0.332479687343961 0.490503888366886 -0.415217218638377
0.300535833359616 0.437920579595509 -0.420915022389902
0.478674287641859 0.352278653067828 -0.418350584912962
0.420786308830746 0.394835308570183 -0.418949079542489
0.480653600929016 0.389644027473381 -0.414543164008729
0.44799063735546 0.336740504330543 -0.422029236686039
0.394547740417727 0.524897528616727 -0.40687557944077
0.392666953246029 0.451827534019313 -0.415472400556214
0.363542874004354 0.507668629315943 -0.411501353866285
0.424734623153538 0.505302557801433 -0.406585850619276
0.362714586662027 0.471445248254366 -0.415415550554276
0.298421543332742 0.366926833485239 -0.425371963411062
0.360402965653741 0.39905453839052 -0.421740780181132
0.299547061123216 0.402406354908171 -0.423300225962578
0.328089233137132 0.347125627808403 -0.426014244573593
0.330610709950618 0.418753285809495 -0.421373334267656
0.48413672650301 0.464356478435008 -0.405341762229772
0.422317783744872 0.431649711973061 -0.415365585082523
0.482490420075558 0.427008189827823 -0.410233365754268
0.454606699910847 0.485118233738028 -0.406083117828782
0.451650883440781 0.410917738682094 -0.415067128079505
0.423652437505804 0.468475901852777 -0.411272165415933
0.386543200775756 0.305939787886206 -0.427068858244796
0.389901215358935 0.378817309693525 -0.421993756048738
0.417276926736652 0.321282108755403 -0.424899581985945
0.357463818447525 0.326797041697586 -0.426590522031222
0.419098001616202 0.358042936062386 -0.42210216794037
0.359000335887668 0.362905115519759 -0.424312827990456
0.547178244057064 0.894677670425282 0.391710591722188
0.579502966153312 0.842746492989967 0.405773761392358
0.530950095551164 0.875266157986347 0.408353196114318
0.576355652241071 0.89246662063583 0.379542600481119
0.640031888304124 0.723644250838539 0.429846464529126
0.610977859819965 0.785047437695568 0.418668740888956
0.492159618906399 0.833760694555693 0.435661682405749
0.561242953355709 0.819744302703338 0.422164357336591
0.512347656258509 0.855157925634951 0.423087541677422
0.546079808326126 0.84799963249296 0.415599947917263
0.634999760815859 0.886874300355551 0.349294768220445
0.612238070647973 0.838415830584219 0.393806180562278
0.605588439238906 0.89019531245842 0.365311379122145
0.594657869669768 0.866153002809638 0.386680610161496
0.724760390342934 0.459357974745487 0.458257594389066
0.708416426564251 0.526926488658363 0.453221057114264
0.666074070561126 0.65964425427298 0.439240001763381
0.688879272424018 0.593858377394383 0.446963284113553
0.402122937158187 0.736895982029788 0.457939643527571
0.4725059540409 0.723529020839647 0.45807828694923
0.425500703584268 0.762418333686847 0.457113907780136
0.617436478932586 0.698589798573625 0.442921058127731
0.544732250860772 0.710968591572197 0.453709053044923
0.604307696685079 0.729869996761791 0.438501363733949
0.470768159440401 0.811066985446524 0.445727337353138
0.49619967368231 0.748436657806735 0.453841196013171
0.448463116758286 0.787219451326615 0.452967819368482
0.505687911718697 0.803338633483935 0.441503259369171
0.46059918915984 0.755258641608299 0.455998716098457
0.576114450488269 0.790559873105701 0.428147758363072
0.532164241772453 0.742006889843179 0.450360295601777
0.590508433974012 0.760562688939375 0.433585370961674
0.540913052338382 0.796529795593236 0.435725143214995
0.568279698369806 0.735889370577822 0.445306889055895
0.519103503288871 0.77278809197693 0.446335177040457
0.75006041687186 0.857572712037953 0.269938460264182
0.737414115578057 0.813569880618062 0.328502367604231
0.722151537384922 0.867585627699797 0.291826105386612
0.67527600980435 0.716881069220371 0.419315327021957
0.712043388322399 0.766124259183452 0.379173264270057
0.660706536152661 0.748553931808778 0.413511729631654
0.664391837686971 0.882126308120953 0.33162892452501
0.707042027459152 0.821754064706675 0.347215396656601
0.693521356489473 0.875741442518681 0.31243246178436
0.656201244661449 0.858182218526157 0.356793581351904
0.716237905036878 0.845128183770251 0.320406892550441
0.629138968359866 0.809458951506072 0.400714093987406
0.694579269743133 0.797729332658758 0.37190330586586
0.645313045282595 0.779455868726448 0.407301404342197
0.644381319560268 0.833868181855872 0.37996617892385
0.679026354034419 0.77327751493125 0.394110535199068
0.67599540608568 0.828441641022495 0.364401945050849
0.755592917151786 -0.058658950428197 0.474614085987226
0.75992971268275 -0.00139036112404464 0.474359763305056
0.76282110553027 0.124338895337983 0.472273134770996
0.762501805969211 0.0602880499398535 0.47356553504854
0.738033187733977 0.391558221701829 0.462317741469684
0.748364691656351 0.323857772416932 0.465616227374364
0.760656546334138 0.189924045243012 0.47052127174001
0.755871857845397 0.256548004492779 0.468316568778495
0.229376191803771 0.542042152119569 0.329650550604836
0.286850521543657 0.528190566677789 0.359569380490068
0.247158191161524 0.562276912102688 0.35916148403861
0.411045586474678 0.501542339304657 0.4180367840616
0.347104900425888 0.514710960650739 0.389916619094918
0.287360158087953 0.60817024398331 0.406814861185569
0.307045060143716 0.549743323484529 0.385340759556576
0.266581719799042 0.584454731102531 0.384929513486342
0.276785880205911 0.556018615629488 0.372140875891825
0.69566216138646 0.437026337188009 0.464516430744064
0.622568636941278 0.457008786816608 0.465745165817576
0.688475203539946 0.470232850465201 0.462798745104524
0.478813091026215 0.488158117310699 0.44137397564217
0.549746789585133 0.473676518457826 0.45777605115767
0.671936703831856 0.536467423092323 0.458715354166802
0.615094545954937 0.488965353263736 0.465056479231302
0.680572227737238 0.503393879123851 0.460877382829844
0.651849185533852 0.48005804821389 0.465062131254757
0.378566477467517 0.710908406654658 0.455256636219411
0.399365982735496 0.647038409919798 0.449669133902087
0.355067803100686 0.684732606082138 0.448909676278607
0.413124567885412 0.704533345528483 0.457420209509332
0.436324089920659 0.524695320472388 0.434259017756374
0.418701973449491 0.585113964740816 0.442217803970922
0.402669412927072 0.530994390814532 0.423233873166874
0.309211994471698 0.63303086923655 0.424761209702707
0.375173093230354 0.621673601786177 0.439417858180491
0.33186715807739 0.658666611369065 0.438774883806606
0.319090018680446 0.602539915182393 0.416118035259616
0.365274273637501 0.652898321676524 0.444427028827051
0.484031495130927 0.6919604190137 0.459396872521031
0.434149197503023 0.641127812264583 0.454247824374282
0.448295048066555 0.698198529069703 0.458887555071339
0.423828362923876 0.672628778447737 0.456125601950106
0.33805798716588 0.543482253349652 0.398463052818304
0.384721552812076 0.590993392332655 0.434092025808903
0.369915733372425 0.537240084003236 0.411198700151803
0.328712808627354 0.572723650978536 0.407271589203143
0.393892220337922 0.560789555898464 0.428639327058181
0.351525190957623 0.596804538699241 0.425298626017533
0.629846788861091 0.666819794804399 0.446873580611373
0.578810714047206 0.616531532589169 0.460595195964475
0.641510432733311 0.63464792594518 0.450391967889755
0.593331988177265 0.673423254315967 0.452592244218611
0.470836411682855 0.518266338510697 0.443979796015846
0.52495304998293 0.566700297263967 0.459760101841325
0.506116374561182 0.511606587666022 0.452128458012988
0.462383938867054 0.548585334217136 0.446689557096142
0.662554165929311 0.569405428660511 0.456273693227237
0.5888656235861 0.584739898521136 0.462084658310023
0.652413809160012 0.60215303306355 0.453512489179327
0.635149650383139 0.545060426091365 0.462057675254806
0.61565904234769 0.609649181781617 0.458036270029871
0.520227675042728 0.685815740200526 0.458677697173434
0.542063594799563 0.622979968647036 0.46130309289749
0.556725017477668 0.679686836917996 0.456478386659211
0.495082003368599 0.660509458713672 0.460105041953382
0.568093453180087 0.648194375703706 0.458749370930772
0.578421503316811 0.497095858118261 0.462829766688463
0.561462635490376 0.560020903995379 0.462473906897085
0.542032807310731 0.504594992819186 0.458474031419531
0.606996729181523 0.520923858134959 0.464254282405706
0.533773170186224 0.535603114655904 0.459162239989844
0.598258266081166 0.552858878207222 0.463283445300813
0.44403292718816 0.609981060405478 0.451952902355261
0.515563074076017 0.597884451275839 0.460180343802969
0.453448981335492 0.579145887449941 0.449388620494534
0.469588642522261 0.635176752206334 0.457892180476401
0.488900963234471 0.573036601724282 0.455322998087562
0.505602269061593 0.629153738326366 0.460329102482101
0.926165577053687 0.710602592254542 0.066762921103361
0.937734465578912 0.685348878798832 0.138746668350248
0.910006784706605 0.734949657657603 0.0933895973045007
0.923217659651028 0.617522290411782 0.274968293297577
0.936835987115446 0.65392243909595 0.208986389020633
0.872137517567812 0.778965488796056 0.146402805355423
0.918204033048306 0.707424154318977 0.164997145587026
0.891972191391322 0.757776057005625 0.119989464963949
0.915640864968152 0.722021707225712 0.129360607319008
0.760494234162893 0.447314840200454 0.45146365324131
0.814018128394086 0.49129107114619 0.424026758653567
0.752860457971832 0.481862415862796 0.448673760736502
0.897335608612377 0.577451157177663 0.334221036132176
0.860351123526367 0.534989868716271 0.384512835685788
0.735059570411698 0.55055940643944 0.44215404968124
0.804829643957076 0.527029169142437 0.419809524797886
0.74438734341893 0.516296228178376 0.445578974635696
0.779651979828088 0.504452374075636 0.435826238868048
0.777041681645293 0.845653418609573 0.246907629082191
0.822973933343801 0.778795130696972 0.264307536701751
0.802904931628592 0.831809964919199 0.222880900434463
0.773584546238349 0.825323286902477 0.278382657213862
0.896840088786155 0.635380746744235 0.297902730049836
0.862806852878955 0.708547510237299 0.281556487180545
0.906905647067566 0.655110082062458 0.26675717241361
0.850599696629282 0.798418060694918 0.172465874765327
0.849101153705597 0.763612498490021 0.2406529613721
0.827476347738915 0.816052788172543 0.198013356870246
0.874510790311754 0.763600488263391 0.181631336550695
0.826789061456657 0.798161525653353 0.231731710276584
0.757174465840129 0.781128765533649 0.336541157564773
0.816000967044996 0.758152485371734 0.295425238576537
0.766967742019352 0.803738198442401 0.308366961531012
0.79554251749142 0.792164217382125 0.286925656612486
0.91761932201217 0.691300300743693 0.199987594864436
0.869872371685404 0.728216369560767 0.249526765632377
0.913850456955278 0.67380691038081 0.234013990739341
0.896847816687617 0.727877726943767 0.190839387159507
0.889131777092205 0.692029091066801 0.258255000308401
0.873772224178317 0.746627528518015 0.2161114771957
0.688990704227408 0.684550761305805 0.424699706012097
0.758028433367425 0.666805067571773 0.398964045341637
0.701831565511216 0.651665098433109 0.429664416901686
0.709894244793811 0.709275685380328 0.406929695097621
0.883756665163514 0.614790103914418 0.327147527817694
0.823346951734626 0.643840526899813 0.366186193232649
0.867804508632769 0.593505375449777 0.354206409606588
0.868860201022664 0.651598489393647 0.319689101066581
0.724863705202669 0.584589256999217 0.438374508473059
0.771262913291559 0.632485281906784 0.40478457725549
0.713789532541372 0.618316587895398 0.434217767171041
0.760181043803097 0.574188084960112 0.427769958202386
0.7369488255658 0.642671724729127 0.418163074896562
0.744273124345497 0.7577186774321 0.362572922830167
0.776719602516612 0.690582501502284 0.376827016015316
0.728428412240485 0.733710599507009 0.386135563189898
0.775601428835149 0.747867010122619 0.34440158519067
0.74375320941628 0.700575220158877 0.392742284598626
0.828097603102799 0.549481775744897 0.400752363070169
0.804614668116612 0.620962254441394 0.389601814431642
0.849175314272882 0.571686187571312 0.378818499868456
0.794650803212341 0.562521266827056 0.41520344806045
0.836846917235479 0.607994119300297 0.372706664767254
0.783466455242155 0.59769794139158 0.410197383127063
0.835013344040528 0.723346122001326 0.303771744916642
0.808655270968711 0.679150987656875 0.359274397092541
0.852621811580168 0.687806469517233 0.31188107959809
0.805895902077988 0.736437502935059 0.324762636017952
0.839417234790197 0.666177957324476 0.340189243483247
0.79274929549497 0.713850922633759 0.351999096875115
0.617829175333564 -0.857634401139956 -0.124655370598238
0.664864598787277 -0.841768996154966 -0.0805882644183117
0.61099899818804 -0.874044093168457 -0.0983155110995798
0.643289554633645 -0.834718085572003 -0.133202726579108
0.754400883055486 -0.787735060259092 0.0214871289919338
0.711358983637671 -0.818528155760141 -0.0311663280210121
0.589954392890216 -0.904813877388735 -0.042995838817384
0.657247466400862 -0.857015813542606 -0.0497136413470443
0.601456935111697 -0.889966151506499 -0.071209677520921
0.634141334858864 -0.866601269602126 -0.0744325584597255
0.691959465965142 -0.783781858596357 -0.15287283649984
0.693611379784232 -0.815755619027059 -0.0887109629736494
0.66786259145704 -0.810109719537559 -0.142883211661382
0.668715621026092 -0.825903812092171 -0.111708066778661
0.864816025961486 -0.596378482786847 0.235164597216185
0.848132789437581 -0.652931781397484 0.183992203436841
0.79228407393743 -0.749509102984758 0.0758410120532513
0.823801792353053 -0.704315920374736 0.13046460918239
0.527511056005803 -0.947019500574082 0.0777024529430916
0.603271218082135 -0.902797819418807 0.0752838439342138
0.545393679502685 -0.9395061537866 0.0468075790050663
0.742524434197669 -0.798537835778366 0.055955491513259
0.675314285779979 -0.853113319698451 0.0679984533064488
0.722780368417579 -0.816112980065785 0.0288200089659672
0.576705965958436 -0.918203352087409 -0.0137799154636647
0.619647750166429 -0.894157079939616 0.0437799350877259
0.561822566386851 -0.929842867457335 0.0162323845279328
0.612366136476443 -0.895378252461608 -0.0152967041846177
0.582956863556973 -0.917558179806046 0.0459550812156358
0.679916008309322 -0.845385004064165 -0.0241757071761866
0.655294853375813 -0.869387659480882 0.04016369789972
0.70184238249076 -0.831741563799953 0.00205424847355326
0.646865860070037 -0.871049219630939 -0.0187740077534019
0.689719265364255 -0.84334604393071 0.0351259716359279
0.634239789668624 -0.883511911797039 0.012391734644834
0.781806528502028 -0.66325698537857 -0.191448946174086
0.795522390727573 -0.69901735601094 -0.126390404364655
0.760560984425786 -0.695454142127253 -0.182247519713275
0.784559681484509 -0.758225619978878 0.0133957576437406
0.796539691312627 -0.731047139820525 -0.0572273183943511
0.763510498087045 -0.77527678623568 -0.013249750985317
0.715524089599557 -0.755823771571097 -0.162865920695505
0.771725557560389 -0.730156098422914 -0.116866512635488
0.738431667741291 -0.726344984510663 -0.172694039784515
0.720057392704313 -0.772398043113961 -0.130727318743654
0.767728821493269 -0.713190532291671 -0.150160141502265
0.717843986311489 -0.804005173394341 -0.064493098371774
0.772352581103136 -0.74627016708812 -0.0827146950680263
0.741210537406924 -0.790531172426924 -0.0392742844234627
0.720842405064264 -0.788521376077935 -0.0977871099152361
0.769572914668175 -0.761379356582856 -0.0480678654097354
0.746841125611184 -0.759996459395206 -0.107271608800338
0.765396888002701 -0.10619556900881 0.471394031474001
0.791863378310533 -0.15915858966993 0.461220913438074
0.839387528012598 -0.27923861957047 0.424400378038657
0.817197158318968 -0.217520206183862 0.445647448415453
0.873731944584208 -0.535843938822479 0.282880289462465
0.875072758201058 -0.472600741551427 0.326235411341526
0.857112261861216 -0.343087398224377 0.397349736431949
0.869302228038862 -0.407933924570166 0.364545567112564
0.346731590877461 -0.922543465697444 0.308397071381715
0.425607163751842 -0.890471340829119 0.30889345343008
0.37167419773233 -0.93363910387585 0.283083854232057
0.576859564816679 -0.811019765506318 0.304153910271581
0.502414663380236 -0.853165933160053 0.307624504521132
0.42029797659571 -0.949278243641797 0.228535350386679
0.450919847175925 -0.899928425490447 0.283267630898618
0.396246887182296 -0.942586471205984 0.256413707357615
0.411552702427874 -0.917470970520575 0.283390333915673
0.841925650722935 -0.598075869519001 0.266381507906145
0.78165261568186 -0.65785129822677 0.27902711834747
0.835904807551079 -0.627835682622062 0.242183837825482
0.648551184305122 -0.764326752586843 0.298216870600277
0.717000768350061 -0.713255458579419 0.2897745591012
0.818160761704881 -0.684020295594645 0.19125742201668
0.774396055991774 -0.687418892285175 0.255033007029591
0.827979684749935 -0.656534998650707 0.217098953282968
0.805741717355184 -0.658181193958906 0.248832899334305
0.508276867120021 -0.952255037162941 0.108671095961011
0.54487945172502 -0.915465084453027 0.168715179187969
0.487806060673808 -0.955126932094725 0.139469797284695
0.547134288697663 -0.931486130128568 0.108180719631055
0.602484269030974 -0.817032163665264 0.277208451413659
0.576581841028118 -0.869938257126935 0.225078312238111
0.565573212056552 -0.839574010027371 0.279660755980302
0.443674658664495 -0.953630944642271 0.199620415021516
0.522806144269811 -0.91504955221675 0.198821983611181
0.466226002835944 -0.955588741414211 0.169861561154623
0.460275026394422 -0.931482856388009 0.22857973309478
0.50587405303381 -0.936231732697658 0.169646338822534
0.622544976386259 -0.885732165579901 0.104226342975567
0.583175343649249 -0.8933420970602 0.166967302489911
0.585257516104526 -0.909291710849215 0.106739129841
0.565746147480082 -0.913535924263175 0.137951737562631
0.489740355179685 -0.881065129469452 0.282645272452697
0.538469323713198 -0.89176177212617 0.226928006274349
0.527973814278272 -0.86093165587793 0.281460334949749
0.475665196660321 -0.907231864581809 0.256277047691289
0.552754163165991 -0.866545287344193 0.253896703297636
0.499681398021647 -0.912293392735494 0.228071755387515
0.760900743899656 -0.77907130628378 0.0832908410898251
0.727482905965849 -0.792306968095054 0.150897873525367
0.777762600950217 -0.757786752643626 0.110655488134482
0.728156914734574 -0.807500194307192 0.090004035591101
0.638645675394069 -0.79333878535358 0.274081841128108
0.686159908107646 -0.797151485705286 0.214906961954412
0.673990158139207 -0.768518391741481 0.270277419084882
0.627096441880561 -0.820906821884557 0.248805401505272
0.806479293434635 -0.710145692447363 0.164800866390693
0.74180844384811 -0.768384793259854 0.177894902991971
0.792988169144147 -0.734775514105088 0.137880516828165
0.786908267006422 -0.713988712835481 0.198071967027625
0.760860497187503 -0.764107956261349 0.144732548007707
0.658874345837041 -0.860873450364514 0.100580734236563
0.692932511918607 -0.819359191400805 0.156268039365246
0.694117271374644 -0.834778924534852 0.0958128321022752
0.640602171520558 -0.866502729970254 0.132742999775384
0.711550097621885 -0.814476302199976 0.12349040181048
0.741939628703109 -0.715553343084301 0.260712563414992
0.720832660038147 -0.770559664325074 0.209976059077036
0.708446137126643 -0.742587132036601 0.265810136227846
0.765318225380842 -0.715798500898002 0.23009673273492
0.698154420503557 -0.770604370853197 0.240819069045326
0.75444145677492 -0.742836110711186 0.204340380484589
0.599281860998865 -0.871067190786254 0.195165225377431
0.672516584098979 -0.822078195198216 0.188183827702585
0.613952253063371 -0.846869455061446 0.222471687389791
0.620679802382698 -0.869916850156386 0.164328326983755
0.650505309707651 -0.822596165564835 0.219081227582679
0.65729880848055 -0.845240871763596 0.160760404514077
0.911912842974465 -0.370980371143179 -0.24792725279422
0.942957348874728 -0.411363015814621 -0.190363393147101
0.899914869039233 -0.409941813355441 -0.242694180856041
0.973934186490772 -0.482462055605355 -0.0564374948622344
0.964129665172973 -0.448767701147121 -0.125971989423418
0.872125698812064 -0.486286760991027 -0.230625594454275
0.929026128942358 -0.450249393812745 -0.183955003799072
0.886647479045932 -0.448410294354746 -0.236927106075339
0.915630819702693 -0.430452581333913 -0.214246579762065
0.892408901494148 -0.56380903305394 0.227858315230295
0.92978794667195 -0.552993581304446 0.160481287225878
0.885582274558505 -0.592810035594416 0.202475467068018
0.971461222716578 -0.511618339054305 0.0160818376007723
0.956547061584403 -0.535388179907072 0.0891811835983044
0.865972871771756 -0.647411096492043 0.14970298161974
0.919856894041427 -0.580226931829661 0.133476807074121
0.876764039967666 -0.62072550970779 0.176375585716561
0.903999339372989 -0.587408244860299 0.168506649400487
0.802078940165637 -0.629857382628348 -0.200241438062838
0.860135011181747 -0.598355219444755 -0.153473331106926
0.821303412030306 -0.595358268210498 -0.208582580024063
0.811571131460541 -0.648683314986246 -0.168710303291507
0.955355120625912 -0.520477956226296 -0.0482955928322924
0.911476645920201 -0.562074430799942 -0.10245838667221
0.953186395311701 -0.504465032933579 -0.0839014305781003
0.856372191120599 -0.523471049577766 -0.223793747717607
0.879280368895149 -0.562637595614124 -0.161777390052208
0.839418001384802 -0.559862114602667 -0.21644091854169
0.885880141250145 -0.506540117611218 -0.20101513414151
0.85109490640088 -0.579547319439317 -0.185774750465547
0.821792196389642 -0.683608948401545 -0.101554291976008
0.86632053354648 -0.616199679498461 -0.119771549333729
0.818214475084939 -0.666625964910528 -0.135721250311503
0.839765949716926 -0.633046343933038 -0.144770988082592
0.939877421651158 -0.469247161515648 -0.1519889814407
0.905758923655767 -0.544528482267606 -0.136712033920442
0.947985930416289 -0.487352592223032 -0.118556708609023
0.913755149216 -0.48848910940419 -0.177043746701951
0.930428289773232 -0.525150575102012 -0.110707744952378
0.897164486579778 -0.525984097397537 -0.169644049710618
0.804193009331041 -0.739392550713221 0.0404818520041129
0.860109390457729 -0.675730014400553 0.0231975290209809
0.822265281688322 -0.718819136967054 0.0678302674168589
0.813265704500783 -0.727580669392167 0.0047945502946609
0.954416237947379 -0.535281134572748 -0.0120330276093394
0.910215218887527 -0.607613304475916 0.00539247669654275
0.950345300387221 -0.548763403572584 0.0245802078905904
0.93529285672764 -0.557591615758534 -0.0398316528546518
0.85324841358259 -0.672732970807982 0.12261188328204
0.87791992072493 -0.654069863106583 0.0507771338231095
0.838651704728815 -0.69657054668922 0.0952647179843144
0.881283421961898 -0.640032598587206 0.1144461995997
0.850817306245751 -0.687003874191871 0.0594256631599585
0.822168121886169 -0.699524765108792 -0.0665270514523065
0.866374757915149 -0.662877548590222 -0.0131430000847384
0.819305225000402 -0.714235337818391 -0.0309710259817155
0.846481970430632 -0.666824777439995 -0.0758057522285594
0.840534234467155 -0.695796021730494 -0.0041077652265553
0.932966584543723 -0.571335179615695 0.0976303367372575
0.903554778685313 -0.620032374870681 0.0420150967136422
0.943169785988293 -0.560815849443585 0.0612354210249413
0.907867874759213 -0.606226609344826 0.106083671462584
0.927703123909873 -0.584917645428275 0.0332512061308266
0.893867118229372 -0.63087473963664 0.0784619771499788
0.89115339976197 -0.598042442873251 -0.0938520780021667
0.890787579557057 -0.628845288717291 -0.0221769395110752
0.914175046916988 -0.578514505090339 -0.067155944848611
0.869481608765973 -0.632980515609725 -0.0849443282500199
0.91376480543651 -0.593733938529797 -0.0311020612876404
0.869511331712787 -0.648582495870762 -0.0492955436278437
-0.0115729216831927 -0.584280861669131 0.491629781052918
0.0382805114964375 -0.565043039693184 0.491361088412014
0.00671940165403196 -0.606324868041663 0.491228539256545
-0.00955354401409634 -0.554627154050509 0.490759365119183
0.144596041971327 -0.518680113519561 0.489512189960946
0.0909667022831368 -0.542999886641778 0.490589602775992
0.0438873131200636 -0.653644981455506 0.48710079897839
0.0601493959190852 -0.588086144007663 0.49165067237619
0.0249821026531423 -0.629643882011593 0.489771129213752
0.0332398350248929 -0.597752845932575 0.491493986436565
-0.00856914323606591 -0.492708515665673 0.483642567215979
0.0409286844353742 -0.532067367531678 0.489257016608781
-0.00882111237665955 -0.524078976446901 0.488157551447749
0.0154052774097881 -0.543406566436163 0.49007684318343
0.358075735990614 -0.4026287538833 0.486220000811344
0.305346584304246 -0.434191088198741 0.486589605221767
0.198429120183836 -0.492328861135166 0.488355208312394
0.252084949005982 -0.464121530520373 0.487328043906507
0.127250240670718 -0.750714749033597 0.462157698510051
0.148432112099309 -0.683876523670184 0.47957351596678
0.105276448867634 -0.726732834127989 0.470702324630757
0.170011350335481 -0.541882674226829 0.491301294943131
0.162639342486329 -0.61377523231167 0.489523077352542
0.142384053379499 -0.554407216666825 0.491503212415623
0.0635672034180396 -0.67799162354401 0.48309624701204
0.125718538581738 -0.659924604796308 0.48478990397216
0.0840368521097163 -0.70242659512109 0.477658055546173
0.0738120533920697 -0.645389831455144 0.487819490336514
0.116400975324309 -0.693805363034681 0.478639709553347
0.0873751224241323 -0.577569311208374 0.491696142162058
0.133126019999833 -0.62525075035516 0.489053778920797
0.114815654698829 -0.566319350498846 0.49164135260327
0.081749044746017 -0.611811132636421 0.490734807651422
0.138636029962096 -0.590000511126648 0.491323887620734
0.103527968021307 -0.635838201240686 0.488481727949208
-0.00935616127763585 -0.363569118077386 0.443252780755836
0.0419787955879577 -0.399265346519715 0.459360917506722
-0.00900300974163452 -0.395930450536979 0.457001041409645
0.145534930094208 -0.482986805349902 0.485283593203083
0.0937260654818027 -0.439256713133433 0.47410875928723
0.119218666601165 -0.495870118374485 0.486308241475757
-0.0085703726619801 -0.460736412438925 0.477046843413748
0.0424756822787626 -0.432449073554268 0.470279964423815
-0.00873120985602522 -0.428399167470356 0.468216085452995
0.0170015514003755 -0.479011827859385 0.481236027348322
0.0167110934080744 -0.413603966390362 0.463713906361823
0.0668267985233967 -0.52039990002032 0.48833176572692
0.0681862409360511 -0.452518665497414 0.476430942369441
0.0929577428915273 -0.508340504152876 0.487336566663955
0.0421842070234403 -0.498946743495655 0.485108352198533
0.093769842148588 -0.473727074453072 0.481868686483874
0.0426012646168978 -0.46571651603766 0.478820551449317
0.736499228008311 -0.101230301084608 0.476910014763617
0.697473248135408 -0.140721705727717 0.481127039112488
0.748029335918342 -0.128616724654817 0.474086758839529
0.608690718296432 -0.221636523491253 0.485780414480988
0.654399832520916 -0.181407737008087 0.48407237925372
0.773003996515157 -0.185370758405527 0.464616611036726
0.708364075741263 -0.171821949870523 0.479109933923639
0.760484023982537 -0.156532902301015 0.470000540282974
0.728814543183193 -0.150313448364139 0.476718884615109
0.410159343632758 -0.369485326902889 0.486200260917131
0.461470184140657 -0.334781515797688 0.48640480201831
0.561019552035865 -0.260774155711313 0.486514645360031
0.511836674664562 -0.298530484548223 0.486609475383425
0.817487039411573 -0.308676819539303 0.429137878378395
0.752264277739786 -0.298491355160537 0.457620083522078
0.807631389114354 -0.276880874289778 0.440168483858129
0.618217198805693 -0.255748252774452 0.485694695500358
0.6852674784575 -0.280558104927327 0.476710588391259
0.641759297088186 -0.235188158556931 0.48448374696011
0.785200267825913 -0.215110233232982 0.457879017476141
0.741995792254527 -0.266209462892762 0.465112023144487
0.79681118214941 -0.24565200403408 0.449741211007548
0.75261882622728 -0.210308825704494 0.46798286911557
0.775093831852366 -0.272578732925979 0.453770443049972
0.686937193976437 -0.193172808846841 0.481205953990175
0.708584182136473 -0.25775471852066 0.474080132536623
0.664696473223648 -0.214313887864067 0.482994418322462
0.719753712733675 -0.202947779653614 0.475809613151914
0.675103898806191 -0.247333210383037 0.480565555553956
0.731078375524258 -0.234370004612056 0.471161148102979
0.321566878805609 -0.909426753864792 0.332228600799804
0.347818027193369 -0.850355613168749 0.376416115863156
0.296321634479724 -0.894432085732207 0.354477914837021
0.360957905722925 -0.894873830357482 0.332792718937321
0.383664533955992 -0.717058654560039 0.443984429543262
0.36864627702081 -0.785801349083967 0.413746360105537
0.246113565812563 -0.85943880576911 0.393945942774405
0.321750424349133 -0.833533890596056 0.395530364912244
0.271129268358757 -0.877714752510126 0.375068312246402
0.309686743394286 -0.864698418923559 0.37586600112059
0.438324691053298 -0.861773649311643 0.332868559088042
0.385507033688932 -0.834752903996895 0.376663694419859
0.39988564032318 -0.878970022501185 0.333026466769522
0.373907823689991 -0.865551269182433 0.355561462985501
0.388499011336449 -0.423091974784757 0.489409044304923
0.394501725471843 -0.497379930516663 0.489821821342098
0.36166577155455 -0.439572079087907 0.489579793063565
0.392774041526627 -0.645339511155427 0.466900204923555
0.396202910655476 -0.571770691808039 0.482255612485546
0.307492581636313 -0.471202234085026 0.48999575481516
0.366099642387894 -0.513997598423152 0.490094087297518
0.334657884401828 -0.455611828703503 0.489774026258763
0.36438564741013 -0.476731695829574 0.490864701953819
0.149911147112864 -0.774187902154892 0.451964435089129
0.219952676493442 -0.753202330777118 0.454087468174234
0.173201630619632 -0.796973217615249 0.440074571836323
0.161587942102985 -0.741346051791977 0.463255418551463
0.355824538061903 -0.697739178688752 0.456385735257032
0.288563051815605 -0.727489515788859 0.455656020073468
0.349507704448094 -0.733051801566251 0.44389934537785
0.221387676270929 -0.839774095372703 0.411078376610131
0.244840308213246 -0.774913028541589 0.442137324120489
0.197053530799091 -0.81889389820201 0.426452890069548
0.258807271730477 -0.828161955703548 0.412060276180163
0.20921133502808 -0.786589977172811 0.441164820508036
0.18018754011577 -0.672829901894414 0.480414804434034
0.229195891098519 -0.71885912207511 0.465186120908157
0.171712164919511 -0.707518537066512 0.472758321095825
0.195560937690322 -0.730682391269115 0.464280631890983
0.33244255297021 -0.801100513215347 0.413442445271499
0.280095846411386 -0.7620435190498 0.442943546277277
0.341707673591025 -0.767555444795261 0.429574858063856
0.295827510409769 -0.815244126963532 0.412865255931106
0.314984107483845 -0.748066246882128 0.443542471503233
0.270158893439257 -0.795648867330444 0.428401417812286
0.586565688993454 -0.781052449289599 0.327312116426643
0.531450487500664 -0.760842318855422 0.373705377143063
0.550408338172514 -0.802939855617905 0.329520132682284
0.41744726044435 -0.700134842893209 0.443771971388987
0.474684655974728 -0.733533230121626 0.412640309939582
0.411683503533617 -0.73518464922417 0.429648251152067
0.476247147639176 -0.843338637110856 0.332262890325306
0.495735037166205 -0.780953251876217 0.375114980264956
0.513620891857624 -0.823713408861558 0.331160270329946
0.449635778098391 -0.831558809362646 0.355269298565484
0.523309955500202 -0.792882251450449 0.353202560989257
0.395695786205735 -0.802649898768221 0.396065599444356
0.467843374970298 -0.767272571734082 0.395189904882128
0.404430191205465 -0.769407412435693 0.413736724661309
0.42273674871132 -0.817950587653745 0.376558390942369
0.439782004139477 -0.751970393673688 0.413378221604124
0.459487400933408 -0.800002048423014 0.376055173762234
0.197643554350048 -0.528784045362658 0.491055867829306
0.250641652597531 -0.574828119550435 0.490315240977513
0.225238279644535 -0.515142545547472 0.490786470563843
0.195582900860277 -0.565229726532002 0.491545753563563
0.360662106334143 -0.661763682470292 0.467001868360382
0.304959639536784 -0.619590427165122 0.482430974313782
0.364047500957742 -0.625267430323513 0.475714230229495
0.328244487837922 -0.677375051274208 0.466864009886149
0.280187500646774 -0.486331411537358 0.490243512438629
0.279745019949115 -0.560509129837788 0.490389098675499
0.252761942648807 -0.500984319604243 0.490510759886526
0.308656709435388 -0.508373121988783 0.491246067982611
0.252330392151785 -0.537932284191063 0.491490097336834
0.186967775477842 -0.637433504175199 0.486151217200376
0.247565802037295 -0.61152503289218 0.487039204714087
0.192071185100789 -0.601505321552438 0.489887448689833
0.211704160643623 -0.6607960373692 0.481135796152262
0.221410824067196 -0.58850651361486 0.490149812560751
0.366684358628377 -0.551255973508201 0.487292647058927
0.307504524378937 -0.582698494103845 0.487423466987866
0.366030903782062 -0.588387682374911 0.482488899478465
0.337493108372102 -0.530070325516217 0.490277519799336
0.335611408025306 -0.604336669215765 0.482544931488788
0.3087018511597 -0.545581214879781 0.490375736949596
0.262513816716044 -0.705981456557074 0.465936001093244
0.274087284838153 -0.634114980137955 0.482153508351626
0.295528076574057 -0.692131702805983 0.466502626295768
0.236885536261202 -0.683698171206642 0.474414916453221
0.30098552240093 -0.656116442041619 0.475442325920331
0.243001668295737 -0.647867992525799 0.481719120460289
-0.0127283403720244 -0.147745510339463 0.227869047927284
0.0354903029201475 -0.165628957575862 0.271631437454473
-0.0125025846156625 -0.166573346872621 0.26529557270494
0.132345514595628 -0.215638370846134 0.362185283747896
0.0833006855615556 -0.187915032004893 0.31752670700093
-0.0116962213823155 -0.213634949772193 0.331550523560416
0.0356850600109461 -0.188525420555313 0.305553280726082
-0.012140263649674 -0.188704403555436 0.299939587926003
0.01162511978822 -0.177117099064192 0.285068881709967
0.353762012869544 -0.36600978319651 0.480773765839824
0.294528008146098 -0.325310368829133 0.463160834439324
0.328132474161005 -0.381912010350687 0.480800073347998
0.183690881858639 -0.248568515584716 0.402700863863787
0.237759079585735 -0.285626934595721 0.43685227870545
0.276471086250718 -0.412647879125602 0.481364411035342
0.269826273388651 -0.340457140602841 0.463457602193584
0.302365841223663 -0.397458990375406 0.480996815993933
0.298705443473748 -0.361124919210044 0.47319255897533
-0.00977002825052004 -0.331571666364319 0.426821443735569
0.0392534398206328 -0.302055564183075 0.410982122601712
-0.0102279719157899 -0.300224680157977 0.407559413679705
0.0155993972611394 -0.348490832764073 0.436383408512327
0.134383762404589 -0.245607802999102 0.3869379114807
0.0872430435908494 -0.273676099152844 0.397398297307706
0.109077420725367 -0.229515102772045 0.367404112465125
-0.0112109694967965 -0.240848130722941 0.36001537194685
0.0381857798879276 -0.27125806032729 0.389199913833786
-0.0107141683349897 -0.269856782753318 0.385328748545319
0.0126211491108484 -0.227303239936426 0.347800523723129
0.0141125493660912 -0.285545738900959 0.398089997755594
0.0670574617357106 -0.385171056956367 0.455215283926542
0.064722569253659 -0.319477902426195 0.423745771763287
0.0412222808257086 -0.366328963365961 0.445929971102537
0.0402896808610903 -0.333843670870173 0.429849417410504
0.0598459325010705 -0.200992313516313 0.326356746169483
0.062019459251244 -0.257231369708525 0.381033067644024
0.0842655366511406 -0.214638652147889 0.347096031457143
0.0362937636125658 -0.214070965151349 0.336512242751824
0.0856417450607891 -0.243350573324532 0.373725358135649
0.0371671367357033 -0.241796848510216 0.364397315052318
0.171851982903304 -0.469696161540207 0.484298287350025
0.169857108684575 -0.398379798569836 0.468006314844526
0.198129802680214 -0.456007121271964 0.483385786398599
0.145454575852621 -0.447461692188248 0.478752783258181
0.160253878106785 -0.262846484277082 0.405385578800365
0.165540495741492 -0.328995526444782 0.441886980192326
0.186727001283872 -0.281114273429718 0.422472807554295
0.136658902317296 -0.277024918255277 0.408903107103438
0.250458098841782 -0.427473766400679 0.481895652210436
0.195024775737853 -0.384287905196184 0.466410707773109
0.224339024020539 -0.441929727160657 0.482576285288871
0.248044515443097 -0.391167729592503 0.474169669380273
0.196934690012201 -0.419950323542928 0.476090532891481
0.0930602366681854 -0.405031379835219 0.463965628130795
0.143096387172839 -0.377405781554037 0.458498187065041
0.119196341138758 -0.425842268888736 0.471899565549855
0.0919461691125913 -0.371178361938541 0.451335454269657
0.144577971029177 -0.41222593675645 0.469850167449873
0.241522706159042 -0.320103191507773 0.4516781902721
0.192573109307873 -0.349156634959533 0.454285781444652
0.21381776692069 -0.300258737057204 0.437966952578232
0.245009723723794 -0.355332243291216 0.464109053454689
0.189749402115394 -0.314708191890109 0.439656792106756
0.220076158268197 -0.369940804379389 0.465101184196175
0.0889145745486531 -0.305276743814798 0.418162747342667
0.141178099664572 -0.343145727358432 0.444612642808022
0.112886159226011 -0.291149466858187 0.413187534066088
0.0905230874102288 -0.337859533232096 0.436105954065596
0.138979911757464 -0.309617354025283 0.428107520499766
0.116650195647326 -0.35719157947611 0.447781293553194
0.846051484285772 -0.567414186291486 0.289573599212631
0.79255788468074 -0.563616478301964 0.344299268480283
0.848310160542376 -0.536011954225352 0.311654801067908
0.817144572654109 -0.597880971438118 0.295959069052175
0.671537577730927 -0.534252527594623 0.429224459314625
0.733796800437341 -0.552462008989636 0.391072925615876
0.847422474824295 -0.471631412778321 0.352131412871706
0.792680538076653 -0.530895062694918 0.363528139310286
0.848746805184354 -0.504030946656524 0.332533377392049
0.82121488096759 -0.534363104469711 0.338576397499069
0.755946838997149 -0.65554646286805 0.307536769256614
0.76285408897926 -0.59181238049862 0.349645248492786
0.787085083743175 -0.627254403657073 0.301967466817264
0.790709149566107 -0.595789160651656 0.323754066604481
0.415139645248692 -0.406177983142235 0.489252097545388
0.478261833730745 -0.444371833443166 0.488381403956706
0.441567970536436 -0.38883456404167 0.489093629384168
0.419359778400623 -0.443125289104264 0.490335947060033
0.607359774619469 -0.509564576026279 0.458309995154735
0.54258872267533 -0.479245956790682 0.478067322455898
0.493694805026017 -0.352871464249811 0.48868444595738
0.505614509775542 -0.425673928625162 0.487645122917414
0.467761630692894 -0.371064845183166 0.488912939120337
0.473409797194365 -0.407622008712796 0.489577492315414
0.424966677789915 -0.517392914047984 0.486614967348122
0.482178279672901 -0.481228707768666 0.485319944474114
0.422678427272062 -0.480230420897436 0.489453511995662
0.4506069289346 -0.462558790104986 0.488978229230737
0.826224791273936 -0.340915745624935 0.416637980834419
0.777397268664867 -0.397513088627704 0.426227293134519
0.833706544015067 -0.37346857182022 0.402668993860324
0.794347839365084 -0.3369708777283 0.433764695511337
0.66863582267185 -0.499325016565766 0.441893909122568
0.724634057521667 -0.450175398425912 0.434741422522003
0.700708101014403 -0.509779327515248 0.425657575540796
0.844412848316264 -0.438970406992744 0.370384815252552
0.783402599663432 -0.430952199527596 0.412759070936567
0.839807023954839 -0.406200451140261 0.387243096846093
0.818328445845999 -0.468907751944181 0.37601792040112
0.809099344397662 -0.402737784992854 0.407829847645725
0.728476208332564 -0.323528530791388 0.461221065444681
0.744916604329601 -0.390514954822364 0.442360028854876
0.761692421152775 -0.33118416530669 0.448653841224263
0.770117785805443 -0.364221387370362 0.438192757829557
0.762937502351556 -0.525619982015462 0.386411668381353
0.756715021872969 -0.458166298092477 0.417399710646114
0.7322089439991 -0.518566071135277 0.407144470243114
0.791141340885241 -0.497779448546354 0.381378581175072
0.72912410254189 -0.484428376451602 0.42170928980688
0.78801837052239 -0.46441819209767 0.397801208851473
0.622042735371833 -0.758077597080769 0.324517388452955
0.635022329979857 -0.694394338096088 0.366448964521501
0.656783166643473 -0.734033351952193 0.321129576724061
0.594662475809851 -0.749839579855993 0.349074687668443
0.64167641374451 -0.557874106704844 0.432398130649139
0.641467464564748 -0.627262081781767 0.402530295497677
0.673017460725186 -0.568940214623126 0.414968494733904
0.723802991441756 -0.682768613439834 0.312613717478537
0.668197006891205 -0.67025101003923 0.362992430245114
0.690725287024941 -0.708929576348898 0.317155222084709
0.728855629850357 -0.651287346329856 0.334237740054004
0.663329916547769 -0.702621140034662 0.342744360279058
0.53802845841842 -0.727758073625102 0.392626571015982
0.605999083789644 -0.684330035039486 0.388192894610149
0.566598704594803 -0.739699193301041 0.371801225530122
0.601138455606391 -0.71754545491381 0.369385320850925
0.733808634599746 -0.585979141100137 0.373531199862164
0.671406452748992 -0.637080449188317 0.381812794302087
0.703793364308598 -0.578334540345346 0.395328246200633
0.732178744344738 -0.618971750558622 0.354566677243341
0.67299583728972 -0.603261742434169 0.399152820346191
0.700603707287546 -0.645113138030058 0.359025301838317
0.59414511442569 -0.275957920008116 0.486655643950913
0.611284317550772 -0.345806015273085 0.482864300134056
0.569606245231527 -0.295790687602336 0.487399566045073
0.627585867430333 -0.290055980852209 0.48415451624249
0.63617832454884 -0.48728841711646 0.45580724462179
0.625720847410612 -0.416381679359303 0.47263095030547
0.603505227886055 -0.473774468256549 0.467361507002298
0.6644049679486 -0.464272027587229 0.45295846392973
0.519337480436043 -0.334257577457213 0.488378404661417
0.585511910191143 -0.366533558710327 0.484382343631458
0.544654773365107 -0.315228030421981 0.487961822821263
0.526326575843064 -0.37025698310726 0.488436736396965
0.57783756429001 -0.33105488774527 0.486706584146319
0.694918192479699 -0.314039204374215 0.471378861022587
0.644873175942439 -0.35928594022971 0.476463462529818
0.661226798470088 -0.302823654505198 0.479045742118664
0.703843848054699 -0.347783988222244 0.464534974099096
0.636542744781273 -0.324570362953719 0.481092066233994
0.538099709958165 -0.442822283358142 0.483294715810722
0.592450202859321 -0.402184650779541 0.480393975791579
0.570768085182807 -0.458906210906293 0.47653003427565
0.532632482908522 -0.40646758741118 0.486748635804137
0.598494422290326 -0.4379541073085 0.474722988644166
0.559278880918811 -0.38675400969163 0.485669069151692
0.71884318935018 -0.415920957416305 0.446225205400798
0.652394941055123 -0.394176387318424 0.470240842717273
0.691981569420044 -0.440493057112522 0.449762669843509
0.711869023662293 -0.381763729533874 0.456155015121073
0.658951171966244 -0.429194166871141 0.46240805356037
0.678458020466855 -0.371319630124988 0.467543340470114
0.421732094510259 -0.664405078763319 0.456079887793577
0.486190262693111 -0.627780544299826 0.454588084227385
0.424568072501489 -0.628135959038702 0.466544326688434
0.450843105149684 -0.682319193802597 0.443239448778102
0.609950131713777 -0.545229899316227 0.447575979882882
0.549018020466384 -0.588034995990908 0.451786557336135
0.578001486407775 -0.531116010098976 0.4604722780432
0.611182408610269 -0.580663243884878 0.435173563792022
0.426109004655211 -0.554507150552844 0.481836428878032
0.487128949884352 -0.591488300911798 0.465014166609392
0.426004469852242 -0.591461177023283 0.475138369419841
0.455727551646627 -0.536613377613075 0.481220995812714
0.456027025544062 -0.610179083555204 0.465920211599408
0.509115676566925 -0.714130350729623 0.411497172989014
0.51639532401391 -0.644126394732117 0.441137635190393
0.480009546834295 -0.698940127009524 0.428375607846883
0.543046786241678 -0.693787850382699 0.409927811554099
0.48383375669328 -0.663642162999494 0.442367087856572
0.51399815772776 -0.498977426747954 0.479351000746407
0.517847150020195 -0.572076862177817 0.463812741525091
0.545975342109983 -0.515654129430319 0.471067485178777
0.485033513905622 -0.518101020315661 0.480397143786341
0.548150129660311 -0.551952175295705 0.462302877741832
0.486716057888964 -0.554889895205073 0.473623473700324
0.609266029077859 -0.650347656347362 0.405452004347535
0.548498307298875 -0.623787103356996 0.439536362523588
0.610976465934439 -0.615745691648549 0.421123280107953
0.576443689608091 -0.672523644245963 0.407916273659184
0.580107583965536 -0.602632348501764 0.437551282825088
0.54652490725503 -0.659083014927459 0.425574602624136
-0.00960854548047231 0.280804844171174 -0.181875203594048
0.0648452365492628 0.254148254973729 -0.175727273873109
0.0172025587801068 0.309508835364697 -0.174710205551656
-0.00642430562307778 0.241142751309382 -0.185826024437078
0.211433084040176 0.194996521963768 -0.109874331784965
0.141271983121275 0.224706195912111 -0.152713334855673
0.0679467351409082 0.368954878118852 -0.147437449291584
0.0951865161543306 0.284081560900746 -0.164034419905889
0.0428708458875965 0.339293092945951 -0.163337303319568
0.0561241485752405 0.29749293448126 -0.171346704111335
-0.00446373250614607 0.158146892839035 -0.182765647857416
0.0700573668515764 0.210283617243749 -0.176292572391891
-0.0050929499540888 0.200133731636573 -0.186237280366465
0.0314601570189943 0.225669086386043 -0.183108954937719
0.311196627456074 0.123261702524714 0.205218696216927
0.292542181058261 0.137089369579063 0.122663076944961
0.264519744900377 0.168328816857047 -0.0452369540313672
0.286793309120313 0.149494767460998 0.0368053459512263
0.150287257073751 0.464012924870719 -0.0322842564662512
0.190401491498417 0.394576955297938 -0.0682824296244104
0.13438448631393 0.446543181695025 -0.0690844892596927
0.236993331519715 0.22458555231565 -0.0870122222890206
0.219804256965221 0.312191275609446 -0.0866302110442711
0.205826929303971 0.239641307732228 -0.114061473093051
0.0920728170711227 0.397499042395999 -0.126641963966453
0.171432014635698 0.37051715350319 -0.100168204222777
0.114549470504579 0.423815957909907 -0.100597183955434
0.109134396487913 0.357004767233931 -0.13919616250127
0.154135360777515 0.410276505212241 -0.0868261324678853
0.133734696388768 0.269737062238937 -0.152251586491103
0.18588776543243 0.328217950263902 -0.109133412802789
0.170961092096386 0.254815684778275 -0.135713101464125
0.123092303239267 0.314117408600051 -0.147715435277555
0.19734777249245 0.284309318674854 -0.113773569114244
0.14867172564076 0.343275370689999 -0.126564383591841
-0.00492806441920173 -0.00520937229275697 -0.123589492769045
0.0745801116912427 0.0391865190009041 -0.134887188318941
-0.00449503504522505 0.0332347338112073 -0.145734140431211
0.214227615354409 0.151152779100203 -0.100959558445325
0.149463444843777 0.0924390175371909 -0.127453412728754
0.181766280809034 0.165007387769637 -0.127626920314266
-0.00422469853943135 0.115826515922661 -0.175048272499154
0.0751223736997755 0.080169684547805 -0.152333176219276
-0.00425182974454916 0.0739006274702714 -0.162827427849213
0.0352647793380171 0.139847703551185 -0.176086112580562
0.0357022888466629 0.0555288260431745 -0.151297771678698
0.10857103644647 0.194915744620301 -0.164997672676624
0.113024140027707 0.106952240543808 -0.148731553795868
0.14614225593746 0.179728256625037 -0.148889908559503
0.0730938811829059 0.166365766362022 -0.172750953452007
0.148772599391725 0.135423576666332 -0.140534998272795
0.0746717337697259 0.122809883582294 -0.164860205101049
0.730346748767412 -0.0720521317087241 0.47815875537036
0.676998563047194 -0.0458127299528003 0.481129737261792
0.730137086605502 -0.0432533224827516 0.478287937545506
0.709107771150572 -0.0901115913490119 0.480347463025335
0.558690064786463 0.00955796663607691 0.460326725176401
0.618833287355403 -0.0181676488543803 0.475724276496815
0.731570731876046 0.0161122921708758 0.477707403056291
0.674642345998269 -0.0145952090945586 0.480126300331081
0.730842716787871 -0.013916660679546 0.478091924645682
0.703011907676899 -0.0288097729874808 0.480214165063503
0.6666389620746 -0.128807879985777 0.483131869440697
0.652521420158664 -0.0640500782686833 0.481234769062981
0.688086702110529 -0.109245744930393 0.481959435788313
0.681205981237435 -0.0774434076628672 0.481840864830147
0.343956774076418 0.106150017149077 0.28007045623629
0.388358369244777 0.0855976919075458 0.343906475241329
0.498671723242634 0.0365664117792994 0.433792293358742
0.441004384803873 0.0621549525271045 0.395189292584361
0.730806308136745 0.141380576359385 0.474992738237398
0.668935708133546 0.10936062100418 0.475252547595565
0.731717812408368 0.109467493141506 0.475807280212503
0.55460717197986 0.040842090076647 0.455732129035828
0.609761489038875 0.0757483731853411 0.467991645771764
0.585069581365222 0.0272736601496508 0.465756788866018
0.732038057887908 0.0467528141739141 0.477181732104864
0.670489130725154 0.0782983830278437 0.476502624939068
0.732112314464243 0.0779009285089809 0.476541902449294
0.702099871663125 0.0321781198365068 0.478890202140358
0.700833921646084 0.0941681407968272 0.477145395483174
0.645345226122406 -0.000495474892924619 0.477804927252684
0.640971144606997 0.0618065445245571 0.474165918773869
0.615400745392776 0.0134760598604074 0.47306754205895
0.673107265604743 0.0163922194525778 0.478977987451959
0.612476339858546 0.0447502934924671 0.470470683944999
0.671823382503376 0.0473239453422678 0.477755512040134
0.575980727419851 -0.207008670278734 0.484421615413104
0.558823134971953 -0.139107293423242 0.477107322449327
0.599300083452877 -0.187706846190847 0.484515632407712
0.533197077336112 -0.00822538065166937 0.454427203951156
0.544412110239578 -0.0726717976564011 0.466410636568896
0.563291386339081 -0.0222107548910312 0.465084234231182
0.644674421353634 -0.148511085444003 0.48391870453083
0.582158149798458 -0.120454621659169 0.478614145745281
0.622213546139214 -0.16818199406425 0.484364481771018
0.636023943257354 -0.115597049948333 0.482725856025819
0.590359736624103 -0.153964363821551 0.482055335493734
0.623173414137445 -0.0502570598727463 0.47834669969012
0.574894902256792 -0.0872640247442056 0.474455914429543
0.593358540039093 -0.0362619173409788 0.473012295438052
0.628827504572225 -0.082780328454753 0.480766771496854
0.5686325340508 -0.0544918578405222 0.469860981229551
0.605453270802576 -0.101643369236837 0.479861239709546
0.213513821639445 0.524149219944111 0.296641025840705
0.238535024018845 0.475280233856216 0.26114754421632
0.199817786169067 0.508959012154964 0.260497194533359
0.240805530686483 0.516197205606476 0.313029672879926
0.286053439794197 0.372657379679701 0.20979578027651
0.263328549165479 0.42539290885904 0.231381719406092
0.179571024704924 0.487699765106247 0.180835095625953
0.227581019958065 0.462402475605268 0.222491260000501
0.188472852106883 0.496754096382071 0.221702821563711
0.213609194704037 0.485849187742925 0.240774615962451
0.29674397669413 0.500808268076831 0.347499602919855
0.263643497497635 0.46520600037844 0.282413932766707
0.268472795796112 0.50839539420593 0.330099801119219
0.252258424952408 0.490670449964524 0.297173818082884
0.325787148255924 0.143024420400026 0.229907256346315
0.323687466508276 0.200079024580055 0.208704661074125
0.312333210465079 0.151492791848898 0.190828396917172
0.304506299822214 0.316644827907441 0.198259889964548
0.317095407333772 0.258473002373788 0.197855987420222
0.296292923402313 0.167575660038915 0.108301751280558
0.311689314042981 0.210159163250718 0.169870649219992
0.302491255832419 0.15958471769133 0.15010345271153
0.31264125027787 0.180480170712556 0.178959536623343
0.160953074786577 0.474636738183003 0.00873177098832045
0.213384717943844 0.434371834553503 0.053093439149772
0.166209287828725 0.478369925346153 0.0518621381614792
0.183692986359447 0.446837211150443 -0.0132091740264925
0.279576118879503 0.359193696214504 0.170509044394473
0.248678848535166 0.393093960685303 0.108434647969341
0.267881203800516 0.386766162150603 0.179739193871206
0.173090265894543 0.481821369091333 0.138513466446669
0.212810659262743 0.438632392743453 0.096500932519306
0.168891747145178 0.479010500921415 0.0953417915689251
0.196995473560778 0.466726836001061 0.159122201833307
0.191285141925639 0.458559061089962 0.0727873638235484
0.222258477055455 0.377097985607595 -0.0448957532892672
0.233994813864715 0.406005028984445 0.0366694082080803
0.204293338269409 0.413972210498994 -0.031186930625378
0.211874571985912 0.427274474364907 0.00996949994460233
0.241501795822148 0.438252333429288 0.206008217338256
0.232115138552053 0.419808882250708 0.122558463321493
0.255058937924163 0.413102634358649 0.191658075543765
0.219595509420091 0.452091722053294 0.181764835388849
0.25016613934236 0.402471961531749 0.150478212009597
0.214676038069039 0.444253308565554 0.139570582263042
0.41901829610284 0.472370958553353 0.41319709939769
0.372230840323933 0.430206428720877 0.367863643088614
0.38688960051717 0.479307268995405 0.398064145360625
0.305321698792644 0.359992907453709 0.240085402426233
0.333403368903163 0.392712438395606 0.309295031482522
0.295867172323065 0.387060111305821 0.247660366469309
0.325814382164871 0.493453013026082 0.364867796788801
0.343402984755463 0.438282805071906 0.347291500425894
0.355832266944097 0.486305615029878 0.381841272605175
0.306418202665068 0.473709565690867 0.336198897045335
0.364216430347791 0.458167316789372 0.374431020940042
0.274826101903164 0.439568680510396 0.269058496091266
0.324833061011845 0.41977786769532 0.31688045321659
0.285633530513525 0.413564765590214 0.257389984779924
0.28929873330524 0.455695627775993 0.304147915998416
0.308877898658803 0.402714269569012 0.283527313977148
0.315807999433225 0.446743019769531 0.325916382143198
0.262778782514191 0.210116187575945 -0.0545374367038525
0.286714955842794 0.262031965057828 0.0106399294355588
0.281077297416822 0.196831966178102 -0.017072919440092
0.257566146951891 0.252829321358768 -0.0590455300930995
0.289777480340056 0.330484544876246 0.16417649979439
0.286498453640345 0.300254056229717 0.0861860367828455
0.298194466898335 0.300873494109211 0.160893409409303
0.276434481878235 0.346183829051178 0.13039299846794
0.293506465612132 0.175885112765283 0.0659979208310263
0.293719137868215 0.246541596783756 0.0497860213759907
0.290654791164226 0.185360674941584 0.0238051396212929
0.298078191622205 0.199622392748309 0.0972761007997669
0.290690502290103 0.223212928841993 0.0150185110078912
0.237239379501859 0.337271365609657 -0.0541623329135352
0.278844018905655 0.300757037367678 0.01071402365888
0.249064537605125 0.295530943100771 -0.058915843680574
0.248304243608745 0.35817414004717 -0.0168332689432465
0.27190703367085 0.27862289880931 -0.0261762100237953
0.309110520193402 0.240333109647837 0.163757888292425
0.293480046621736 0.266633848782917 0.0861083878929679
0.304650697560825 0.270695430722299 0.160747613527473
0.302976638431495 0.220914271617802 0.130045954333429
0.294654470581742 0.284450289363684 0.123322440534794
0.297264030029279 0.232843208967531 0.0898284810820875
0.250441240224621 0.384332785255472 0.06606973727559
0.279000118703613 0.318555603148989 0.0499100742164443
0.263688737233634 0.36407079454146 0.0975013501589575
0.252175458257989 0.373751858580187 0.0239180306514891
0.276464513230814 0.33295798586046 0.0900212550743996
0.267258329716857 0.338345062695179 0.0151854794338287
-0.0127448034462529 -0.132655379056629 0.188057901896669
0.0394319228543471 -0.116883968015596 0.155215411116785
-0.0124580393604977 -0.121599875835185 0.146390325884037
0.0119213973043046 -0.138845912163219 0.210876842716087
0.148121532663233 -0.0660371319313836 0.125792901040735
0.0940831782564953 -0.0955006750671563 0.133807594502974
-0.0104900035883388 -0.111408008983359 0.0599561940491342
0.0431431519292874 -0.10797233176242 0.1132053377881
-0.0117485300633521 -0.114688418366433 0.103477513273449
0.0147533352091541 -0.115575858231392 0.128317559943176
0.0594759415045006 -0.153989429890086 0.259901484359129
0.0627875331940402 -0.119318135605272 0.183600042256076
0.0358939496905032 -0.145831920519759 0.234988970811201
0.0371194683726877 -0.129507974824484 0.196011642638565
0.309672960357613 0.0957218819695264 0.221819045554503
0.276821682216281 0.055008675839088 0.1822401667003
0.296837052524801 0.102610577670386 0.181775993076609
0.197722625217808 -0.0290313191187142 0.131852592853903
0.240451874781799 0.0125737165308439 0.15132056832743
0.281961312724706 0.112806849465974 0.0971604338856681
0.266523110672962 0.0585667464845398 0.140449082681453
0.28759228241534 0.108277214439837 0.14003533333723
0.282144562234447 0.0810197880097172 0.160037784233988
-0.00555560244196182 -0.0401615652087689 -0.0961268388572883
0.0668262715328601 -0.0627479878648736 -0.0512488217669175
-0.00640333522000356 -0.0700014852662035 -0.0632710861782364
0.033811314929837 -0.0210664616125513 -0.106619925210907
0.158751381250917 -0.0526620731222442 0.0882050192487313
0.123369640621896 -0.0658862490246488 0.0130381926881401
0.130839559214393 -0.0704956078576478 0.0887590772706185
-0.00893384592990842 -0.106124245707117 0.0165252293177829
0.0617326006165766 -0.0841783931756402 -0.0132122877924379
-0.00752399211600937 -0.0925763638836994 -0.0252798673055973
0.0217008903374229 -0.106134259303464 0.0420909522642662
0.0293251792743394 -0.0796146285906869 -0.0406734713170127
0.11150585475131 0.0251078109577734 -0.113283642124884
0.104109849533723 -0.0425517124918332 -0.0569669769043643
0.0730846031090256 0.000785724603622305 -0.112341433547431
0.0705519987329217 -0.0337547377745036 -0.0844666964932554
0.0723525629725613 -0.0981704709536168 0.101400652127834
0.0895826569194055 -0.0832577170891214 0.0183220160285475
0.101808732419071 -0.0857148859586297 0.0931889243627835
0.0486086593384947 -0.102463095234449 0.0706110377889583
0.112216335839175 -0.077581556778593 0.0526852387611306
0.0553757036673394 -0.0967925027303562 0.0280857964286687
0.155458504444035 -0.201647805908277 0.358169255810605
0.153014404266283 -0.147408515130793 0.300610462768149
0.130767068212752 -0.187412372243861 0.334674983059664
0.165165484638665 -0.064632287633507 0.163160545885969
0.15533313750746 -0.10177125869986 0.234443429895098
0.14027219564207 -0.0806141918628665 0.163588357830111
0.0829729845240675 -0.16356822259485 0.285127010076061
0.130079750928932 -0.137353072012595 0.271931151736323
0.106661235175486 -0.174700043322287 0.310196843814483
0.083552753087838 -0.141960655475003 0.250127003361409
0.12991049009753 -0.161228506227843 0.304517976065029
0.088735512699804 -0.107918107459944 0.173922584217577
0.131616802900296 -0.115969064584697 0.237254380332148
0.114678081651914 -0.0950545034256493 0.167201237546486
0.0853550108071716 -0.123369705667945 0.21289341811119
0.134889565103788 -0.0971137294872778 0.200951359047265
0.107640582132245 -0.129337667431488 0.242521458580439
0.241925708974036 0.138722156369684 -0.0687299116960461
0.234179573717582 0.0621298149082358 -0.0309423284673202
0.262785302197034 0.12846647630213 -0.0311757424129288
0.214347431522639 0.108927927803031 -0.0872201875173211
0.184907794743848 -0.0325659085677875 0.0915339362459185
0.213029703617939 0.00412875619290754 0.0246863881449775
0.208813893539275 -0.0107184699257237 0.0986623783787693
0.172224560178355 -0.0392515538795168 0.0514454758408076
0.279502860378051 0.116479289912688 0.0537112493479887
0.248396455670052 0.0589792321163206 0.0106505814397416
0.275077028301513 0.121077784406162 0.0103860406775241
0.269854831735566 0.0867284275649008 0.0741051930013151
0.257394587337812 0.091642556633271 -0.0124211946328041
0.148325853307339 0.0515649057999647 -0.109403596167415
0.206260410440192 0.033372665832119 -0.0447522476653463
0.182868203453058 0.0796679528882502 -0.100755984383032
0.145331317413954 0.0138184240142461 -0.0861993578807284
0.211753897994488 0.0692712650146761 -0.0685026128896673
0.249395841881192 0.0354890330653937 0.123435892715774
0.236155117326179 0.0313949913321615 0.0373923883085886
0.230269374981247 0.0122018396942989 0.109392546380683
0.25941531238071 0.0599611363992378 0.0975192388032029
0.222125725700951 0.00876592458341901 0.066964440370906
0.254973386063389 0.0592805941984342 0.0540186668564227
0.133031497310673 -0.0465912764163833 -0.0243779945401962
0.197657624113086 0.00263615564946578 -0.0162341813029378
0.155824796594871 -0.0451864842298784 0.0123428116295614
0.140332570993607 -0.019484815887126 -0.0577920384350949
0.186005643897885 -0.0216439431211778 0.0162594768491377
0.174663843442147 0.00599243898647249 -0.0537129660143303
0.702150425379189 0.403811169411603 0.466064511529707
0.641436852210451 0.36133505891999 0.46760020820823
0.707957169010431 0.370620015299253 0.467473331490585
0.665878188222584 0.41494437567382 0.467421472793356
0.522564525339988 0.280828934442206 0.433386488209944
0.580797231871287 0.320269658440593 0.456391040369982
0.717590688230824 0.304426410488455 0.46997225313291
0.646603770771376 0.329551766360819 0.468272168042939
0.713098801242773 0.337482499014498 0.468768863205657
0.677379882327448 0.349938837434318 0.469444876016378
0.593050167714225 0.434329808201594 0.462926153023069
0.605500570806695 0.371788864232479 0.463218056701111
0.629437669630579 0.42507470295171 0.466370403245338
0.635720808305464 0.393179281779303 0.46697629575143
0.342661511038425 0.13401087245546 0.266822467418623
0.37899296589546 0.170531860876566 0.313835341846573
0.362633896573292 0.124367947915802 0.30115162487057
0.34110415365416 0.162040707817544 0.255374844529637
0.468756699377172 0.243009931287807 0.400261428744418
0.420760024976887 0.206490473668467 0.359418865671995
0.410225450298489 0.103145612017052 0.36094987737541
0.402978888016242 0.160235158004062 0.343720467685656
0.385300844725711 0.114073245358353 0.332589994175211
0.382231745852679 0.142359636124692 0.322499800511579
0.336166302003548 0.218741650585025 0.23880821842443
0.37543030685078 0.198638661149845 0.306770025047211
0.33902174949511 0.190289328443513 0.245969869745164
0.357551064028892 0.180506469125504 0.281151779734347
0.729344855825903 0.173582137097465 0.474109402276543
0.662120272960402 0.203172224893027 0.471771321140017
0.727309615890771 0.206024631466314 0.473164631774136
0.6980505601855 0.157145052520693 0.475225661543933
0.527304662257841 0.251342843350156 0.434358683350657
0.594117017933159 0.228796329000397 0.458668895189547
0.556016671808849 0.270378506632116 0.446886520489702
0.72144721462783 0.271478991908464 0.471099566959702
0.658979031108772 0.234640974587395 0.470760801289569
0.724682189978186 0.238668296126147 0.472161728056025
0.686491045251893 0.285205944756277 0.471354722815615
0.693336597939442 0.22088921173532 0.473273779333957
0.636652539318362 0.123667513575679 0.470754804537269
0.631307552453532 0.185481407288508 0.467824947883308
0.667062185870324 0.140526737315048 0.474032796485111
0.664804608854424 0.171798678700398 0.472866309028189
0.615927359804247 0.309485847066381 0.46403351109671
0.624476940062195 0.247397884967366 0.465556009776279
0.585640383121435 0.289758713678634 0.456849522550242
0.651238651230285 0.297837216882367 0.469014504045061
0.590073137496963 0.259273155847254 0.457608079424437
0.655358083811818 0.2661981533417 0.469841748865904
0.452190943470722 0.465387448714145 0.426927276227641
0.466357358248604 0.406836081843574 0.42117649266323
0.486325769114031 0.458230999033807 0.438977168612275
0.426588017676625 0.443421641341319 0.408851273289305
0.48998073350085 0.290748290135026 0.417135917921384
0.478915075721833 0.348720641574738 0.417750994928414
0.517487451233918 0.310286874666771 0.432999061437248
0.556933167525815 0.442845849027112 0.457141505229351
0.500019679548054 0.398803077147206 0.435177251970547
0.521294706873653 0.45076477061473 0.449111504783202
0.563611550646532 0.412098367914759 0.456635289771195
0.493389197502606 0.428455720408838 0.436883985160517
0.379847108265215 0.402345821321372 0.362298222002387
0.440528621437351 0.385977296094592 0.402114586943495
0.402353997640337 0.422376750781112 0.387253437826614
0.433756929971506 0.414640209016124 0.40512168284703
0.575524095453301 0.350821121459107 0.456220044117974
0.506234302281648 0.36924377275472 0.433926599549982
0.546090769380733 0.330312826913054 0.446094952757654
0.569801949408921 0.381426727290028 0.456312998035154
0.512050725640484 0.33974831957846 0.43318722536127
0.53456865267357 0.390383671258168 0.446935492911123
0.524275348751489 0.0541227514661605 0.442865726238808
0.516339522353294 0.114726882946406 0.432782743194911
0.494352135971913 0.0670552724344821 0.427041880063753
0.550832596141083 0.0716989935947674 0.451401077369871
0.499716279428029 0.232636835973306 0.419527303538852
0.508369833245392 0.174083348544808 0.424844686465274
0.473415716690588 0.214230484707617 0.402696348351454
0.531734839982329 0.221795095940196 0.435910596641528
0.436974333540601 0.0916284857916654 0.386143691651106
0.486153603557563 0.126794704008256 0.415146101163477
0.465140273582559 0.07957796435919 0.408160313512191
0.433045253972004 0.120732472922606 0.377903579199859
0.490219692654607 0.0971100038362478 0.420791047821926
0.607052047238139 0.10655013478534 0.465673312630276
0.543551286363744 0.132398444066164 0.44381462416609
0.578420964546271 0.0892044976388743 0.459110396529787
0.604211383651335 0.137216315860537 0.463551997097735
0.547192233761759 0.102195931686082 0.447408395404932
0.425039455413563 0.178106433626593 0.364419221902453
0.482051510714539 0.156171989207958 0.41019823771851
0.448509514106004 0.196076069245638 0.384205176808686
0.429102515398833 0.149537597201051 0.370618308989362
0.477828646860382 0.185299879045602 0.40602617984028
0.456956241670929 0.138396892566772 0.39443430625364
0.597797588716947 0.198309653899947 0.460024668842529
0.539808501668568 0.162365657952116 0.440671658711526
0.564520390172618 0.210383519250283 0.449402009833355
0.601147563983919 0.167791673063916 0.461659838901561
0.535888491467166 0.192149422203482 0.438024462394761
0.57184652584508 0.150094372297483 0.453551699153841
0.313808981492442 0.332377726373049 0.234838328533415
0.355531694104254 0.310422397409574 0.296816958405736
0.321182379072921 0.304298561012269 0.232044021607262
0.326149980108888 0.348545408304275 0.270046185509093
0.463806996320874 0.271679141702657 0.398758127490923
0.405871521330988 0.29087381752862 0.3524018295175
0.439160622604194 0.253032883033179 0.37816687643823
0.45853192426438 0.300275231810984 0.39820478163842
0.332328019940019 0.247319078126743 0.234043012524088
0.361519605810447 0.282627595778485 0.29642237330163
0.327357890445666 0.275891455291075 0.231773965936089
0.350458100154351 0.236836674786117 0.268738892914282
0.340143144009602 0.293075886475485 0.26494407379349
0.359425095765339 0.383382478588501 0.334220063880694
0.373465650145159 0.328227423186084 0.326884130652825
0.341427668371407 0.36547971993086 0.303335024461213
0.387037617194574 0.374522986855888 0.357871914990436
0.348824158788469 0.338048943527446 0.299141450964432
0.394940540758376 0.216649659991503 0.331770143569546
0.385272237047526 0.272641465993184 0.326016576259223
0.416181190220854 0.234729059930387 0.355708756734053
0.371403183831057 0.226699493956347 0.301447029223307
0.41123521156704 0.262850295001597 0.353356338778399
0.366794550266283 0.254705912437188 0.297974717698947
0.446908603353627 0.357388379021384 0.399917916688581
0.400057721402682 0.31881508970503 0.352855595218471
0.452905395446242 0.328833300165364 0.398599317245994
0.416230432599875 0.365925840255866 0.37987537015961
0.428478115190543 0.309569105902269 0.376715837147673
0.393779262298726 0.346690573082048 0.354696557195566
0.379245232453637 -0.349753277405755 0.48090952852171
0.367969795986671 -0.278177298403051 0.46438217823937
0.404571637957245 -0.333142015828976 0.481191003684234
0.348880859306563 -0.329823085682441 0.47324058084816
0.344878324997091 -0.143441975868115 0.409272578234242
0.356040564054802 -0.209166492664448 0.440203104126009
0.454700597383175 -0.298850333829621 0.482087454327247
0.392234145138266 -0.261877319348728 0.465433479264822
0.429728593809744 -0.316174743674546 0.481594086282738
0.39853950368583 -0.297241731139824 0.474251905043443
0.290004466938302 -0.290141284677125 0.450899174824478
0.338086535273223 -0.259183066377665 0.451995894196157
0.319117658891984 -0.309886101982406 0.463222522202242
0.34359771734079 -0.294177592289467 0.46363563361971
0.325914111522125 0.0876129113095657 0.259648531532563
0.326594136531913 0.0328395043623759 0.2954217050587
0.345244749704571 0.0783518766848171 0.294842100550458
0.308172195289474 0.0686996436484389 0.240273852840906
0.33577566694746 -0.0814328249118223 0.373193920243303
0.329621671785418 -0.02298292464949 0.334291733538359
0.391557564664215 0.056838330751431 0.356227137611191
0.348677632276981 0.0223306178667925 0.327716237755149
0.367269032782048 0.0680495123811098 0.327096178976876
0.346754734284781 0.0504687944019248 0.310832688668136
0.272130462290345 0.0298121723128824 0.206172784933183
0.306557615705143 0.0151716846045084 0.281160550019854
0.290367880440904 0.0494085610973971 0.222326144968936
0.307043764680046 0.0419453687574327 0.260192569661289
0.552299766926282 -0.226035061598666 0.484134090112304
0.488162949959013 -0.193557581157682 0.471784989261072
0.528297550096401 -0.244750864166161 0.483705669336457
0.543681226478822 -0.191607076569971 0.480379023407306
0.367762764363516 -0.127470836972581 0.413538480660897
0.426376456503292 -0.160146647064678 0.448370871807177
0.373434246722231 -0.159872183520012 0.42868819608124
0.479468694768463 -0.281168934578419 0.482633352545616
0.464358599352077 -0.21111177124372 0.469985225667006
0.504010034312846 -0.263133374978128 0.483188585384418
0.447627868398793 -0.2633479346584 0.47601869410201
0.496053245841763 -0.228123120178794 0.478204779100608
0.527627416071098 -0.123874155134648 0.469465303202491
0.480523431226063 -0.159495269970368 0.464098686695163
0.535392042259475 -0.157534521377385 0.475417500097303
0.511841059989066 -0.175693488342153 0.473619163950542
0.385831770906594 -0.227139455176122 0.454815715216904
0.43329272700945 -0.19392714326034 0.459015537901919
0.37950865666479 -0.193113206286947 0.442514683068186
0.416389362670214 -0.245270109128469 0.466750845330806
0.402948138348728 -0.176776369011889 0.445261004547071
0.440432350076942 -0.228349462017135 0.468286577798901
0.180845756673722 -0.217284145447894 0.380339481933794
0.226755033870643 -0.188328475954248 0.378108923115717
0.206988325063796 -0.234153911242266 0.400901204535452
0.178423156465764 -0.187485250083742 0.355436123871331
0.317423441508864 -0.127736212786937 0.387009627522686
0.272225607147069 -0.158516518087079 0.380409603362857
0.322014436297046 -0.159149283427253 0.405721077834574
0.261587066297988 -0.270795367130074 0.436335439219763
0.253234311406388 -0.204799566645468 0.400079526202463
0.233905399624529 -0.252061201137437 0.419625536720546
0.285315489327007 -0.25574821058943 0.436425359172554
0.230163673836454 -0.219572452777619 0.40002203655561
0.175928991172365 -0.133180028121358 0.298557984345479
0.223921012197144 -0.158484535123413 0.354011636963653
0.176686067832673 -0.159389487011276 0.328107176586851
0.201242851846296 -0.173107224024043 0.354041229797838
0.332528471800664 -0.224947907301287 0.438387296433328
0.276218653654553 -0.189815253208876 0.401069083923029
0.327109191288195 -0.191574093954837 0.422913060519533
0.308958060033898 -0.240470522569482 0.43711624545697
0.299137352503174 -0.174603085904929 0.402964978419067
0.280652649605073 -0.222263533717134 0.419786495714697
0.503314896051539 0.00558343821772655 0.440915260715194
0.454874437616228 -0.0292014232137607 0.425364637743562
0.473904817152852 0.019107926606471 0.424431498418556
0.508424147924279 -0.0259412278324931 0.448254902596572
0.362624019349564 -0.0959358747699559 0.397311267565097
0.408245314089559 -0.0630873987628307 0.410443194913802
0.358114519494698 -0.0652584848527911 0.38029090357519
0.390707842416865 -0.111227270722224 0.418424499789673
0.417685263031282 0.044856451037509 0.382153673683842
0.426350562293356 -0.0153000812302684 0.405698539478892
0.445254385622032 0.032237831862809 0.404872024068803
0.39503911968781 0.0276898835130939 0.369309595139102
0.449841975870073 0.00180599631958837 0.415001915268346
0.520521622420385 -0.090688641716123 0.462775810384014
0.460436380230484 -0.0608277362457625 0.435720616519107
0.514129321929666 -0.0580331559238809 0.455618778386712
0.496841213908447 -0.108474944568469 0.459059171342259
0.484214840741549 -0.043495354321403 0.441972100053784
0.351158019579187 -0.00623584664549125 0.345152101452902
0.403305975754327 -0.0321868541059006 0.396700724017297
0.354289653969395 -0.0353889982887182 0.36279254551989
0.372914302674736 0.0106580608125308 0.356898738451071
0.380594595922547 -0.0488417854497281 0.388177688413794
0.398923897943347 -0.00195327106518465 0.382893132260522
0.449814739384104 -0.143218428683942 0.45176494797008
0.436980808726907 -0.0779035326940883 0.429630779825958
0.419828650396492 -0.127061316789778 0.436559571587033
0.473290398067623 -0.12599174238357 0.455357722304228
0.413761352192909 -0.0947053305852597 0.42382603173092
0.466575545415663 -0.0930929889038549 0.445809014301775
0.189046301464428 -0.0472739011649953 0.165918502342891
0.223552054730124 -0.0544302550652535 0.241040504282351
0.211696311875038 -0.0288092264897977 0.171785229989254
0.182743472511092 -0.0663010362326862 0.200225313128313
0.313500020625887 -0.0973603368348023 0.367030248426555
0.26502265926722 -0.0720868651824679 0.309080975947779
0.310381522666425 -0.0679974997308485 0.346086720944046
0.291222209003437 -0.113035160587527 0.361929790003669
0.253113705025522 0.0100687054332751 0.192160694380995
0.245058984723255 -0.0374259502569244 0.24804636165864
0.233031867702392 -0.00957716737402934 0.180606473862172
0.268439340671634 0.00494632101106128 0.231336355834108
0.227376077162601 -0.0317032800082104 0.210709614679049
0.176470800659855 -0.108965879713277 0.267098563974712
0.221490533443139 -0.078232706951309 0.271027239188204
0.178638767683699 -0.0867340624404744 0.234148376754716
0.198610000834908 -0.118516601014291 0.298402711352237
0.201405673488451 -0.0709158676509449 0.236368060997464
0.306898594070424 -0.0119110954072974 0.302749300523314
0.264841309413083 -0.0456318093296392 0.283295267841883
0.308166070426425 -0.0395639384504475 0.324529947279659
0.286420150460002 -0.0024902688613155 0.268335296420371
0.286667273448781 -0.0559467952009149 0.316066001087593
0.265976711501925 -0.0200630718263781 0.25721539779961
0.246465040570829 -0.143600902185721 0.355344060030593
0.243156501684313 -0.0879307527547312 0.303731408214558
0.268890112229514 -0.128450567322015 0.358004526522532
0.221921027453362 -0.13016263367845 0.327928461223037
0.26642447364483 -0.0996521781777113 0.334117235334025
0.221023653523917 -0.103423272859009 0.300142619617308
0.939542723795895 0.239871399562334 -0.272108986078083
0.983101479211906 0.223017022207174 -0.234806714482102
0.950046854230386 0.266386865766308 -0.257632428054801
0.946517303675936 0.206789531139432 -0.272030662285231
1.06182133181809 0.181161220034357 -0.136563150830528
1.02500861930274 0.203295115447569 -0.189298178761552
0.966632206734855 0.323894312404685 -0.226665530603522
0.994424122775381 0.251410683461856 -0.216194919616015
0.958919821852722 0.294576863400431 -0.242633988499214
0.972523161817268 0.259477510305381 -0.237797462800879
0.956176514059035 0.136870471933953 -0.273034888603246
0.991132038008418 0.185834289907426 -0.233114832891345
0.951875639686479 0.172426956502325 -0.272528702921582
0.969050306700616 0.196369939990733 -0.253563149665018
1.11681928067822 0.0770777988818479 0.121041970480368
1.11977703682606 0.104281115886265 0.0532460286489578
1.09111566400435 0.156959826619297 -0.0775651604159921
1.11092505483581 0.131139080945889 -0.0136842145450475
0.984782466111205 0.447114079108294 -0.152125952471106
1.02070205808443 0.372404275164663 -0.136352462178926
0.982363838329933 0.415825385229447 -0.172345446474344
1.0699854141956 0.211153297427064 -0.112288212928107
1.04921510659994 0.29334965319748 -0.122958208549062
1.05350990135473 0.222249120622347 -0.140738673727521
0.973177010025332 0.354026863243984 -0.20963323968346
1.01672524127673 0.341535656638021 -0.157465876835809
0.97845830796013 0.38473683658027 -0.191522821177592
0.989519088785282 0.318137466340873 -0.202918985751654
1.00047298614331 0.379303601769714 -0.164601135935859
1.01543426513263 0.242445392829591 -0.192785638461691
1.03100681697248 0.302638642355472 -0.151091988347359
1.03523119179522 0.23270001437827 -0.167607798782156
1.00363635251636 0.280840895942743 -0.197274743029936
1.04326287546158 0.262804510177666 -0.145534517380277
1.01103716618961 0.310955667971375 -0.177750080829251
0.963345711160892 -0.0138773276504201 -0.272649581602982
1.00722838075873 0.031625014859231 -0.228908563451095
0.963121518400197 0.0247934265297269 -0.273223465212729
1.06829602768022 0.139678594677737 -0.132825131392297
1.04253025434324 0.0831167344639981 -0.181873312685273
1.05130013638197 0.151866024781282 -0.160503807061483
0.959498281175028 0.10030247345084 -0.273370874523782
1.00522828743187 0.0709516942536891 -0.23007298285956
0.961825540585314 0.0628949273841823 -0.273451258529048
0.979594833812892 0.123139068987423 -0.25296502036326
0.985203763646186 0.0470502082949018 -0.252100521238382
1.01241872037765 0.174943443412914 -0.210742480181118
1.02299278034346 0.0964969633288703 -0.207348829982853
1.03257806293595 0.163625535653923 -0.186511444577482
0.997292087001034 0.148086701814199 -0.232001119369742
1.03836528694408 0.123548858531619 -0.18411645485413
1.00193762124221 0.109786569556361 -0.231060578908789
0.777311717036319 -0.0795677971809136 0.469697473210909
0.831920208256204 -0.0691735367200376 0.454097061556243
0.782794233894678 -0.0509677237975738 0.469303051135633
0.793551044962784 -0.104441853393247 0.464434811227083
0.943514597031823 -0.0398035738771873 0.397630164896341
0.888472032335069 -0.0559184019426774 0.430208605010891
0.789514038695338 0.00947726618712322 0.468766743137302
0.839193454323539 -0.0367142298749855 0.453051203928669
0.786611755804647 -0.02123340052062 0.469058759937246
0.810771765383178 -0.043949483162652 0.462165716778764
0.822581676558439 -0.158950935756281 0.450564822070202
0.850428176410982 -0.0961292657756641 0.445026914819838
0.808451064320905 -0.13103082075255 0.458126268677958
0.821890262121472 -0.100833609489218 0.455710725017742
1.10191469429569 0.0502759700034511 0.18736046712325
1.07565512851473 0.0246079679513756 0.24992879989287
0.994544104347264 -0.0208632413682663 0.356329289650147
1.03928316628657 0.000723523234102372 0.306762770713953
0.793835710951009 0.138966831215565 0.466397026420112
0.853489385168794 0.0982335167901543 0.449687425049506
0.793821879148235 0.105835864596397 0.46719507214059
0.950689383011944 -0.00231562372718874 0.395126821459974
0.90623090590355 0.0509065150608871 0.425427351116728
0.923767452680562 -0.0118431290724184 0.412916723502587
0.791662356297645 0.040986574948212 0.468371453652527
0.851580420253444 0.0638169360946953 0.450636835867908
0.793096160538149 0.0731450692206973 0.467851080137836
0.819172293759523 0.0196929664718875 0.461171519376298
0.823510397610568 0.0856992610142639 0.459918062135853
0.86771558277747 -0.0290098499575187 0.441849660332386
0.877758253348724 0.0401802229342257 0.439571009154455
0.896010216358678 -0.0207350579051031 0.428486262542954
0.844611336043556 -0.00369396389764977 0.452237770820839
0.901850040394195 0.0148955559751673 0.426937548304136
0.848660674089498 0.0298278450979456 0.451467095400881
0.870170600228437 -0.279821590428259 0.406531937244865
0.907993815323519 -0.213786748824871 0.396765973605177
0.859868142865512 -0.248555881477631 0.419668922198814
0.9611452761486 -0.0687584679892697 0.38114234214284
0.93847820071018 -0.143061167498628 0.38820311724215
0.934562929860344 -0.0768071612916728 0.400351200753583
0.835939699862044 -0.187965872549623 0.441663687248751
0.89573438683769 -0.183252875507953 0.410780615649782
0.848413008806802 -0.217887925920164 0.431374640744058
0.852658270200634 -0.156858323941485 0.438003921535847
0.878720243719766 -0.216559675049604 0.415082386406688
0.878914207531104 -0.0905183823804274 0.432276328446517
0.910745779006789 -0.148733791245128 0.406872013066618
0.907056578855371 -0.0840674343816737 0.417395135524019
0.867023939590534 -0.124279856747549 0.434851296865924
0.923678537322008 -0.113181354772847 0.403403860114023
0.882081407120377 -0.153373261564797 0.423460851067746
0.940394212446758 0.684864972653437 0.0402628570950121
0.984595086068977 0.610475270639886 0.0591315428127288
0.952659460798521 0.65787808646397 0.0140345152625091
0.94936481528165 0.674146249572537 0.0762195534820997
1.05360702902667 0.451277367361335 0.0947835883320325
1.02238529885162 0.532463163357528 0.0775090901091803
0.971268485987752 0.600762150081793 -0.0370778903983895
0.996145772494259 0.583064766496725 0.0328056148184292
0.962948593615998 0.629791802565547 -0.0117869929335533
0.975192863295485 0.620954236365058 0.0234484127777825
0.958245605955655 0.647805224058447 0.148054160487209
0.991014221583451 0.598462625362589 0.0949945372778204
0.955351617916513 0.661752449607789 0.112248658037954
0.970987730735948 0.636751323710106 0.0856600333215582
1.11128894470628 0.107335265318658 0.14897417768011
1.10704222351727 0.194836772160338 0.137374832143233
1.11620034716943 0.121015842707887 0.11538595860363
1.07815990217827 0.36749498618955 0.110554651658181
1.0959848439457 0.281782730452693 0.124698350924524
1.11700245961318 0.148223955213364 0.0476080763901245
1.10977113611716 0.208713008121778 0.10352147354565
1.1181012818979 0.134677376120001 0.0814985314994056
1.11384964118014 0.164921911735917 0.10956951772582
0.985609663817571 0.478434487760267 -0.130900562797137
1.02186548256712 0.465125709844891 -0.0680128246650395
0.984750015855137 0.509622416095656 -0.108716957175644
1.00511581094496 0.441480687731509 -0.122468249968088
1.06358284493471 0.422849744135649 0.0679810941240855
1.04830568650418 0.446292380244799 -0.0012113232474003
1.04922561363051 0.464076560534089 0.0596669327435589
0.977644472757731 0.570949143351657 -0.0617267073076399
1.01845797376178 0.495539893235612 -0.0436947944088477
0.982118976269017 0.540514931394312 -0.0856348743924613
0.992960721192086 0.563602392447755 -0.0278417802358384
1.00280463905355 0.503346641242435 -0.0767202187915914
1.03895357898959 0.364247363175757 -0.106804486396267
1.03924068758296 0.425896244855838 -0.0596253140268181
1.0229251479144 0.403398400504409 -0.114391517809735
1.0233343597524 0.434358596187945 -0.0915983396977599
1.01548636745014 0.544251998453729 0.0420148791264254
1.03152127184703 0.486318518016925 -0.00981519138255139
1.03318728418666 0.504568299306634 0.0509926423545108
1.00563096735774 0.554668456845265 0.00681448486732944
1.0418253767178 0.475794066921167 0.0247156109907075
1.01305982917824 0.525440792654269 -0.0187214069754672
0.938089307949359 0.579331681560003 0.282837097949721
0.985276721673991 0.537589104311274 0.234382881250329
0.947861812871503 0.59804706196519 0.251031205651667
1.05488924085398 0.437511061930298 0.129790939180429
1.02442945241862 0.490053517550556 0.182976545783325
1.04137386094026 0.478787052149307 0.121591863403766
0.957975148609744 0.63243984345196 0.183328792434706
0.99148263713283 0.55445849608288 0.20075254670919
0.954509597044413 0.615802485646391 0.217759095565982
0.977170594019258 0.609443433676648 0.157198794067052
0.970652416079498 0.577002771554157 0.226241750134619
1.00942839494357 0.55933188777538 0.104140810385549
1.01026066789674 0.530502311369502 0.174715902037549
1.02621800200005 0.519418053493482 0.113026583294244
0.994342303875992 0.585035125909146 0.130752282309655
1.026910796355 0.505238886161498 0.148281120463196
0.994508554202771 0.570321457931341 0.166106772490282
1.08439390679691 0.199471194075182 -0.0823986973353929
1.09102504734594 0.260631495000106 -0.0306972132172254
1.09649536170305 0.187265103511268 -0.0512446976781493
1.07584721213082 0.241593000260019 -0.0876478451686514
1.07624467592233 0.380969449434154 0.0758968458030914
1.08830437172626 0.321588367946378 0.0221857165984224
1.08720062173806 0.338523665691618 0.0833962226401688
1.07128758054082 0.393651291747308 0.0412961788579182
1.11296078429318 0.161562273710376 0.0140052605397784
1.09999186346163 0.248374990243996 0.00212281853139131
1.10607756286348 0.174603560970846 -0.0190319419055793
1.11247269855779 0.192019403081021 0.0417553213057588
1.0994504907587 0.217801960679777 -0.0246727782157108
1.05313593686386 0.324133231932059 -0.0998021844723546
1.08078777052668 0.302977614356787 -0.037178000674733
1.06543544682014 0.283196657954247 -0.0934239188777413
1.05503008229778 0.354980544853869 -0.0760327434354458
1.07944280960021 0.272264714021458 -0.0626143261836536
1.10396805976595 0.252303355752334 0.0971771116787714
1.09812662245517 0.27880087575683 0.0291038980520435
1.09644339088828 0.295604071857631 0.0904820838517928
1.10947048295743 0.22232559050002 0.0695027207551109
1.09386040469912 0.30890582631477 0.0562178611822325
1.10618222918245 0.235577207301581 0.0356098701910272
1.05264700959592 0.416218304313049 -0.0266930510957904
1.07988241604463 0.333556349163426 -0.0113524046529523
1.0633800798393 0.405435278648886 0.0070186248982463
1.05487750155714 0.385728520725352 -0.0516523557950115
1.0767188623629 0.363834551864345 0.0148253597901449
1.06873515976825 0.344717685029518 -0.0441600016175501
0.92263335391766 -0.331623727140151 -0.25263068107564
0.976600226457626 -0.291807178369044 -0.206517448605322
0.932074750822461 -0.291968236937809 -0.256812216875654
0.940172044983938 -0.352082797099994 -0.225392009849308
1.06137780387965 -0.198021443552314 -0.101934854451244
1.02320891744988 -0.247279154648296 -0.155960508298549
0.947142553018591 -0.212139176432386 -0.263654821597938
0.985087220174566 -0.251314050079262 -0.210886723668826
0.940241263462578 -0.25210884052419 -0.260482533994815
0.959435887658421 -0.272219474127635 -0.234456585416167
0.968494503959025 -0.391090089958704 -0.165379761116121
0.991504703813556 -0.310824720630079 -0.176784277104211
0.955534758788068 -0.371928484001722 -0.196260753493022
0.966750042729788 -0.332044055639677 -0.201644567221409
1.11570156098184 0.0331889241781895 0.126611480942677
1.11761651130811 -0.027601788831944 0.0696889042485619
1.11975522060199 0.0466691614014698 0.0927555003868943
1.09021366266894 -0.144414960083544 -0.0455679811491116
1.1090804504603 -0.0872400722614638 0.0119917881757019
1.11886444998772 0.0739158128441665 0.0248937872985334
1.11778851424743 -0.0138854750745457 0.0354900400362468
1.12080167159868 0.0602756414035073 0.0587514835940502
1.12008053318478 0.0162883933591839 0.0642064358589319
0.962459037817637 -0.0530066405486739 -0.271699289588366
1.00558198520295 -0.0886425559832917 -0.223624924008596
0.960425542184723 -0.0924926777965234 -0.270346678437858
0.986154876727022 -0.0312649266083987 -0.250127861837083
1.06770657736912 -0.155815969885191 -0.106720363277034
1.04124176405312 -0.122874786502279 -0.168328464024027
1.05031520697445 -0.181441515756478 -0.133984581324023
0.952793327910624 -0.17215185525399 -0.266344446670444
1.00245030409539 -0.12923389896917 -0.221110946931462
0.957213023592597 -0.132238937141648 -0.268568703130707
0.973445429347861 -0.19163230835032 -0.241510367024969
0.982299201691286 -0.111069715574337 -0.246676581350772
1.02768168798481 0.0164241378224874 -0.203921309658779
1.02689236876126 -0.0649240793321058 -0.199539496541512
1.00795709514613 -0.00813219514956674 -0.227483100688661
1.00741228331238 -0.0482476559210361 -0.225736965532373
1.00887843723578 -0.229218942667277 -0.186203818897279
1.02064941370501 -0.147017748051993 -0.193729285157747
1.0306657014722 -0.205923245761381 -0.160525932642462
0.992217310325795 -0.21065928245109 -0.214764105917841
1.03667454220658 -0.164426736206405 -0.164640360691717
0.998000591971298 -0.169935650425188 -0.218165494347495
0.992578851425512 -0.459158990872983 -0.0284667104597351
1.02457162530629 -0.379814092410478 -0.0435093833182921
0.991013521118419 -0.443620473370143 -0.0642128308030335
1.06969166573091 -0.214108607899519 -0.0686956663958995
1.05029520199262 -0.29790072641936 -0.0569389443582173
1.05350395434726 -0.240007508926625 -0.0967402046215182
0.978843130716084 -0.409486879514519 -0.132929210815901
1.02061760322236 -0.363792821023699 -0.0785381098220507
0.986398861290465 -0.427029246233698 -0.0991245864966721
0.992113998353541 -0.369603402121613 -0.139412058644748
1.00657860474702 -0.404035374309258 -0.071587713914004
1.01429924104907 -0.288405745663286 -0.150926208981492
1.0331216575511 -0.32298120795999 -0.0850493204156218
1.03500495216488 -0.264790744689354 -0.124198696470057
1.00393409258169 -0.329211593741484 -0.145411674243734
1.04408485885339 -0.281689821384594 -0.0911156487787455
1.01369402517945 -0.346895202287145 -0.112589002096233
1.08329742415051 0.127095482758337 -0.10360910970581
1.08965252760502 0.0420122996761852 -0.0957604932705366
1.09605857164386 0.114163463986632 -0.073019936168137
1.07302868737602 0.0978937516008015 -0.129342259640947
1.08273570229016 -0.129117132610845 -0.0788780111792104
1.08940872985323 -0.0435573743861022 -0.0877488046579295
1.0953165971439 -0.101442729214594 -0.0506014167890954
1.07249064730055 -0.113471528446606 -0.11112681720527
1.11401290564311 0.087499584165767 -0.00853131772368983
1.10077263023319 0.028041831313156 -0.0642969694472359
1.10635995316815 0.10094161815722 -0.0412526023471545
1.11535926848347 0.0437669072299419 -0.00347516178626898
1.09926575726848 0.0711667879608171 -0.0686361001477304
1.04517154028557 0.0423656527136517 -0.179609861398576
1.07754606710438 0.0136689987910557 -0.122534550388405
1.06031046657221 0.0695799976870403 -0.154706782525531
1.04634400614098 0.00133615433085531 -0.177203117808521
1.07609440638801 0.0558722914119074 -0.125955508734633
1.11288336889603 -0.0436763868778289 0.00670800053463618
1.10060562439539 -0.015145239030142 -0.0599003263227715
1.10538209333711 -0.0729149374463252 -0.0220292883230228
1.11497900654106 1.70880108071592e-05 0.00157672776064572
1.09878300884734 -0.058329193496169 -0.0553592493350209
1.10926701980485 0.0140196477014191 -0.031772436550576
1.04437368910376 -0.0813480710190297 -0.171622403663264
1.07741765812741 -0.0286622679722167 -0.118975141520711
1.05964110870112 -0.0975355091364475 -0.142102014631751
1.04607464970482 -0.039921688432731 -0.174563192478778
1.07572908929498 -0.0710636753742132 -0.115194462193071
1.0629946779731 -0.0136900007859528 -0.148846165887399
0.767304750027138 0.412705325698864 0.453973679486472
0.835799991691512 0.383230127836385 0.434499658313015
0.773307939846726 0.378081543099955 0.456227808661957
0.795470287410173 0.434001044388978 0.442470305092091
0.957070895738372 0.307034468480411 0.371956787364886
0.899543162600124 0.348068551187538 0.406834502092415
0.782951641620358 0.308967250174579 0.46005502819162
0.841182893711659 0.347118258483258 0.437323831764899
0.778518933675222 0.343488017933925 0.458248268236504
0.807760575686126 0.363292131383781 0.447865839142798
0.847299626458582 0.476730803696708 0.410266032906963
0.862352559558218 0.403245926596835 0.418212481103168
0.822232175779756 0.455371959452759 0.427869533313886
0.829487719743141 0.419332634349718 0.431354483798698
1.10340282667489 0.0937319763570468 0.181969002507803
1.08093561824539 0.15262846900628 0.235019838418979
1.09262295522279 0.0803004471101902 0.214085668490626
1.10318925299963 0.137264899310586 0.176461054218749
1.00711710393681 0.260331378813909 0.330969421959579
1.04866056183858 0.208552964128374 0.284983264357931
1.06291411182016 0.0543078834475434 0.274633430302132
1.06656465385028 0.138694130098889 0.265338201459124
1.07907275934275 0.0671310356977103 0.245055780835318
1.08082469824386 0.109828979620513 0.240109538252733
1.09770709288229 0.224250207704657 0.164825070499825
1.07942652767979 0.195458244157033 0.229720819676431
1.10128700583344 0.180796989224584 0.170767771682665
1.09255404039626 0.166694483049702 0.203409283361695
0.793130611639434 0.172463290431521 0.465451644965374
0.853624657209524 0.203579179557424 0.445787334021888
0.791698514474004 0.20626277371755 0.464353127672605
0.824479036838973 0.153528157387252 0.45808645087303
0.960708704806148 0.267886659906976 0.375737181932895
0.910168925539345 0.235348076496825 0.415791249405131
0.933309839812615 0.289884094281962 0.393780340817035
0.786618573966519 0.274560942921918 0.461665463088607
0.85186396151398 0.239230630477336 0.444059261732114
0.789530873000981 0.240311349749996 0.463094196335942
0.816637724100812 0.292726890867183 0.452174932110247
0.822191525642141 0.222678847585067 0.455541492636014
0.882796426644991 0.110934437380635 0.437108661373249
0.883609546001248 0.182968916453774 0.433978076893062
0.854448220237847 0.133031820988017 0.448580353560762
0.854488165523641 0.168163375314329 0.447287786307598
0.873374170176516 0.329507960576361 0.424711319205031
0.880449337214868 0.255949878695092 0.429910730392765
0.904143065575466 0.310431588241476 0.410152044790339
0.845648474566856 0.311048287645102 0.439845980453933
0.907684535112508 0.272841292354105 0.413129840066878
0.849206487334232 0.275069638181523 0.442084938520066
0.925293764048468 0.559814943703425 0.312880944549734
0.948340413004592 0.482402164030528 0.326231888652055
0.909618874829371 0.539652306378782 0.340885190689001
0.951540217576416 0.540606424488035 0.290324653115692
0.978722380856764 0.324228329045613 0.347785618793705
0.966117850928114 0.403696480599465 0.337856080308188
0.952222660144117 0.346173091308628 0.367807087263356
0.870392591993144 0.497976179793607 0.38978772911025
0.930375884460854 0.462955576385682 0.352933372606128
0.891246673060693 0.51899279016723 0.366596002116978
0.879317158834378 0.460713454351764 0.394646952063132
0.920626313398518 0.501463995235956 0.347124924192204
0.998394347536619 0.497630004233725 0.242143316523222
0.974249310372933 0.461830032076575 0.304055734238284
0.975946094744818 0.519859445646452 0.266696342413022
0.963588240717651 0.50141595517668 0.297403285159977
0.893878985039586 0.385699032451672 0.403156299442757
0.938883441713819 0.424194603137028 0.358310946311348
0.923890731741042 0.366673082252302 0.386310153584854
0.88714109338833 0.423267013775104 0.399099004795985
0.946162300910829 0.385246285448874 0.363264572631672
0.909899239404902 0.443204794507788 0.377286180227951
0.976486040027101 0.00784659137235576 0.375133457077369
0.985365538833233 0.085904156742618 0.369399896691207
1.0008745315286 0.0186269537878423 0.352986253976476
0.956240541790726 0.035558286025335 0.392724881472799
0.986189980845856 0.2444872742259 0.356166011576278
0.988467343484395 0.164913832631906 0.363248601604606
1.00962160980666 0.219760019033423 0.335208570421431
0.963132011918904 0.228782595940348 0.379177000150275
1.04434233990074 0.041907048057335 0.302600207263987
1.00877649083704 0.0985227479252192 0.346316983953923
1.02358067329214 0.0299949237185027 0.328768962960482
1.04777053844745 0.0833491729735245 0.298413512686273
1.00559444675242 0.0584447300607312 0.349677294052422
0.909311863403489 0.0872574226798718 0.42385764876888
0.962952298091484 0.112213313988806 0.38782925769607
0.933829711729217 0.0620859473739919 0.409009297073371
0.911194196322034 0.123914067456512 0.422157294611852
0.960295754280624 0.073751315172586 0.390321119830554
1.04989745928817 0.166735559411746 0.289671567440264
1.01047986739623 0.13880323266446 0.342828659752776
1.03088960904571 0.193803051080941 0.313001104520689
1.04961030244684 0.124980216465538 0.294127294626213
1.01075033805146 0.179232992673985 0.339145176835951
1.03027260216368 0.111566736855065 0.321178886724163
0.911591848339285 0.19799966832516 0.418162384262979
0.964280535360029 0.150900888608881 0.385178484464887
0.938183221697188 0.213274617769386 0.399874201926118
0.91194123417338 0.160841021208894 0.42027287154307
0.964329496723096 0.189771873216875 0.382310542615208
0.938438826737604 0.13723021900107 0.404836313663637
1.0667591914192 0.3956673155127 0.137593899374631
1.0574655591227 0.365653161310819 0.205373536417962
1.07697982050963 0.3533365878551 0.144987484757098
1.05303032234234 0.42289609629473 0.164401257004803
1.00325163778823 0.300892022833893 0.326386317456975
1.03598800830253 0.333753074875128 0.26901301723619
1.0256871837311 0.276240319059833 0.303748463912628
0.998032862416985 0.341384201338118 0.321425538958775
1.09245834250356 0.267545340419554 0.158576359689586
1.06532695172217 0.323418349753906 0.212015497989961
1.08554754325124 0.31060156726098 0.15197515615874
1.08588118119146 0.25299803371187 0.191823552671493
1.07269210398875 0.338606294105523 0.178904790144361
1.01878135822022 0.473994228467406 0.216813416048413
1.03992757126241 0.391609902969998 0.231257804537535
1.03701803127363 0.449046266503315 0.190852382031112
1.01001616395751 0.457195797664529 0.24949599196923
1.04802938030705 0.407554375360671 0.198320895979431
1.06386038279116 0.223399000759612 0.255290960339849
1.05495673641054 0.307887287170276 0.24403579719039
1.0459210658599 0.25037055593807 0.28000712737424
1.07631428801624 0.23824757879918 0.224153024315765
1.04169387078155 0.29212546933803 0.274696328109199
1.07161154670086 0.28092514456417 0.21826513142522
0.983537087932688 0.421917853889842 0.310274454618997
1.02880737636531 0.375186686671345 0.262928882516403
0.991462451046702 0.381747282823488 0.316061009162775
0.998224813403183 0.439793015487031 0.280739100214024
1.0147902402908 0.358406139096966 0.293066740152009
1.02015147920819 0.416357659546994 0.256425720656976
0.897245444787695 -0.533874692715804 0.252391214664302
0.947063850326376 -0.465254633504122 0.237686953563203
0.900112607220128 -0.503164460283177 0.275953848616259
0.918619997794475 -0.530132479251862 0.220349910528418
1.0282510866691 -0.315487952117524 0.208591777931866
0.990876872681516 -0.39235371483488 0.222902747768873
0.900109795305771 -0.440058182394452 0.319755044967477
0.948687968521338 -0.434491239135219 0.261715431405025
0.90104901869367 -0.47183863170741 0.298439388312654
0.925121315988342 -0.469376804810811 0.268872465298507
0.954083067984732 -0.517503638980637 0.152389994330636
0.966659792683302 -0.459518975479234 0.205060961726269
0.93763440791851 -0.524657885876645 0.186944567323048
0.943389144534607 -0.495361713296222 0.212723678713334
1.10866369288961 0.0199275733939968 0.160024433800635
1.09908895143701 -0.0667428424451159 0.171090599834571
1.09871030358909 0.00697551636331357 0.192706248280574
1.11284159725168 -0.0105702710718678 0.132167796063641
1.05885703505295 -0.235157995584184 0.195136429031315
1.08249411097338 -0.152006545894711 0.182677238508559
1.07054453844128 -0.017663050989247 0.254800691915842
1.08709280847204 -0.0788325600511509 0.203535877948016
1.08595339168332 -0.00558125020079538 0.22438285969573
1.09377448939369 -0.0360886268558095 0.19807615313636
1.11341149033248 -0.0713163914584059 0.0752701821745316
1.1018725934525 -0.0973737404983045 0.143512996541661
1.1144280434261 -0.0410426582094253 0.103883549070254
1.10823363259541 -0.0541186965441137 0.137780560906068
0.879190494172192 -0.311541751641665 0.391961764384903
0.935796421566952 -0.308009473485088 0.346596741197865
0.886804711974851 -0.343573153493063 0.375969007008736
0.899803641144543 -0.278795899087827 0.386607936464683
1.02727611606652 -0.284599844529323 0.233785118645609
0.985713598972358 -0.298846261012507 0.293582405503347
1.01009161697764 -0.323528640090695 0.240537282948433
0.897365019518835 -0.407982925980362 0.339822328529676
0.941784045450345 -0.339833705923745 0.327212854636846
0.892898185953942 -0.375770054603359 0.358577029446738
0.923773920434027 -0.406397314891663 0.313170280299338
0.915097690366415 -0.342461622397662 0.352564393931305
0.93608230517273 -0.209734232545488 0.376423486023179
0.954894413585527 -0.272439059240362 0.340760166947659
0.918810754262501 -0.24484621358956 0.381395737507688
0.928107999643824 -0.276299445965836 0.364667786725353
0.970745668363938 -0.398529367027774 0.254560302270171
0.966652951555875 -0.335760599334394 0.30000821618528
0.991232182402497 -0.361525737132329 0.24747960861961
0.948307208838683 -0.403228643512116 0.284703909053636
0.989491998497644 -0.330305798830161 0.271067899032648
0.945981741109473 -0.371624232670172 0.306561662173546
0.991031218147444 -0.473540974246749 0.00782235261341612
1.01788964461772 -0.421661205310106 0.0646373906345576
0.986354245276169 -0.486663137638273 0.0443524669191694
1.00903689210085 -0.434598226600706 -0.000144380872928175
1.04378542734957 -0.306245123057001 0.175436746945725
1.03552612202792 -0.365570614598264 0.120896634646133
1.02698134553024 -0.345940493068028 0.18257351331708
0.967782668987556 -0.508734289874409 0.116926954434518
1.00945860190472 -0.43322002110259 0.10072178608449
0.978579139932889 -0.498425555402497 0.0808198264463376
0.976841656048034 -0.480970061534621 0.144316152610697
0.999035040380615 -0.460497011658902 0.0726183908188622
1.04029211005147 -0.354416691309726 -0.0150421402675874
1.03512080986792 -0.381984587239509 0.0569255323905785
1.02546183764974 -0.394863827585794 -0.00777618385381986
1.0232367475446 -0.408844922393801 0.028372020335854
0.988379531877219 -0.42263695103242 0.197437801112375
1.01759625906558 -0.404947822745838 0.128510154684328
1.0085007477964 -0.384759290665981 0.189922550739843
0.98370702177987 -0.452224547012821 0.171199611552246
1.02343589281175 -0.375808678707336 0.155838876851002
0.998024462612821 -0.443434381206539 0.136334572483035
0.986520211990238 -0.0599426418919363 0.359797393244961
1.0138456217002 -0.12043962727271 0.319873464294899
1.01041006959549 -0.05038621848817 0.33637788526292
0.976717933915769 -0.0985061261214646 0.363479902350568
1.04274730695273 -0.244813170332856 0.227259686568874
1.032663071818 -0.182473346255551 0.275585493976408
1.05647720755066 -0.204252021855708 0.220980141422473
1.02409716179385 -0.253426704677259 0.258059905993318
1.05267008906679 -0.029198083971558 0.283732066787646
1.03554702613013 -0.111171483738014 0.293215600116762
1.03254560211061 -0.0401235367622261 0.310979362695511
1.0637129681246 -0.0595993093242319 0.259742234573007
1.02408105653835 -0.0805451513963129 0.31532661627158
0.951518499819999 -0.173550367460228 0.371764258286992
1.00180763383393 -0.15969374960431 0.32467358939053
0.96506477426346 -0.136424476065958 0.367452738189557
0.962804440046812 -0.204509826491564 0.354072337086159
0.990269296102521 -0.12887071681381 0.344653609634044
1.0786532747486 -0.121168734531432 0.209143720609671
1.04478812649598 -0.14210317526747 0.270086379794981
1.06844838237308 -0.163006233588693 0.214947243097007
1.07238358076954 -0.0903116248185389 0.234857009893438
1.05177602361909 -0.173182078174765 0.2459878821044
1.05513435999362 -0.10111139922242 0.26481892763295
0.979961582203856 -0.267297102270587 0.314953807949911
1.01131634255799 -0.190825467008255 0.303558109379997
1.00309977447093 -0.260940146588355 0.287344642998114
0.972303558669348 -0.235804456636004 0.335129167556883
1.01876107638137 -0.222118912833327 0.281338205568868
0.987955483791572 -0.19818783326882 0.32975792011678
1.08347872967943 -0.187170951500985 -0.0402125321421008
1.08748134325496 -0.216390245735483 0.029316937890231
1.09479222664634 -0.15929431529435 -0.0114369046222298
1.07511511635457 -0.229631949020865 -0.0345003287919661
1.05888379760994 -0.265746406939219 0.168544236842938
1.07922380838677 -0.242806903058595 0.0996690204489155
1.07225417911979 -0.224524334417671 0.161912627233895
1.05653243037853 -0.295866236425327 0.141305388857782
1.1097906233658 -0.10122245972815 0.0464338641514421
1.09490504943664 -0.187474323345931 0.0582201584363673
1.10357607966127 -0.130598944141515 0.0174898732760472
1.10746697064113 -0.114775980827248 0.081012758999072
1.09637487957773 -0.17367561361296 0.0232522662937471
1.05351644215963 -0.313339288629634 -0.0219223538717069
1.07690082864728 -0.258661044241132 0.035709602411184
1.06512620382903 -0.271716066737021 -0.0284078135832289
1.05366761503168 -0.327916154996443 0.0136597964316956
1.07754094927722 -0.244511274261632 0.000393474978209698
1.09375517468842 -0.14025080849539 0.149419363254034
1.09036863124704 -0.200604426282178 0.0931782812205543
1.08388106330848 -0.182663479784558 0.155542657851053
1.10210771831714 -0.1278137352392 0.11543773851734
1.0827946755214 -0.212981356083876 0.127836844828476
1.09978490472964 -0.157899540667152 0.0869686908555276
1.04464668877996 -0.354120481911252 0.0853625230608215
1.07316817377723 -0.27199381060499 0.0711604800043988
1.05178768380853 -0.325370878963098 0.113535448266835
1.0507096081946 -0.34154000784539 0.0495194659593443
1.06635926251287 -0.284423188513779 0.106454799918241
1.06464041800593 -0.300405174216259 0.0424435374967855
-0.588413775659657 0.946918613236579 0.354138926247192
-0.641465235769978 0.94502489297569 0.318964194453287
-0.587570823106166 0.970205050995296 0.333525089227759
-0.747868333810448 0.919339243261927 0.228849483265401
-0.695676914232288 0.936189994568064 0.27665838456044
-0.578546505569298 1.01559740866293 0.287327121866375
-0.640658314739119 0.968015025257677 0.293012695683959
-0.584045745138486 0.99324551314767 0.311350497029943
-0.613978013273362 0.970185324783738 0.313979915815024
-0.903447621308164 0.77079802230268 0.0120078964583273
-0.874760248583505 0.819069804161402 0.0670537440052248
-0.796051701572884 0.894060415231048 0.176972352320143
-0.838720361684986 0.86045642072276 0.122530469415172
-0.538416936617105 1.09077425676871 0.17526282056236
-0.611801372788482 1.04586974559483 0.177860197901187
-0.551118357030376 1.074724538954 0.205265538724236
-0.743463812414064 0.937941892247265 0.196386160774913
-0.68053163020963 0.994670142621724 0.184962332026346
-0.718892838338306 0.948731305063175 0.222167007512284
-0.571206969755029 1.03685564485359 0.261520720683409
-0.622295977683661 1.02901682684398 0.208283025601438
-0.562058255498003 1.05666587319458 0.234097075657873
-0.604802215241406 1.01429771694083 0.26289192336476
-0.587261428174911 1.05271745947099 0.206174024366515
-0.667238603303301 0.963739822606091 0.270639278090545
-0.656024212013379 1.00370104052393 0.211691736422826
-0.693406218444495 0.957324325836574 0.246974094626394
-0.636909766487845 0.9898587633707 0.265947130734631
-0.688263776339235 0.97689304374867 0.216370579278876
-0.630709971106157 1.01027304243409 0.237689358656248
-0.891347127404161 0.290281620685615 -0.304444414376428
-0.909097830438267 0.346441177141392 -0.280948171149091
-0.936342083259369 0.469970057645893 -0.219123452657903
-0.92464776705078 0.407111566232383 -0.252415423646533
-0.924445122568345 0.716794296596117 -0.0412945370138929
-0.937775825948648 0.6583630882702 -0.0917620663711111
-0.943035264974288 0.533637926990518 -0.181125204207777
-0.943775816461072 0.596863965444479 -0.138561847689435
-0.383795681164725 1.13025326985379 -0.0750488990917458
-0.466095126033977 1.09599810311374 -0.0749066992680869
-0.407081106326206 1.13436466757475 -0.0451897172645472
-0.622299320827333 1.01007645491774 -0.0679118139733346
-0.545737905064088 1.05579809838478 -0.0726741462848011
-0.451008373628913 1.1349252101678 0.0169732712843574
-0.489062994819748 1.09850367246524 -0.0446901853112894
-0.429539833611819 1.13594703250794 -0.0144438559800502
-0.448397078449948 1.11720783107955 -0.0451892184479112
-0.887462060073761 0.778434008740951 -0.0227771439543076
-0.828398424118398 0.843192201919939 -0.0374155108842789
-0.875582238339568 0.804557645881556 0.0041799922396636
-0.695289826853815 0.959210213959058 -0.0603855635813929
-0.76417115750696 0.903506216013711 -0.0501224224713772
-0.846219602691339 0.852147519321142 0.0593331273512194
-0.815650004173974 0.868817062485849 -0.0103381817748311
-0.861823020400636 0.82917942709748 0.0316026343853393
-0.846299115134323 0.837238366679317 -0.00329873397836894
-0.524003765054544 1.10460137720135 0.144345179354573
-0.568820878078011 1.08326460061158 0.0825562025704011
-0.50795132005655 1.11603545472426 0.112782003991467
-0.562128711599064 1.0834223062893 0.145022350064469
-0.644090205204546 1.00926910869526 -0.0364309727194651
-0.609187192181268 1.05102403874156 0.0219596697780971
-0.606603643350497 1.03363728342018 -0.0395330207075385
-0.471329121915567 1.13125956118766 0.0488232529784072
-0.551017355633666 1.09089920402721 0.0502559861849647
-0.490354565187435 1.12494939832117 0.08084933792021
-0.491711446866474 1.11623707984274 0.0172466410744712
-0.529995010984761 1.10489399646449 0.0813396945221365
-0.635466896821051 1.03629137681631 0.14921746619781
-0.60674341903845 1.06011003198525 0.0845932051113898
-0.599325372773429 1.0606347955889 0.146610559317811
-0.584963498625021 1.07314429561519 0.114760120819688
-0.529025275874321 1.07830539173933 -0.0436207887921729
-0.570871777247806 1.07423509907711 0.0196659898171303
-0.568226296754815 1.05666597002472 -0.0419183634737227
-0.510983394988867 1.09851896819338 -0.0136102272974548
-0.589434439882995 1.05508593876974 -0.0103034421124701
-0.531688370266583 1.09599032470752 0.0181171257499245
-0.766912362691715 0.924961763131257 0.169811166721628
-0.747366498591058 0.953450721682261 0.101693044550197
-0.789057036498903 0.909822782846803 0.142628756023472
-0.736228525445051 0.95471264328473 0.163303842533138
-0.680615126193403 0.983608093194884 -0.0325971167932629
-0.718098967000781 0.973196582419388 0.0336324649193016
-0.716105450195993 0.956696834358263 -0.0280364792203465
-0.664348384625972 1.00606555089903 -0.00407984087266377
-0.828831042730354 0.873322881993112 0.087201716077855
-0.766895644431641 0.935253739685055 0.073450051950092
-0.809740817621603 0.892582556773765 0.115028994521194
-0.816231424441542 0.88413394474525 0.0520310523867686
-0.779275488290213 0.923596442715608 0.108040496895538
-0.670415215230231 1.01046469353601 0.152893261463886
-0.714073424605563 0.982091657420263 0.0961020091221499
-0.704038408724226 0.983241593673465 0.157618009292353
-0.658077202757004 1.02411469772296 0.120342416595911
-0.726368847766126 0.969477082634986 0.129806614133827
-0.783692141066193 0.899270440036225 -0.0168546574696628
-0.752109633411578 0.944696422665339 0.039091296574314
-0.750488147204545 0.928573253962598 -0.0227742851544734
-0.801116584094591 0.892802791502058 0.0172680745687822
-0.735113072201114 0.951856562592418 0.00519030861631655
-0.784842607054268 0.914995559401886 0.0452516498728778
-0.627316420842686 1.04447972126077 0.05464484679662
-0.699520619984919 0.992443547884008 0.0624053203370283
-0.646553690541355 1.02641133978758 0.02504364427819
-0.643663049157347 1.0354870498495 0.087517469974211
-0.682886188578404 1.00045130870343 0.0289375337810526
-0.679474297819188 1.0094588302884 0.0913582707902257
-0.625163631282913 -0.819210646598921 -0.179652957331524
-0.666296970050903 -0.769016810538096 -0.20128113462825
-0.613970928918275 -0.807063733091554 -0.205469280324832
-0.74529475986702 -0.648191090356289 -0.241774677696528
-0.707032960240389 -0.711402983099283 -0.222345827684425
-0.584670308608439 -0.780053285698535 -0.255167167383699
-0.653983876742229 -0.753224493590512 -0.228743411812544
-0.600203502242444 -0.794237632868258 -0.230671839893787
-0.633942398784172 -0.780931009079742 -0.217439123386803
-0.859590966708697 -0.358735931695693 -0.297442974423768
-0.837518171570274 -0.434924236159843 -0.286972762239152
-0.780126313873751 -0.580452923190622 -0.259129427541592
-0.810975054105882 -0.509088385770752 -0.274213993088952
-0.510092017867908 -0.709070042497139 -0.3413735594406
-0.585471655844898 -0.682543863432448 -0.323136397331084
-0.530233586492026 -0.728802212752492 -0.321963353945847
-0.729499728875822 -0.628806188448924 -0.268304820781789
-0.659045967633786 -0.65582276370567 -0.298901800350607
-0.711648991530682 -0.661710022581802 -0.259284899680005
-0.567693183792322 -0.764391401263874 -0.278697735811335
-0.604707138713476 -0.701711880822932 -0.301943439648486
-0.549487896250606 -0.747279712561473 -0.301025652339887
-0.603802102747443 -0.750417517911338 -0.26776101430444
-0.567664161441712 -0.715246710121677 -0.312742757077491
-0.67375306433869 -0.724037296556829 -0.239487336436981
-0.641188054412281 -0.688301073766555 -0.289443929405582
-0.693027506318087 -0.693492118293179 -0.249673440211696
-0.639263946719602 -0.736959592440929 -0.254690133334287
-0.676899179714039 -0.675008559360736 -0.275208678549252
-0.622721348464681 -0.719840355800048 -0.279106552190391
-0.887097197600042 0.237807013725845 -0.315300598704254
-0.895334980656258 0.172705222960354 -0.317931757193735
-0.904211700607433 0.0281918228055856 -0.319932532689389
-0.90131687309363 0.102049927417206 -0.31955685476505
-0.877146894914774 -0.281253479205479 -0.305723843120071
-0.890231827536696 -0.203165968236681 -0.311953202459475
-0.903541886786562 -0.0477896649726861 -0.318895175365969
-0.898967325665495 -0.125130413639785 -0.316289002012788
-0.332969399497077 -0.521263626990725 -0.437943826687519
-0.408011243932065 -0.500751299210407 -0.431143257347565
-0.355644592962623 -0.546532946955921 -0.431254968631592
-0.556626234184803 -0.453670074804068 -0.409743166644055
-0.482614280122661 -0.4780894376458 -0.421943357180737
-0.400999994471999 -0.596081169845435 -0.413611300894395
-0.431235351448167 -0.525331283969011 -0.423334909258185
-0.378346730599955 -0.571504011808478 -0.423175896507486
-0.393493707035031 -0.536218384575072 -0.427598489378597
-0.837173845846234 -0.337590436674954 -0.318827337222041
-0.770771434453723 -0.370107920572895 -0.348857557666136
-0.827432082357284 -0.375819458982315 -0.314544675118125
-0.629710002053854 -0.427657187946866 -0.393892305613264
-0.701329797082779 -0.399933502208904 -0.373767975687861
-0.804674639114299 -0.451167489068113 -0.304303451293465
-0.760226432266771 -0.40762870910595 -0.344810743811918
-0.816597141985368 -0.413707440200901 -0.309709226099365
-0.794269103759798 -0.392087365285252 -0.330332934248528
-0.489213702466593 -0.688208322180658 -0.359164453134237
-0.522356776350062 -0.619343338417146 -0.376371175549712
-0.467739489397618 -0.666348352182671 -0.375284593367532
-0.52734588214727 -0.675415270699844 -0.35150946362926
-0.580733889089288 -0.477184744687093 -0.39867481965837
-0.553061823469169 -0.548940366214478 -0.389242973372313
-0.543648679804901 -0.489830356306483 -0.406144290585829
-0.423517382870274 -0.620158859150409 -0.402479837698708
-0.500055990730197 -0.596679602534614 -0.390618965625389
-0.44580047151035 -0.643622220080786 -0.389718063084801
-0.439244869943655 -0.584987572281143 -0.408770996692187
-0.484168869011076 -0.631685799399463 -0.383532372654255
-0.602738893622611 -0.649178267610566 -0.332396638900406
-0.560312644800684 -0.606674360566798 -0.36812986153703
-0.565218677318355 -0.662373655985374 -0.342627448250856
-0.544126641115851 -0.64127555881715 -0.360377399905453
-0.468858299958184 -0.513936569501715 -0.418391184607133
-0.515311233260134 -0.56135486088829 -0.396675780159977
-0.506340829010853 -0.502089143617848 -0.412688501481883
-0.454381944456761 -0.549573891636283 -0.414035505964498
-0.52986164170175 -0.525731996294859 -0.401817576846033
-0.477357701322693 -0.573389020432014 -0.403155074089921
-0.746489738664567 -0.594890494970056 -0.27672109752887
-0.707971021593061 -0.553325858086225 -0.322637282329392
-0.762549537528451 -0.560068495962949 -0.284527398798432
-0.711800788036956 -0.60883718032449 -0.292879767460125
-0.617534613947051 -0.464157516783547 -0.390198177405648
-0.664398322438292 -0.50964428621926 -0.360374176190091
-0.653975864436726 -0.450733227507925 -0.380637341982842
-0.604470194325757 -0.500344269906052 -0.38584526005854
-0.791677233762447 -0.488109902890536 -0.298312124694858
-0.722505498955773 -0.517713854129643 -0.329135045384885
-0.777625580835774 -0.524442090034041 -0.291722981320615
-0.770820573748288 -0.466661183186492 -0.320307127150541
-0.743250877922452 -0.539145809683512 -0.307871425185813
-0.639777304243793 -0.635876871479728 -0.320723866853298
-0.671910797154325 -0.567096448595877 -0.336016672558516
-0.676182690021726 -0.622455751117782 -0.307555477876006
-0.61934422617736 -0.615168882876291 -0.340659875431142
-0.692513030725509 -0.588265598431286 -0.31545475824333
-0.725422855777713 -0.422531150144889 -0.357996452846619
-0.700564375417255 -0.495807037332289 -0.348324517115132
-0.689970890902419 -0.436875968240303 -0.369923082942342
-0.748657682162383 -0.444787375516406 -0.340193408712186
-0.67765374787928 -0.47346539949595 -0.365473223630288
-0.73607735581201 -0.481508211113731 -0.334977571826049
-0.575810424131094 -0.571634290745512 -0.374892209739751
-0.650233453184745 -0.545356256065193 -0.354577178995391
-0.590548059383434 -0.536181019147332 -0.380768231221458
-0.59795978115445 -0.593734791954632 -0.358710052353902
-0.627691348266124 -0.523087765186939 -0.371169287221709
-0.63519824317986 -0.580547527145146 -0.348027186144774
-0.00451817693659823 -0.130160938731764 -0.444727719716968
-0.0565584439214746 -0.111766166096945 -0.443322356067333
-0.0231882200078992 -0.150666595171039 -0.446039036103428
-0.00676908179294429 -0.102358103850222 -0.442829493400063
-0.170658491099779 -0.0694572334144038 -0.441249200680327
-0.112550440416941 -0.091354951255115 -0.442143626642464
-0.0599979822699881 -0.19534361650162 -0.44895113361022
-0.078491897497529 -0.133420506119868 -0.444790347023529
-0.0414598465956575 -0.172556692611608 -0.447469921884843
-0.0505348595630985 -0.142465877422886 -0.445402768420712
-0.00831738559098094 -0.0443110958800266 -0.43906712315819
-0.0603161658562752 -0.0808783142972183 -0.44128447956867
-0.00776361419823487 -0.0737477763529503 -0.440934857234008
-0.0331024070468368 -0.0916098019061979 -0.442007558617408
-0.412762372157091 0.0298932865268911 -0.436795427568162
-0.351493658441154 0.00350308182123896 -0.438723565455775
-0.230132657789417 -0.0462708928615276 -0.440548844053157
-0.29052195401617 -0.0219174652095008 -0.439821982733969
-0.138076923584991 -0.29189123076683 -0.454144924710199
-0.162427133334513 -0.22668178896899 -0.450739476633263
-0.117975757488329 -0.267160374513639 -0.45309362317186
-0.195147571558708 -0.0920840708568663 -0.442835651672315
-0.181480984645966 -0.159878074663844 -0.446846034579537
-0.165412315283698 -0.103045789451909 -0.443253470053499
-0.0789243784826282 -0.218797172932989 -0.450424518343211
-0.141444201037599 -0.202704734869844 -0.449369699170859
-0.0982534269953608 -0.242770268492651 -0.451828165304092
-0.0902929558695886 -0.187705975581121 -0.448413213188323
-0.130409363502333 -0.235184626795931 -0.45129837263947
-0.10701291438918 -0.123768230246564 -0.44422431398118
-0.150950298577753 -0.169778570630771 -0.447355258242639
-0.136012360141179 -0.113621537274636 -0.44371271322985
-0.0996720868082434 -0.155958929881185 -0.446330076231837
-0.1589065145079 -0.136517849682739 -0.445301812775575
-0.120571439094059 -0.179101062300855 -0.447877361581023
-0.00914619561035584 0.0795389455738583 -0.432484935912115
-0.0668441608658455 0.0450073718096921 -0.434047743896078
-0.00903489545727154 0.0478472442722221 -0.433948062961762
-0.174874250987557 -0.0358025702660591 -0.439321257906172
-0.12223938850039 0.00646321748378368 -0.436396069651256
-0.14559653510609 -0.0474508779844759 -0.439685698934098
-0.00865898991431616 -0.0141609941044859 -0.437260381978307
-0.0658373863283894 0.0131036221306726 -0.435680245925346
-0.00888206456361308 0.0165892439226516 -0.435545750534923
-0.0362171727200768 -0.0311704939380098 -0.438174549616733
-0.0377264750698372 0.0310368503289329 -0.434707524774859
-0.0882243508196727 -0.0699743596042925 -0.440657913421012
-0.0932295893655364 -0.00600752425712788 -0.436854764374311
-0.116686252991106 -0.0588389694005963 -0.440126975290168
-0.06279541805906 -0.0498124525854245 -0.439317368691964
-0.119816174368746 -0.0262402171595998 -0.438203700117671
-0.0645406845875175 -0.0184992080149033 -0.437442590893441
-0.863659771826122 0.254682005788233 -0.326411268430295
-0.818074093098445 0.228652567903909 -0.35218285331644
-0.866034533608501 0.222104257780129 -0.329383226402352
-0.71198681218938 0.171802511239252 -0.394111528320538
-0.766863347009296 0.200643530798645 -0.375120936105203
-0.871916806037187 0.154150929740844 -0.33306612503103
-0.818750017546586 0.192799857716534 -0.35560431027914
-0.86905728881979 0.18862956032414 -0.331464043252595
-0.843121544237058 0.207387560424104 -0.342877256232377
-0.4740479135889 0.057147805403439 -0.433486011238498
-0.535040604680589 0.0851438710423398 -0.428179863340549
-0.654553337096096 0.142705038334649 -0.409050910555094
-0.595366922081096 0.113729167464885 -0.420237942879468
-0.877499871205732 0.00860745369974212 -0.335819126478509
-0.822194507958297 0.0472188678425046 -0.362756978377599
-0.877205615380707 0.0459007341098343 -0.335662108363735
-0.710872478129242 0.134149096654327 -0.396860045665327
-0.766227735867668 0.0892458623931421 -0.382786292727967
-0.739075883112571 0.148830159809255 -0.388080303000593
-0.874323594698518 0.118782948412447 -0.334285673603752
-0.821889084713825 0.0840928837133776 -0.361659340043656
-0.876121163001153 0.082660009062927 -0.33514941891804
-0.847075156326547 0.136988492394636 -0.347159527390261
-0.849679747150863 0.0644856665507682 -0.349559642414714
-0.793162490559874 0.178181579306482 -0.367429125414643
-0.794078567070021 0.10476173827556 -0.372028600130054
-0.766551245877896 0.163517841895383 -0.378267808196066
-0.819927465772008 0.156836838637556 -0.358176681609719
-0.766440392097972 0.126404180990172 -0.380782041410585
-0.821072847855966 0.120625581005773 -0.360153236479498
-0.310386313377145 -0.495781736426285 -0.443348118223512
-0.338615270474094 -0.425769290001421 -0.446682432335959
-0.287950612430728 -0.470163398858776 -0.447580563727906
-0.347639032333795 -0.486161260073154 -0.440686243055328
-0.385737771031639 -0.283765194479925 -0.447224573505799
-0.36385293229281 -0.355099942933043 -0.447768681893959
-0.243698856920806 -0.418779046959366 -0.452998756159109
-0.315763060339542 -0.400582898614319 -0.44961938045486
-0.26570863544378 -0.444475954365496 -0.450757999466995
-0.302216827576554 -0.43545829461103 -0.448888662543567
-0.421839437828555 -0.465112119787876 -0.433916873763599
-0.374913810684656 -0.415480164673522 -0.444091190244339
-0.384789936749138 -0.475916182016404 -0.437562500166592
-0.361639261280282 -0.450900078518075 -0.442703369807874
-0.439702244621225 0.00671397226297691 -0.437010334611057
-0.430662068663227 -0.0664785957758644 -0.440191711132241
-0.408829059797435 -0.00655809116626249 -0.438445348454131
-0.404088302250086 -0.211814102143006 -0.445540641827122
-0.418961146417278 -0.13934793055742 -0.443100192579758
-0.347170134393305 -0.0323854766015218 -0.440408754299994
-0.399220295846176 -0.0792530202802124 -0.441677105950071
-0.377973467629858 -0.0195958558922884 -0.439555090982657
-0.404343000522277 -0.0429418891042049 -0.44007667391127
-0.158541599227948 -0.31690234707855 -0.454898284676923
-0.226636990424265 -0.300267232829309 -0.453323197849107
-0.179354039690418 -0.342142483001738 -0.455262219697007
-0.171611128121257 -0.284122638069572 -0.453512804235431
-0.361698335223431 -0.259291930037498 -0.448344985811247
-0.294280512477725 -0.280840152996387 -0.451224163440176
-0.351533211578556 -0.294880898842839 -0.449156114135247
-0.221953045275031 -0.393125973939622 -0.454420434614544
-0.248541570313014 -0.325193311062344 -0.453372961625535
-0.200497457853498 -0.367565262835463 -0.455138009639322
-0.257598116761334 -0.384619806768034 -0.453143155212564
-0.214019331647822 -0.334055813092845 -0.454389968113671
-0.19438662142034 -0.217445621405954 -0.450149314965363
-0.238266724543492 -0.266191293171445 -0.452001663452758
-0.183595574130636 -0.250968039031282 -0.451911676962396
-0.204991438705939 -0.27551157571479 -0.452803254847239
-0.328530664974487 -0.365530092597699 -0.449857922707191
-0.282951408305159 -0.315656651038757 -0.452185271600064
-0.340467909628665 -0.330295807701221 -0.449680727975357
-0.293117639221862 -0.375393680324833 -0.451634617299872
-0.317275281673677 -0.305529725561631 -0.450793392887323
-0.270704756507097 -0.350249238610249 -0.452847180450248
-0.568759115047741 -0.417272838827959 -0.412690730497046
-0.519116393751594 -0.369408518523359 -0.428662351551732
-0.532272014590849 -0.429860363095798 -0.419148744675317
-0.419893659601157 -0.272226018342029 -0.444942520838025
-0.469343968088746 -0.320947710028438 -0.439070894139907
-0.409928273261802 -0.308268876936921 -0.44529684832337
-0.458781287082351 -0.453806097512869 -0.429682308998321
-0.483232415888992 -0.381582441488421 -0.433416909470146
-0.495600550064382 -0.442044372389367 -0.424785600131271
-0.4349260008892 -0.429306780959888 -0.436015313679576
-0.507777765256732 -0.405813160943711 -0.427000814061183
-0.387412851047745 -0.379900806719569 -0.444936012923914
-0.458707921453914 -0.357218155533917 -0.438520323488661
-0.399094817889307 -0.344162620975674 -0.445314999019824
-0.411117984766166 -0.404653127133164 -0.441059389806282
-0.434259903747974 -0.332766227386264 -0.442437712137631
-0.447227053140652 -0.393340247789226 -0.43752435643917
-0.225163483548694 -0.0807675498516555 -0.442439911006621
-0.274056465792568 -0.127444521433978 -0.44524445451505
-0.25541322026565 -0.0691205211855311 -0.442038706856558
-0.219225687632271 -0.115187914857338 -0.444380795179081
-0.370951101144496 -0.223540829394332 -0.447301505474761
-0.32244795518852 -0.175175894740876 -0.44711337187901
-0.379297157204268 -0.187643567242665 -0.446073643171883
-0.337805163753506 -0.234884500988107 -0.448777875593207
-0.316452842564776 -0.0449128167824972 -0.441070065912
-0.305204320651694 -0.11587111058859 -0.444593145800801
-0.285855502726086 -0.0571631085262494 -0.441596510499191
-0.342190730815057 -0.0682128759188485 -0.442112998860856
-0.280403238550262 -0.0923467468218109 -0.443412753974945
-0.203917435152289 -0.183596362917715 -0.44827611030049
-0.266721160429801 -0.162421532828517 -0.447059381397563
-0.212179219411856 -0.149485888202992 -0.446338938722753
-0.226342571473858 -0.207600810945012 -0.449516252603616
-0.243042001513278 -0.138660472894519 -0.44581439005135
-0.393382573351899 -0.115482682191696 -0.443227748886417
-0.32990630263847 -0.139629456688867 -0.445494066203462
-0.386760489957524 -0.151618193831974 -0.44470355214381
-0.367811373067714 -0.0917546400730677 -0.44286403391447
-0.354584197029956 -0.163568684434724 -0.446021563475804
-0.336463965177728 -0.103967025486192 -0.443816715504319
-0.271476634724234 -0.256263947454287 -0.451085374991032
-0.290361683660632 -0.186410278940816 -0.448031198814613
-0.304649988642478 -0.245808054998328 -0.450023675177196
-0.248842982289398 -0.231837909697364 -0.450483091728651
-0.314038316708151 -0.210578277166359 -0.448637427847941
-0.258328449820053 -0.197234554177726 -0.448819834308779
-0.00995305531278327 0.342759583884089 -0.425116592197893
-0.0712760588342464 0.308855079847324 -0.425765194784899
-0.00980837944738236 0.309280411140304 -0.425826138440102
-0.191022376807937 0.236111824486637 -0.428213602126448
-0.131705063038031 0.273447432742493 -0.426774136325094
-0.00957134664047785 0.242640797001434 -0.427253666002971
-0.0708353152028785 0.275276221860582 -0.426483908351219
-0.00968148497256752 0.275896526361877 -0.42652312309308
-0.0404244448065681 0.29245685817179 -0.426105789614652
-0.416229040694947 0.0664101253172267 -0.435132080419354
-0.361458764375137 0.11149244896613 -0.433873992899575
-0.385729666521722 0.0528221562549907 -0.436247723404088
-0.249076493917274 0.196630861568131 -0.430024032919926
-0.30584169259404 0.15501865715597 -0.432017518926393
-0.324839726801648 0.026294726946578 -0.437669351247212
-0.331162765251425 0.0976976986392099 -0.434492999846304
-0.355255437678558 0.0394464539379589 -0.437070275767326
-0.358547948541566 0.0754426626128665 -0.435454477501639
-0.00923468639771947 0.11160347924502 -0.431166324858491
-0.0689211610302425 0.142398963734457 -0.430026733449604
-0.00931333137542643 0.143989140577471 -0.429994216096614
-0.0386413167612988 0.0948093072034168 -0.431762963133946
-0.189799817205676 0.201795339976034 -0.429210525408475
-0.129172402677397 0.172217786512845 -0.429465488591319
-0.160517572023501 0.220967159366561 -0.428344745753689
-0.00947580674561123 0.20954703390605 -0.428056477721546
-0.0694456283149957 0.175347715601057 -0.428977548630993
-0.00939144098148355 0.176650603198412 -0.428962420173868
-0.0398690354770558 0.225801257424976 -0.427582159101822
-0.0393024859617341 0.159829317162891 -0.429406317230633
-0.0961899021335482 0.0587092247778376 -0.433548548896767
-0.0981883383998239 0.124284085576326 -0.430827881820231
-0.0676561460505829 0.0772041669050336 -0.43255792485075
-0.0683345651459032 0.109675823965611 -0.43121762854039
-0.101008556895174 0.257670685112274 -0.426978282772623
-0.0997112476383345 0.1906522561621 -0.42868151217065
-0.130912388259336 0.23958253435978 -0.427598235117038
-0.0703890590137567 0.241813759423107 -0.42723382117485
-0.130075071425521 0.205833864973633 -0.428484372649848
-0.0699296314525475 0.208495106534473 -0.428054467221175
-0.204454854058203 -0.0238926657777133 -0.439013325463255
-0.210799182945556 0.0444965695703441 -0.435585502855667
-0.234284940096497 -0.0117230961109598 -0.438733816033525
-0.178279687156166 -0.00209544165520955 -0.437494836560197
-0.218742402214345 0.182054483938919 -0.430180033141431
-0.215309337581974 0.113122791847117 -0.432648112644046
-0.247338609399183 0.161748616543479 -0.431229458126866
-0.188470301153413 0.167575095507562 -0.43028689785375
-0.29451598786001 0.0133770599735256 -0.438108976927728
-0.2407091629773 0.0575027873317063 -0.435402775145236
-0.264318787329097 0.000702056736321932 -0.438446861992667
-0.297947986013073 0.0487158305051668 -0.436470390716832
-0.237766676563466 0.0228674481579314 -0.437014305901239
-0.124164076076782 0.0392988374308023 -0.434720679135612
-0.183368041389854 0.0655097391858308 -0.434213161647571
-0.15152941267475 0.0190043293259998 -0.436048414898916
-0.125733287095631 0.0722864891858933 -0.433188517739925
-0.181061347531336 0.0316707718552227 -0.435788275877215
-0.303524907909554 0.119532559765068 -0.433430943484774
-0.243225178072272 0.0921897944551333 -0.433904393761298
-0.275593533414432 0.140897134394729 -0.43232664492405
-0.300920359860866 0.0840997568467936 -0.434911780510508
-0.245409113291511 0.126936260393841 -0.432516733876066
-0.270759566480541 0.0707018193885825 -0.435195470239545
-0.128175820583426 0.138748297335071 -0.43056651641138
-0.185315541113107 0.0994346513089186 -0.432774175693738
-0.158275882805495 0.153156363288074 -0.430399760115215
-0.127046788533862 0.105435966576207 -0.431804439405456
-0.186993277777354 0.133454892904461 -0.431468787351489
-0.155449467405637 0.0858386030870949 -0.432941227439535
-0.845823107155208 -0.299104559904592 -0.322576453683079
-0.796245834658147 -0.256098343147827 -0.357848573523078
-0.853386230186708 -0.260443468096479 -0.325812398787599
-0.813493827460998 -0.316091955086627 -0.33811972645324
-0.689247810251782 -0.16663783623069 -0.405457412879492
-0.743582875609107 -0.211900891426633 -0.385236687775059
-0.865305328853525 -0.182910923146037 -0.330828817085677
-0.802708964241139 -0.217842771920003 -0.359882981733373
-0.859874806752965 -0.221686481647994 -0.328556152941654
-0.828501447917866 -0.239302330334629 -0.343851558658882
-0.746325178176686 -0.347807222109182 -0.365325267670009
-0.763232065416582 -0.272157775955961 -0.370572804084993
-0.78028764123166 -0.33229870272457 -0.352361524136871
-0.788776560174123 -0.294272497573836 -0.355349772505116
-0.470556472572859 0.0202064754521835 -0.435176343297696
-0.524851248845929 -0.0266513387708417 -0.43322711996819
-0.501352298173485 0.0339052398054253 -0.432866260325047
-0.466603491651798 -0.0166581222938324 -0.436795111169806
-0.634301746157067 -0.120479224627586 -0.419463504524884
-0.579411731656297 -0.0736934563457115 -0.428344967051815
-0.562590222114867 0.0618612392149298 -0.426500231047949
-0.556070969871937 -0.0129097512519039 -0.429812690851066
-0.532046341833408 0.0477954391441703 -0.430000850703934
-0.528680214908606 0.0105314868102054 -0.431681418476654
-0.456982817573782 -0.0901534126957855 -0.439794425869966
-0.52047472185451 -0.0637554048408748 -0.434635677292307
-0.462105168904956 -0.0534455882339906 -0.438338200217516
-0.493514613654253 -0.040166302341453 -0.436042475414641
-0.876942874442416 -0.0291292679316768 -0.335610762596751
-0.818973114647657 -0.0652447439934424 -0.363811970370661
-0.875484305540209 -0.0672265551081692 -0.335023970159245
-0.849644545569691 -0.00989090328283182 -0.350454557545774
-0.694209522741659 -0.128998960547252 -0.405510954663645
-0.757753023570164 -0.0982782959303462 -0.386998639374532
-0.721808411948011 -0.15163721334074 -0.396675936837779
-0.869699003522225 -0.14419256032899 -0.332651167438591
-0.8162828542281 -0.103213695328438 -0.363423633020274
-0.873081733123459 -0.105606209506245 -0.334043245067061
-0.83939110304 -0.162306798005188 -0.347711376429826
-0.84634714032969 -0.0856597858276444 -0.349866708536477
-0.793820464657884 0.030644610956896 -0.374744933822256
-0.791157813946542 -0.0443259413556666 -0.375951513410757
-0.821866580655889 0.0100158285278948 -0.363475712588613
-0.82081583940105 -0.0274857198201317 -0.363827145058649
-0.776210207368771 -0.196073088640935 -0.373971402453797
-0.785426944740692 -0.119999600820955 -0.37571624829108
-0.749188882176085 -0.174000965680794 -0.386201664266422
-0.808185172455486 -0.179569736414781 -0.361476443944201
-0.753899792921876 -0.136113672596971 -0.386783040010593
-0.812699452837546 -0.141340534876811 -0.362650368836265
-0.605013403437427 -0.404284584204735 -0.40532971006035
-0.625710656057088 -0.330480603527095 -0.409716556708833
-0.640974516560838 -0.390881743435447 -0.396985410590704
-0.580022053569535 -0.380661992569789 -0.415054421418542
-0.656301979856084 -0.181170759998233 -0.413198052717282
-0.642777917763883 -0.256028024756388 -0.412235284988629
-0.683449186224752 -0.20425387693167 -0.405061802432389
-0.711718491458382 -0.362695575087502 -0.377048559759203
-0.66072603436548 -0.316664064549527 -0.401569395692639
-0.676570520399324 -0.377033988978954 -0.387581607674527
-0.721132378688401 -0.325219005159555 -0.379802431124262
-0.651314913126309 -0.353870761333743 -0.399529041416161
-0.529596717778526 -0.332844459507449 -0.429835055006104
-0.599883357715437 -0.306899072466253 -0.418261841563267
-0.554851347862941 -0.356834349344502 -0.423181804905017
-0.590399106174224 -0.343862237132812 -0.416893868364351
-0.737052071511577 -0.249769538192463 -0.383866116854955
-0.66921054655265 -0.279300876999413 -0.403147843514538
-0.710407966126197 -0.227127955403965 -0.395325472682489
-0.72957385312725 -0.287559192326066 -0.382064324660826
-0.676778856898906 -0.241818984948361 -0.404301200212346
-0.695374346547243 -0.302373939307754 -0.39237560553186
-0.682059026106591 0.119506018856828 -0.404625737196916
-0.678680146149082 0.0441946011726995 -0.408590779602035
-0.652738758808724 0.104930376436595 -0.411415213904887
-0.709749485337629 0.0965538074274776 -0.399144392767577
-0.666508128363841 -0.106111879081425 -0.412835098667529
-0.673776415806203 -0.0309814238635556 -0.411288342504929
-0.638793816469017 -0.08301117459645 -0.418785199434745
-0.698378418693394 -0.0913600856500535 -0.405240052814898
-0.592929456431821 0.0760854034878362 -0.422285525429588
-0.648496319610176 0.0296063385343633 -0.415181967991569
-0.623002334283183 0.0904488775602091 -0.417280784878271
-0.590217519780295 0.0385284340347949 -0.424106624673405
-0.650765558329917 0.0672353418742172 -0.413447010041535
-0.765695316291825 0.0519939480841231 -0.384359110726718
-0.706740014419577 0.0214324860021979 -0.402560296322169
-0.737640146850605 0.0740015476537527 -0.392442872958878
-0.764685742997221 0.0146187537748478 -0.385547707008519
-0.708424615544277 0.0589905352950661 -0.401029583145499
-0.583550956749901 -0.0363547194912361 -0.427131866327348
-0.645810739319064 -0.00797114828485182 -0.416643326843588
-0.611129279476784 -0.0597413167740321 -0.423503061844573
-0.587123909591023 0.00105086136306174 -0.425719186407646
-0.64260569389045 -0.0455083720435085 -0.417843422257282
-0.617953624830202 0.0152243711189439 -0.420867654046606
-0.760794819406384 -0.0605284040549472 -0.386861352424532
-0.704568845616539 -0.016140174175144 -0.403764383470464
-0.729836058807291 -0.0761833310621517 -0.396604581469386
-0.763082135731315 -0.0228903593496364 -0.386378014191466
-0.701809147488197 -0.0537376002194675 -0.404656331388342
-0.734901943615938 -0.000954698879248966 -0.395204090369475
-0.428984747860843 -0.236043445992881 -0.444305908640183
-0.496103411257158 -0.211343679099078 -0.438613270005631
-0.437209585136033 -0.199732706445294 -0.443434399968922
-0.453997540627955 -0.260296346017878 -0.442246790014447
-0.629068567188678 -0.157906107069779 -0.419866097894227
-0.562893483987268 -0.185303821198758 -0.430681258420295
-0.601826794595353 -0.13449231334729 -0.425203661994418
-0.623044598867182 -0.195279896863534 -0.419974398912549
-0.451165218265445 -0.126776350097609 -0.441146072191323
-0.503339794808079 -0.174582070754418 -0.437911627871946
-0.444590800774579 -0.163306298664335 -0.442369298447206
-0.483346605297807 -0.113917411272558 -0.438770333764568
-0.470300552044525 -0.18731743373965 -0.440915601981262
-0.504334261118617 -0.308732857278966 -0.435142639854702
-0.521995216841713 -0.235349248970566 -0.435331448796815
-0.479121397758999 -0.284537944536169 -0.439235894502043
-0.539208973845489 -0.296136179479073 -0.430576142215224
-0.488037953904266 -0.247999445444291 -0.439067993510877
-0.547509997357612 -0.0873723717063822 -0.432449421310429
-0.53629888970808 -0.161533666658253 -0.434345447239357
-0.574630403697401 -0.110966921502401 -0.429351289087573
-0.51547389091665 -0.100780866040711 -0.435897660609007
-0.56914223702407 -0.148172575173421 -0.430136822538806
-0.509781294983723 -0.137724998562742 -0.436997046073974
-0.608476830211612 -0.269798064836076 -0.419204930679122
-0.555841281553426 -0.222350485154358 -0.430958320164174
-0.616190530112493 -0.232583990972755 -0.419763992863758
-0.573936839430912 -0.283160747698852 -0.425291026204504
-0.589539542171101 -0.208998654421172 -0.425866954565852
-0.547953565110768 -0.259299571859429 -0.430935920044805
-0.00773005261172108 0.854572960436561 -0.361074978045052
-0.066093972305011 0.836237391812744 -0.36655138894228
-0.0288845191768456 0.87495476557754 -0.353727629344737
-0.0101708063028534 0.826906891041561 -0.370027905955214
-0.192169456833276 0.78891062302192 -0.374750319943237
-0.128327802788641 0.814239318431443 -0.371176459304493
-0.0710898411591629 0.918081500237571 -0.335259439197251
-0.0910971760242301 0.85728835578918 -0.358802327513722
-0.0497524226474576 0.89631205274976 -0.345113166697017
-0.0597058555111837 0.866757888485283 -0.35630908764066
-0.0116222599292031 0.768471448385233 -0.385725731195659
-0.0698315916476078 0.805250468799489 -0.375715298824171
-0.0111591036283133 0.798194726660819 -0.378250597495732
-0.0395818394319197 0.816260887921388 -0.37306244106017
-0.447655124586402 0.656534445334457 -0.378187626396925
-0.384818250586397 0.694058646437797 -0.378983827586518
-0.256609144800728 0.760370238183212 -0.377243566753374
-0.320993213559189 0.728715806362069 -0.378657477862138
-0.162333305954921 1.00358109478552 -0.282402864211313
-0.188611541358768 0.942490117816401 -0.315558414533277
-0.138695937066952 0.982899357215719 -0.297755728097993
-0.220353023484198 0.809485472083098 -0.366529708355925
-0.20793954870518 0.877290849785643 -0.343598776132793
-0.187708217766791 0.822808171050519 -0.364989564469113
-0.0930308167580036 0.939934865557677 -0.324122231807193
-0.164009814863925 0.921557326943146 -0.328320038360326
-0.11557785433738 0.961615121109846 -0.311642045093951
-0.105454785467935 0.90990401402989 -0.33752178955064
-0.152258042202094 0.952805215720428 -0.313642918527588
-0.122975440827668 0.846752543091044 -0.361107188891626
-0.173815634913633 0.889330371987426 -0.341780535637789
-0.155216766874971 0.835241966512837 -0.363177618558618
-0.115447746707257 0.878742621674523 -0.3498728919101
-0.181670055345315 0.8563412321276 -0.354006106858248
-0.139663447793193 0.900243679593281 -0.339733590085108
-0.0116856956743786 0.64250288710498 -0.407864325134973
-0.0745427555832098 0.677454845327132 -0.402569918945463
-0.0118081488807575 0.674790677863005 -0.403460972214476
-0.19533511681405 0.754772366813902 -0.383336489971493
-0.135938931267779 0.715033193442177 -0.394680334873247
-0.163565351833528 0.76844383817265 -0.381847827317233
-0.0118215251948146 0.737895792477616 -0.392419916362703
-0.0741479233694932 0.709961260138084 -0.397198929960892
-0.0118647448707545 0.706624717488899 -0.398325544778988
-0.0423646857350379 0.75524623151162 -0.388589340118933
-0.0431693835842357 0.691983978975827 -0.400651131002201
-0.100690612627477 0.793656577401968 -0.378049459439449
-0.10459143738779 0.728765976382928 -0.392984518089259
-0.131980930027521 0.781399533683648 -0.380088966823919
-0.0720512403281739 0.773878971471996 -0.383834552394647
-0.13440030956983 0.748319389205643 -0.387898732291566
-0.0733795959013931 0.74211318140581 -0.390974602692276
-0.866350739161999 0.286996370963761 -0.32001048512121
-0.827036974105675 0.334423692096571 -0.332736022048991
-0.87382952806397 0.316585041477958 -0.310459854715418
-0.842921782036162 0.276655089076209 -0.334185727481913
-0.733614648813925 0.433252182264659 -0.353969186185766
-0.782355131157327 0.38385409012924 -0.344216135296827
-0.889846759373078 0.376711931787306 -0.287167255059831
-0.833468550477554 0.367927978679461 -0.32301884466952
-0.881929886043334 0.346334398021832 -0.299441806898444
-0.854385174934422 0.342279186163802 -0.316801511557756
-0.793787794760195 0.251435560135013 -0.359791789162834
-0.799968980067421 0.323878168778537 -0.347132197784442
-0.818850163147112 0.264496706679683 -0.347440127367982
-0.821868264472197 0.29994888238941 -0.34096625318985
-0.509112715899891 0.616309048410402 -0.376200046696829
-0.568817091074188 0.57358462432318 -0.372918472195464
-0.681467514669911 0.481695667251577 -0.361940939928783
-0.626396604683431 0.528609480608199 -0.36821312296571
-0.914120618186916 0.503130146588696 -0.226092270775928
-0.858045204095928 0.49994282252622 -0.272195570363234
-0.909534500775833 0.471037243155281 -0.243149012086054
-0.738343009880175 0.469403957415842 -0.344389625443417
-0.798863075151668 0.488453554342862 -0.311728097654493
-0.763628055189011 0.444365249395922 -0.339664451034904
-0.897231117468404 0.407698189751884 -0.273686609192507
-0.852785237893343 0.466888404685455 -0.286640498535888
-0.903853573525544 0.439182539237324 -0.259013445755536
-0.868980200372321 0.40573200587541 -0.293594519848015
-0.881597737292135 0.470063643896527 -0.265670224963948
-0.811284673986595 0.393545431456326 -0.328948569826342
-0.823363927522752 0.461459613392606 -0.305996416075299
-0.787970064391978 0.419053173632156 -0.334510870887503
-0.840223798633854 0.400978809107337 -0.312053894602715
-0.793581600785756 0.453873718336044 -0.323679845606435
-0.84676992500482 0.433914131604438 -0.299923225270645
-0.685101156139445 0.195090728249104 -0.399065670665619
-0.689232985145946 0.270890086440931 -0.39133765922948
-0.713316975597524 0.209524295069022 -0.390811932320199
-0.70358396541873 0.420867880647148 -0.366653679724264
-0.695468119499176 0.346381710280495 -0.38073521590368
-0.728916523355014 0.396744716820315 -0.362505406056237
-0.767771672053929 0.237805733017852 -0.371167847913155
-0.71751202062831 0.28501108559224 -0.382135392451303
-0.740909766265042 0.223793545105002 -0.381514927950841
-0.769678285355381 0.274920297723012 -0.366212565431095
-0.715094822965304 0.247287190290617 -0.386856628935135
-0.777156550599977 0.348117759042947 -0.352761903724004
-0.720664798607284 0.322572888771794 -0.376548953219202
-0.753457080366536 0.372456770661039 -0.357880674978026
-0.772823346017426 0.311770982929944 -0.360099451357625
-0.724519233197043 0.359845557626896 -0.370021920231797
-0.745369673640311 0.298705433244861 -0.371742491138613
-0.359848818213651 1.12371931986343 -0.103832569636732
-0.392612406599802 1.07452742239855 -0.158595042173715
-0.335403728633271 1.11489592138366 -0.131380907279454
-0.401341417576043 1.10817072671331 -0.104158430786101
-0.442411879284979 0.955446712558724 -0.251217519653876
-0.420279412627152 1.01790814551497 -0.207802396100239
-0.285641778127526 1.0910164261429 -0.182283749058319
-0.367142023363053 1.06316837053898 -0.18371993324098
-0.31061819851736 1.10393781913972 -0.157564352406932
-0.351877504855796 1.08999258517078 -0.158251098297091
-0.482534977005294 1.0725279217512 -0.103494931837854
-0.432790262360355 1.05760722141644 -0.158532696285522
-0.442251085217795 1.09108764936643 -0.104067890392541
-0.417701478866337 1.08388536373093 -0.132009156262761
-0.478616528911284 0.673604502954337 -0.368386835918374
-0.476298347340892 0.746756454870698 -0.347028386307054
-0.447155218222292 0.693243944124455 -0.369223091456897
-0.458902220076738 0.888609280891317 -0.288791770792889
-0.470002865661589 0.818690619408833 -0.320638213452952
-0.383264493805262 0.730354563533009 -0.369945589411441
-0.443613109063152 0.766086347492401 -0.347803307435954
-0.415354622595545 0.712168239568511 -0.369739672988868
-0.445848804844828 0.729783019499058 -0.359119473935716
-0.186425919711049 1.02346081181909 -0.265530633041042
-0.264180200844691 1.00120201228667 -0.268497895740133
-0.210897866702571 1.04234113420826 -0.247098027563224
-0.200718856590972 0.993785845753964 -0.284126587812288
-0.414779357238246 0.94058126237674 -0.271067135851529
-0.340307606865547 0.973359654807502 -0.270488936106265
-0.404967354026684 0.973144209159685 -0.251431733436167
-0.26061359657187 1.07631509172783 -0.205469467783736
-0.289846739561275 1.01880931742859 -0.249706458443297
-0.235660838737142 1.0600248879159 -0.227079688154065
-0.301262742684851 1.06389901260408 -0.206525330256165
-0.250587803428451 1.031324385085 -0.248505589359445
-0.224694236238685 0.930839060816856 -0.317292977278805
-0.276341947014392 0.969821297402022 -0.287066975201622
-0.213514346001974 0.962861126147923 -0.301376175041089
-0.23871574508449 0.982491769334517 -0.285707624719917
-0.381117097258724 1.03462325645149 -0.207752284740346
-0.328669134815531 1.00488945948179 -0.250631611624999
-0.393739835589913 1.00455219515734 -0.230326437137594
-0.341437584606646 1.04997643468477 -0.207307696560473
-0.367046944533479 0.989644873441525 -0.251222914894459
-0.315632986182789 1.03512912129091 -0.229310421582782
-0.636462607909156 0.984592103058386 -0.0953386266060078
-0.587216995949891 0.976524436965025 -0.153193061969737
-0.599166282477673 1.0085321722948 -0.0983354701787305
-0.479356211483038 0.936603842896636 -0.250546653849708
-0.534397157618225 0.960175657998568 -0.205131687831217
-0.46984171568412 0.968851415915864 -0.229702263750062
-0.522148226378219 1.05254736027697 -0.102380330437625
-0.549632498270159 0.998702541201447 -0.155374171687809
-0.561042706417122 1.03119896825641 -0.100673701653908
-0.497636321725954 1.04700664703228 -0.130870898270766
-0.574881637592013 1.00470855410319 -0.12753651667137
-0.446539580483974 1.02954271001348 -0.18367799840401
-0.5235988912463 0.990632110477671 -0.181734272912645
-0.45889993225989 0.999892800240427 -0.207408902498685
-0.472377503303986 1.03929287614212 -0.158006932767436
-0.49695017560788 0.980632343169116 -0.206530113179777
-0.511338100029946 1.01964079967856 -0.156967952743093
-0.253067846121393 0.795300009647626 -0.367790271498281
-0.309951783706052 0.835090483333508 -0.347355942839553
-0.285779489714021 0.780273972420142 -0.368766209188756
-0.2482674742913 0.829953437906507 -0.357108748693978
-0.423180065139513 0.907036667880054 -0.289240639495121
-0.366605227572172 0.87276754483348 -0.321369532867056
-0.430198979258324 0.872673035402665 -0.305969347403327
-0.387040698736927 0.924420655852721 -0.289264462357894
-0.350935969937737 0.747781298683357 -0.369848235829575
-0.343710162514822 0.819141054931368 -0.347980170090542
-0.318422257047399 0.76442778004153 -0.369453532405706
-0.380792421038579 0.76646352608703 -0.359731218254001
-0.314791477332861 0.799919018147959 -0.3590410846304
-0.234194975968192 0.897891918511361 -0.331882456739804
-0.303770095922996 0.869818934621411 -0.334347236094704
-0.242024936561107 0.864203554612462 -0.345149651822594
-0.260535526209542 0.917967845850703 -0.318781396071261
-0.276042098673018 0.850122870704688 -0.346407944800199
-0.44032989249143 0.8020719093965 -0.335208980022269
-0.372578060137148 0.837779789630668 -0.33549897866379
-0.435890153407059 0.837639977009133 -0.321279913676799
-0.410588089816512 0.784611344852306 -0.348213734653793
-0.401411409331965 0.855676667115793 -0.321518790289495
-0.377271260799871 0.802305235974701 -0.348269454982629
-0.313606964104826 0.955870545765995 -0.288143237358729
-0.331506023083816 0.888875770227176 -0.320849119998986
-0.350510038828295 0.940716128739499 -0.288888420981771
-0.28700556065024 0.937349987275256 -0.304223160950113
-0.359267925324188 0.907130660948212 -0.305842155803046
-0.296142540362707 0.903959227268757 -0.319977911090793
-0.0101154792771271 0.37630152915885 -0.424341502436002
-0.0725927312366886 0.410014913691215 -0.423292197868033
-0.010294590618529 0.409873452151855 -0.423441725530833
-0.0410077744586475 0.359545108232716 -0.424666045604499
-0.198010625202819 0.478222277725142 -0.419612143279497
-0.135291783556086 0.443854136731216 -0.421900617415522
-0.0106934294545433 0.476970221034838 -0.421006141576294
-0.0730232777444183 0.443782298223104 -0.42216223214537
-0.0104882964439321 0.443441560533622 -0.42235283767679
-0.0416234178282253 0.426820202581704 -0.42283798281274
-0.10221096848162 0.325165247524459 -0.425460304445405
-0.103368955690556 0.392949106705953 -0.423747853598685
-0.0717156095736119 0.342522924257637 -0.42503068493631
-0.0721551419760521 0.376252195463176 -0.424226433709655
-0.447471619584463 0.619704954286481 -0.386093032101595
-0.385264552121499 0.584597065312835 -0.399866973131439
-0.416682322713048 0.639001921981835 -0.386641708353756
-0.26060177021444 0.513278752054432 -0.415729236098364
-0.323006634556291 0.548884462440663 -0.409441633513634
-0.354227791086262 0.675595420325711 -0.386952564122631
-0.354679615110525 0.603069405835774 -0.399942546207319
-0.385585616944347 0.657638040471905 -0.386925468737774
-0.385694412973853 0.62113947870091 -0.393856412722843
-0.0115200049715833 0.609851827354074 -0.411587881269403
-0.0744457542973246 0.578265634228652 -0.414232312382841
-0.011327201386524 0.576913241636354 -0.414693701585512
-0.043176103380962 0.627007343857225 -0.40959332760785
-0.198735157767883 0.512932442479949 -0.417390215640998
-0.136927684300809 0.546218109767572 -0.416063982938737
-0.167345177272745 0.495370317827549 -0.419052845733812
-0.0109056582618245 0.510420959305174 -0.419329815114333
-0.0741686950250724 0.544801880705413 -0.416878086785653
-0.0111193292470496 0.543751275663256 -0.417250269526786
-0.0422425617775518 0.494025689464274 -0.420104832545265
-0.0427990278534547 0.560872097689069 -0.415889132424682
-0.105929584121629 0.662817923442058 -0.404162547773317
-0.105998403104694 0.596005311370322 -0.412194035016863
-0.0746779164743485 0.644638112813851 -0.407152509791197
-0.0746281882522407 0.611559229727688 -0.411015689304851
-0.104463240409739 0.460826726669863 -0.421354501935367
-0.105401162942921 0.528589187143657 -0.417710706656921
-0.135913189794424 0.478009189381057 -0.420344665076967
-0.0734383080429455 0.477524282280868 -0.420766208403609
-0.136468088700561 0.512138242450971 -0.418425903440813
-0.0738256193725788 0.511208942241863 -0.419030249500699
-0.221575382195017 0.251314019961544 -0.428034268604847
-0.224084957614267 0.320874584492698 -0.425932463439965
-0.192167993471505 0.270517656962895 -0.427261903832252
-0.228444430121135 0.460644959542672 -0.420116728683443
-0.226386453910001 0.390676765943923 -0.423467698456729
-0.197179487201221 0.443516278746514 -0.421437417161881
-0.132467210519786 0.307410593502581 -0.42597125826342
-0.194303156395006 0.339558810669636 -0.425317198006056
-0.162459895645435 0.289207798575647 -0.426571715091884
-0.133207052454633 0.341452962099349 -0.425141201873556
-0.193257469780783 0.305003615562202 -0.426313137030364
-0.134624982439996 0.40969544016995 -0.423170884019519
-0.195309303569785 0.374171222271324 -0.424216569736744
-0.165901402214927 0.426539558018247 -0.422426697700842
-0.133927251643358 0.375554718459346 -0.424228436333814
-0.196272105788065 0.408828106855627 -0.422946852126065
-0.164245199701403 0.357773662979236 -0.424749114998569
-0.227200811631171 0.74037757638615 -0.384563351831479
-0.230234439479623 0.670691928167534 -0.398223589447598
-0.259086368478999 0.725257933797192 -0.385534965997786
-0.197473839567588 0.720469255154449 -0.390817722711794
-0.230064832028905 0.530697297745153 -0.415260156167759
-0.230868413987748 0.600746995115276 -0.408207361517345
-0.261323195720699 0.548644919835333 -0.412559677704815
-0.199311962702477 0.547632910754376 -0.414686952211532
-0.322657236660857 0.692858942685883 -0.386728461138675
-0.261576923388517 0.654726713293658 -0.398957182338514
-0.290925133118685 0.709416268175091 -0.386255891249408
-0.323561747430201 0.65691304952488 -0.393750693192057
-0.260686418938185 0.690028600884647 -0.392743643557735
-0.13684459195226 0.681560470658906 -0.400515133858668
-0.199538671712586 0.651532427619968 -0.402801040855416
-0.167364684756395 0.700813957081391 -0.396101784034933
-0.137289749842802 0.647920120473635 -0.405486511310109
-0.198813893985531 0.686046419946239 -0.397276350838453
-0.323622357904124 0.584902038745196 -0.405012898495202
-0.261902324844606 0.619382442888131 -0.40426795585131
-0.292507367690889 0.566733788077148 -0.409180959525017
-0.32384285459579 0.620918074043598 -0.399814297522281
-0.261784172953034 0.584016758671696 -0.408770506145416
-0.29279453764841 0.63813733411857 -0.399485941181023
-0.137253858446796 0.580224784484979 -0.413176257274925
-0.199792274209734 0.616947830798476 -0.407483122255217
-0.168366847076478 0.56412433675948 -0.413998421516241
-0.137396576435237 0.614133664992137 -0.409678664301696
-0.199687329852306 0.582309555050235 -0.411414599191301
-0.168588414640975 0.632654897960425 -0.40658332995181
-0.897450196189494 0.75096978905186 -0.0491251998430259
-0.855821201496431 0.758136742371794 -0.11416745030747
-0.905555961683934 0.722332431123744 -0.074736155270739
-0.869062760777455 0.784073037377427 -0.0566632622463361
-0.752316339227401 0.748844071054981 -0.226588653723259
-0.806818088885861 0.757356150960428 -0.173646086623842
-0.916255861256285 0.662220763283091 -0.12331758551502
-0.861419331252992 0.727624988611422 -0.137902022363268
-0.911808671313016 0.692692468872386 -0.0994984845352038
-0.884469176831047 0.725950646975 -0.106994336715253
-0.808341746351165 0.847011850908444 -0.0705358786429948
-0.825929092654939 0.78925100673198 -0.120944067015693
-0.839339952417967 0.816091066974525 -0.0638256120023549
-0.848474250904195 0.787682234951017 -0.0894452574324193
-0.509689631344741 0.653274186109988 -0.367220272795434
-0.571827603179187 0.68419549940411 -0.342414018789599
-0.540325954749215 0.63227895740854 -0.365711253928684
-0.509558020817036 0.690070859980891 -0.35713728575835
-0.694059252787901 0.733173220928789 -0.272425649881227
-0.633524377085915 0.711244016013022 -0.310975240776712
-0.600093190462464 0.588407893736777 -0.361611182214678
-0.602662167979259 0.661904359760074 -0.34007729608513
-0.570476852499429 0.610646764475186 -0.363846345831663
-0.571523543502923 0.647529405163491 -0.353700902001702
-0.506682654021487 0.762937768812325 -0.333379345762602
-0.571263777726763 0.720594331267962 -0.329923083682673
-0.508595352025872 0.726647508023806 -0.345878874085395
-0.540455055329763 0.705785244705771 -0.344344317502192
-0.917475259306866 0.535325369415933 -0.207845635704874
-0.867651695011836 0.599148017091218 -0.221742311271291
-0.919474137817622 0.567482071671565 -0.188418786150122
-0.890508416275721 0.535160819116465 -0.233014180701935
-0.754325357064296 0.715127676664124 -0.245579022353727
-0.813069290583312 0.658986007546 -0.234485415522658
-0.7828707369661 0.721050640422587 -0.221236155407606
-0.918961428824295 0.6310861307526 -0.146115719399874
-0.868349895705315 0.631928394384619 -0.20252949967513
-0.920003776640554 0.599453412652836 -0.167831470832727
-0.892786428019885 0.66423081758154 -0.153482952329843
-0.89454963549854 0.600231478552223 -0.195587705645013
-0.833312883932319 0.528951719112399 -0.278464545790939
-0.839548833865857 0.59617697067063 -0.246221951607517
-0.862373277984659 0.533052450774465 -0.256572440295912
-0.865619639170299 0.566151767011968 -0.239757194427788
-0.836645189395248 0.727351233461921 -0.16731812593184
-0.840955023990437 0.662611258109946 -0.209160353169362
-0.810384803683018 0.725146464940172 -0.195126683618288
-0.865324112724898 0.696313884097576 -0.160575730495203
-0.812438888684141 0.692311137823777 -0.215413360153987
-0.867606215719541 0.664364237878987 -0.182131871552145
-0.672871450521442 0.959418975658069 -0.0916701054850092
-0.69520970120082 0.902929851179136 -0.142951919296505
-0.708329465982537 0.933047652611368 -0.0873316323373085
-0.64905539579558 0.957372972366499 -0.121723434624621
-0.720838648625011 0.77569807729339 -0.231441157309384
-0.711102871567897 0.841241520217969 -0.189669244443798
-0.748895675601155 0.781947161511888 -0.206343431455734
-0.776130662658709 0.876822464650382 -0.0767263764637342
-0.729434003622661 0.876141624929974 -0.138302001201197
-0.742771274179418 0.905507479133576 -0.0823399447351979
-0.78635623176627 0.848693604543582 -0.10247190539879
-0.719711664853547 0.905298684330864 -0.113333329297575
-0.598031075673998 0.946839342450841 -0.177587097774559
-0.669477397006482 0.89847451093041 -0.171069790490169
-0.624043525176914 0.95314728656337 -0.150401934593518
-0.660059790995411 0.928606083979463 -0.146988609730496
-0.801662846008063 0.788791316189054 -0.151006857290041
-0.737513069876887 0.845752061411007 -0.162163471289238
-0.775909261031788 0.786337733783622 -0.179506917122731
-0.794857486044541 0.8192927336232 -0.127259813769097
-0.743983301738261 0.814300019763657 -0.184858615699092
-0.762671035238305 0.848258639319129 -0.133060374306493
-0.712187601410741 0.494101593433186 -0.34868002620026
-0.719558487849426 0.566260077930456 -0.326480992793477
-0.68522686707018 0.518399334400996 -0.352537882371834
-0.742844157087254 0.505257682488701 -0.333740765007638
-0.724956240659816 0.70746549544116 -0.26811158378502
-0.724210657938244 0.637455753338645 -0.299724576185588
-0.694951933707055 0.698174635479728 -0.288813736751204
-0.755015692534872 0.68091873202047 -0.263312199546056
-0.62912492156677 0.565595414891408 -0.35899095196048
-0.691410852738784 0.59108901458196 -0.330531822129968
-0.657520611266109 0.542245741008914 -0.355971043462254
-0.631343417709867 0.602378092181115 -0.348714910232897
-0.688599382250866 0.554861635063844 -0.342084821209417
-0.80356532734553 0.522876419889935 -0.298641210458598
-0.750291064957838 0.576248114253644 -0.309107470034877
-0.773348516031426 0.514922357470042 -0.31706910496866
-0.807490930382077 0.55717242698378 -0.28439592600178
-0.746891713923303 0.540863427940674 -0.321991562762705
-0.633676868390927 0.675243263576742 -0.324761132035642
-0.693501565623047 0.627072642857794 -0.317831031328985
-0.664478453728038 0.68738533437017 -0.307688515726657
-0.632906751869714 0.638938278175209 -0.337323894474992
-0.694726031455748 0.66278428212945 -0.30393807711127
-0.662507977343768 0.615324110484166 -0.334144562243956
-0.812377142639435 0.625291053974475 -0.252335436222791
-0.752873940448531 0.611410144164905 -0.295053501105713
-0.784177091829104 0.653530878188931 -0.258044757013875
-0.810475611950385 0.591327211204856 -0.268967651802551
-0.754492630857162 0.646319293080162 -0.279797357302619
-0.780655236012142 0.584651184285037 -0.289936907687803
-0.487456112246506 0.903325046624029 -0.269941574477936
-0.55809837635986 0.86193198725019 -0.266917030700285
-0.494175375995971 0.86917788403997 -0.287897022395063
-0.515770422648186 0.916660433500807 -0.249391612373308
-0.691939927376707 0.767689143210579 -0.254749975279778
-0.626386973001773 0.816659036278015 -0.261871021939435
-0.662382866819969 0.758037046765227 -0.276244184491196
-0.688498065211972 0.801612374864237 -0.235772864806617
-0.503707704582589 0.798858973782463 -0.319580636997354
-0.56322351656626 0.827437791037605 -0.284704225343807
-0.499568284105551 0.834311338767607 -0.304433256788046
-0.53696015424009 0.778173190624926 -0.318095429855149
-0.528962798877653 0.848777181576242 -0.286539173083299
-0.571203142433836 0.938565604634499 -0.203186660167385
-0.586862901117128 0.873622427470284 -0.245546548834053
-0.543731285175715 0.928458026115656 -0.227134819621852
-0.607325670189318 0.915839115830468 -0.200675575477784
-0.551619327013816 0.895655449093455 -0.247730449565389
-0.601918420456812 0.734342239765229 -0.313801200105215
-0.596912865478945 0.80518653827516 -0.282381285954035
-0.632329489602299 0.74687359105988 -0.295921417345362
-0.569713374930145 0.756659481604332 -0.316172036604761
-0.62998292409083 0.782046531282681 -0.279562667182897
-0.567066374705768 0.792307579195591 -0.301112394977179
-0.677328423416542 0.867154972223994 -0.193916390663387
-0.621456722799857 0.850589689291391 -0.242828595014729
-0.683650619177448 0.834815370898815 -0.215491739730163
-0.64271778690666 0.892027211046457 -0.197586717024519
-0.655352412686825 0.826580379121183 -0.239570729415671
-0.615121384711451 0.883700630147032 -0.222428487579865
-0.446719277883587 0.0801968122041642 -0.433649018226277
-0.452387575854204 0.153966076731219 -0.430082131039608
-0.47716419788122 0.0941665365844655 -0.431720536253294
-0.419314334077189 0.102992164032711 -0.433452751207852
-0.462003675309209 0.302288706222948 -0.4215263885348
-0.457326509145998 0.228011807858998 -0.4261462930003
-0.537757829003011 0.122579382750025 -0.426204312217285
-0.482612598578473 0.168436294192447 -0.427907368140157
-0.507524718550573 0.108301113135592 -0.4292661648213
-0.47999149388169 0.131263097094025 -0.429867977244757
-0.364068189042938 0.147597706537246 -0.432318368802446
-0.424661145655544 0.176352718204823 -0.429993790579015
-0.391780545907038 0.125476833572137 -0.432983832344653
-0.422099901045406 0.139639758404668 -0.431746567618233
-0.477908793382356 0.59976786228665 -0.385268425835301
-0.475133277903269 0.52556406413906 -0.398321670958079
-0.5079502787179 0.579214346371323 -0.384154207258217
-0.446724491008677 0.582793337683042 -0.393024291420509
-0.466641363147417 0.376711159556622 -0.415757282986193
-0.471152718456998 0.451172320342954 -0.408247572141974
-0.566675516730119 0.536369200214756 -0.380989974645703
-0.504344613605414 0.504744407025625 -0.397316177191358
-0.537553295307643 0.558071310237417 -0.382734197850197
-0.506322715016259 0.542018919992856 -0.391164603674577
-0.384405454656261 0.548035191080259 -0.405050083421995
-0.443983836920551 0.508827919367577 -0.40432058834233
-0.415559262348019 0.565511489223565 -0.399579935486198
-0.445527126843854 0.54582748508055 -0.399069930348683
-0.656360196846218 0.18056539467259 -0.406304940833153
-0.602171844990009 0.22718336212331 -0.41240095919893
-0.627181776888732 0.166006967707928 -0.412575458982844
-0.658313870920067 0.218501613239772 -0.403114835234977
-0.492367081103198 0.317759896699765 -0.418226608352701
-0.547666080357838 0.273105395873176 -0.416137370943471
-0.489939478752534 0.280357071337437 -0.421022700896958
-0.567815546779587 0.136976632933472 -0.422453819014777
-0.572562815628648 0.212439383048143 -0.417467982950532
-0.597643874905448 0.151463880313531 -0.417935753353182
-0.540293315936977 0.160101744497217 -0.424050728674507
-0.599875847813685 0.189286555191314 -0.415340026689757
-0.663187481057567 0.294444850580595 -0.395101072392669
-0.604623701543615 0.265127498647245 -0.409058635037412
-0.660554996173792 0.256480675930458 -0.399406998872462
-0.631518757118402 0.241885181747331 -0.406405378699332
-0.485103379404652 0.205682101795526 -0.425808182782069
-0.545174134684426 0.235379941603279 -0.419065797390691
-0.487528899767791 0.242992858696386 -0.423530032514383
-0.512741613850327 0.183026115334201 -0.425137170608923
-0.517649702260155 0.258038325963911 -0.420224704779248
-0.542738279502688 0.197705814342064 -0.421685741064649
-0.250672465698415 0.231584266764331 -0.428873530951506
-0.311685056357902 0.261826111262171 -0.427949442130495
-0.279457687994174 0.211329107370713 -0.429756645582599
-0.252164344596306 0.266607537299313 -0.427742564119618
-0.433812253407747 0.323794114204874 -0.421792495946689
-0.372752745303186 0.292591565264205 -0.425824614594693
-0.43160636676486 0.286856933657645 -0.424117511501805
-0.336133083379794 0.169306633337789 -0.431522442914809
-0.340305838875461 0.241141575120007 -0.428604891362273
-0.307938714677618 0.190561760138704 -0.430652655847088
-0.366447485152104 0.183760212999406 -0.43076843967923
-0.309871890362139 0.226164095044864 -0.429308772569141
-0.254932207592301 0.336848142574952 -0.425355976477887
-0.313409888159004 0.297546531119301 -0.426529453118633
-0.253578883268485 0.301697209670479 -0.426587355509796
-0.28277875948668 0.282014630158653 -0.427267057688383
-0.427064681553442 0.213129387477147 -0.428165363903645
-0.370747129878809 0.256258631540824 -0.427563595729422
-0.429365849402835 0.249966082108296 -0.426222664334807
-0.396764775373347 0.198372255708892 -0.429677107183778
-0.401184213589799 0.271503805373674 -0.426098216289212
-0.368657443427464 0.219980751498169 -0.42919599412233
-0.677507646772544 0.444736582985609 -0.370345266956514
-0.616648798652328 0.416522562368363 -0.390218374086026
-0.650734176751524 0.468277760203863 -0.373601808369273
-0.673537961846353 0.407511904760765 -0.377803869825536
-0.494822493423089 0.35518420563038 -0.415073708519101
-0.555765230296292 0.386322806203694 -0.404836857408442
-0.497293688456066 0.392611950225052 -0.41148878523856
-0.522688569363538 0.333220172664285 -0.41411746445228
-0.595274749808711 0.514142492692181 -0.378901206300259
-0.589307445400946 0.439245382241242 -0.392513184880511
-0.623308609055292 0.491430383510084 -0.376446077730872
-0.564181799593085 0.49901938964292 -0.388137272236499
-0.62001142655155 0.454064821329569 -0.383757582786566
-0.666256956515262 0.33231942222866 -0.390115584780379
-0.613348042401185 0.378822176270556 -0.395902101530433
-0.669738421207461 0.370028429393042 -0.384373195220628
-0.636865865215159 0.317840594165096 -0.398255193888124
-0.643463816980706 0.393431215162281 -0.387518678791194
-0.502121366273461 0.46740809362199 -0.402695800932245
-0.55862231662077 0.423978798491568 -0.399978726423443
-0.499745609232321 0.430025437466736 -0.407391041440878
-0.533129871826291 0.483395957615492 -0.396030877516356
-0.527952573801587 0.408397786079963 -0.406266437784061
-0.561459794551689 0.461550661163368 -0.394439708924973
-0.577555030606086 0.28814110705079 -0.411174907745979
-0.58318177613949 0.363839649436254 -0.403059549588151
-0.550256831456769 0.310857195964598 -0.412837748098738
-0.607294559256848 0.303080018136955 -0.405244722689712
-0.552961587224855 0.348606322568241 -0.409096404235461
-0.610209082256132 0.340994151803533 -0.400884977386514
-0.259686161022456 0.477928091890155 -0.418370726911156
-0.319621476347868 0.440942544411774 -0.419049899372788
-0.290899945541167 0.495350490109219 -0.416098948539512
-0.258628321091642 0.442601683909701 -0.420572481342566
-0.43599220905082 0.360768337509504 -0.41918164245874
-0.37841412685943 0.401877962995352 -0.419371314977991
-0.438136603082982 0.39776946212653 -0.416211367902794
-0.405344135411537 0.34484160039199 -0.421869052822391
-0.353251808252482 0.530463174201037 -0.409550279255228
-0.350695754592091 0.457907030474614 -0.416529379670348
-0.322086551579216 0.512879075362033 -0.413195509827328
-0.383214314810098 0.51147119228786 -0.409499679508614
-0.320937821940028 0.476895865604141 -0.416368018517624
-0.256229965452718 0.372054006164236 -0.423988738966202
-0.318184307550994 0.40502552394786 -0.421328023174288
-0.257467248304963 0.407307704418597 -0.422418730168361
-0.285791816607237 0.352939308044721 -0.424502587498097
-0.288546108950592 0.424066980978337 -0.420978636277961
-0.442187457416251 0.471810207049108 -0.408867620188304
-0.380156674323246 0.438383937175429 -0.416570288456558
-0.440217175322516 0.434786984144973 -0.412801692948002
-0.412867579032577 0.491915888199525 -0.409277756081657
-0.409306832439616 0.418333585586995 -0.416472336867548
-0.381774900700349 0.474917603639769 -0.413309215800347
-0.34405083448891 0.313203696595863 -0.425445086243415
-0.347532919468375 0.385471231721763 -0.421607167928153
-0.374696607826771 0.328975815898117 -0.423923494058031
-0.315065713664993 0.333322609513836 -0.424995051848665
-0.376586312082818 0.365406507240405 -0.421796269013433
-0.316659250619183 0.369150485881685 -0.423284367591523
-0.581571977758071 0.924671085095108 0.374934930599843
-0.618211502090227 0.874073609915212 0.389397441570128
-0.567654674322333 0.905067932911149 0.393922020161532
-0.610065768086582 0.923104214116113 0.360548387884412
-0.687763657227402 0.756500251841857 0.414945651282961
-0.654209833519147 0.817364340016487 0.402933619924457
-0.533032262996574 0.862531574792644 0.426307069197616
-0.602482385006794 0.850755393222847 0.408586559720318
-0.551202824655398 0.884546350683458 0.411146148989997
-0.585050133821714 0.878448351349415 0.401582201448702
-0.666636396300137 0.918334163141462 0.325478650772655
-0.650358774340027 0.870425734202358 0.374885702164355
-0.638361423998884 0.921319608239123 0.343954390488626
-0.630537243491797 0.897522819154841 0.367675001740969
-0.787889425094153 0.489802236869684 0.447117217732235
-0.768251136868099 0.558584785157133 0.441236404101047
-0.718140424298523 0.692558066150058 0.425296467052354
-0.745007280935275 0.626359663029003 0.434019214467826
-0.449547077863265 0.761289310861637 0.459010640650922
-0.521418914642151 0.750996538909731 0.456186377914722
-0.471527566443622 0.788172452708485 0.455649757886538
-0.667594129772247 0.73076628276462 0.431468774560507
-0.594652927028292 0.74108735639402 0.447591777564094
-0.652287504197569 0.761930210355629 0.426472394925912
-0.513515345077113 0.839021326517014 0.439010257615884
-0.543532863639649 0.777100616443392 0.449041619968393
-0.492930592398025 0.8141649146336 0.448894740472297
-0.548929049119443 0.832606441236102 0.432956435108769
-0.507339892360494 0.782517240008348 0.453022621143228
-0.619621004729245 0.82203304929346 0.415049221439013
-0.579924306278111 0.771954720316493 0.443426411613075
-0.636266603188249 0.792387562951049 0.421004956948824
-0.584419695031259 0.826979891268186 0.425041393932904
-0.616263917207939 0.766975914437275 0.43594994208552
-0.564637256014784 0.802450990652901 0.438591602925733
-0.775210028831561 0.888810895646081 0.236164869367739
-0.770785750433229 0.846521787232976 0.298698238719956
-0.749218401344896 0.899110341956144 0.260478370481248
-0.722507977026955 0.750349493118712 0.401393549596932
-0.752901395575291 0.799855124492764 0.354773895775253
-0.705682178365868 0.781835519779223 0.395261942896301
-0.694700057138872 0.91376578179722 0.305300250186458
-0.741937208959149 0.85472658592335 0.320157060430849
-0.722307300739769 0.9074019675915 0.283579635138116
-0.690091615498439 0.890380717409377 0.3326736526312
-0.74729527106601 0.877489157701022 0.291019589968187
-0.66953919163315 0.842006374637925 0.381955326890938
-0.733105119434024 0.831067532407817 0.347511629737449
-0.688005321160321 0.812429267637553 0.38876943861524
-0.68165519587964 0.866375176050216 0.358387888674574
-0.7209253823009 0.806720770541807 0.372675253709286
-0.712191468383575 0.861267736827502 0.340098136157567
-0.829730557441106 -0.042869418466925 0.462904017400523
-0.833945962305161 0.0160924325771324 0.463304161774344
-0.835716930070217 0.14565537887972 0.462209029060479
-0.836121487290022 0.0796403729115671 0.463077928343528
-0.804010331684889 0.420487926175485 0.451845826701285
-0.816731083801013 0.351046821748805 0.455595750367245
-0.832458515520816 0.213240902418244 0.460694935896224
-0.826173628474078 0.281843301330918 0.458510917223615
-0.283729944667313 0.551934966086543 0.344505210925871
-0.342129151827614 0.541354332770551 0.375394088183741
-0.300811998232147 0.574062243837295 0.373179298074921
-0.469876931946385 0.521483796207504 0.431677181628791
-0.403933853267204 0.531296867627501 0.405385113230559
-0.339655007228867 0.623856249348754 0.418284623072766
-0.36191765856133 0.564908327180426 0.399785726939311
-0.319565457121142 0.598187002498521 0.397814075453525
-0.330978778434837 0.56947429030053 0.386530247521367
-0.760410062422875 0.466227828946667 0.45737456491544
-0.686817095121877 0.484731534174528 0.465410257231877
-0.751743741187943 0.500125706393319 0.455239830441351
-0.539789123626356 0.511176860273113 0.451682757024838
-0.612643746046761 0.499324567173822 0.463353887940581
-0.731924839718626 0.56750908279619 0.450172578004706
-0.677882688293432 0.517294999697388 0.464167051094411
-0.742253105009487 0.533903101034425 0.452848923027514
-0.714995977739347 0.509246724538092 0.460933970330667
-0.427229830367911 0.733787302315375 0.458753398525922
-0.451791290909059 0.669899365890816 0.455908019890045
-0.404821268431033 0.705961584498816 0.454689751366255
-0.4626173831886 0.729052600521119 0.459797505707542
-0.494935271048501 0.546596033991312 0.445394875951216
-0.474430871468017 0.607623005975577 0.451039358315565
-0.460253836858103 0.551277800080966 0.435749399003128
-0.360759071811648 0.650638225221561 0.434557168659725
-0.428404931997829 0.642726230995788 0.448054439990027
-0.382575489946028 0.678130654788449 0.446664663477747
-0.372138905917276 0.619958416248687 0.427426097903897
-0.416828233146084 0.674080543927609 0.451651978745426
-0.53502133038723 0.719530422911174 0.458574993908421
-0.487441045984805 0.665609353210019 0.459164868272888
-0.498576058415281 0.724287873666517 0.459828556396897
-0.475275754025567 0.697175990323983 0.459788321954979
-0.393738603823034 0.560371947612651 0.412625279515987
-0.439513674748939 0.611844789387395 0.444091108423822
-0.426510626835308 0.555844599026277 0.424721691957566
-0.383136834917189 0.58989683997388 0.420041267530718
-0.45013290918248 0.581380345020213 0.439936347303663
-0.405414019492704 0.615951658449607 0.436122452440849
-0.682125735526107 0.698993444965738 0.436013699277872
-0.634773559039985 0.64648464357849 0.456903625793717
-0.695842596550504 0.66670184301185 0.440129876263487
-0.645585881533781 0.704681187393618 0.444629051625682
-0.530468939351549 0.541698680475888 0.453368470003835
-0.583316277595103 0.593671991546613 0.462932779133862
-0.566720179155044 0.536463452791143 0.459415956277927
-0.520580322255647 0.572380140119975 0.455066858594627
-0.720749046094743 0.600887085013284 0.447180642118947
-0.646676489790612 0.614424189497347 0.459161354897101
-0.708720895344936 0.633974404793864 0.443842894072197
-0.695040276486022 0.575321943748432 0.456792843617669
-0.671903179665896 0.640619648000716 0.451465355609556
-0.571807119090053 0.714755031690701 0.455769783266609
-0.597555346440935 0.651758870767112 0.460230713824024
-0.608736843199517 0.7098618867583 0.451179483201498
-0.548055558528166 0.688076581827227 0.460333658719109
-0.622121360310463 0.678312912991078 0.454262349553302
-0.640643076265919 0.524412990791361 0.464947018831547
-0.620509108345579 0.588239874396873 0.463105550385584
-0.603513567471754 0.530751378681352 0.463328189032141
-0.668223746911049 0.549788409337601 0.462742408743986
-0.593742937453679 0.562203561407109 0.463211205571941
-0.65782520589459 0.582177745449963 0.461090268984904
-0.499062394932247 0.634309765344435 0.458081928826378
-0.572224245531897 0.625146140610591 0.462416723789891
-0.510112235435447 0.603242652185626 0.45667522965888
-0.523706461147436 0.661199583062124 0.46114530578261
-0.54645619107667 0.598628074127096 0.460721845466218
-0.560466544880074 0.656616234087962 0.461580472066903
-0.929848780438454 0.735984344377279 0.0200916095453477
-0.951345678248993 0.713630705091764 0.0916729755430628
-0.916808296975693 0.761219737927285 0.0474609175324235
-0.956974523254268 0.650023730411497 0.232820390888826
-0.960637134550872 0.684650079753839 0.163417330800497
-0.884916779299909 0.806988586385565 0.10279751066297
-0.934911677534807 0.736558500812088 0.119324279999838
-0.901814883137697 0.784933942883269 0.07508634466455
-0.927351992389555 0.749774786269854 0.0833261053925917
-0.823202647821392 0.478162796985634 0.436633066126449
-0.871704279676426 0.523861558413284 0.401164118375947
-0.813975387671351 0.513385466795652 0.433499402328359
-0.940319805955747 0.610892063510227 0.297237435975764
-0.911411713641783 0.568452689063065 0.35410446214552
-0.792658293766542 0.583172027916915 0.426212025555482
-0.860707410198255 0.560130979385096 0.396687934884916
-0.803797357690896 0.548410420765767 0.430031619114958
-0.838349836080912 0.536867701442619 0.41663850633623
-0.800077379483265 0.876464622838857 0.21081565404745
-0.850436746064531 0.810774500493156 0.226698870687877
-0.823635210071643 0.862067728933975 0.18461448854406
-0.800967977851912 0.857215106415859 0.243881760610063
-0.933195592941081 0.6684569355579 0.258409569896837
-0.89475621145912 0.74128886751093 0.242833131497852
-0.938524022467055 0.687487864516732 0.225031791302469
-0.866186113256107 0.827261077166004 0.130414436894625
-0.874160218620212 0.795009187037387 0.200711102212131
-0.84571900291977 0.84564788533093 0.15775030787298
-0.892120148275163 0.79303811166092 0.138555384179885
-0.849667529104897 0.829034668283747 0.192575315035424
-0.792878756954387 0.814557362068678 0.306421883578626
-0.847940054333568 0.791040337462721 0.259793381924291
-0.798592066129575 0.836510160775019 0.275863855859855
-0.825196128627456 0.824607478955166 0.251808550033865
-0.939351684799649 0.721684100602919 0.155155252863875
-0.897126244507167 0.760040340043867 0.208898651011312
-0.94057397933397 0.705280219410527 0.190501276124619
-0.91651110531978 0.757830383911127 0.146837184844876
-0.918577472120965 0.724180782754348 0.217034281362969
-0.896226105048254 0.777341680053887 0.174028343156446
-0.738435711137721 0.718083523562459 0.40714198897816
-0.805718326491506 0.700977400128292 0.374906567703482
-0.753431844972112 0.685140717470005 0.412496785431464
-0.756369262701671 0.743173427875599 0.38588591159245
-0.924633753609896 0.648342460226607 0.290298026987517
-0.868185785181506 0.677986994814464 0.3355870579449
-0.912935385475551 0.62730084000246 0.320369181335341
-0.907565315515588 0.685152824700621 0.283034109323588
-0.780551348152991 0.617599510141653 0.422024636631522
-0.821123695731699 0.666560642186125 0.380928672535076
-0.767474454003754 0.651616507815844 0.417456105077974
-0.815151639404824 0.607540299084271 0.407927189313237
-0.787817138453222 0.676532643713814 0.397676525856815
-0.783843348020026 0.791561475969175 0.335190156151434
-0.820891001537138 0.724810297493839 0.349413971463202
-0.771602177924286 0.767711925259533 0.361796396148007
-0.813636141794433 0.781654661022791 0.314055870083328
-0.789209415823012 0.73472356276996 0.368520452875317
-0.880760766738219 0.583048865663809 0.37383726397864
-0.853185419409642 0.65509005634577 0.362369514044074
-0.898247089201162 0.605486442533801 0.34831154244306
-0.848615916788986 0.596055705241649 0.391824477099084
-0.883841180450768 0.64202394738121 0.3421333887736
-0.835422698146598 0.631558990222653 0.386570721717687
-0.869234184253147 0.756568396011905 0.267717590871015
-0.851273022940324 0.713297349859686 0.328698492578226
-0.88910331026262 0.721251074235198 0.275488588441655
-0.842146894741297 0.770013833728833 0.291513574081694
-0.880211974037186 0.700094775326471 0.306519449971411
-0.833093990916568 0.747878002511649 0.321504522499513
-0.629045301925208 -0.83456171011836 -0.15273508854886
-0.679210680423929 -0.818626566231878 -0.11215089601513
-0.625276480312067 -0.851934494726692 -0.126958875036233
-0.652631111151296 -0.810637932311757 -0.162042629232353
-0.776914429245788 -0.765792863118413 -0.0165679179283068
-0.729491371327998 -0.795768838014876 -0.0661641447467309
-0.610571848362832 -0.885027853802546 -0.0720905782574868
-0.675154308110555 -0.835084991590091 -0.0817800029216609
-0.618869855100908 -0.868959094812188 -0.100181789478124
-0.650182629281437 -0.844531478121115 -0.104801660084546
-0.697083009660702 -0.757774780728326 -0.182878536925243
-0.706029320270588 -0.7915594538699 -0.121278742903628
-0.675150167988853 -0.785045533221854 -0.172351169484666
-0.679498918985132 -0.801699664577201 -0.142412567044582
-0.908920426581797 -0.57983453214538 0.192823111939795
-0.886521207555705 -0.634998217554285 0.141264412710548
-0.819710948057648 -0.728731542918947 0.0353568615904708
-0.856569942015226 -0.684923316548891 0.0883775024011361
-0.560970796112568 -0.932875965008012 0.0502641593708066
-0.635108629145853 -0.886640220874096 0.0440609940453564
-0.575707461805608 -0.923885659641323 0.0186303209160534
-0.769133386363825 -0.778190140858356 0.0180327267821351
-0.704875909713671 -0.83488110341927 0.0332515938339527
-0.747029855010565 -0.795228719405965 -0.00784054047232357
-0.600565320795851 -0.899737084433702 -0.0427865104253969
-0.6480873732025 -0.876463922252954 0.0119488520317029
-0.588925535768023 -0.912773081764094 -0.0124689993340362
-0.635140322616936 -0.875849632838575 -0.0459886761381734
-0.61241976234101 -0.900906713255576 0.0159169424560406
-0.699810650872019 -0.823700074462052 -0.0578780844319472
-0.682523533411835 -0.850638852836768 0.0066226130699412
-0.72385180380505 -0.810407863353648 -0.033189918538467
-0.668317844824766 -0.850446065730351 -0.0510384375359476
-0.715547417884509 -0.823530570137159 -2.82717597473184e-05
-0.659209293728667 -0.86432886826816 -0.0197900040641241
-0.777742219254436 -0.634199306034548 -0.222801064498785
-0.799165978089981 -0.671168442531959 -0.161741083961049
-0.758830768597714 -0.667026526648317 -0.213378609045395
-0.805204907664033 -0.735250938040879 -0.025941252002483
-0.808563001461818 -0.705285156042766 -0.0953309008877556
-0.781859724483345 -0.751835043557879 -0.0510631798114973
-0.718407483347947 -0.728932337177898 -0.193326547212296
-0.777656315480091 -0.703110404672983 -0.151675227983449
-0.739023557045157 -0.698642650907104 -0.203529048609265
-0.726597669680613 -0.74623795357693 -0.162830879256792
-0.769732891087917 -0.685339182676233 -0.183268989635304
-0.732072731323541 -0.779942978338809 -0.0988894983629053
-0.782354711991902 -0.720245029689764 -0.118895044377195
-0.7574184720044 -0.766723208278973 -0.0754303215089058
-0.731186346255443 -0.763313642660521 -0.131215521758891
-0.783734006507771 -0.736565670920241 -0.085255799773645
-0.7550128099376 -0.733834744219935 -0.14144233500262
-0.839114870274699 -0.0913787355682818 0.457476555522941
-0.864274880672578 -0.144867602411788 0.44297406641189
-0.907005516499343 -0.265657575429649 0.39705444020125
-0.887587628389747 -0.203669821181681 0.422829447191099
-0.923448423384326 -0.520498615482719 0.24194359661392
-0.930101636136446 -0.458176702396721 0.287646932618774
-0.92120734609065 -0.329533053986903 0.365734372036083
-0.92916994201062 -0.394108511353727 0.32911980623835
-0.400400985889365 -0.918503463022244 0.29237546226863
-0.479327160207498 -0.885377539370204 0.289402529844016
-0.423414317810877 -0.9286597487291 0.265348284544698
-0.630099915296304 -0.80338036007755 0.277725675613051
-0.556019252203679 -0.846884634804061 0.284669912538327
-0.467638782458863 -0.942084202306967 0.207469361208344
-0.502556795407096 -0.893752255765699 0.261905423682614
-0.445877579156301 -0.936553803531969 0.236986580341935
-0.463262739564477 -0.911906925516201 0.263838329051168
-0.889971249956771 -0.583198084928349 0.226222463103908
-0.831620919662696 -0.64500203273975 0.242197925110786
-0.881206929328865 -0.612321400062511 0.201446747137143
-0.701100271336437 -0.755135658400923 0.268302608734822
-0.768470353053449 -0.702318862725004 0.256379877606953
-0.857918614649029 -0.667109692505082 0.150116269383841
-0.821787092414135 -0.673928628381432 0.217643898828244
-0.870511287919431 -0.640338265344149 0.176033405010531
-0.852141438006878 -0.643687926760328 0.209749401937237
-0.544788786565395 -0.939590642436203 0.0821763816543127
-0.586215811468257 -0.903933709617677 0.140713386714067
-0.527251120913577 -0.943919005271327 0.114107238341299
-0.583023090548623 -0.917859974872812 0.0797272583583273
-0.653182275711684 -0.808037654410492 0.248642810817715
-0.622660028513293 -0.859670268886334 0.196367498243092
-0.616624356354654 -0.831347474501946 0.252891222040655
-0.488548649669485 -0.945177370580331 0.176999071545499
-0.56700104950321 -0.904984451137253 0.17228718081893
-0.508464005149024 -0.945791347973316 0.145798570387569
-0.507414951685717 -0.923561363921133 0.205581048675165
-0.547709502778721 -0.925576891857092 0.143601173345377
-0.656783162688588 -0.87013613896427 0.071990887636363
-0.623901821063596 -0.880910049233783 0.137038060919649
-0.620393747217537 -0.894689967055551 0.0763693660435205
-0.604056437175609 -0.90048459234171 0.108662909748764
-0.541250442751373 -0.874244248719299 0.259477446708533
-0.584990192541451 -0.882308018630617 0.200105937857876
-0.579292250985364 -0.853428677179376 0.256490237808614
-0.525018581136155 -0.899859555502515 0.23309481762499
-0.601562700789935 -0.857709317032956 0.226995591163776
-0.546552149540274 -0.903620354594702 0.203154193383239
-0.789979105228163 -0.759333234072156 0.0442859110356181
-0.764462271609762 -0.775995849363723 0.113664459580614
-0.809407585789153 -0.738715125915102 0.0707709845891847
-0.758754087781899 -0.788810511802791 0.0525699964226518
-0.688895640764014 -0.783530390614614 0.243725147172507
-0.730253396436658 -0.78421824540358 0.180655233282312
-0.723689727661328 -0.757850434858453 0.238137799802735
-0.675003214678653 -0.8104511506974 0.218225671543692
-0.843483540190979 -0.69250612592992 0.123835863888211
-0.781367009430435 -0.752785407536143 0.140265442272129
-0.827281252954391 -0.716409503770089 0.0973377898183899
-0.827927965911933 -0.698099058936781 0.15857912657264
-0.796560797808882 -0.746772699558831 0.105809851835003
-0.692058084594366 -0.844262607686893 0.0665396277055241
-0.73105536609251 -0.804056251071532 0.120786065819039
-0.726086191021511 -0.817134819624164 0.0600358676501455
-0.677271118061666 -0.85152458043004 0.0996848267906848
-0.745995004109988 -0.797477891220621 0.0868789382566471
-0.790211745154773 -0.703039570048007 0.225050495729189
-0.764024208906707 -0.756666875605193 0.173935308660597
-0.757487493282517 -0.731016048977249 0.231900157854696
-0.81010170818057 -0.70162619974576 0.192386283485586
-0.744731587169564 -0.75836292596687 0.20662252398463
-0.796607533470117 -0.727955381011246 0.166550163976311
-0.642417326171352 -0.859284420500026 0.16480235234471
-0.714122246904148 -0.808447369311635 0.154107258126106
-0.659483970311183 -0.835750640584072 0.191890357237087
-0.660673058789279 -0.856556404398808 0.132505695132836
-0.695377653578474 -0.810588645059426 0.186651294047561
-0.696426001611958 -0.830922971197433 0.127084524987847
-0.890616331624851 -0.340751120815349 -0.27904064054932
-0.928741104864021 -0.380739470022977 -0.227307261680005
-0.880507428361988 -0.379487979159658 -0.273966545775787
-0.977495403853258 -0.453568246619149 -0.102304263674601
-0.958279101767371 -0.41857959733856 -0.167990038207329
-0.856782451140485 -0.455686448701171 -0.262142782192874
-0.916855755507955 -0.419596679785421 -0.220906666880734
-0.869227796812284 -0.41783102006187 -0.268336588074217
-0.899677970776467 -0.399795785138853 -0.248431216805084
-0.935223636271613 -0.546236618945735 0.183970026484335
-0.963529760045989 -0.532084973719036 0.113430947697727
-0.92544957885431 -0.574568094535255 0.158275657427679
-0.985089937788343 -0.484815076315386 -0.0320247170948145
-0.980407578740187 -0.511319609275789 0.0406702611069828
-0.89997601513785 -0.627736715816197 0.105675724292108
-0.950506513217289 -0.558610471417993 0.0867080501152803
-0.913685359558323 -0.601777547758749 0.132129845427829
-0.93936748874273 -0.567465132224204 0.12281812638948
-0.795685828483368 -0.600272103814323 -0.231743921293303
-0.85682705604911 -0.568665030697766 -0.189932291924446
-0.812603072423161 -0.565352902920965 -0.240170180429135
-0.808923163010976 -0.61949293658463 -0.202485537216634
-0.961083733437626 -0.492018025459418 -0.0936752875578918
-0.912222210294491 -0.532796412429172 -0.143634361656935
-0.954101203733452 -0.475134123763729 -0.127680881820163
-0.843182783941076 -0.492958032555572 -0.255381558352282
-0.873682255277286 -0.532542436668675 -0.198452211946382
-0.828447400735587 -0.529547156867195 -0.248054655373212
-0.874133578769588 -0.475933513079048 -0.235275645757576
-0.843820958135841 -0.549429137884126 -0.219917622717376
-0.827293791901288 -0.655901658105639 -0.139084418485199
-0.867216961260859 -0.587168243784433 -0.158275673873065
-0.819544063435569 -0.638063808787241 -0.171523947778119
-0.838772669482057 -0.603868491183579 -0.180941242740631
-0.931799648439586 -0.438815010255652 -0.191501428563818
-0.902086376344224 -0.514581211164738 -0.175860537215442
-0.944282689314616 -0.457361625541563 -0.160363807958832
-0.903711637217636 -0.457913108513784 -0.213957952316182
-0.928928631661784 -0.495463017248285 -0.152236239330595
-0.889316290087161 -0.495593526735636 -0.206468340826978
-0.827279233838701 -0.716971965869941 -0.000215555762708026
-0.879263454351778 -0.651384806893494 -0.0198595632832429
-0.847924913638406 -0.697023683912392 0.0259622733158189
-0.831935041281421 -0.703613303564583 -0.0357136103548236
-0.96509885796582 -0.507888987395291 -0.0585998677617238
-0.925185983827881 -0.581586634629835 -0.039615714236455
-0.966061002061072 -0.522616020664596 -0.0227305548194418
-0.94321409814991 -0.529664083536603 -0.0846384122474766
-0.884386510301065 -0.652329406969081 0.079061607091632
-0.899769771670599 -0.630353478459231 0.00643561591921478
-0.867001509308425 -0.675453641100593 0.0524392707618849
-0.910700415693683 -0.618645250412428 0.0695186310554109
-0.87461188765428 -0.664224806226222 0.0162714819406454
-0.831987789058836 -0.67288410763474 -0.105437994734778
-0.880859526169957 -0.637095317540734 -0.0556722650882974
-0.833533521970321 -0.688850705039208 -0.0708815176462931
-0.854053426671532 -0.639385394564938 -0.115422144236359
-0.857143078306654 -0.670888924723472 -0.045678991108646
-0.958728975398281 -0.548105503928078 0.0502200009141881
-0.92339817802019 -0.595435941660614 -0.00341457459938753
-0.963933536500383 -0.536065481418826 0.0136418301551006
-0.935487751014846 -0.583893775760535 0.0598684561899076
-0.945496026806846 -0.559508123084693 -0.0131678466209007
-0.918545832394035 -0.607835540298475 0.0330610953446707
-0.894170262442939 -0.569278276536067 -0.134595615348034
-0.90310421249267 -0.602262581330544 -0.0655624494528795
-0.919536664626354 -0.550123742332484 -0.110011214868872
-0.874779475271624 -0.604830979297286 -0.125169812828312
-0.923887706682415 -0.566433861261229 -0.0752454778486843
-0.879357488185308 -0.621523181129801 -0.0908739589106138
-0.0555875338310987 -0.584277970797933 0.491582253172793
-0.105732555596985 -0.565014354492026 0.491333833861066
-0.0735967972091056 -0.606324164649566 0.491037513179115
-0.0579722942060694 -0.554615898581488 0.49078938536233
-0.212906744987292 -0.518427131089728 0.489979727385555
-0.158801928424196 -0.542896437262695 0.490746957691523
-0.110077482962212 -0.653648199066041 0.486316685584289
-0.127347890287245 -0.588065669305881 0.49134298222859
-0.0915369518747554 -0.629646769487801 0.489337626263549
-0.100263097613458 -0.597746629912233 0.491225853375893
-0.0596101783322959 -0.492664260250055 0.483864384252231
-0.108765595372515 -0.532000257373037 0.489513620070807
-0.059044014539818 -0.524053921318046 0.488279351390695
-0.0830797437696719 -0.543373846910327 0.490194048517099
-0.429084564918972 -0.400565042474703 0.487754673716906
-0.375586649835294 -0.432805449745369 0.488049649113978
-0.267304976914278 -0.491827357119135 0.489195773945002
-0.321608084326806 -0.463249707727366 0.488527725261784
-0.191425621986216 -0.750554475035962 0.458762334652334
-0.214212275461966 -0.683789673294751 0.476828873852869
-0.170055364259176 -0.726653935442663 0.468149670708254
-0.238170666371699 -0.541644401917153 0.491129790084303
-0.229748878249755 -0.613675835696235 0.487889150833694
-0.210265823554021 -0.554254601253061 0.491265580759247
-0.129344781682148 -0.677986088333404 0.481845753620795
-0.191930381365962 -0.659884251979464 0.482855084608186
-0.149346764085485 -0.70239632544722 0.475819486477609
-0.140182089777259 -0.645386948410752 0.486781498195936
-0.181927752080765 -0.693753380826244 0.47633609852305
-0.154775729956019 -0.577522092546864 0.491383676267764
-0.199959250268492 -0.62520085966484 0.48759690912604
-0.182444258035994 -0.566229267113173 0.491354283908125
-0.148660921577827 -0.611796129886621 0.4900160621538
-0.206025911386413 -0.58991461723256 0.490438799843646
-0.170113796056302 -0.635819056946924 0.487221360359746
-0.0599187187600378 -0.363391700069667 0.443917365850797
-0.11101539696464 -0.398878526251679 0.460925506022945
-0.0600053385742299 -0.395795177325668 0.457550958446302
-0.214215477119623 -0.482598057187452 0.486498589561952
-0.162575385206288 -0.438824782478369 0.475881470718372
-0.187657497421097 -0.495594648115098 0.487238705118048
-0.0599002701226567 -0.460667478085183 0.477374364161951
-0.111247967879041 -0.432167496880504 0.47150273927007
-0.0600129933366339 -0.42829996112489 0.468653343524553
-0.0853320325262748 -0.478903466332161 0.481758574909257
-0.085597835814246 -0.413375646237094 0.464678210610904
-0.134844236670566 -0.520282672091071 0.488774869493462
-0.136848824571576 -0.452217821954535 0.477739536154121
-0.161175576313465 -0.508154699385988 0.488006839429032
-0.110365195060253 -0.498824740362789 0.485673106811484
-0.162323302308873 -0.4734319130198 0.483080583024471
-0.111091516319332 -0.465523075905584 0.479708994632557
-0.810870287923771 -0.08704036890477 0.466171707530444
-0.772170821592067 -0.128482540892978 0.4731172276456
-0.822010723539706 -0.114809843809117 0.461402060219254
-0.683153134936095 -0.213206425851658 0.482512724497261
-0.729119734837862 -0.171126866193685 0.47860522535332
-0.845721080983622 -0.172181315184597 0.447622739534734
-0.782696765872514 -0.160040812765014 0.469072341761727
-0.833916156664851 -0.143052222928527 0.455205051274507
-0.803007929659375 -0.13752088440973 0.465358269137925
-0.48196436238137 -0.366559868304792 0.487541176202282
-0.534066041977019 -0.33079406032733 0.487211867489681
-0.635000576889645 -0.254028304833342 0.48503697150712
-0.585175394198742 -0.293269929469356 0.48648789882716
-0.885560522539557 -0.296226430828427 0.403183091852392
-0.823557445126454 -0.287943016932788 0.438836092830489
-0.877140171335783 -0.264323940253409 0.416422025880035
-0.692361534781673 -0.247783045566902 0.480367979236616
-0.758526529400262 -0.271508274321659 0.464890740719259
-0.716054558427576 -0.22632040116474 0.478098199237921
-0.857028634459515 -0.202176122347874 0.438640017966345
-0.814297881639518 -0.255434874855142 0.448541810496392
-0.867571271569608 -0.232931236383538 0.42824204026506
-0.825584767831938 -0.198199359825562 0.452305087417863
-0.84615833305458 -0.260960841280904 0.433627403618629
-0.761331896214932 -0.182389383062134 0.47245226930059
-0.781823478968126 -0.247720232964917 0.461016310910736
-0.739077235744514 -0.2045044132315 0.475463078425619
-0.793570263224334 -0.191556992735896 0.463640698624474
-0.748999949406504 -0.237933238605083 0.470906753598651
-0.804220112920891 -0.223313864410173 0.456804376694762
-0.376989026156413 -0.90621005566722 0.317914567699282
-0.406625677308226 -0.847793228214368 0.362533751858699
-0.353326395335057 -0.891924003638967 0.341838581576915
-0.416481785971731 -0.891214578557343 0.316834120105038
-0.448182950711656 -0.715472384563657 0.432869655209599
-0.430494294151329 -0.78380479548271 0.400947387932511
-0.305808923482153 -0.858023667516963 0.384466264783122
-0.381895188736063 -0.831582956244184 0.383424240908577
-0.329555053040686 -0.875804934750709 0.364047203153637
-0.368304163219077 -0.862476089735925 0.363413238895721
-0.493981085773712 -0.85713836744345 0.313624838326313
-0.444495642065051 -0.831817605069749 0.361349368541061
-0.455490688899487 -0.874839660386038 0.315425725162814
-0.431205853490906 -0.862264041351384 0.33983944495417
-0.459566010108688 -0.420951536225737 0.489252459093725
-0.464575171905706 -0.495729335676499 0.486499044256085
-0.432324895209318 -0.437815475283301 0.489564797749258
-0.459566671057647 -0.64396233301634 0.457992518083811
-0.464851452332202 -0.570375306251973 0.475980699778405
-0.377358980252035 -0.470074113804644 0.490090536954838
-0.435757571408629 -0.512687613785959 0.487092339970873
-0.404915577427393 -0.454191805355422 0.489839575487002
-0.434595151462291 -0.475226626636256 0.489333680066746
-0.213400403983295 -0.773903821087943 0.447597015508966
-0.283979987238972 -0.752730412344938 0.448091781064937
-0.235911384036061 -0.796512547329744 0.434607232204377
-0.226009108269962 -0.741128152827436 0.459161666883637
-0.421179116535956 -0.696559986404789 0.447159079701933
-0.353226358151189 -0.726732921753005 0.44805902227179
-0.413700040286859 -0.731740630900926 0.43374427770183
-0.28221234508841 -0.838758659068737 0.403046481402611
-0.308089502366254 -0.774196426702634 0.434790200741436
-0.258879017566071 -0.818193074959712 0.419761771640559
-0.319873471535756 -0.826943840912387 0.402834972981977
-0.272178069358802 -0.786011910931886 0.434752777959764
-0.246253055158157 -0.672690321458531 0.477247071571244
-0.294202572730354 -0.718469910083441 0.459738626695978
-0.236992218409967 -0.707350877831638 0.469066765438611
-0.26026084072628 -0.730389841646198 0.459504825148287
-0.394027254272381 -0.799397158253948 0.401839074211947
-0.343647361987816 -0.761162057301406 0.43466528043525
-0.404642461046289 -0.766067656016049 0.418624424134143
-0.357149264381175 -0.813798471034796 0.4024511916622
-0.3788520185468 -0.74698833323227 0.434330534177802
-0.332510854723726 -0.794611278082569 0.419578164156426
-0.641932378090839 -0.773965113675888 0.301430909152803
-0.590897426551275 -0.755985601098454 0.352547917655454
-0.605941504007712 -0.79653822705547 0.305312346329608
-0.482286669572198 -0.698226882501955 0.431673862898808
-0.537248751849729 -0.730393300424284 0.396157201473943
-0.475204923514854 -0.733091261986563 0.416525540072745
-0.531915336675653 -0.838159518843925 0.311372135003358
-0.555125274652786 -0.776650497061451 0.355444096657199
-0.569251333229058 -0.817946842353245 0.308615558673034
-0.507150214485652 -0.827358170271404 0.336456256293128
-0.580890402404805 -0.787593915757499 0.331259393959472
-0.456287780138265 -0.800036390855505 0.381325284089181
-0.528817333667349 -0.763828058764914 0.377765611839459
-0.466534470595266 -0.767076932002963 0.39972985308047
-0.48188867709913 -0.814604227503339 0.359805050909864
-0.502127689317699 -0.749260299418178 0.398145185280606
-0.518776230725952 -0.796201414490613 0.357851095265703
-0.266103779516272 -0.528433623534544 0.490958852903212
-0.318732088972512 -0.574426158273863 0.488191926959853
-0.294021472878389 -0.514650203975667 0.490763206156241
-0.263556279703085 -0.564988508511243 0.49056408572854
-0.427080961970953 -0.660667315057995 0.458825850460591
-0.372413769830352 -0.618967353303921 0.477601656267035
-0.431430315175817 -0.624201314504699 0.468699030635687
-0.39429243610638 -0.676513324337818 0.45939192958114
-0.349675945711479 -0.485453265198659 0.49032635309956
-0.348205437923047 -0.559941655330727 0.488088609695053
-0.321888534946816 -0.500317101181301 0.490550813674543
-0.378059682816885 -0.507449614254631 0.490016946413052
-0.320980351650351 -0.537421310483803 0.4904182005516
-0.253744402477199 -0.637294174922137 0.483618796936683
-0.315012209964879 -0.61118665256112 0.483938879442048
-0.259483775296674 -0.60133346318995 0.48808875373374
-0.278083233973907 -0.660581114526475 0.477555898836265
-0.289151132761198 -0.588235133106621 0.488190798605898
-0.435687476978133 -0.550084084218674 0.482877866964447
-0.375702422592855 -0.582026567059742 0.483719191152536
-0.434275523815561 -0.587296870297998 0.476731855605203
-0.406740878321736 -0.529052290227591 0.487547116817864
-0.403456244677718 -0.603502048160879 0.477266944788793
-0.37754916981311 -0.544809567134608 0.487875996225321
-0.327850611578629 -0.705468498106002 0.459820282884451
-0.341164250336969 -0.633662833791481 0.477751067264619
-0.361213597179833 -0.691462876417676 0.459714656702116
-0.302789327577474 -0.683362167369691 0.469639743035807
-0.367601844188843 -0.655493420511202 0.469580844455837
-0.309719050085156 -0.647550413410606 0.47773034997765
-0.0615682551247994 -0.146952968488172 0.229447881782552
-0.108202836565139 -0.16363816635238 0.275958892369838
-0.0605824409769497 -0.165886733478768 0.266763096227594
-0.202952092580973 -0.21275151247809 0.369865445342043
-0.154710057420904 -0.185253974672597 0.32393891538538
-0.0596501574952632 -0.213137007488752 0.332794386836834
-0.107534277123258 -0.186820748818015 0.3095483374925
-0.0599735672560223 -0.188116438161013 0.301296053043058
-0.0840741440208516 -0.175860850622212 0.287874469639667
-0.425023363975359 -0.363584517272604 0.483880593841321
-0.365388076938696 -0.322836925913087 0.468857564916047
-0.399021639221732 -0.379872419826872 0.483812982197646
-0.254025772791592 -0.245744382174089 0.410710629249299
-0.308240783962025 -0.282986763330941 0.444197910358281
-0.346649232002955 -0.411255906025593 0.484010257064614
-0.340389009736979 -0.33834627100671 0.4687594002047
-0.372893171182747 -0.395763069401274 0.483852352952009
-0.369437811331849 -0.359066268005713 0.477463482913865
-0.0597893745396535 -0.331345594114491 0.427601996396321
-0.109112819140363 -0.301241008999668 0.413595434857368
-0.059653798375331 -0.299942885610489 0.408456563280833
-0.0850169200213586 -0.348095342510848 0.437807817316346
-0.204721709057866 -0.243187177014758 0.393814881912514
-0.157375048536123 -0.272116752089147 0.402089141471996
-0.179631755377119 -0.227138311312947 0.373877961705921
-0.0595323371954746 -0.240431026547176 0.361144847751239
-0.108392372005224 -0.270258652304342 0.392164242031835
-0.0595523858193232 -0.26951155494729 0.386342418789636
-0.083591761648436 -0.226402364973935 0.350155462531233
-0.0841605787634931 -0.284929338518212 0.399981459069579
-0.136251989147283 -0.384596850362021 0.457438990656863
-0.134431366452197 -0.31853367186021 0.426905886351953
-0.110517493837923 -0.365819042294995 0.447841544916261
-0.109852903277575 -0.333191677923827 0.432111171155483
-0.131165028537491 -0.198958018428402 0.331372651047906
-0.132368348527678 -0.25580623307844 0.385130730092559
-0.155148327324941 -0.212384897944757 0.352944318518919
-0.107461792737933 -0.212627563787154 0.340169143175646
-0.15610872846922 -0.241463759943275 0.3789988897236
-0.107799369158805 -0.240588358079215 0.367710155435393
-0.240794647371334 -0.46916809598123 0.485812600344702
-0.239356761700779 -0.397400261970417 0.471327283337157
-0.267354333280111 -0.455311351174645 0.485203910659208
-0.214451691716907 -0.446900786894474 0.480745188685561
-0.230482915771261 -0.260442046312395 0.412431606921982
-0.235437425890858 -0.327395116627329 0.447067458517957
-0.256942833471049 -0.278766550617968 0.429446706931965
-0.206771801265093 -0.275021972691156 0.414965805241846
-0.320301656186341 -0.426348296354488 0.48429096694305
-0.264770260306467 -0.383070717460537 0.470260981375895
-0.293864242010215 -0.441035574919419 0.484691842751396
-0.318137480003815 -0.389739133397253 0.477786082583683
-0.266446691555695 -0.419016242688624 0.478915005747895
-0.162174776874738 -0.404434806873713 0.466311936316606
-0.212599065744775 -0.376388441929126 0.46209955167079
-0.188247473040695 -0.425254293785405 0.474169840176777
-0.161306483885904 -0.37038841638898 0.454263676676659
-0.213845998933827 -0.411455788823076 0.472640406448353
-0.311927139519615 -0.317917999566592 0.45777741784806
-0.262506729005841 -0.347610515841363 0.459173781388468
-0.28409897102882 -0.297989703117019 0.444624852012826
-0.315287262627345 -0.353550620816473 0.468962768160607
-0.25983591387282 -0.312785840428608 0.445588027464389
-0.29008111660636 -0.368456638658283 0.46946669266013
-0.158765467496649 -0.304007620653937 0.422266348548207
-0.210890460716468 -0.34184189685867 0.449032911583242
-0.182872561951032 -0.289526213637121 0.418263985124891
-0.160123352471606 -0.336846062834301 0.439620976997936
-0.208890407795736 -0.307985793080082 0.433349758893413
-0.186183424012625 -0.356158176518629 0.451446189654714
-0.896789884341207 -0.553114569963429 0.250234835469521
-0.849873687179437 -0.552327621508195 0.310496227595593
-0.901667773950472 -0.522222187663685 0.273367460981552
-0.868810748644493 -0.584612044789166 0.258256574904095
-0.737851717350249 -0.527703022225156 0.407778371610076
-0.796285671889583 -0.543781900064659 0.363366645013087
-0.905712879294109 -0.458629144550471 0.316579976872421
-0.852253991104683 -0.519978107164456 0.331138540142555
-0.904628395151752 -0.490675257991637 0.295514214455391
-0.877860273526248 -0.522055241093338 0.303156113804048
-0.809168083799634 -0.644259467777445 0.273183904514174
-0.820744648852964 -0.581506138306962 0.317467531236117
-0.839579842415529 -0.614992360557658 0.265929958577606
-0.845659460802541 -0.584049997988401 0.288729730073481
-0.486616741915142 -0.403604103028561 0.488883757874635
-0.549562464786547 -0.441381334735502 0.483715902938591
-0.513452598668049 -0.385775578516581 0.488435071545722
-0.490398938170333 -0.440846301180206 0.488282631927727
-0.676289671734603 -0.504650091463729 0.442951806494264
-0.613111294050291 -0.47549875650533 0.4683643954126
-0.566364674137772 -0.348681074409743 0.487182143742722
-0.577297880305378 -0.422124178118826 0.482382642242439
-0.540045842333774 -0.367467417640052 0.487878419357713
-0.54526288183953 -0.404357804503855 0.486714466179631
-0.494793551554613 -0.515526399416363 0.48131311481869
-0.552804044292594 -0.478449914849536 0.478891302547617
-0.493167869483401 -0.478187755868197 0.485751498217372
-0.52150742145377 -0.46007015788244 0.484830946938057
-0.892680640487581 -0.328507181116667 0.388538986747451
-0.844634862861944 -0.387262956421538 0.401029657626904
-0.898366785735365 -0.361030458078132 0.372514523741745
-0.862804368812289 -0.325622996015982 0.409226141540076
-0.73644556956797 -0.492850166467051 0.422252652789479
-0.792319414195382 -0.441917235730805 0.412395008459519
-0.766953425500303 -0.502373946109975 0.402827961556584
-0.904979096224912 -0.426238522463702 0.336481144436115
-0.848952328512507 -0.420656961116434 0.385574078885335
-0.902500777773349 -0.39365590281564 0.355145935807858
-0.879509373810724 -0.457244653662286 0.343659942482932
-0.874246233214481 -0.391388540175638 0.379157811229023
-0.799918138256705 -0.314010814242993 0.443774488813257
-0.813897536356937 -0.381259973516934 0.420641966979577
-0.831804976065034 -0.320802272935085 0.427679007999577
-0.838877797471644 -0.353940722131488 0.415072587969432
-0.825080642327405 -0.515989483565808 0.357163577804408
-0.822581513783609 -0.448883488960635 0.391691852576089
-0.796571470399261 -0.51010802797997 0.381098537979496
-0.852848578001266 -0.487152525559465 0.350576461356711
-0.795221624488632 -0.476110527191848 0.397456514388012
-0.851721578076025 -0.453998225638192 0.368740894033837
-0.677164719781065 -0.750252099530912 0.296952409311233
-0.694281238570164 -0.687538419544714 0.340691620681874
-0.711574176303601 -0.725416849296561 0.291871879534955
-0.652082483816343 -0.743257987967507 0.323939410494606
-0.707985974053804 -0.55212075627547 0.412290277002594
-0.704483080280696 -0.62110910324584 0.379298093072257
-0.737699273914623 -0.562236534628611 0.391832753527898
-0.777647875808132 -0.672417822193934 0.279956924992817
-0.727246311385871 -0.662613198045446 0.335654668783703
-0.745092314066612 -0.699470388752424 0.286198775917509
-0.785005962189725 -0.641462788741804 0.302532088890086
-0.720292137897756 -0.694525460226913 0.314349127291943
-0.599250546218939 -0.72327791365797 0.372429276317017
-0.6672651045929 -0.678584427750159 0.365106498134749
-0.62604848331846 -0.734233516733065 0.349134647179127
-0.66052833849664 -0.711413694817678 0.345185503380593
-0.794295705851567 -0.576995401799591 0.344316399765941
-0.732445827603114 -0.629830363598869 0.355714343733781
-0.766540029377226 -0.570553467560013 0.369142867583132
-0.790548279491969 -0.609605070699555 0.324013229157779
-0.73591629850273 -0.596324091614389 0.374460510532498
-0.759358281767223 -0.636637388957084 0.330087272864847
-0.668080242327257 -0.268850571506939 0.482293668807155
-0.684180229913681 -0.339438580802536 0.474358999728151
-0.643281544163575 -0.289492271741681 0.483903719951423
-0.701271515656837 -0.282497304598451 0.476732549059009
-0.705255728373492 -0.481622660560623 0.439288938270254
-0.696999401926476 -0.410503371609966 0.460026997584284
-0.673577580902583 -0.468799626864693 0.453868043564034
-0.733567533500494 -0.457793884744178 0.43521895754567
-0.59237252997206 -0.329419126888759 0.486311794277244
-0.658167630812548 -0.360956448003686 0.476818717378117
-0.618027460430206 -0.309686570746441 0.485231200408516
-0.598930104843133 -0.36578401178434 0.484424882693466
-0.651072261483072 -0.325147018816853 0.481176380746272
-0.767383205672918 -0.305279812134936 0.457388581247753
-0.717201106581543 -0.352358684982171 0.464826206076195
-0.734431364288981 -0.294716257423856 0.468406548895375
-0.775354783100303 -0.339252881278035 0.448386431723879
-0.709624050827106 -0.317358438722398 0.471560069469567
-0.609447967045729 -0.438897899420772 0.475450019356449
-0.664386340620576 -0.396875436845968 0.470814385937428
-0.64158844435097 -0.454509489255907 0.465935451697004
-0.604674232789191 -0.402300317110462 0.480805899881991
-0.669569361492578 -0.432846713890365 0.463161292990974
-0.631647293362333 -0.381910759505785 0.478959756339944
-0.787962734888492 -0.407644652362567 0.425878403761575
-0.723818601932465 -0.387468657500995 0.456521713527238
-0.761160142381416 -0.433143685512564 0.430744926346037
-0.782264604585745 -0.37339505928404 0.437880903073992
-0.729319314305503 -0.422637325555914 0.446648743532556
-0.749961218362417 -0.363726524615587 0.452640446648303
-0.487786565520134 -0.662626531653876 0.445135295915457
-0.552900505761763 -0.625192351290458 0.441780310224872
-0.491731295543065 -0.626427720494624 0.456869604695679
-0.515991290913807 -0.680038600556087 0.430127641896483
-0.677600573149879 -0.540301203920084 0.430437080389291
-0.616281150123473 -0.584401530339452 0.436923717857814
-0.646728945119489 -0.526890297929459 0.446211075391497
-0.677420605152709 -0.575644200028911 0.41635496291082
-0.495160166967228 -0.552755412651243 0.474996789341614
-0.554997422873363 -0.588953090511604 0.453671387993247
-0.494167301286006 -0.589762183737758 0.466836534474006
-0.525174087530461 -0.534450517442123 0.47376231464952
-0.523551169678255 -0.608085882834656 0.455435939228835
-0.571866792066067 -0.710506405244011 0.393735051746734
-0.582094161971872 -0.6409329349683 0.425883456426317
-0.544063170815204 -0.696047191753855 0.41298402689763
-0.60594499019878 -0.689622472528225 0.390853587233161
-0.549271016061113 -0.660934148287037 0.428205045188351
-0.584187488778189 -0.495818493128452 0.47046570136624
-0.58603605769196 -0.569040035543952 0.451556990866395
-0.615540571014522 -0.512015792925184 0.459565135465284
-0.554861737517215 -0.515469751218005 0.47225845424371
-0.616627968950085 -0.548352232564157 0.449075324900648
-0.555624676165166 -0.552340207626251 0.463841931367962
-0.672304647183285 -0.644918628165898 0.383643618417734
-0.614423220406339 -0.620047652799865 0.423143832281201
-0.67567513212798 -0.61055962001189 0.40074273579744
-0.639440513442452 -0.667757039383689 0.387493844555023
-0.646214964996012 -0.598284645850915 0.41997113924253
-0.61099292243061 -0.655165651393416 0.407773331680557
-0.0751473799193239 0.281615708247156 -0.179337748959387
-0.149447385285862 0.256914994554966 -0.167584067729993
-0.10070573711333 0.310917851892791 -0.170168030864288
-0.0795338636606815 0.242097904589363 -0.183033754790701
-0.291772978582884 0.202072126822615 -0.0910095941335371
-0.224467662526993 0.229624735757667 -0.138884683297739
-0.148101294596619 0.371320895978715 -0.139215102545802
-0.178088880875917 0.287472969708386 -0.153660266017724
-0.12483589045508 0.341216732857764 -0.156918375438683
-0.139465317892648 0.299874568691084 -0.163876793033718
-0.083465269142905 0.159294795386784 -0.179766464785525
-0.15575348542778 0.213367727447611 -0.167708065073138
-0.0819313210453188 0.201192074383881 -0.183318512841256
-0.117448401132269 0.227658550365713 -0.177438462794142
-0.376921876979637 0.133822938973592 0.228407151351965
-0.359717322948426 0.147332070528179 0.145927158205025
-0.340589574702472 0.177241234912446 -0.0229007295793157
-0.357680511540086 0.159432547040081 0.0602142947835926
-0.220566539561106 0.467056444622484 -0.0182840614526703
-0.263724573815585 0.39912811692388 -0.0511751094242053
-0.20749034923939 0.449624669595993 -0.0561707940214756
-0.314711073822066 0.23204027327561 -0.066404852887631
-0.295604465399796 0.31824033042369 -0.0672430212781919
-0.28538460144116 0.246125133551946 -0.0956183002026197
-0.170153982343964 0.400231945821519 -0.116721112332344
-0.247508778142525 0.374964561170389 -0.0843057074146341
-0.190275148437114 0.42679277027836 -0.0890811702446881
-0.188671952754285 0.360299805853031 -0.127864220242335
-0.228793693821278 0.414030004165873 -0.0723385721423578
-0.215866691471082 0.274157639093754 -0.139015533710493
-0.263251283881346 0.333363289808207 -0.0921378981419729
-0.251989291438131 0.260276162594039 -0.119765699645433
-0.203991866359842 0.317992782919887 -0.135295458085994
-0.275882904628062 0.290143851954372 -0.0959263217479262
-0.227279777029698 0.347495074785907 -0.112277824985963
-0.0842784988054291 -0.00378628207500057 -0.120616027392732
-0.162549210669738 0.0432082844122752 -0.125991393759247
-0.0848357139070746 0.0345854485690448 -0.142747085191968
-0.295183523145729 0.158750600524985 -0.0819657057373928
-0.234646409938586 0.0985516953225531 -0.113105043211395
-0.264474448325254 0.171516603729109 -0.110881673913543
-0.0844176125799452 0.117051161140724 -0.172032116723859
-0.162912521074108 0.0840015123568591 -0.143363811976149
-0.0848682228106393 0.0752078214077282 -0.159771893072964
-0.123080369947428 0.142204833589174 -0.170091795648561
-0.124458385480735 0.0581786667821296 -0.145275148649881
-0.193628424204916 0.199134983729121 -0.153529260796212
-0.19947654261674 0.111823007192528 -0.136983056294321
-0.230208901037367 0.185099688775301 -0.134675328503429
-0.159706351333307 0.169728100452673 -0.163917674143521
-0.233513625151427 0.141196690749617 -0.126158787392402
-0.161994625275754 0.126420981327099 -0.15590769375995
-0.804912289273729 -0.0572592801551097 0.468803769102388
-0.752012522624314 -0.0316114896856341 0.477728117531947
-0.804735012127573 -0.027691043426353 0.469626670374714
-0.783902128836582 -0.0763196571710298 0.472677786692054
-0.632328365181479 0.0225905412321499 0.468527176309182
-0.693527479218804 -0.00455390315008909 0.478307567830079
-0.806004637869517 0.0333859112889617 0.470040921989471
-0.749576002289892 0.000414888654317013 0.477680481144978
-0.805394179710517 0.0024786739490927 0.469964877121528
-0.777879099997735 -0.0135157011500091 0.474656127789726
-0.741599144410069 -0.117011295117678 0.478346404741069
-0.727562546219002 -0.0509138145183594 0.479633151108859
-0.763006770908468 -0.0964547686584135 0.475788502525349
-0.756222777191756 -0.0639925753800642 0.477218595942941
-0.410151404360322 0.117083937268783 0.302488423812104
-0.456200677956084 0.0969777374106823 0.36439538035125
-0.570654109373148 0.0490226312075385 0.446990716884523
-0.510945526071805 0.0740516002226594 0.412552436262633
-0.803992997571627 0.162438161599655 0.468628095260494
-0.74285378060461 0.127874923829952 0.475316152303922
-0.805341645510934 0.129553209685162 0.469199082874822
-0.627841454051652 0.0546224763764584 0.46501280272321
-0.683570188040878 0.091797919186919 0.473315961377342
-0.659000924101066 0.0413751911090023 0.472283779254446
-0.806280998825611 0.0649395570806951 0.469920476549486
-0.74476803871795 0.0959116054847375 0.476080432735751
-0.806086733458222 0.0970274383061772 0.469633841417486
-0.776716347261164 0.0491949243773739 0.47458977381815
-0.774905136226557 0.113014317391802 0.473766648740983
-0.720140327457307 0.0142206705116886 0.478436162686894
-0.715264263870634 0.0782088117022489 0.476390186203161
-0.689857861078856 0.0278894165061724 0.476701184265858
-0.747891548145524 0.0322471919146259 0.477317861820132
-0.686638516736041 0.0599779902034351 0.47501125180438
-0.746390060551797 0.064048888925005 0.476762037011987
-0.650405259300998 -0.198931529403516 0.484099235661078
-0.633243978034185 -0.129851540407857 0.480552613382566
-0.673947080768861 -0.178754356646447 0.483246715070362
-0.606508734860245 0.00380096857922997 0.464013570232721
-0.618427126305327 -0.062072944623425 0.473189143828397
-0.637281458728586 -0.00992459110255129 0.472067456768369
-0.719597349906113 -0.137691827716615 0.480414195376153
-0.656815627867312 -0.110292441024142 0.481055979874206
-0.697029428258472 -0.158313396003948 0.482033621121058
-0.711027344297276 -0.104168512583083 0.481037174483074
-0.665067529250161 -0.144433340143526 0.482698456049809
-0.698044546669632 -0.0374174451686932 0.479707627431707
-0.649405997991099 -0.0764250446187972 0.478561131449168
-0.667874586447057 -0.0237049530763781 0.477244765434895
-0.70380701222926 -0.0706744978555632 0.48070644376603
-0.642916697411869 -0.0429408248001054 0.475480923101634
-0.680300567908994 -0.0905300320114127 0.481139348715032
-0.268654155413428 0.532260400301377 0.31203436446732
-0.295372523481399 0.483024594066333 0.27924273144305
-0.255893188248775 0.515462409278652 0.276149114066012
-0.296132389063834 0.525818136699993 0.329318959370441
-0.345558232829687 0.380860353130523 0.232090569266914
-0.321564573981869 0.433149291501642 0.251810070680469
-0.238195769331367 0.49175175050513 0.196363982469703
-0.285290364633535 0.468748535509772 0.240787736912818
-0.245692939196403 0.501887077189956 0.237376526188497
-0.270541432962536 0.492221207843573 0.257784849449905
-0.352997992787516 0.513689325908878 0.364672038239596
-0.320610560160166 0.474435035212987 0.30131386975769
-0.324169426234948 0.519614795106601 0.346991478679094
-0.308450176099647 0.500061396356284 0.314816302353953
-0.390800721632326 0.153804198662256 0.25340077694838
-0.387212534345379 0.210570200763138 0.232888434071183
-0.377388865806408 0.161983680238158 0.214505904236221
-0.365279182428446 0.325612387461109 0.221849551482499
-0.379198224076755 0.268289033790309 0.222085237833947
-0.362976794848313 0.177554271801636 0.132005167577886
-0.37539171167532 0.220116551883875 0.194080497165936
-0.368091733786061 0.169806271468948 0.173814234847074
-0.377019985915574 0.190765260700042 0.202982903545351
-0.228336758375204 0.477525370064254 0.023407711894453
-0.277886179825561 0.438366761148371 0.071489472501819
-0.230858888961249 0.481096913498398 0.066820011122333
-0.25259343622446 0.450495322504947 0.00320980567752503
-0.339990834806855 0.366637644819149 0.192963351844131
-0.310650679242344 0.39858717201388 0.129217866407163
-0.327642370358451 0.393769472138942 0.201336690017383
-0.233412106764765 0.485112266195802 0.153819540205945
-0.275038707709159 0.442696734204944 0.114782355905465
-0.231211149676409 0.4818577662317 0.110439698730173
-0.256521426304103 0.470925633138102 0.176045992953755
-0.254684552220952 0.461881466833968 0.0895477776959871
-0.29393968716025 0.382393387212902 -0.025535926916502
-0.29959526798161 0.41079414767083 0.0565901304342573
-0.27463366392604 0.418439771860126 -0.013191686172768
-0.279167870609353 0.431499561468412 0.0283829629310904
-0.299927874924409 0.444693654869169 0.225508061850746
-0.293292957193829 0.424730340778105 0.142140682782754
-0.314161963363224 0.419765101373626 0.212264304105182
-0.278467875356361 0.457341975484686 0.2000897778962
-0.310502979077484 0.408377559298009 0.17116429541951
-0.275047673617706 0.448741799098014 0.157853696962487
-0.479008845511488 0.49194690511896 0.427855521869506
-0.431986632934329 0.445907547859356 0.386584493698005
-0.445785201728572 0.497260989496312 0.413922665472918
-0.364920515467858 0.369477555392613 0.262821870359005
-0.392807463537523 0.404901846544523 0.330693816200748
-0.354837068998993 0.39634751674228 0.269638405578471
-0.382804091210892 0.50803032597318 0.381974047111121
-0.40216242069352 0.452351732765204 0.366616999636571
-0.413713616808658 0.502583725430317 0.398514089152069
-0.363553394753374 0.486338504454424 0.354615518464712
-0.423068307523199 0.474147202454452 0.392192098442808
-0.332500056372696 0.448722241151362 0.289107660166049
-0.383523370172052 0.432054210476284 0.337421332254823
-0.343968020270095 0.42273817616764 0.278468791367146
-0.346634736967366 0.466495020704674 0.323540815966123
-0.367607256373056 0.413376744065255 0.304941535353155
-0.373748658676333 0.459166949499562 0.345459808218435
-0.338315918199193 0.218438825652248 -0.0322331046488952
-0.35611233719519 0.270223121295555 0.0343343658074894
-0.354236532135075 0.20584943867265 0.00629189278011072
-0.332391335538956 0.260469471193776 -0.0370765256686653
-0.350845767146801 0.338437781893431 0.18733482894679
-0.350795074369381 0.307922240001136 0.10957900873377
-0.359914666421535 0.309367916580971 0.18458785427816
-0.338191600397638 0.353205338817087 0.152955519825225
-0.361844214761998 0.185648740717719 0.0897597207825042
-0.360965220393047 0.255169095833978 0.0737508322824556
-0.361260722604161 0.194851357036112 0.0476021301578851
-0.36423675547982 0.209184582972796 0.12124172928715
-0.360733546025996 0.232115229861592 0.038925951206518
-0.310108670493748 0.343373760260269 -0.0336638075192967
-0.347491562655494 0.308161230018591 0.0338767466685066
-0.322989700341874 0.302423911488785 -0.0375447008148303
-0.318086912801687 0.36414394169663 0.00430010830248362
-0.343640958710214 0.286239586301787 -0.00332565998088446
-0.372143707759208 0.249862874056057 0.187980055653608
-0.35842762479805 0.275007187879089 0.109939793182003
-0.367023611013951 0.279726687002026 0.184798670282477
-0.367363243059646 0.230375995196362 0.154166943034726
-0.35776645984214 0.292760254668969 0.147071813946945
-0.362852879153643 0.241860823632189 0.113844739377442
-0.314461820294628 0.38974236428257 0.0870731460726036
-0.344794361726306 0.325641501896681 0.0729198030026767
-0.32645661750126 0.370246184356476 0.119345765384006
-0.318889121750418 0.37942708278448 0.0451694778554251
-0.340020968728898 0.339878110657244 0.112745298846889
-0.334991174022591 0.344899005806281 0.0375284686184966
-0.0630329028402968 -0.131751242767362 0.189752771321703
-0.116138035546448 -0.113937105619286 0.160579594020344
-0.0650871281595607 -0.120576167025945 0.148214984079786
-0.0867004483386949 -0.137172768942727 0.214127706860593
-0.223663163748403 -0.0589381213248319 0.138847240626966
-0.170773340442532 -0.0904016738495222 0.143052377108148
-0.0714322456351466 -0.110127472888346 0.0621286498819014
-0.121701949823807 -0.10469794261269 0.118995677433624
-0.0678523674680112 -0.113526452956388 0.105458237032183
-0.0929304189744861 -0.113443762520587 0.132080312954902
-0.132353020605391 -0.151215645151464 0.265803064498286
-0.138061977848875 -0.115717075144878 0.19039450317685
-0.109686850114027 -0.14353499715692 0.239646569178438
-0.112237673514426 -0.126889374684533 0.201008529169074
-0.376054565202535 0.10621258940969 0.244389485454226
-0.345126537105984 0.0651223887244864 0.203500218463508
-0.363556936791264 0.113032263631181 0.204468314162131
-0.271151455125492 -0.0203820193050211 0.148313354553197
-0.311284728934154 0.0221728835826083 0.170537864686324
-0.3510074647583 0.123091540906943 0.119843003662339
-0.335928494822929 0.0687431329657358 0.161615479161924
-0.355187121426325 0.118631658711839 0.162727462571345
-0.350109911170649 0.0913303803656196 0.182055211720969
-0.0831468970090765 -0.0387093422191369 -0.0932462218410647
-0.153109137315591 -0.0584840371043036 -0.0431784598695421
-0.0813347395456097 -0.0685176049361285 -0.060494192963933
-0.12229501446336 -0.0182268941112753 -0.10082450411195
-0.235540489526702 -0.0449709882321541 0.102223964967498
-0.205324143131085 -0.0593818078571352 0.0248938039680826
-0.20858428893582 -0.063800392059351 0.100806236406445
-0.0753254786240901 -0.104763475280247 0.0189134840636819
-0.146526386178012 -0.0800350643272095 -0.0056621653123471
-0.0787326791010474 -0.0911469175388668 -0.0226864618446539
-0.104292121915373 -0.103517325049892 0.0465985457359864
-0.115831996094374 -0.0767165630508754 -0.03534663748335
-0.198257474945943 0.030470287855215 -0.101735312335105
-0.189701776242723 -0.0369901136617906 -0.0461746281174885
-0.160900245251183 0.00495865491803558 -0.103608247314693
-0.15783013560637 -0.0294971954262581 -0.0760102667561757
-0.150981874627175 -0.0937149967977107 0.109281975671116
-0.172205470270525 -0.0779894618439119 0.0277434502713665
-0.180173706351061 -0.0801157366472974 0.103171519067953
-0.129253946063038 -0.0988132509160045 0.0769336707870224
-0.192395366661278 -0.0714531513265598 0.0635714500911894
-0.138216218428518 -0.0928492174958376 0.0350318893216182
-0.226080723555442 -0.198239100195274 0.367042848373109
-0.224246282088656 -0.142795591086849 0.311229271532498
-0.201709065639201 -0.184009993554645 0.343142347411968
-0.238847650857999 -0.0573189223710209 0.177081555070997
-0.227552097519088 -0.0958125202955851 0.246711402444578
-0.214682589409023 -0.0741341304842061 0.1758028007656
-0.155051272399608 -0.160461478024401 0.292091000014233
-0.201990938784916 -0.132784729645067 0.281913215429272
-0.178089161667266 -0.171390429425598 0.318022357816722
-0.15647288639328 -0.138375849895948 0.257633512136528
-0.201279233953451 -0.157263389046569 0.313752864320862
-0.163952576275687 -0.103325741268382 0.182539852222591
-0.204207733117817 -0.110769345217329 0.247968978007603
-0.189606960800501 -0.0894918287189912 0.177636297471158
-0.159315907837201 -0.119285304711975 0.22094358645204
-0.208312330737527 -0.0912709318166929 0.212400214302521
-0.180467188167054 -0.12493659705611 0.251640437226883
-0.320730526267732 0.147308524758531 -0.0478944561381353
-0.313017891316629 0.0714003759648195 -0.0109362900864346
-0.33912527292654 0.137852921788197 -0.00908103855823581
-0.295687946195953 0.116954945835789 -0.0683380569877476
-0.26045454494383 -0.0240257869972245 0.107378341245872
-0.290578521238699 0.0134590828947787 0.0428645995433652
-0.282936581916001 -0.0015376790770579 0.116139498002991
-0.250332020777032 -0.03101618310748 0.0665926727103716
-0.350539340426703 0.126692216769826 0.076475964613616
-0.324391710696469 0.0688871558892489 0.0314349000998995
-0.348685636882865 0.131024908361627 0.0331010092869974
-0.34095840572254 0.0970211029410235 0.0960503417853403
-0.333697326704729 0.101372260546893 0.00915737499466455
-0.233646012592522 0.0579577050388433 -0.0952218388972512
-0.287342571449649 0.0419685593774563 -0.0266869485653192
-0.266395946811553 0.0869488331147161 -0.0841265002541725
-0.230447151596922 0.0204085005957227 -0.0723444352351743
-0.293132858654252 0.0776449010418869 -0.0499106535924638
-0.320363642406396 0.0454590167668861 0.143568690598339
-0.311628304133739 0.0412689157149111 0.0571402274148168
-0.302839553260395 0.0218500345464274 0.128298282706367
-0.33049223346214 0.0701623854315211 0.118567006622887
-0.296949599056354 0.018376207232273 0.0855559608416007
-0.328254544488564 0.0694627974444116 0.0750097728983384
-0.2164539089709 -0.0398772916970891 -0.0116480731738104
-0.278049296867752 0.0113209435244706 0.00107381496742738
-0.236671479193666 -0.0375522615787258 0.0265215715480566
-0.22479526725961 -0.0127371612812878 -0.0443737524684646
-0.2653632531285 -0.0130588334007182 0.0325666206371801
-0.257626011182548 0.0137415887727176 -0.0378640079551554
-0.768267438637425 0.432255419859722 0.459280728101281
-0.709457816290797 0.386890287356209 0.468449890480585
-0.775332238437357 0.398250268840033 0.460983564186123
-0.731864265146627 0.442764349232525 0.464189665325869
-0.59080961466692 0.300089401488358 0.446837369639503
-0.649426688916938 0.342679664954999 0.464087795550727
-0.787150459280114 0.330294025368281 0.463865066391117
-0.715682329899716 0.354295760926322 0.469340684806605
-0.781621087800415 0.364250970852978 0.462505374607284
-0.745780181774561 0.376164604336505 0.466817773142825
-0.658057849597156 0.460469784099031 0.466230071397981
-0.672909922450756 0.396541852885741 0.467346853082332
-0.695044822705807 0.452127179795707 0.466514233168406
-0.702585157557553 0.419506554286882 0.467516631378176
-0.408057575709634 0.145095694897839 0.289894439200241
-0.44438669503616 0.182722413260117 0.336429750118349
-0.42873904254414 0.135771925011355 0.323509655672033
-0.405699663073081 0.173161892322977 0.278959792892596
-0.536019135642526 0.259375129533048 0.418154387483299
-0.48691071613729 0.220447525582614 0.380343465019077
-0.478331883580379 0.115221266329929 0.38093531936013
-0.469488968559382 0.172988848542808 0.365139434701345
-0.452340033290867 0.125808483567984 0.353918855442547
-0.448450901437261 0.154364878952609 0.344532910129533
-0.399198675153203 0.229625161655632 0.262964946106287
-0.44000434349808 0.210935700158529 0.32977599871903
-0.402826060445191 0.201338846526395 0.26991883272334
-0.422010471397692 0.19212605288329 0.304585003272827
-0.802003497993842 0.195617577101679 0.467928470279137
-0.734485170661295 0.224415506201564 0.472794176805674
-0.799345186354331 0.229037143071107 0.46710405460786
-0.771256184068801 0.177875952674613 0.472490424068672
-0.596344897060006 0.269983250046226 0.447731872970348
-0.665211367923327 0.248915380607884 0.46629605173753
-0.625393119967979 0.290510104591251 0.457623405907871
-0.791936603257691 0.296415051260916 0.46507784235679
-0.730658601223788 0.256785323006914 0.4719316414089
-0.795995833428412 0.262650109381624 0.466155032624107
-0.756886973213468 0.30967909399145 0.469012531487871
-0.76532641868593 0.2435124458957 0.470891302259367
-0.710180708878427 0.1417987945759 0.474141962172429
-0.703786692047281 0.205347052839481 0.471994435495105
-0.740543149404742 0.159949793426838 0.474499723845488
-0.737768923128133 0.192133102464884 0.473653664275069
-0.685368803645925 0.332699964378937 0.46858677139573
-0.695601078880744 0.268969526328223 0.470120195980562
-0.655166753456942 0.31142509649266 0.464637007821731
-0.721277845362519 0.321737947743987 0.470209534133555
-0.660420244698145 0.280174735925408 0.465371903874752
-0.726263382602559 0.289230262020505 0.471070596463682
-0.513309995040726 0.486506913873399 0.440004010042714
-0.529668473644629 0.427070964427282 0.435729542481983
-0.548557702837443 0.480793717344484 0.450103728102237
-0.487660006515288 0.462617657934509 0.424408926592425
-0.55697266269885 0.309037105331868 0.433009438540771
-0.544165529233887 0.368008867863296 0.433248586494877
-0.584884890649279 0.330148861125976 0.446393125699598
-0.62115305200146 0.467929567788717 0.463352139948022
-0.564523296122055 0.420355558934835 0.447594585124066
-0.584575475038239 0.474653199006261 0.4579402796958
-0.629063299032531 0.436569513306635 0.46337982219968
-0.556795023531126 0.450527609355364 0.448716161772817
-0.440455858237093 0.417793114151801 0.381839756589326
-0.50357179635422 0.404394332563763 0.419074469799767
-0.463236490139702 0.439666586539255 0.404974362458776
-0.495843007602251 0.433448595641894 0.421449368126534
-0.643177546201346 0.373949641730574 0.463711538633898
-0.571765512055398 0.390252946945191 0.446802081474192
-0.613725547266809 0.351799637766469 0.456685798806188
-0.63639721127023 0.405244076550531 0.463486072023484
-0.57854489841148 0.360193416042687 0.446389194783722
-0.600182057470032 0.41313286549702 0.45688254198363
-0.596662216381703 0.0675729299513146 0.454732096496285
-0.58761674630789 0.129534269766515 0.446426975906602
-0.565766905466824 0.080167308930473 0.441298717341207
-0.623613134439746 0.0862210903288042 0.461633521999242
-0.568287431854106 0.249859146695452 0.435202446829967
-0.578370883970986 0.190149861759825 0.439766425370505
-0.541441794793513 0.230134864200183 0.420326316793877
-0.601519864580318 0.239796410606624 0.449073701648939
-0.506204713837457 0.104049821667174 0.404486863669518
-0.55631149477805 0.141127234677108 0.431145607668071
-0.535489808540362 0.0923460354728636 0.424585180445978
-0.501533201088371 0.133623139020245 0.397099042988838
-0.56102493352012 0.110848884372306 0.43598224317036
-0.680446949163573 0.123423869169491 0.471669885190705
-0.615278465494331 0.148365707255305 0.455584816914291
-0.65155112276837 0.104870876066494 0.467389484275295
-0.677130076517092 0.154912479502216 0.470114743638354
-0.61947028493542 0.117448236085239 0.45846987021063
-0.491979752519761 0.191762416075829 0.384911704827075
-0.551528077122224 0.171062940920339 0.426876652304257
-0.515972883448659 0.21078580880134 0.403439150381436
-0.496824414407984 0.162839553127066 0.39053232668724
-0.546593546911275 0.200714097867988 0.423249708805574
-0.525913498077565 0.152226579433457 0.41253320448783
-0.669568132681075 0.217631605579192 0.467404401705712
-0.610936574687955 0.179030189104448 0.453029966407041
-0.635383288640795 0.229084559494274 0.459789753737724
-0.673525508103661 0.186304979130503 0.468684002512997
-0.606369248802625 0.209492146840215 0.45084813027113
-0.643956958757774 0.167301984943214 0.463114149917145
-0.374044791753782 0.342123449243364 0.258183054458178
-0.417035962757204 0.322643401667879 0.319875258904783
-0.382074108523729 0.314343777791999 0.255838994569274
-0.386190770698155 0.3593650651471 0.292920136864567
-0.53028200208471 0.288480886773247 0.416766512727061
-0.469658072235313 0.305505730388987 0.373692971786705
-0.505069520269597 0.268466323836891 0.397953116332564
-0.524195026455073 0.317495054080146 0.416178056006243
-0.394615691379537 0.257962410327559 0.258245135545227
-0.423752863012237 0.294905053428559 0.319712403694585
-0.388932113168286 0.286245805933843 0.255855637978691
-0.413328572813543 0.248326947224116 0.292635794451839
-0.40154124711384 0.304234129087066 0.288656061493423
-0.419745844415926 0.397101684525563 0.355224364910448
-0.43527375441775 0.341745655966276 0.348958414836239
-0.401528398353488 0.377638882114042 0.325443614853972
-0.448463488887069 0.389742157786956 0.378086384041703
-0.409620622840656 0.350223957999177 0.321804899603081
-0.459833710774189 0.229812241879962 0.354041979480678
-0.448591215403397 0.286017863422229 0.348515015058616
-0.481540620998044 0.248941853313181 0.376913402389876
-0.435172986778538 0.239035358291175 0.324708930496436
-0.475806061182686 0.277283923856182 0.374684262154922
-0.42978284213903 0.267028784030716 0.321332283249349
-0.510861596535232 0.375411516282656 0.417365498294117
-0.463062617617005 0.333635888108675 0.373948325055568
-0.517729428063837 0.346458559037372 0.4163855170043
-0.478888183384532 0.382587080697949 0.398901446971759
-0.492791230796695 0.325629230073075 0.396436772152636
-0.456000066774137 0.36170351282226 0.375429596554871
-0.45088638592441 -0.346898072366679 0.484036243741344
-0.43978780745655 -0.274396780335472 0.470820087580529
-0.476596953384103 -0.329810437747767 0.484253754016979
-0.420300885423002 -0.326983167572064 0.477931431561106
-0.41597855052641 -0.137281992507339 0.422083953683322
-0.427667187180335 -0.204271425757073 0.449896977726376
-0.527491187586856 -0.294419039833924 0.484736354304758
-0.464389433339573 -0.25758032553328 0.47193231498092
-0.50213856764762 -0.312318367044297 0.484500149548338
-0.470680436228979 -0.293451977302683 0.479037667679304
-0.360920351100099 -0.287201405193131 0.458023432906973
-0.409557970517415 -0.255361365734672 0.459850556238344
-0.39028663190359 -0.307014955229423 0.469248291271233
-0.415086389173676 -0.290871528945424 0.469912306299192
-0.392415039713317 0.0981832297276782 0.281884797144398
-0.394513104775357 0.0427101988158117 0.315902229370648
-0.412224805225548 0.0890208732891039 0.316472715714313
-0.375194905407771 0.0789805349805965 0.262107427512011
-0.406052113206038 -0.0739326182280733 0.388896472304309
-0.398820379344146 -0.0141911261425244 0.352574583364771
-0.460174870297729 0.0677825214176044 0.375747778514021
-0.417145710101666 0.0321615853764853 0.347402289871574
-0.434985654521299 0.0788423779113722 0.347822533982625
-0.414496109536101 0.0607659317132006 0.331550155542463
-0.340756199352788 0.0395862902897428 0.22660375922127
-0.374799545076477 0.0246591251941578 0.301192769574104
-0.358109754849773 0.0594371858685036 0.243553585207944
-0.374688094469964 0.0518866242587933 0.281178298408246
-0.626456580699057 -0.21878781743333 0.484640457675815
-0.561685136857184 -0.186727823721831 0.477348930622353
-0.602149562265688 -0.238284737113652 0.484922110590719
-0.61789052487909 -0.183807914415355 0.482816494118396
-0.43904292709766 -0.120751114110287 0.426573895972568
-0.498852732958126 -0.153484032456981 0.458137390244265
-0.445064212192535 -0.153803268417454 0.44015883300483
-0.552630602378278 -0.276111352026449 0.484918112615358
-0.537544833927702 -0.204989122377901 0.47597442470062
-0.577527976160804 -0.257397478751161 0.484997091087673
-0.520499555000645 -0.258422437178017 0.480496933074609
-0.569630451186912 -0.221862546897593 0.481913459045426
-0.601607803283285 -0.114840003943366 0.475531583511172
-0.553883165260592 -0.152058005793779 0.471458641082058
-0.609539071362161 -0.14913755535524 0.479714128300328
-0.585685880256714 -0.168105568067023 0.478620477453802
-0.457903919773555 -0.222289909487901 0.463006913341346
-0.506002299551725 -0.187879958831791 0.467064699005918
-0.451404219103868 -0.187670746440239 0.452366850709675
-0.488887447615435 -0.240412112870706 0.473200681324884
-0.475127392865253 -0.170746069144218 0.455140616879304
-0.513275486280415 -0.222883582430573 0.474568987311773
-0.251304313415706 -0.213931067410367 0.389371875667589
-0.29726466981692 -0.18401151231479 0.389122225660564
-0.277420471731415 -0.230894970214401 0.409838201328358
-0.249026291570356 -0.183550693408523 0.365471062580822
-0.388057039867251 -0.121436872106675 0.400900101754928
-0.342768914755435 -0.153222638016097 0.393086672521888
-0.392963302662979 -0.153518678909319 0.418165094134443
-0.332276353042543 -0.267759381846818 0.44431503445282
-0.32384999162184 -0.200633301117736 0.41069380008295
-0.304423727777012 -0.248913907376278 0.428210983441651
-0.35622116579135 -0.252290853210993 0.444970544553275
-0.300687814605875 -0.215865809769076 0.409832791218829
-0.246953098027404 -0.127940180601125 0.310513433064118
-0.294406908015644 -0.153510214431364 0.366195965409612
-0.247471951652031 -0.154823684568654 0.339118046014411
-0.271797613309169 -0.168649309651096 0.365186123535759
-0.403901115017666 -0.220563788333682 0.447802655721791
-0.346931326577087 -0.185176889173552 0.412400330411759
-0.398306055973169 -0.186584922115946 0.43386173674772
-0.38009089000493 -0.236564594772078 0.446144506319658
-0.369958947053041 -0.169477907866334 0.414911044576041
-0.35148838146499 -0.218239058445944 0.429737160592103
-0.575818338982253 0.0173613041357167 0.452931850385467
-0.526680074005072 -0.0191389387334047 0.439072053718248
-0.545497468712993 0.0306502557267379 0.438681030417714
-0.581396361218888 -0.0148556749153606 0.458965983990397
-0.433475400464462 -0.0885529463800187 0.411846681670299
-0.479486111313459 -0.0544730952454633 0.424951112364752
-0.42846379261113 -0.0572147271161906 0.396250924848577
-0.462199331078333 -0.103910457481218 0.431528751750925
-0.487288951677348 0.0559782552466516 0.400179202645984
-0.497277921847086 -0.00535242776057671 0.421289578271477
-0.515866801981931 0.0435602992913214 0.421132749788165
-0.464392859570134 0.0381263839956674 0.387740958039372
-0.521078502006982 0.0125134412076215 0.430042566094662
-0.594242727681716 -0.080986672101935 0.470507422169418
-0.53274785059185 -0.0514276771590248 0.447986527542263
-0.587510602021312 -0.0476434525788144 0.464900731371523
-0.570253770869212 -0.0996140584937221 0.467554970044063
-0.556849938925171 -0.0332847451024014 0.453569947553733
-0.420308494599579 0.0030513552986232 0.363696137933114
-0.473979874272858 -0.0229303488616468 0.412618543704825
-0.424069710895844 -0.026704125818327 0.38009178883615
-0.442115684694283 0.0204878235451864 0.375497417964495
-0.451075471462725 -0.0402164422145173 0.404213879883983
-0.468966065357135 0.00791584948091696 0.400121215785391
-0.522598594167739 -0.135875274789678 0.461268885193347
-0.508990343677523 -0.0692527286877907 0.442361825146763
-0.491977888409966 -0.119757978457468 0.447982249602572
-0.546388208694917 -0.117916634064755 0.464441013467138
-0.485496395659411 -0.0867470272959558 0.436832578702472
-0.539320828119587 -0.0843596925887331 0.456530950139477
-0.26183134853673 -0.0392392859303125 0.181439613988835
-0.294065219060001 -0.0465912175953573 0.257465958306124
-0.283468289777201 -0.0201791056948133 0.188772780022478
-0.254956698079111 -0.0589371710236409 0.214854747430037
-0.383756320432255 -0.0903775469188427 0.382307280277093
-0.334850190893954 -0.0646843323430826 0.325487945194124
-0.380203961885468 -0.0603328701580829 0.362679994301725
-0.361501828906654 -0.106555004531164 0.376627034353079
-0.32274548952212 0.0195456364382784 0.211613297248454
-0.314924194948599 -0.0291079672086851 0.265615990722562
-0.303732509557158 -0.00047237536503977 0.198908437323132
-0.337378835817579 0.0142533361837048 0.250867952028639
-0.297967067659391 -0.0231944511045539 0.228085810381776
-0.247804824669657 -0.103022058845092 0.279966210833965
-0.291959587744784 -0.0711078461648107 0.286463758767265
-0.250367186198082 -0.0800749071118383 0.247901956087914
-0.269368847695837 -0.112681018074629 0.311625821471216
-0.272553410364022 -0.0636282605675461 0.251514939500355
-0.375707302247358 -0.00297041659451947 0.321727678289381
-0.334384037849671 -0.0375381973664776 0.300816018241721
-0.377503865643284 -0.0312390214462829 0.342359746813543
-0.35511301553971 0.00662893784932242 0.287723255010058
-0.356221007556209 -0.0480791085231211 0.333265487556066
-0.335221974946546 -0.0113251437883949 0.275777705973381
-0.316873128097101 -0.138118876633539 0.368478662035939
-0.313292870980639 -0.0810159701863368 0.319199673219421
-0.339224788300119 -0.122468141740224 0.371982382916009
-0.292385144221736 -0.124491626997082 0.341244107664087
-0.336518237760361 -0.0929609488519064 0.349341193027522
-0.29147886146834 -0.0970291466686475 0.314543347452348
-0.904158722955744 0.259708982834359 -0.301286142889287
-0.951378330247342 0.24438674137853 -0.269151382758662
-0.915911856523026 0.286149415074879 -0.288701099868956
-0.91128726598264 0.22733510348611 -0.301379961709718
-1.04169597436811 0.205729227687532 -0.181843643891927
-0.998343706232906 0.226287865078048 -0.229173222047459
-0.935441034280063 0.343516197631526 -0.261386958611065
-0.964511681534009 0.272771298725247 -0.252706973051762
-0.926166339601171 0.314255844768371 -0.275536199595368
-0.940339786412285 0.280022982783116 -0.271557817685444
-0.921345164447736 0.158862715625086 -0.302494226933783
-0.959808221957282 0.207991976215502 -0.267840915677481
-0.916810718736407 0.193685825796854 -0.301945311463696
-0.935611327038921 0.217717274595747 -0.285546542258141
-1.13541858312404 0.104949600647816 0.0644829393783316
-1.12742759962112 0.132000059427709 -0.00284549495739456
-1.07901430453535 0.182925446003682 -0.127656368773328
-1.10818707263036 0.158194174346243 -0.0675194374779145
-0.961791332246277 0.467067766870447 -0.193620175179013
-0.999643975783977 0.394029824301456 -0.180227965411739
-0.957033881865678 0.435590350170904 -0.212274489815715
-1.05274609300792 0.235790137300588 -0.159528369019641
-1.03009021683026 0.316550326657581 -0.168762800137254
-1.03254627933417 0.246095731415462 -0.185444970450158
-0.94374262465244 0.373635735088119 -0.246148363133067
-0.993182128084781 0.363012190325385 -0.199693306476586
-0.950978415859637 0.404389818538192 -0.229782782783155
-0.960840146104508 0.338632863748547 -0.240529492610456
-0.97603510005497 0.399932875327076 -0.205736194514366
-0.988138818405769 0.264638046694659 -0.232072449405053
-1.00834403590947 0.324937427093344 -0.194281158499535
-1.01091568715383 0.255726510186283 -0.209643959496456
-0.975674122540832 0.302200409074464 -0.235812594108672
-1.0214584266128 0.285894431006126 -0.18954829924801
-0.985193559821937 0.332347909384513 -0.218193581953966
-0.930457615409627 0.0111599153750214 -0.3023528825779
-0.977974663987294 0.056814683244043 -0.264468137744885
-0.929577844509841 0.0490672837963893 -0.302842486437234
-1.04902713148968 0.164933015126545 -0.178579073522478
-1.0178574639127 0.108347155672137 -0.222886527208691
-1.02845760000394 0.176396769636825 -0.203602059859719
-0.924990631580836 0.123045991361736 -0.302872108270202
-0.975329091587626 0.0953961090353921 -0.265466603037941
-0.927744206795411 0.0864014791529514 -0.303003904848619
-0.946791991059116 0.145995552397344 -0.285271740378558
-0.953365294267167 0.0714269456565463 -0.284641619010722
-0.983555805720153 0.197910773568428 -0.248270501239968
-0.995250792505485 0.120981512396052 -0.245478218948835
-1.00653862627461 0.187388751835957 -0.226848516180267
-0.966379116936542 0.171014620631724 -0.266998854167263
-1.01298054681768 0.148057304320182 -0.224824187687433
-0.971490866372084 0.133476161907817 -0.266271820620888
-0.850844171529076 -0.0637570099595611 0.455132862231305
-0.90346134005395 -0.0515991212161835 0.433479277722591
-0.856259480162554 -0.0342606966498762 0.454755483305021
-0.866431685115004 -0.0888182269826916 0.447463646399642
-1.00704614658145 -0.0182747727169701 0.363356539611238
-0.95674704151894 -0.0363934307356241 0.402869443079906
-0.862738496081671 0.0280297333304132 0.454527464619444
-0.910503384546884 -0.0181018657139146 0.432172972428408
-0.859984616469222 -0.0036180589797354 0.454650942263693
-0.883306380818835 -0.026305196105384 0.444543961688473
-0.8937048302953 -0.143760895942874 0.42887275813837
-0.920832660568182 -0.0786851473805972 0.421615798393664
-0.880538525392158 -0.115626360516823 0.438797256205557
-0.893681584732651 -0.0843273568264584 0.43558237968997
-1.13146501848605 0.0777530161452309 0.132246140318202
-1.11559163011326 0.0511626431052487 0.19809207437985
-1.05173539345089 0.0025948751515061 0.315347649815445
-1.08854999076419 0.0259011495103622 0.259770713989996
-0.865687753813173 0.161490278617912 0.45269936628207
-0.923395348497476 0.120971114996576 0.428492473963094
-0.866148932024455 0.127344819754438 0.453402467794425
-1.01357570629188 0.020272958675289 0.360360405348415
-0.973108978169616 0.0736342539277567 0.397111939660617
-0.989334131452632 0.00976374899072135 0.381650496795012
-0.864668809951871 0.0605038148410074 0.454299817950624
-0.921947191387692 0.085518149744615 0.429486391500992
-0.865805911908587 0.0936497975101716 0.453931486918537
-0.891316790161708 0.0393068415872376 0.443569036516815
-0.894991664371289 0.107335546229656 0.442413710431391
-0.937474007804918 -0.00940591659176031 0.417579480095737
-0.946756369507451 0.0618901416923151 0.414887410600533
-0.963861955809754 -0.000128220574866082 0.400736611010571
-0.915665227643812 0.0159460036492243 0.431219729839835
-0.969242785936765 0.036568884125556 0.398873030087443
-0.919406010064715 0.0504962192284656 0.430369241134212
-0.935546151673165 -0.265143492770539 0.375624539241136
-0.972081959623914 -0.196797033948788 0.36332888365358
-0.926970025503458 -0.233824311978683 0.390984456768589
-1.02243992018809 -0.0473006075550363 0.344063554404718
-1.00118691226612 -0.123792752638988 0.352687505001461
-0.998712206670551 -0.0563626063748967 0.366674975846786
-0.905914310408187 -0.172967836692781 0.417610741295732
-0.96168830705196 -0.166199799654506 0.379698101782669
-0.917048114826392 -0.203046426613285 0.404983114032953
-0.922196347778757 -0.140706742506333 0.412853040962902
-0.945261480405199 -0.200667275024519 0.385142590827929
-0.947600177673159 -0.0720957547982277 0.405484272226613
-0.976101139525623 -0.13053030559711 0.37478162994238
-0.97366470185443 -0.0646397837184837 0.387165383922171
-0.936128699191367 -0.106982994886236 0.408782462527842
-0.988432624994892 -0.0938457783969351 0.370450296437495
-0.949706101962921 -0.13621301905742 0.394837075814825
-0.940911385979522 0.709378590658618 -0.00686319305067688
-0.988360617763012 0.636211563347567 0.00960807649736554
-0.949993425576647 0.681562502962157 -0.0332590502883188
-0.954744151845352 0.700145025283403 0.0283373101366117
-1.06404383799594 0.478802975988474 0.0415368460479596
-1.02948896671878 0.55921416537498 0.0259380218858048
-0.962307518859125 0.622967151131268 -0.0838741611132884
-0.996549911765592 0.608021305218966 -0.0169337845371687
-0.957113053625028 0.652702217055141 -0.0589669317375166
-0.97404418253854 0.645295436761446 -0.0251088664224794
-0.973774589355296 0.676544955360133 0.100033861559996
-0.999873867991184 0.625530470233359 0.0449523954729286
-0.965753206630866 0.68916985064453 0.0640601414142302
-0.978096743833523 0.663313682879728 0.0366532910607031
-1.13397629090542 0.135316198129331 0.0928359133742133
-1.12684048167197 0.223100466292438 0.0813931116285139
-1.13337210631747 0.148991341650998 0.0588639359271442
-1.09184677494433 0.395534600138591 0.0560146915769947
-1.11279363097848 0.310067829683039 0.0692482283856473
-1.12328251891049 0.175784236310601 -0.00825260023806511
-1.12406698115211 0.236703714016355 0.0473590982945414
-1.12978022347115 0.162510695275032 0.0250733371010933
-1.12958941962643 0.192937004042797 0.0531795823721804
-0.965135732291709 0.498660530452741 -0.173827655530414
-1.00928863389224 0.487672351382655 -0.115799804123071
-0.966957348397434 0.530209099817745 -0.152916629620683
-0.9856703288232 0.462527456754956 -0.166660171759015
-1.07031924909892 0.449759373362711 0.0144160135347611
-1.0448810275975 0.471123713821219 -0.0526674750363951
-1.05438301794557 0.490582154695693 0.00691614059807941
-0.965631222391197 0.592527572764891 -0.10788486311481
-1.00899611063541 0.518565997207067 -0.0923620279381841
-0.967153665411019 0.561552652652127 -0.130919943111751
-0.985341828723056 0.586516226647842 -0.0759284037370125
-0.989017155118515 0.525150456545762 -0.123296401704123
-1.02162011673708 0.386873964282161 -0.153243724307458
-1.02789436420341 0.449156298127819 -0.108532590982832
-1.0045315011923 0.425247656368989 -0.159758726014961
-1.00777327442093 0.456513425464736 -0.138277452739111
-1.01746696478335 0.569777373465847 -0.00882015021287721
-1.02668231265342 0.510550892154982 -0.0602385989402654
-1.0367560758022 0.530611372596953 -0.000847312593929048
-1.00268887510848 0.578906192657356 -0.0428461271699257
-1.04187369612565 0.501194083046439 -0.0270827300732742
-1.00681889591093 0.549032269592164 -0.0680195135218794
-0.973936633510005 0.611854806916557 0.240342989549123
-1.0151392715635 0.568806048241721 0.187131399854852
-0.978786604249335 0.629897627164785 0.206445819550731
-1.07071672411626 0.465948423105823 0.0765296259453934
-1.04753748991067 0.519855616341924 0.132083663564862
-1.05548700963506 0.506985129517582 0.068995405232949
-0.978676435247382 0.662376695464818 0.135965286196159
-1.01612851173641 0.584864763340003 0.152062189410959
-0.980364450879502 0.646784277424622 0.171543621397124
-0.994621153995025 0.638566534711132 0.108324266622407
-0.998531993330785 0.608147727347728 0.179466697745381
-1.02004696905849 0.586843001476093 0.0531544185983643
-1.03151281118223 0.560158045851194 0.124406518805978
-1.03859153108732 0.547306788935412 0.0611884960220514
-1.00842116535393 0.613342960466681 0.0806665043255549
-1.04464075788593 0.534152405395368 0.096665852193029
-1.01387104936568 0.599750537225511 0.116469632074299
-1.07124222614859 0.224851697951662 -0.13197771923742
-1.08460761696328 0.286348555510683 -0.0830504512412365
-1.08777517239475 0.213325838869778 -0.102909036601179
-1.06165709515556 0.266345296253556 -0.13661253704708
-1.08454238458708 0.408222123572495 0.0216155429876241
-1.08910300894461 0.347922832288321 -0.0317704670484875
-1.09703633428143 0.366056691326814 0.0284974041761581
-1.07433433847042 0.42001191640371 -0.0122590611654712
-1.1140027611557 0.188727796756608 -0.0408482986247952
-1.09843571707469 0.274810016688452 -0.0518023679579461
-1.10210233735409 0.20126452748986 -0.0724717311413498
-1.11738997370231 0.219360904751296 -0.0137786707342145
-1.09425219259572 0.244016432218292 -0.077620196862982
-1.03685927813036 0.347505829538042 -0.147200402093864
-1.07314749440568 0.328147942893067 -0.0888311911022503
-1.05020622782423 0.307278959504564 -0.141663585634081
-1.04176351857513 0.378596636659924 -0.124811813897905
-1.06845665494593 0.297191640171478 -0.113054992363899
-1.1168014803058 0.280205631811042 0.0413385038380127
-1.10030898657329 0.305528456813531 -0.0254799304073931
-1.10779099477971 0.323353770920205 0.0350643667510166
-1.11832883430757 0.249912457678057 0.0136376599955482
-1.09985024259684 0.335999890497216 0.00130639869519682
-1.10973593723267 0.26264083154437 -0.0194992731139073
-1.04582772793118 0.440561485070256 -0.0775203094034478
-1.07571209150563 0.35904526945856 -0.0639389396276244
-1.06137153076521 0.430819031750073 -0.0453726391066595
-1.04476968286718 0.409666830705645 -0.101580952906683
-1.0761198756917 0.389720346199419 -0.0383998683600437
-1.05986449645217 0.369294095971606 -0.0950049307438192
-0.899555139148306 -0.301711800124109 -0.283570498136273
-0.956837685458127 -0.261857665639273 -0.243236592373356
-0.907329493366511 -0.262459007783894 -0.287570703247169
-0.920374492329208 -0.321787196387341 -0.259366519307626
-1.05159645890724 -0.168811610576024 -0.149230284597581
-1.0078898578657 -0.217599536948118 -0.198239390832085
-0.919429269042318 -0.183658315433527 -0.294051776123259
-0.96370074069768 -0.221762898451713 -0.247485463470096
-0.913949500113584 -0.223079544179431 -0.291058200528993
-0.936229334898894 -0.242648936629558 -0.268143277639028
-0.956288231165209 -0.36059952482754 -0.2050291880812
-0.975540342901351 -0.280673507949151 -0.216397832465301
-0.939364885149333 -0.341435724646442 -0.23315872196855
-0.94872862387703 -0.301778175829661 -0.238465450383793
-1.13573178664817 0.0608925312469411 0.0701105598578805
-1.12951414539437 0.000217761939652369 0.0134623383483053
-1.13426378414622 0.0744979224394999 0.0361528443275503
-1.08694849655543 -0.115751474813606 -0.0970270248826061
-1.11312195379177 -0.0590757041250587 -0.0425115893830946
-1.12255280886726 0.101585205361034 -0.0305033253815859
-1.12425020673775 0.014046824648562 -0.0200895407207047
-1.12983956191991 0.0880918431590744 0.00252292699484189
-1.1305314576444 0.0441388008003823 0.00793315676941393
-0.930349433873909 -0.0272186110566378 -0.301506076001878
-0.978949276936397 -0.061335038228907 -0.259648599222276
-0.929220976722763 -0.0659755105485388 -0.300276174515174
-0.95572020199805 -0.00539070185022839 -0.282912371004135
-1.05639383471954 -0.126905478149622 -0.153993529620916
-1.02154997269023 -0.0944895081392582 -0.210326448689885
-1.03608017896251 -0.152314155287654 -0.178817001136263
-0.923786538803208 -0.144278781409549 -0.296571627654498
-0.976938135508768 -0.101285732758849 -0.257285370038648
-0.927042381548763 -0.105023597228841 -0.29863903728861
-0.947316244587752 -0.16308832355006 -0.27488046971985
-0.953760015955609 -0.083782567994611 -0.279738550112197
-1.00137103456936 0.0423585666237089 -0.242481952849508
-1.0024386040305 -0.0376375196579743 -0.238452211176566
-0.979458074085607 0.0177878447580584 -0.263200438464306
-0.97978510704041 -0.0216190291210644 -0.261608339651214
-0.989596308459933 -0.199756791259287 -0.225658326002403
-0.998532800834493 -0.118533058635277 -0.23294165884752
-1.01376992637773 -0.176607023011246 -0.202738739391691
-0.969329209007336 -0.181580303301692 -0.251229084205175
-1.01832062746326 -0.135544642966982 -0.206758560774004
-0.973736660938639 -0.141393984892821 -0.254487848043926
-0.999004540645127 -0.430765001057279 -0.076224049342576
-1.02689504087985 -0.350803523751134 -0.0921205039598468
-0.992447882435369 -0.414393109332985 -0.110485700983531
-1.06466662989984 -0.184986669427789 -0.118145311042684
-1.0487755630364 -0.268655650393489 -0.106102618164673
-1.04536007483745 -0.210573499091029 -0.144009323846025
-0.970915013371045 -0.379206450977739 -0.175096959090036
-1.01797545308023 -0.3341985619928 -0.125400920105677
-0.983031606442235 -0.397170514093924 -0.143518368736293
-0.982190312161722 -0.339332514643413 -0.181674666524026
-1.00594086949757 -0.374574970502835 -0.118190847949799
-1.00067179854501 -0.258441211580306 -0.193238704840517
-1.02855418732806 -0.293349549641677 -0.132106426563444
-1.02398812559793 -0.235070463913749 -0.169076194410433
-0.992107580996832 -0.299047824250761 -0.187720555478668
-1.03768087011386 -0.25211325204639 -0.138306660975699
-1.00632007746588 -0.316915966067967 -0.157333557712778
-1.06797324811209 0.153013768435255 -0.151853806802672
-1.07640985297771 0.0690489203731456 -0.144674949555293
-1.08503443603302 0.140669867389002 -0.123530617670756
-1.05465605646454 0.123799570671437 -0.175485814079441
-1.07458902431821 -0.100436111354721 -0.128374962001491
-1.07853332425232 -0.0155872161008572 -0.1370691939401
-1.09055764777458 -0.0729884146863337 -0.102070102450433
-1.05975394945741 -0.0849287430635061 -0.158331381547202
-1.11253776176161 0.114894768532177 -0.0626699243221789
-1.09204348576092 0.0554889665706078 -0.115402176807395
-1.09996465179057 0.127945037965562 -0.0937461520663514
-1.11518394482097 0.0714460184559742 -0.0578294156200319
-1.08936102475215 0.0981678921756804 -0.119482343158899
-1.02128893614812 0.0682938545376077 -0.220881093302578
-1.06115928909482 0.0407659023670768 -0.169257873418954
-1.03907953104523 0.0954939905590479 -0.198516762700294
-1.02334515461838 0.0279345540359334 -0.218696320479575
-1.0586771726737 0.0823932067420384 -0.172418735384689
-1.11545862112913 -0.0156092328482195 -0.0478268477549507
-1.09312014463111 0.0126957588350143 -0.111193406984185
-1.10420672872467 -0.0446697900086975 -0.0751863098874616
-1.11615089049907 0.0279212683757576 -0.0529088307478699
-1.0926186687697 -0.0301508199769084 -0.106772809633821
-1.1053573559542 0.0417594876395255 -0.0847517997499182
-1.0234639000544 -0.0535141882667938 -0.213476278482191
-1.06214882402172 -0.00103269223878816 -0.165906125777496
-1.04264172909306 -0.0692786745963766 -0.186739447598798
-1.02406416471572 -0.0126858909848074 -0.216249321123628
-1.06167487070942 -0.0429500850554916 -0.162285113874576
-1.04367879995349 0.0134780084747515 -0.193148630328421
-0.831491632412283 0.442803444939257 0.439451183453368
-0.898229093836301 0.413698877564282 0.412355053165833
-0.838856082092284 0.407364532549762 0.441972490270274
-0.857461397230307 0.46511261044698 0.42388292525756
-1.01220949460492 0.33704667861759 0.335187419435044
-0.958952866847788 0.378470599231203 0.377163092393811
-0.850868229194928 0.33646205921798 0.446196910263213
-0.904954476099385 0.376747555730049 0.415381529510751
-0.845310221428657 0.371900097168245 0.444215277754266
-0.872576669989882 0.392804855146499 0.429773145924063
-0.903666646362009 0.509321721076244 0.383736989560592
-0.921978618411292 0.434506052495972 0.392081547303385
-0.881615993911679 0.487320582197145 0.405260094682327
-0.890453625159832 0.450577619755238 0.408986143915701
-1.13155586467282 0.121579263145857 0.126695096033957
-1.11691753483157 0.18086107725932 0.182454768367557
-1.12612043591048 0.107876337381933 0.160143839627429
-1.12992606886841 0.165419339099272 0.121120363931749
-1.05681757768579 0.289762151033845 0.287844820946842
-1.09190683500201 0.237347807016613 0.236520097526742
-1.10647397952083 0.0809506926843558 0.224647501868007
-1.10760357494828 0.16662966716834 0.214810287512666
-1.11772611417669 0.0943026902101999 0.19288863482653
-1.11816253928059 0.137560574150913 0.187700745762513
-1.12152594891551 0.252825581536741 0.109624267719365
-1.11400470305421 0.224130659206125 0.177082181711773
-1.12658130650378 0.20919453550177 0.115451722281296
-1.1232661310963 0.195082003189036 0.149238202935915
-0.864409707684199 0.196004619254186 0.45181137733586
-0.921569447180759 0.229403640699814 0.424403393879679
-0.862301698099175 0.230818091100756 0.450728324803695
-0.894941530368386 0.177219669705663 0.440625907471032
-1.01715383863459 0.297111659262114 0.33910949725994
-0.973188713746116 0.263112961019417 0.38659812469927
-0.992049318299246 0.319311390022291 0.360634933429166
-0.855543937656205 0.301101328833794 0.447933476709068
-0.918940851195348 0.266055480122059 0.422573731445582
-0.859350743852429 0.265869061053363 0.449439586653413
-0.883799113136948 0.320421389299329 0.43443921529149
-0.891226841136516 0.248409980081597 0.438013554593646
-0.950755827520933 0.134731318563298 0.412163177337273
-0.950159738279294 0.208816772243499 0.408797682511716
-0.923801766922801 0.156805787438402 0.42733677744746
-0.923190093050178 0.192968438933045 0.425983157507559
-0.935784016392201 0.359152682064778 0.398949203825057
-0.945161814325782 0.283767316634224 0.404465810671413
-0.964873945572801 0.340004057356209 0.380641809187933
-0.910641395689388 0.339784321675481 0.418081743451475
-0.969618083143548 0.301531904335536 0.383779053075303
-0.915300484119207 0.302867863877669 0.420473022703624
-0.965855936592051 0.592799079416958 0.272907545781343
-0.992812869188816 0.514887931665154 0.286015472978258
-0.954633553967598 0.572875791413662 0.303820635997488
-0.989417506922927 0.573050944515987 0.247554899803499
-1.02987126564314 0.354660816586069 0.307622627412112
-1.01413317726174 0.435315192718188 0.297587975429893
-1.0059437302185 0.376913057918131 0.330918408520276
-0.923344091340271 0.530999879950338 0.359502563370622
-0.979182550528888 0.495445853735494 0.315839538998496
-0.940404126964196 0.552229257334941 0.332779260873935
-0.934054086769488 0.493203448897897 0.364502673878819
-0.967584654931432 0.534368727731054 0.310025718101929
-1.03018674602765 0.528828653117488 0.19449477749395
-1.01596293742262 0.493828774238422 0.260924504454819
-1.01089284171571 0.551701857808874 0.221357896641368
-1.00342405013387 0.53368440001292 0.254422892604174
-0.951848405009422 0.416869693171421 0.373323444536805
-0.98943633317705 0.456181162834549 0.321256946909639
-0.979889338318018 0.397664874867646 0.35287781657316
-0.943552068044989 0.455136545098409 0.369107198220482
-0.998354367441786 0.416646920565077 0.326280180382829
-0.962696177690438 0.475487746060855 0.343619902541995
-1.03628741094605 0.0313821870634371 0.336939839742323
-1.04349255280573 0.111399207958124 0.330420684372948
-1.05718589239271 0.0430580299439374 0.311497400243557
-1.0184381159604 0.0591827144156886 0.357549582328814
-1.04005164747531 0.273469358716901 0.316246767315521
-1.0446393965669 0.192234929720752 0.323714456753314
-1.06062832722246 0.248475379231059 0.292223485972028
-1.02077490834406 0.257168328118068 0.342713558120695
-1.09250710069338 0.0679075291300569 0.255156774602045
-1.06317885577576 0.12479199010936 0.304047805202646
-1.07600641282278 0.055253080549542 0.284176948507694
-1.09479134020593 0.110125406482267 0.250602945216029
-1.06098009617076 0.0838134921523311 0.30776276597518
-0.975603830929006 0.111028094038932 0.395332961565554
-1.02358355982836 0.137834918799588 0.352020347731063
-0.998195823166331 0.08579414530857 0.37706469987519
-0.97681623598685 0.148714375399948 0.393449431484525
-1.02174601845024 0.0983873115995693 0.35480304096405
-1.09446726109586 0.194912151963463 0.241355679554291
-1.06383061877546 0.165932980161799 0.30026710560264
-1.07879097457628 0.22224455847936 0.267207695969856
-1.09543572260845 0.152482782859368 0.24602762509
-1.06297179417904 0.207179610626234 0.296346664250236
-1.08056530643401 0.13850985016617 0.275850238283075
-0.975584952579325 0.224802893049431 0.389126574277748
-1.02401002433624 0.177479063850143 0.349119931755726
-0.999206803415935 0.240929144580831 0.367058218780464
-0.976799637607645 0.18665392523491 0.391397132193031
-1.02306530733076 0.217273232776635 0.346035647226425
-1.00131942506821 0.162962899472501 0.372405748802699
-1.08426764686911 0.424272976750242 0.0837609617759724
-1.08584906263971 0.395416793627481 0.153243625581505
-1.09613004299511 0.382039430231892 0.0906755353268805
-1.07429509514184 0.452115976185846 0.11162094702528
-1.05155008682784 0.330979130677184 0.283167483102701
-1.07480276724021 0.364026342779874 0.220500641480248
-1.07087744193749 0.305961928105777 0.257725808085303
-1.04483109506379 0.372062468025807 0.278157408568656
-1.11476344516413 0.296231838702469 0.103581131967471
-1.09535185389726 0.353015336328916 0.159638346779257
-1.10629694051053 0.339331007802168 0.0972760284533276
-1.11364696867699 0.28194130158966 0.137771698384558
-1.09731162351462 0.36783255951083 0.125315257929793
-1.0472216869062 0.504528152812012 0.167140362170273
-1.07193413866836 0.421936917352125 0.180924124192496
-1.0619382836074 0.47891442322481 0.139462871020089
-1.04367555638688 0.488287772168857 0.201526059845129
-1.07471010519618 0.437409158448824 0.146519665651183
-1.10216153088412 0.252397645298162 0.204533963426139
-1.09025427686896 0.337693115212121 0.193344364465235
-1.08776968342715 0.279723887425835 0.231462919143066
-1.10943460569575 0.267295951955 0.171521701134086
-1.08206619052183 0.32197314685872 0.226135829711215
-1.10321509446627 0.310282718815124 0.165721027171315
-1.02704039666872 0.453557979133614 0.267047506140145
-1.0659827310199 0.405812133991292 0.214529753772672
-1.03666180037435 0.412945282887776 0.27278947023488
-1.03692517174269 0.47125644838179 0.23492990496969
-1.0569147904342 0.389149434835546 0.247036754884991
-1.05560713917836 0.447257382942886 0.208206601087722
-0.942982368632325 -0.516921238183649 0.209076638629054
-0.990173498805637 -0.446254834324801 0.1914631127547
-0.948720131199579 -0.486767683830766 0.233467480636544
-0.960063079303758 -0.511542813910911 0.174980546656192
-1.06552697110182 -0.292771538182379 0.157538993493517
-1.0311321352786 -0.37141150142593 0.174081903515253
-0.954203755465605 -0.424554067344594 0.279638652820731
-0.994854117482061 -0.416012121200785 0.216313857947523
-0.952450168927201 -0.45592711574781 0.25702410595416
-0.972541857118397 -0.451932300285324 0.224894594063387
-0.986139258620138 -0.495669002492658 0.104063819548821
-1.00516053901059 -0.438967322418652 0.156956620683133
-0.97450295801741 -0.504431315483444 0.139890960180117
-0.983390033696888 -0.47577584430845 0.165946631487578
-1.13419389358682 0.0473684607218628 0.104106809076588
-1.1274733700722 -0.0400990585704637 0.11577993272456
-1.12964648705296 0.0340199032190242 0.137846167730515
-1.13431360054458 0.0168999721712734 0.0758205993982197
-1.09312279738107 -0.210883406376123 0.142251156080885
-1.1137865326863 -0.126418739020905 0.128373401687571
-1.11173995635468 0.00821913969873738 0.203387137711259
-1.12079369993914 -0.0528391292211322 0.14947747849005
-1.12213243887017 0.0209401106015666 0.171034635615315
-1.12609217935879 -0.00953888500455815 0.143567235351131
-1.12679601440036 -0.0435950489514359 0.0191815346751209
-1.12628542110306 -0.0705693548722718 0.0877640330539947
-1.13183945511562 -0.0134778102749587 0.0474807524871074
-1.13116480875546 -0.0269478711062346 0.0816836113929329
-0.942650458762221 -0.2968520622862 0.3589261620577
-0.993147739290145 -0.290841210215377 0.306895285300329
-0.948166877539212 -0.328799600993824 0.340924574414549
-0.962570100290568 -0.262960639317173 0.35221332695341
-1.06799291428793 -0.262283507120892 0.183532731918433
-1.03544397616198 -0.279084524455595 0.248006260633207
-1.0522109940065 -0.302111394394483 0.191357132902877
-0.954029173762304 -0.392804610994962 0.301214617225113
-0.996541317126694 -0.322458300929285 0.285760071588084
-0.951990591061931 -0.360834818385502 0.32166738980605
-0.976859537366855 -0.389810469691148 0.271579513577779
-0.973347498875903 -0.326409108947664 0.314224410405735
-0.99734140918991 -0.191614069990104 0.3395745481859
-1.01130372654177 -0.254165367059978 0.299780506005813
-0.980838962268498 -0.227864421187609 0.34572390316499
-0.987887438357684 -0.25926062696608 0.326900663979478
-1.01560183815859 -0.379037783928874 0.207811869116528
-1.01754487653164 -0.317036403828331 0.255676759167534
-1.03473526782699 -0.341052254841742 0.19946931632588
-0.997450139875368 -0.385196806625555 0.240382098492813
-1.0361623985226 -0.310227024626008 0.224143815612627
-0.997996111872131 -0.353961087826257 0.26356207486993
-1.00257951570401 -0.446168989518189 -0.0409864362853906
-1.03593739375595 -0.395497454741063 0.013399487256949
-1.0030928270054 -0.460483101886158 -0.00504746451761118
-1.01852692898682 -0.406748257658505 -0.0495647413783313
-1.07597231842733 -0.282292633409097 0.122935604872308
-1.06053815483805 -0.340588696403566 0.0683965914864208
-1.06076761238097 -0.322755698574462 0.131026423648421
-0.99483999194848 -0.485351127153579 0.0677725849738909
-1.03280660276599 -0.408313583573301 0.0495590468402741
-1.00050944722208 -0.47358411011625 0.031304008734704
-1.00716743904956 -0.458257813467465 0.0948042817366922
-1.01902264771929 -0.434955420143945 0.0221937147522556
-1.04578913015137 -0.325889439408262 -0.0654272675785579
-1.05124602605838 -0.355280438124273 0.00496896431737275
-1.03293034806038 -0.36662861117991 -0.0577207811271855
-1.03596867058567 -0.381564396157855 -0.0224560809777832
-1.02533549185212 -0.40115858655788 0.148092724354287
-1.04438568904618 -0.380655927343759 0.0769094380599724
-1.04388081076776 -0.362401006475386 0.139428505005997
-1.01734273266905 -0.430152102688352 0.121623394975839
-1.05371571878948 -0.35209512485087 0.104108815516149
-1.02658979939114 -0.419900824711037 0.0857304037755881
-1.04455775323908 -0.0374914332208348 0.31941627920157
-1.06625936091227 -0.0979953776248721 0.274810675773427
-1.06479061995504 -0.0269786605198832 0.292853357463711
-1.03557923605105 -0.0770945897620233 0.323804500629366
-1.08205296173973 -0.221647794616509 0.176036778480938
-1.07878102197669 -0.159808865840378 0.226872698291121
-1.09437138378033 -0.180291850431879 0.168890956040013
-1.06817605916213 -0.231437230206843 0.208905074881051
-1.09859996654905 -0.00405819029679064 0.234634547434357
-1.08376234044486 -0.0877309229813504 0.245395405828366
-1.08288224462814 -0.0158140085590224 0.26452987719733
-1.10615067364536 -0.0344438051295259 0.208848869493409
-1.07546424170173 -0.05714733302427 0.269518046412206
-1.01198942558475 -0.154308277335721 0.3338520481562
-1.05524046205404 -0.138242625280525 0.280466304125531
-1.02473586517412 -0.116083650159749 0.328598316261042
-1.02084844227792 -0.185240388075087 0.313939539492552
-1.04650699612213 -0.107465643251523 0.302598332657775
-1.11374351113551 -0.0957928897976797 0.155637567630684
-1.08968401269873 -0.118558313701867 0.220540452186567
-1.10493644136879 -0.138308557490406 0.162097063867404
-1.11119890397175 -0.0650791824178575 0.182490464249171
-1.09322306060639 -0.149465100174749 0.195015048816108
-1.09880408877595 -0.0767355095274858 0.214546925796267
-1.03262064704988 -0.24777404191989 0.270970937310251
-1.06177584690691 -0.169265856804966 0.257440280505527
-1.05164104421353 -0.240171803914961 0.240619520786409
-1.02773942913552 -0.216443868249715 0.292966920875484
-1.06609567650123 -0.20038126416357 0.23356620347493
-1.04239678426312 -0.177766115791523 0.286517975603614
-1.08179728446816 -0.158370525782627 -0.0915965180572582
-1.09633070985849 -0.188367703468247 -0.0246059231483255
-1.09665377536179 -0.130808892598193 -0.064477364192236
-1.07510634141634 -0.200772127964601 -0.0857421695656248
-1.08947660904939 -0.241089184959505 0.115190023111897
-1.0990160294177 -0.216197959566757 0.0450574594464409
-1.10126715601119 -0.199228256412705 0.107807308468865
-1.08344065991025 -0.270764291211703 0.0878127081853167
-1.11921794756986 -0.0732890679563363 -0.00897976564392973
-1.10752563514564 -0.159826360634513 0.00332071638141792
-1.10915113154742 -0.102407028112327 -0.0369015340213094
-1.12238318433499 -0.0872226183758132 0.025153591997809
-1.10355273847891 -0.145529740588525 -0.030946069799443
-1.05710377000164 -0.284612264198277 -0.072668075870002
-1.08748733170201 -0.230842338114506 -0.0178535541985371
-1.06687561134985 -0.242879299526743 -0.0794379339257416
-1.06252719641358 -0.299887643757979 -0.0382358747101896
-1.08275612213401 -0.216087459449336 -0.0522320545471168
-1.11967531396442 -0.113880753084363 0.0941174929799613
-1.10848992139962 -0.173605465782733 0.0380564214443743
-1.11133510423455 -0.156796194872081 0.100788313975426
-1.12254554073701 -0.100784419331011 0.0596144852737096
-1.10640365861595 -0.186771272669257 0.0729807766718525
-1.11628003235632 -0.130586284660966 0.0314313997114438
-1.06428724157127 -0.327982024881473 0.0325764735666661
-1.08920713944394 -0.244940056793221 0.0171325498467056
-1.07503374315085 -0.299771236562766 0.0602339561523816
-1.064942906206 -0.314379521695647 -0.0030628176188787
-1.08786219908766 -0.25828075276762 0.0524496796301641
-1.07702417144981 -0.272873304324877 -0.0106735263282264
3 0 8362 2986
3 8362 2102 8364
3 2986 8364 758
3 8362 8364 2986
3 2102 8363 8371
3 8363 532 8369
3 8371 8369 2104
3 8363 8369 8371
3 758 8370 2987
3 8370 2104 8368
3 2987 8368 196
3 8370 8368 2987
3 2102 8371 8364
3 8371 2104 8370
3 8364 8370 758
3 8371 8370 8364
3 532 8367 8391
3 8367 2103 8393
3 8391 8393 2111
3 8367 8393 8391
3 2103 8366 8385
3 8366 137 8383
3 8385 8383 2109
3 8366 8383 8385
3 2111 8395 8392
3 8395 2109 8384
3 8392 8384 534
3 8395 8384 8392
3 2103 8385 8393
3 8385 2109 8395
3 8393 8395 2111
3 8385 8395 8393
3 196 8386 2990
3 8386 2110 8388
3 2990 8388 759
3 8386 8388 2990
3 2110 8387 8390
3 8387 534 8381
3 8390 8381 2108
3 8387 8381 8390
3 759 8382 2989
3 8382 2108 8380
3 2989 8380 53
3 8382 8380 2989
3 2110 8390 8388
3 8390 2108 8382
3 8388 8382 759
3 8390 8382 8388
3 532 8391 8369
3 8391 2111 8394
3 8369 8394 2104
3 8391 8394 8369
3 2111 8392 8396
3 8392 534 8387
3 8396 8387 2110
3 8392 8387 8396
3 2104 8389 8368
3 8389 2110 8386
3 8368 8386 196
3 8389 8386 8368
3 2111 8396 8394
3 8396 2110 8389
3 8394 8389 2104
3 8396 8389 8394
3 137 8378 8462
3 8378 2107 8464
3 8462 8464 2131
3 8378 8464 8462
3 2107 8379 8472
3 8379 533 8470
3 8472 8470 2133
3 8379 8470 8472
3 2131 8474 8463
3 8474 2133 8471
3 8463 8471 541
3 8474 8471 8463
3 2107 8472 8464
3 8472 2133 8474
3 8464 8474 2131
3 8472 8474 8464
3 533 8377 8436
3 8377 2106 8438
3 8436 8438 2125
3 8377 8438 8436
3 2106 8376 8433
3 8376 37 8431
3 8433 8431 2123
3 8376 8431 8433
3 2125 8439 8437
3 8439 2123 8432
3 8437 8432 539
3 8439 8432 8437
3 2106 8433 8438
3 8433 2123 8439
3 8438 8439 2125
3 8433 8439 8438
3 541 8481 8467
3 8481 2135 8484
3 8467 8484 2132
3 8481 8484 8467
3 2135 8480 8482
3 8480 539 8435
3 8482 8435 2124
3 8480 8435 8482
3 2132 8468 8466
3 8468 2124 8434
3 8466 8434 139
3 8468 8434 8466
3 2135 8482 8484
3 8482 2124 8468
3 8484 8468 2132
3 8482 8468 8484
3 533 8436 8470
3 8436 2125 8473
3 8470 8473 2133
3 8436 8473 8470
3 2125 8437 8483
3 8437 539 8480
3 8483 8480 2135
3 8437 8480 8483
3 2133 8485 8471
3 8485 2135 8481
3 8471 8481 541
3 8485 8481 8471
3 2125 8483 8473
3 8483 2135 8485
3 8473 8485 2133
3 8483 8485 8473
3 53 8440 2997
3 8440 2126 8442
3 2997 8442 762
3 8440 8442 2997
3 2126 8441 8451
3 8441 540 8448
3 8451 8448 2128
3 8441 8448 8451
3 762 8449 2998
3 8449 2128 8447
3 2998 8447 197
3 8449 8447 2998
3 2126 8451 8442
3 8451 2128 8449
3 8442 8449 762
3 8451 8449 8442
3 540 8445 8457
3 8445 2127 8460
3 8457 8460 2130
3 8445 8460 8457
3 2127 8444 8446
3 8444 139 8425
3 8446 8425 2121
3 8444 8425 8446
3 2130 8458 8456
3 8458 2121 8426
3 8456 8426 538
3 8458 8426 8456
3 2127 8446 8460
3 8446 2121 8458
3 8460 8458 2130
3 8446 8458 8460
3 197 8427 2996
3 8427 2122 8429
3 2996 8429 761
3 8427 8429 2996
3 2122 8428 8430
3 8428 538 8423
3 8430 8423 2120
3 8428 8423 8430
3 761 8424 2995
3 8424 2120 8422
3 2995 8422 16
3 8424 8422 2995
3 2122 8430 8429
3 8430 2120 8424
3 8429 8424 761
3 8430 8424 8429
3 540 8457 8448
3 8457 2130 8461
3 8448 8461 2128
3 8457 8461 8448
3 2130 8456 8459
3 8456 538 8428
3 8459 8428 2122
3 8456 8428 8459
3 2128 8450 8447
3 8450 2122 8427
3 8447 8427 197
3 8450 8427 8447
3 2130 8459 8461
3 8459 2122 8450
3 8461 8450 2128
3 8459 8450 8461
3 137 8462 8383
3 8462 2131 8465
3 8383 8465 2109
3 8462 8465 8383
3 2131 8463 8479
3 8463 541 8476
3 8479 8476 2134
3 8463 8476 8479
3 2109 8477 8384
3 8477 2134 8475
3 8384 8475 534
3 8477 8475 8384
3 2131 8479 8465
3 8479 2134 8477
3 8465 8477 2109
3 8479 8477 8465
3 541 8467 8487
3 8467 2132 8490
3 8487 8490 2136
3 8467 8490 8487
3 2132 8466 8469
3 8466 139 8444
3 8469 8444 2127
3 8466 8444 8469
3 2136 8488 8486
3 8488 2127 8445
3 8486 8445 540
3 8488 8445 8486
3 2132 8469 8490
3 8469 2127 8488
3 8490 8488 2136
3 8469 8488 8490
3 534 8452 8381
3 8452 2129 8454
3 8381 8454 2108
3 8452 8454 8381
3 2129 8453 8455
3 8453 540 8441
3 8455 8441 2126
3 8453 8441 8455
3 2108 8443 8380
3 8443 2126 8440
3 8380 8440 53
3 8443 8440 8380
3 2129 8455 8454
3 8455 2126 8443
3 8454 8443 2108
3 8455 8443 8454
3 541 8487 8476
3 8487 2136 8491
3 8476 8491 2134
3 8487 8491 8476
3 2136 8486 8489
3 8486 540 8453
3 8489 8453 2129
3 8486 8453 8489
3 2134 8478 8475
3 8478 2129 8452
3 8475 8452 534
3 8478 8452 8475
3 2136 8489 8491
3 8489 2129 8478
3 8491 8478 2134
3 8489 8478 8491
3 37 8418 9426
3 8418 2118 9428
3 9426 9428 2370
3 8418 9428 9426
3 2118 8419 9434
3 8419 537 9432
3 9434 9432 2372
3 8419 9432 9434
3 2370 9435 9427
3 9435 2372 9433
3 9427 9433 600
3 9435 9433 9427
3 2118 9434 9428
3 9434 2372 9435
3 9428 9435 2370
3 9434 9435 9428
3 537 8421 9461
3 8421 2119 9463
3 9461 9463 2380
3 8421 9463 9461
3 2119 8420 9456
3 8420 138 9454
3 9456 9454 2378
3 8420 9454 9456
3 2380 9465 9462
3 9465 2378 9455
3 9462 9455 602
3 9465 9455 9462
3 2119 9456 9463
3 9456 2378 9465
3 9463 9465 2380
3 9456 9465 9463
3 600 9470 9431
3 9470 2382 9472
3 9431 9472 2371
3 9470 9472 9431
3 2382 9471 9474
3 9471 602 9459
3 9474 9459 2379
3 9471 9459 9474
3 2371 9460 9430
3 9460 2379 9458
3 9430 9458 154
3 9460 9458 9430
3 2382 9474 9472
3 9474 2379 9460
3 9472 9460 2371
3 9474 9460 9472
3 537 9461 9432
3 9461 2380 9464
3 9432 9464 2372
3 9461 9464 9432
3 2380 9462 9475
3 9462 602 9471
3 9475 9471 2382
3 9462 9471 9475
3 2372 9473 9433
3 9473 2382 9470
3 9433 9470 600
3 9473 9470 9433
3 2380 9475 9464
3 9475 2382 9473
3 9464 9473 2372
3 9475 9473 9464
3 138 8416 9208
3 8416 2117 9210
3 9208 9210 2318
3 8416 9210 9208
3 2117 8417 9216
3 8417 536 9214
3 9216 9214 2320
3 8417 9214 9216
3 2318 9218 9209
3 9218 2320 9215
3 9209 9215 588
3 9218 9215 9209
3 2117 9216 9210
3 9216 2320 9218
3 9210 9218 2318
3 9216 9218 9210
3 536 8415 9196
3 8415 2116 9198
3 9196 9198 2314
3 8415 9198 9196
3 2116 8414 9192
3 8414 11 9190
3 9192 9190 2312
3 8414 9190 9192
3 2314 9199 9197
3 9199 2312 9191
3 9197 9191 586
3 9199 9191 9197
3 2116 9192 9198
3 9192 2312 9199
3 9198 9199 2314
3 9192 9199 9198
3 588 9220 9212
3 9220 2321 9223
3 9212 9223 2319
3 9220 9223 9212
3 2321 9219 9221
3 9219 586 9195
3 9221 9195 2313
3 9219 9195 9221
3 2319 9213 9211
3 9213 2313 9194
3 9211 9194 151
3 9213 9194 9211
3 2321 9221 9223
3 9221 2313 9213
3 9223 9213 2319
3 9221 9213 9223
3 536 9196 9214
3 9196 2314 9217
3 9214 9217 2320
3 9196 9217 9214
3 2314 9197 9222
3 9197 586 9219
3 9222 9219 2321
3 9197 9219 9222
3 2320 9224 9215
3 9224 2321 9220
3 9215 9220 588
3 9224 9220 9215
3 2314 9222 9217
3 9222 2321 9224
3 9217 9224 2320
3 9222 9224 9217
3 154 9502 9444
3 9502 2389 9504
3 9444 9504 2375
3 9502 9504 9444
3 2389 9503 9520
3 9503 604 9517
3 9520 9517 2392
3 9503 9517 9520
3 2375 9518 9445
3 9518 2392 9516
3 9445 9516 601
3 9518 9516 9445
3 2389 9520 9504
3 9520 2392 9518
3 9504 9518 2375
3 9520 9518 9504
3 604 9499 9507
3 9499 2388 9510
3 9507 9510 2390
3 9499 9510 9507
3 2388 9498 9500
3 9498 151 9206
3 9500 9206 2317
3 9498 9206 9500
3 2390 9508 9506
3 9508 2317 9207
3 9506 9207 587
3 9508 9207 9506
3 2388 9500 9510
3 9500 2317 9508
3 9510 9508 2390
3 9500 9508 9510
3 601 9447 9441
3 9447 2376 9449
3 9441 9449 2374
3 9447 9449 9441
3 2376 9446 9448
3 9446 587 9205
3 9448 9205 2316
3 9446 9205 9448
3 2374 9442 9440
3 9442 2316 9204
3 9440 9204 40
3 9442 9204 9440
3 2376 9448 9449
3 9448 2316 9442
3 9449 9442 2374
3 9448 9442 9449
3 604 9507 9517
3 9507 2390 9521
3 9517 9521 2392
3 9507 9521 9517
3 2390 9506 9509
3 9506 587 9446
3 9509 9446 2376
3 9506 9446 9509
3 2392 9519 9516
3 9519 2376 9447
3 9516 9447 601
3 9519 9447 9516
3 2390 9509 9521
3 9509 2376 9519
3 9521 9519 2392
3 9509 9519 9521
3 138 9208 9454
3 9208 2318 9457
3 9454 9457 2378
3 9208 9457 9454
3 2318 9209 9468
3 9209 588 9466
3 9468 9466 2381
3 9209 9466 9468
3 2378 9469 9455
3 9469 2381 9467
3 9455 9467 602
3 9469 9467 9455
3 2318 9468 9457
3 9468 2381 9469
3 9457 9469 2378
3 9468 9469 9457
3 588 9212 9511
3 9212 2319 9513
3 9511 9513 2391
3 9212 9513 9511
3 2319 9211 9501
3 9211 151 9498
3 9501 9498 2388
3 9211 9498 9501
3 2391 9515 9512
3 9515 2388 9499
3 9512 9499 604
3 9515 9499 9512
3 2319 9501 9513
3 9501 2388 9515
3 9513 9515 2391
3 9501 9515 9513
3 602 9522 9459
3 9522 2393 9524
3 9459 9524 2379
3 9522 9524 9459
3 2393 9523 9526
3 9523 604 9503
3 9526 9503 2389
3 9523 9503 9526
3 2379 9505 9458
3 9505 2389 9502
3 9458 9502 154
3 9505 9502 9458
3 2393 9526 9524
3 9526 2389 9505
3 9524 9505 2379
3 9526 9505 9524
3 588 9511 9466
3 9511 2391 9514
3 9466 9514 2381
3 9511 9514 9466
3 2391 9512 9527
3 9512 604 9523
3 9527 9523 2393
3 9512 9523 9527
3 2381 9525 9467
3 9525 2393 9522
3 9467 9522 602
3 9525 9522 9467
3 2391 9527 9514
3 9527 2393 9525
3 9514 9525 2381
3 9527 9525 9514
3 16 9242 3020
3 9242 2326 9244
3 3020 9244 769
3 9242 9244 3020
3 2326 9243 9251
3 9243 590 9249
3 9251 9249 2328
3 9243 9249 9251
3 769 9250 3021
3 9250 2328 9248
3 3021 9248 200
3 9250 9248 3021
3 2326 9251 9244
3 9251 2328 9250
3 9244 9250 769
3 9251 9250 9244
3 590 9247 9281
3 9247 2327 9283
3 9281 9283 2337
3 9247 9283 9281
3 2327 9246 9271
3 9246 152 9269
3 9271 9269 2334
3 9246 9269 9271
3 2337 9285 9282
3 9285 2334 9270
3 9282 9270 592
3 9285 9270 9282
3 2327 9271 9283
3 9271 2334 9285
3 9283 9285 2337
3 9271 9285 9283
3 200 9272 3023
3 9272 2335 9274
3 3023 9274 770
3 9272 9274 3023
3 2335 9273 9276
3 9273 592 9266
3 9276 9266 2333
3 9273 9266 9276
3 770 9267 3022
3 9267 2333 9265
3 3022 9265 54
3 9267 9265 3022
3 2335 9276 9274
3 9276 2333 9267
3 9274 9267 770
3 9276 9267 9274
3 590 9281 9249
3 9281 2337 9284
3 9249 9284 2328
3 9281 9284 9249
3 2337 9282 9286
3 9282 592 9273
3 9286 9273 2335
3 9282 9273 9286
3 2328 9275 9248
3 9275 2335 9272
3 9248 9272 200
3 9275 9272 9248
3 2337 9286 9284
3 9286 2335 9275
3 9284 9275 2328
3 9286 9275 9284
3 152 9259 9308
3 9259 2331 9310
3 9308 9310 2343
3 9259 9310 9308
3 2331 9260 9324
3 9260 591 9322
3 9324 9322 2346
3 9260 9322 9324
3 2343 9326 9309
3 9326 2346 9323
3 9309 9323 594
3 9326 9323 9309
3 2331 9324 9310
3 9324 2346 9326
3 9310 9326 2343
3 9324 9326 9310
3 591 9257 9262
3 9257 2330 9264
3 9262 9264 2332
3 9257 9264 9262
3 2330 9256 9258
3 9256 40 9152
3 9258 9152 2302
3 9256 9152 9258
3 2332 9263 9261
3 9263 2302 9153
3 9261 9153 583
3 9263 9153 9261
3 2330 9258 9264
3 9258 2302 9263
3 9264 9263 2332
3 9258 9263 9264
3 594 9313 9305
3 9313 2344 9316
3 9305 9316 2342
3 9313 9316 9305
3 2344 9312 9314
3 9312 583 9155
3 9314 9155 2303
3 9312 9155 9314
3 2342 9306 9304
3 9306 2303 9154
3 9304 9154 150
3 9306 9154 9304
3 2344 9314 9316
3 9314 2303 9306
3 9316 9306 2342
3 9314 9306 9316
3 591 9262 9322
3 9262 2332 9325
3 9322 9325 2346
3 9262 9325 9322
3 2332 9261 9315
3 9261 583 9312
3 9315 9312 2344
3 9261 9312 9315
3 2346 9327 9323
3 9327 2344 9313
3 9323 9313 594
3 9327 9313 9323
3 2332 9315 9325
3 9315 2344 9327
3 9325 9327 2346
3 9315 9327 9325
3 54 9156 3018
3 9156 2304 9158
3 3018 9158 768
3 9156 9158 3018
3 2304 9157 9166
3 9157 584 9163
3 9166 9163 2306
3 9157 9163 9166
3 768 9164 3019
3 9164 2306 9162
3 3019 9162 199
3 9164 9162 3019
3 2304 9166 9158
3 9166 2306 9164
3 9158 9164 768
3 9166 9164 9158
3 584 9160 9168
3 9160 2305 9171
3 9168 9171 2307
3 9160 9171 9168
3 2305 9159 9161
3 9159 150 9142
3 9161 9142 2299
3 9159 9142 9161
3 2307 9169 9167
3 9169 2299 9143
3 9167 9143 582
3 9169 9143 9167
3 2305 9161 9171
3 9161 2299 9169
3 9171 9169 2307
3 9161 9169 9171
3 199 9144 3017
3 9144 2300 9146
3 3017 9146 767
3 9144 9146 3017
3 2300 9145 9147
3 9145 582 9139
3 9147 9139 2298
3 9145 9139 9147
3 767 9140 3016
3 9140 2298 9138
3 3016 9138 5
3 9140 9138 3016
3 2300 9147 9146
3 9147 2298 9140
3 9146 9140 767
3 9147 9140 9146
3 584 9168 9163
3 9168 2307 9172
3 9163 9172 2306
3 9168 9172 9163
3 2307 9167 9170
3 9167 582 9145
3 9170 9145 2300
3 9167 9145 9170
3 2306 9165 9162
3 9165 2300 9144
3 9162 9144 199
3 9165 9144 9162
3 2307 9170 9172
3 9170 2300 9165
3 9172 9165 2306
3 9170 9165 9172
3 152 9308 9269
3 9308 2343 9311
3 9269 9311 2334
3 9308 9311 9269
3 2343 9309 9332
3 9309 594 9329
3 9332 9329 2347
3 9309 9329 9332
3 2334 9330 9270
3 9330 2347 9328
3 9270 9328 592
3 9330 9328 9270
3 2343 9332 9311
3 9332 2347 9330
3 9311 9330 2334
3 9332 9330 9311
3 594 9305 9318
3 9305 2342 9321
3 9318 9321 2345
3 9305 9321 9318
3 2342 9304 9307
3 9304 150 9159
3 9307 9159 2305
3 9304 9159 9307
3 2345 9319 9317
3 9319 2305 9160
3 9317 9160 584
3 9319 9160 9317
3 2342 9307 9321
3 9307 2305 9319
3 9321 9319 2345
3 9307 9319 9321
3 592 9278 9266
3 9278 2336 9280
3 9266 9280 2333
3 9278 9280 9266
3 2336 9277 9279
3 9277 584 9157
3 9279 9157 2304
3 9277 9157 9279
3 2333 9268 9265
3 9268 2304 9156
3 9265 9156 54
3 9268 9156 9265
3 2336 9279 9280
3 9279 2304 9268
3 9280 9268 2333
3 9279 9268 9280
3 594 9318 9329
3 9318 2345 9333
3 9329 9333 2347
3 9318 9333 9329
3 2345 9317 9320
3 9317 584 9277
3 9320 9277 2336
3 9317 9277 9320
3 2347 9331 9328
3 9331 2336 9278
3 9328 9278 592
3 9331 9278 9328
3 2345 9320 9333
3 9320 2336 9331
3 9333 9331 2347
3 9320 9331 9333
3 37 9426 8431
3 9426 2370 9429
3 8431 9429 2123
3 9426 9429 8431
3 2370 9427 9439
3 9427 600 9437
3 9439 9437 2373
3 9427 9437 9439
3 2123 9438 8432
3 9438 2373 9436
3 8432 9436 539
3 9438 9436 8432
3 2370 9439 9429
3 9439 2373 9438
3 9429 9438 2123
3 9439 9438 9429
3 600 9431 9492
3 9431 2371 9494
3 9492 9494 2387
3 9431 9494 9492
3 2371 9430 9482
3 9430 154 9480
3 9482 9480 2384
3 9430 9480 9482
3 2387 9496 9493
3 9496 2384 9481
3 9493 9481 603
3 9496 9481 9493
3 2371 9482 9494
3 9482 2384 9496
3 9494 9496 2387
3 9482 9496 9494
3 539 9483 8435
3 9483 2385 9485
3 8435 9485 2124
3 9483 9485 8435
3 2385 9484 9487
3 9484 603 9477
3 9487 9477 2383
3 9484 9477 9487
3 2124 9478 8434
3 9478 2383 9476
3 8434 9476 139
3 9478 9476 8434
3 2385 9487 9485
3 9487 2383 9478
3 9485 9478 2124
3 9487 9478 9485
3 600 9492 9437
3 9492 2387 9495
3 9437 9495 2373
3 9492 9495 9437
3 2387 9493 9497
3 9493 603 9484
3 9497 9484 2385
3 9493 9484 9497
3 2373 9486 9436
3 9486 2385 9483
3 9436 9483 539
3 9486 9483 9436
3 2387 9497 9495
3 9497 2385 9486
3 9495 9486 2373
3 9497 9486 9495
3 154 9444 9532
3 9444 2375 9534
3 9532 9534 2395
3 9444 9534 9532
3 2375 9445 9548
3 9445 601 9546
3 9548 9546 2398
3 9445 9546 9548
3 2395 9550 9533
3 9550 2398 9547
3 9533 9547 605
3 9550 9547 9533
3 2375 9548 9534
3 9548 2398 9550
3 9534 9550 2395
3 9548 9550 9534
3 601 9441 9451
3 9441 2374 9453
3 9451 9453 2377
3 9441 9453 9451
3 2374 9440 9443
3 9440 40 9256
3 9443 9256 2330
3 9440 9256 9443
3 2377 9452 9450
3 9452 2330 9257
3 9450 9257 591
3 9452 9257 9450
3 2374 9443 9453
3 9443 2330 9452
3 9453 9452 2377
3 9443 9452 9453
3 605 9537 9529
3 9537 2396 9540
3 9529 9540 2394
3 9537 9540 9529
3 2396 9536 9538
3 9536 591 9260
3 9538 9260 2331
3 9536 9260 9538
3 2394 9530 9528
3 9530 2331 9259
3 9528 9259 152
3 9530 9259 9528
3 2396 9538 9540
3 9538 2331 9530
3 9540 9530 2394
3 9538 9530 9540
3 601 9451 9546
3 9451 2377 9549
3 9546 9549 2398
3 9451 9549 9546
3 2377 9450 9539
3 9450 591 9536
3 9539 9536 2396
3 9450 9536 9539
3 2398 9551 9547
3 9551 2396 9537
3 9547 9537 605
3 9551 9537 9547
3 2377 9539 9549
3 9539 2396 9551
3 9549 9551 2398
3 9539 9551 9549
3 139 9287 8425
3 9287 2338 9289
3 8425 9289 2121
3 9287 9289 8425
3 2338 9288 9297
3 9288 593 9294
3 9297 9294 2340
3 9288 9294 9297
3 2121 9295 8426
3 9295 2340 9293
3 8426 9293 538
3 9295 9293 8426
3 2338 9297 9289
3 9297 2340 9295
3 9289 9295 2121
3 9297 9295 9289
3 593 9291 9299
3 9291 2339 9302
3 9299 9302 2341
3 9291 9302 9299
3 2339 9290 9292
3 9290 152 9246
3 9292 9246 2327
3 9290 9246 9292
3 2341 9300 9298
3 9300 2327 9247
3 9298 9247 590
3 9300 9247 9298
3 2339 9292 9302
3 9292 2327 9300
3 9302 9300 2341
3 9292 9300 9302
3 538 9252 8423
3 9252 2329 9254
3 8423 9254 2120
3 9252 9254 8423
3 2329 9253 9255
3 9253 590 9243
3 9255 9243 2326
3 9253 9243 9255
3 2120 9245 8422
3 9245 2326 9242
3 8422 9242 16
3 9245 9242 8422
3 2329 9255 9254
3 9255 2326 9245
3 9254 9245 2120
3 9255 9245 9254
3 593 9299 9294
3 9299 2341 9303
3 9294 9303 2340
3 9299 9303 9294
3 2341 9298 9301
3 9298 590 9253
3 9301 9253 2329
3 9298 9253 9301
3 2340 9296 9293
3 9296 2329 9252
3 9293 9252 538
3 9296 9252 9293
3 2341 9301 9303
3 9301 2329 9296
3 9303 9296 2340
3 9301 9296 9303
3 154 9532 9480
3 9532 2395 9535
3 9480 9535 2384
3 9532 9535 9480
3 2395 9533 9556
3 9533 605 9553
3 9556 9553 2399
3 9533 9553 9556
3 2384 9554 9481
3 9554 2399 9552
3 9481 9552 603
3 9554 9552 9481
3 2395 9556 9535
3 9556 2399 9554
3 9535 9554 2384
3 9556 9554 9535
3 605 9529 9542
3 9529 2394 9545
3 9542 9545 2397
3 9529 9545 9542
3 2394 9528 9531
3 9528 152 9290
3 9531 9290 2339
3 9528 9290 9531
3 2397 9543 9541
3 9543 2339 9291
3 9541 9291 593
3 9543 9291 9541
3 2394 9531 9545
3 9531 2339 9543
3 9545 9543 2397
3 9531 9543 9545
3 603 9489 9477
3 9489 2386 9491
3 9477 9491 2383
3 9489 9491 9477
3 2386 9488 9490
3 9488 593 9288
3 9490 9288 2338
3 9488 9288 9490
3 2383 9479 9476
3 9479 2338 9287
3 9476 9287 139
3 9479 9287 9476
3 2386 9490 9491
3 9490 2338 9479
3 9491 9479 2383
3 9490 9479 9491
3 605 9542 9553
3 9542 2397 9557
3 9553 9557 2399
3 9542 9557 9553
3 2397 9541 9544
3 9541 593 9488
3 9544 9488 2386
3 9541 9488 9544
3 2399 9555 9552
3 9555 2386 9489
3 9552 9489 603
3 9555 9489 9552
3 2397 9544 9557
3 9544 2386 9555
3 9557 9555 2399
3 9544 9555 9557
3 0 2986 2562
3 2986 758 2988
3 2562 2988 642
3 2986 2988 2562
3 758 2987 2994
3 2987 196 2992
3 2994 2992 760
3 2987 2992 2994
3 642 2993 2563
3 2993 760 2991
3 2563 2991 162
3 2993 2991 2563
3 758 2994 2988
3 2994 760 2993
3 2988 2993 642
3 2994 2993 2988
3 196 2990 3010
3 2990 759 3012
3 3010 3012 766
3 2990 3012 3010
3 759 2989 3004
3 2989 53 3002
3 3004 3002 764
3 2989 3002 3004
3 766 3014 3011
3 3014 764 3003
3 3011 3003 198
3 3014 3003 3011
3 759 3004 3012
3 3004 764 3014
3 3012 3014 766
3 3004 3014 3012
3 162 3005 2565
3 3005 765 3007
3 2565 3007 643
3 3005 3007 2565
3 765 3006 3009
3 3006 198 3000
3 3009 3000 763
3 3006 3000 3009
3 643 3001 2564
3 3001 763 2999
3 2564 2999 42
3 3001 2999 2564
3 765 3009 3007
3 3009 763 3001
3 3007 3001 643
3 3009 3001 3007
3 196 3010 2992
3 3010 766 3013
3 2992 3013 760
3 3010 3013 2992
3 766 3011 3015
3 3011 198 3006
3 3015 3006 765
3 3011 3006 3015
3 760 3008 2991
3 3008 765 3005
3 2991 3005 162
3 3008 3005 2991
3 766 3015 3013
3 3015 765 3008
3 3013 3008 760
3 3015 3008 3013
3 53 2997 3064
3 2997 762 3066
3 3064 3066 782
3 2997 3066 3064
3 762 2998 3074
3 2998 197 3072
3 3074 3072 784
3 2998 3072 3074
3 782 3076 3065
3 3076 784 3073
3 3065 3073 204
3 3076 3073 3065
3 762 3074 3066
3 3074 784 3076
3 3066 3076 782
3 3074 3076 3066
3 197 2996 3038
3 2996 761 3040
3 3038 3040 776
3 2996 3040 3038
3 761 2995 3035
3 2995 16 3033
3 3035 3033 774
3 2995 3033 3035
3 776 3041 3039
3 3041 774 3034
3 3039 3034 202
3 3041 3034 3039
3 761 3035 3040
3 3035 774 3041
3 3040 3041 776
3 3035 3041 3040
3 204 3083 3069
3 3083 786 3086
3 3069 3086 783
3 3083 3086 3069
3 786 3082 3084
3 3082 202 3037
3 3084 3037 775
3 3082 3037 3084
3 783 3070 3068
3 3070 775 3036
3 3068 3036 55
3 3070 3036 3068
3 786 3084 3086
3 3084 775 3070
3 3086 3070 783
3 3084 3070 3086
3 197 3038 3072
3 3038 776 3075
3 3072 3075 784
3 3038 3075 3072
3 776 3039 3085
3 3039 202 3082
3 3085 3082 786
3 3039 3082 3085
3 784 3087 3073
3 3087 786 3083
3 3073 3083 204
3 3087 3083 3073
3 776 3085 3075
3 3085 786 3087
3 3075 3087 784
3 3085 3087 3075
3 42 3042 2568
3 3042 777 3044
3 2568 3044 645
3 3042 3044 2568
3 777 3043 3053
3 3043 203 3050
3 3053 3050 779
3 3043 3050 3053
3 645 3051 2569
3 3051 779 3049
3 2569 3049 163
3 3051 3049 2569
3 777 3053 3044
3 3053 779 3051
3 3044 3051 645
3 3053 3051 3044
3 203 3047 3059
3 3047 778 3062
3 3059 3062 781
3 3047 3062 3059
3 778 3046 3048
3 3046 55 3027
3 3048 3027 772
3 3046 3027 3048
3 781 3060 3058
3 3060 772 3028
3 3058 3028 201
3 3060 3028 3058
3 778 3048 3062
3 3048 772 3060
3 3062 3060 781
3 3048 3060 3062
3 163 3029 2567
3 3029 773 3031
3 2567 3031 644
3 3029 3031 2567
3 773 3030 3032
3 3030 201 3025
3 3032 3025 771
3 3030 3025 3032
3 644 3026 2566
3 3026 771 3024
3 2566 3024 12
3 3026 3024 2566
3 773 3032 3031
3 3032 771 3026
3 3031 3026 644
3 3032 3026 3031
3 203 3059 3050
3 3059 781 3063
3 3050 3063 779
3 3059 3063 3050
3 781 3058 3061
3 3058 201 3030
3 3061 3030 773
3 3058 3030 3061
3 779 3052 3049
3 3052 773 3029
3 3049 3029 163
3 3052 3029 3049
3 781 3061 3063
3 3061 773 3052
3 3063 3052 779
3 3061 3052 3063
3 53 3064 3002
3 3064 782 3067
3 3002 3067 764
3 3064 3067 3002
3 782 3065 3081
3 3065 204 3078
3 3081 3078 785
3 3065 3078 3081
3 764 3079 3003
3 3079 785 3077
3 3003 3077 198
3 3079 3077 3003
3 782 3081 3067
3 3081 785 3079
3 3067 3079 764
3 3081 3079 3067
3 204 3069 3089
3 3069 783 3092
3 3089 3092 787
3 3069 3092 3089
3 783 3068 3071
3 3068 55 3046
3 3071 3046 778
3 3068 3046 3071
3 787 3090 3088
3 3090 778 3047
3 3088 3047 203
3 3090 3047 3088
3 783 3071 3092
3 3071 778 3090
3 3092 3090 787
3 3071 3090 3092
3 198 3054 3000
3 3054 780 3056
3 3000 3056 763
3 3054 3056 3000
3 780 3055 3057
3 3055 203 3043
3 3057 3043 777
3 3055 3043 3057
3 763 3045 2999
3 3045 777 3042
3 2999 3042 42
3 3045 3042 2999
3 780 3057 3056
3 3057 777 3045
3 3056 3045 763
3 3057 3045 3056
3 204 3089 3078
3 3089 787 3093
3 3078 3093 785
3 3089 3093 3078
3 787 3088 3091
3 3088 203 3055
3 3091 3055 780
3 3088 3055 3091
3 785 3080 3077
3 3080 780 3054
3 3077 3054 198
3 3080 3054 3077
3 787 3091 3093
3 3091 780 3080
3 3093 3080 785
3 3091 3080 3093
3 16 3020 3246
3 3020 769 3248
3 3246 3248 828
3 3020 3248 3246
3 769 3021 3254
3 3021 200 3252
3 3254 3252 830
3 3021 3252 3254
3 828 3255 3247
3 3255 830 3253
3 3247 3253 216
3 3255 3253 3247
3 769 3254 3248
3 3254 830 3255
3 3248 3255 828
3 3254 3255 3248
3 200 3023 3281
3 3023 770 3283
3 3281 3283 838
3 3023 3283 3281
3 770 3022 3276
3 3022 54 3274
3 3276 3274 836
3 3022 3274 3276
3 838 3285 3282
3 3285 836 3275
3 3282 3275 218
3 3285 3275 3282
3 770 3276 3283
3 3276 836 3285
3 3283 3285 838
3 3276 3285 3283
3 216 3290 3251
3 3290 840 3292
3 3251 3292 829
3 3290 3292 3251
3 840 3291 3294
3 3291 218 3279
3 3294 3279 837
3 3291 3279 3294
3 829 3280 3250
3 3280 837 3278
3 3250 3278 59
3 3280 3278 3250
3 840 3294 3292
3 3294 837 3280
3 3292 3280 829
3 3294 3280 3292
3 200 3281 3252
3 3281 838 3284
3 3252 3284 830
3 3281 3284 3252
3 838 3282 3295
3 3282 218 3291
3 3295 3291 840
3 3282 3291 3295
3 830 3293 3253
3 3293 840 3290
3 3253 3290 216
3 3293 3290 3253
3 838 3295 3284
3 3295 840 3293
3 3284 3293 830
3 3295 3293 3284
3 54 3018 3137
3 3018 768 3139
3 3137 3139 802
3 3018 3139 3137
3 768 3019 3145
3 3019 199 3143
3 3145 3143 804
3 3019 3143 3145
3 802 3147 3138
3 3147 804 3144
3 3138 3144 210
3 3147 3144 3138
3 768 3145 3139
3 3145 804 3147
3 3139 3147 802
3 3145 3147 3139
3 199 3017 3129
3 3017 767 3131
3 3129 3131 799
3 3017 3131 3129
3 767 3016 3126
3 3016 5 3124
3 3126 3124 797
3 3016 3124 3126
3 799 3132 3130
3 3132 797 3125
3 3130 3125 208
3 3132 3125 3130
3 767 3126 3131
3 3126 797 3132
3 3131 3132 799
3 3126 3132 3131
3 210 3149 3141
3 3149 805 3152
3 3141 3152 803
3 3149 3152 3141
3 805 3148 3150
3 3148 208 3128
3 3150 3128 798
3 3148 3128 3150
3 803 3142 3140
3 3142 798 3127
3 3140 3127 57
3 3142 3127 3140
3 805 3150 3152
3 3150 798 3142
3 3152 3142 803
3 3150 3142 3152
3 199 3129 3143
3 3129 799 3146
3 3143 3146 804
3 3129 3146 3143
3 799 3130 3151
3 3130 208 3148
3 3151 3148 805
3 3130 3148 3151
3 804 3153 3144
3 3153 805 3149
3 3144 3149 210
3 3153 3149 3144
3 799 3151 3146
3 3151 805 3153
3 3146 3153 804
3 3151 3153 3146
3 59 3322 3264
3 3322 847 3324
3 3264 3324 833
3 3322 3324 3264
3 847 3323 3340
3 3323 220 3337
3 3340 3337 850
3 3323 3337 3340
3 833 3338 3265
3 3338 850 3336
3 3265 3336 217
3 3338 3336 3265
3 847 3340 3324
3 3340 850 3338
3 3324 3338 833
3 3340 3338 3324
3 220 3319 3327
3 3319 846 3330
3 3327 3330 848
3 3319 3330 3327
3 846 3318 3320
3 3318 57 3135
3 3320 3135 801
3 3318 3135 3320
3 848 3328 3326
3 3328 801 3136
3 3326 3136 209
3 3328 3136 3326
3 846 3320 3330
3 3320 801 3328
3 3330 3328 848
3 3320 3328 3330
3 217 3267 3261
3 3267 834 3269
3 3261 3269 832
3 3267 3269 3261
3 834 3266 3268
3 3266 209 3134
3 3268 3134 800
3 3266 3134 3268
3 832 3262 3260
3 3262 800 3133
3 3260 3133 17
3 3262 3133 3260
3 834 3268 3269
3 3268 800 3262
3 3269 3262 832
3 3268 3262 3269
3 220 3327 3337
3 3327 848 3341
3 3337 3341 850
3 3327 3341 3337
3 848 3326 3329
3 3326 209 3266
3 3329 3266 834
3 3326 3266 3329
3 850 3339 3336
3 3339 834 3267
3 3336 3267 217
3 3339 3267 3336
3 848 3329 3341
3 3329 834 3339
3 3341 3339 850
3 3329 3339 3341
3 54 3137 3274
3 3137 802 3277
3 3274 3277 836
3 3137 3277 3274
3 802 3138 3288
3 3138 210 3286
3 3288 3286 839
3 3138 3286 3288
3 836 3289 3275
3 3289 839 3287
3 3275 3287 218
3 3289 3287 3275
3 802 3288 3277
3 3288 839 3289
3 3277 3289 836
3 3288 3289 3277
3 210 3141 3331
3 3141 803 3333
3 3331 3333 849
3 3141 3333 3331
3 803 3140 3321
3 3140 57 3318
3 3321 3318 846
3 3140 3318 3321
3 849 3335 3332
3 3335 846 3319
3 3332 3319 220
3 3335 3319 3332
3 803 3321 3333
3 3321 846 3335
3 3333 3335 849
3 3321 3335 3333
3 218 3342 3279
3 3342 851 3344
3 3279 3344 837
3 3342 3344 3279
3 851 3343 3346
3 3343 220 3323
3 3346 3323 847
3 3343 3323 3346
3 837 3325 3278
3 3325 847 3322
3 3278 3322 59
3 3325 3322 3278
3 851 3346 3344
3 3346 847 3325
3 3344 3325 837
3 3346 3325 3344
3 210 3331 3286
3 3331 849 3334
3 3286 3334 839
3 3331 3334 3286
3 849 3332 3347
3 3332 220 3343
3 3347 3343 851
3 3332 3343 3347
3 839 3345 3287
3 3345 851 3342
3 3287 3342 218
3 3345 3342 3287
3 849 3347 3334
3 3347 851 3345
3 3334 3345 839
3 3347 3345 3334
3 12 3154 2574
3 3154 806 3156
3 2574 3156 648
3 3154 3156 2574
3 806 3155 3163
3 3155 211 3161
3 3163 3161 808
3 3155 3161 3163
3 648 3162 2575
3 3162 808 3160
3 2575 3160 165
3 3162 3160 2575
3 806 3163 3156
3 3163 808 3162
3 3156 3162 648
3 3163 3162 3156
3 211 3159 3193
3 3159 807 3195
3 3193 3195 817
3 3159 3195 3193
3 807 3158 3183
3 3158 58 3181
3 3183 3181 814
3 3158 3181 3183
3 817 3197 3194
3 3197 814 3182
3 3194 3182 213
3 3197 3182 3194
3 807 3183 3195
3 3183 814 3197
3 3195 3197 817
3 3183 3197 3195
3 165 3184 2577
3 3184 815 3186
3 2577 3186 649
3 3184 3186 2577
3 815 3185 3188
3 3185 213 3178
3 3188 3178 813
3 3185 3178 3188
3 649 3179 2576
3 3179 813 3177
3 2576 3177 43
3 3179 3177 2576
3 815 3188 3186
3 3188 813 3179
3 3186 3179 649
3 3188 3179 3186
3 211 3193 3161
3 3193 817 3196
3 3161 3196 808
3 3193 3196 3161
3 817 3194 3198
3 3194 213 3185
3 3198 3185 815
3 3194 3185 3198
3 808 3187 3160
3 3187 815 3184
3 3160 3184 165
3 3187 3184 3160
3 817 3198 3196
3 3198 815 3187
3 3196 3187 808
3 3198 3187 3196
3 58 3171 3220
3 3171 811 3222
3 3220 3222 823
3 3171 3222 3220
3 811 3172 3236
3 3172 212 3234
3 3236 3234 826
3 3172 3234 3236
3 823 3238 3221
3 3238 826 3235
3 3221 3235 215
3 3238 3235 3221
3 811 3236 3222
3 3236 826 3238
3 3222 3238 823
3 3236 3238 3222
3 212 3169 3174
3 3169 810 3176
3 3174 3176 812
3 3169 3176 3174
3 810 3168 3170
3 3168 17 3103
3 3170 3103 791
3 3168 3103 3170
3 812 3175 3173
3 3175 791 3104
3 3173 3104 206
3 3175 3104 3173
3 810 3170 3176
3 3170 791 3175
3 3176 3175 812
3 3170 3175 3176
3 215 3225 3217
3 3225 824 3228
3 3217 3228 822
3 3225 3228 3217
3 824 3224 3226
3 3224 206 3106
3 3226 3106 792
3 3224 3106 3226
3 822 3218 3216
3 3218 792 3105
3 3216 3105 56
3 3218 3105 3216
3 824 3226 3228
3 3226 792 3218
3 3228 3218 822
3 3226 3218 3228
3 212 3174 3234
3 3174 812 3237
3 3234 3237 826
3 3174 3237 3234
3 812 3173 3227
3 3173 206 3224
3 3227 3224 824
3 3173 3224 3227
3 826 3239 3235
3 3239 824 3225
3 3235 3225 215
3 3239 3225 3235
3 812 3227 3237
3 3227 824 3239
3 3237 3239 826
3 3227 3239 3237
3 43 3107 2572
3 3107 793 3109
3 2572 3109 647
3 3107 3109 2572
3 793 3108 3117
3 3108 207 3114
3 3117 3114 795
3 3108 3114 3117
3 647 3115 2573
3 3115 795 3113
3 2573 3113 164
3 3115 3113 2573
3 793 3117 3109
3 3117 795 3115
3 3109 3115 647
3 3117 3115 3109
3 207 3111 3119
3 3111 794 3122
3 3119 3122 796
3 3111 3122 3119
3 794 3110 3112
3 3110 56 3097
3 3112 3097 789
3 3110 3097 3112
3 796 3120 3118
3 3120 789 3098
3 3118 3098 205
3 3120 3098 3118
3 794 3112 3122
3 3112 789 3120
3 3122 3120 796
3 3112 3120 3122
3 164 3099 2571
3 3099 790 3101
3 2571 3101 646
3 3099 3101 2571
3 790 3100 3102
3 3100 205 3095
3 3102 3095 788
3 3100 3095 3102
3 646 3096 2570
3 3096 788 3094
3 2570 3094 1
3 3096 3094 2570
3 790 3102 3101
3 3102 788 3096
3 3101 3096 646
3 3102 3096 3101
3 207 3119 3114
3 3119 796 3123
3 3114 3123 795
3 3119 3123 3114
3 796 3118 3121
3 3118 205 3100
3 3121 3100 790
3 3118 3100 3121
3 795 3116 3113
3 3116 790 3099
3 3113 3099 164
3 3116 3099 3113
3 796 3121 3123
3 3121 790 3116
3 3123 3116 795
3 3121 3116 3123
3 58 3220 3181
3 3220 823 3223
3 3181 3223 814
3 3220 3223 3181
3 823 3221 3244
3 3221 215 3241
3 3244 3241 827
3 3221 3241 3244
3 814 3242 3182
3 3242 827 3240
3 3182 3240 213
3 3242 3240 3182
3 823 3244 3223
3 3244 827 3242
3 3223 3242 814
3 3244 3242 3223
3 215 3217 3230
3 3217 822 3233
3 3230 3233 825
3 3217 3233 3230
3 822 3216 3219
3 3216 56 3110
3 3219 3110 794
3 3216 3110 3219
3 825 3231 3229
3 3231 794 3111
3 3229 3111 207
3 3231 3111 3229
3 822 3219 3233
3 3219 794 3231
3 3233 3231 825
3 3219 3231 3233
3 213 3190 3178
3 3190 816 3192
3 3178 3192 813
3 3190 3192 3178
3 816 3189 3191
3 3189 207 3108
3 3191 3108 793
3 3189 3108 3191
3 813 3180 3177
3 3180 793 3107
3 3177 3107 43
3 3180 3107 3177
3 816 3191 3192
3 3191 793 3180
3 3192 3180 813
3 3191 3180 3192
3 215 3230 3241
3 3230 825 3245
3 3241 3245 827
3 3230 3245 3241
3 825 3229 3232
3 3229 207 3189
3 3232 3189 816
3 3229 3189 3232
3 827 3243 3240
3 3243 816 3190
3 3240 3190 213
3 3243 3190 3240
3 825 3232 3245
3 3232 816 3243
3 3245 3243 827
3 3232 3243 3245
3 16 3246 3033
3 3246 828 3249
3 3033 3249 774
3 3246 3249 3033
3 828 3247 3259
3 3247 216 3257
3 3259 3257 831
3 3247 3257 3259
3 774 3258 3034
3 3258 831 3256
3 3034 3256 202
3 3258 3256 3034
3 828 3259 3249
3 3259 831 3258
3 3249 3258 774
3 3259 3258 3249
3 216 3251 3312
3 3251 829 3314
3 3312 3314 845
3 3251 3314 3312
3 829 3250 3302
3 3250 59 3300
3 3302 3300 842
3 3250 3300 3302
3 845 3316 3313
3 3316 842 3301
3 3313 3301 219
3 3316 3301 3313
3 829 3302 3314
3 3302 842 3316
3 3314 3316 845
3 3302 3316 3314
3 202 3303 3037
3 3303 843 3305
3 3037 3305 775
3 3303 3305 3037
3 843 3304 3307
3 3304 219 3297
3 3307 3297 841
3 3304 3297 3307
3 775 3298 3036
3 3298 841 3296
3 3036 3296 55
3 3298 3296 3036
3 843 3307 3305
3 3307 841 3298
3 3305 3298 775
3 3307 3298 3305
3 216 3312 3257
3 3312 845 3315
3 3257 3315 831
3 3312 3315 3257
3 845 3313 3317
3 3313 219 3304
3 3317 3304 843
3 3313 3304 3317
3 831 3306 3256
3 3306 843 3303
3 3256 3303 202
3 3306 3303 3256
3 845 3317 3315
3 3317 843 3306
3 3315 3306 831
3 3317 3306 3315
3 59 3264 3352
3 3264 833 3354
3 3352 3354 853
3 3264 3354 3352
3 833 3265 3368
3 3265 217 3366
3 3368 3366 856
3 3265 3366 3368
3 853 3370 3353
3 3370 856 3367
3 3353 3367 221
3 3370 3367 3353
3 833 3368 3354
3 3368 856 3370
3 3354 3370 853
3 3368 3370 3354
3 217 3261 3271
3 3261 832 3273
3 3271 3273 835
3 3261 3273 3271
3 832 3260 3263
3 3260 17 3168
3 3263 3168 810
3 3260 3168 3263
3 835 3272 3270
3 3272 810 3169
3 3270 3169 212
3 3272 3169 3270
3 832 3263 3273
3 3263 810 3272
3 3273 3272 835
3 3263 3272 3273
3 221 3357 3349
3 3357 854 3360
3 3349 3360 852
3 3357 3360 3349
3 854 3356 3358
3 3356 212 3172
3 3358 3172 811
3 3356 3172 3358
3 852 3350 3348
3 3350 811 3171
3 3348 3171 58
3 3350 3171 3348
3 854 3358 3360
3 3358 811 3350
3 3360 3350 852
3 3358 3350 3360
3 217 3271 3366
3 3271 835 3369
3 3366 3369 856
3 3271 3369 3366
3 835 3270 3359
3 3270 212 3356
3 3359 3356 854
3 3270 3356 3359
3 856 3371 3367
3 3371 854 3357
3 3367 3357 221
3 3371 3357 3367
3 835 3359 3369
3 3359 854 3371
3 3369 3371 856
3 3359 3371 3369
3 55 3199 3027
3 3199 818 3201
3 3027 3201 772
3 3199 3201 3027
3 818 3200 3209
3 3200 214 3206
3 3209 3206 820
3 3200 3206 3209
3 772 3207 3028
3 3207 820 3205
3 3028 3205 201
3 3207 3205 3028
3 818 3209 3201
3 3209 820 3207
3 3201 3207 772
3 3209 3207 3201
3 214 3203 3211
3 3203 819 3214
3 3211 3214 821
3 3203 3214 3211
3 819 3202 3204
3 3202 58 3158
3 3204 3158 807
3 3202 3158 3204
3 821 3212 3210
3 3212 807 3159
3 3210 3159 211
3 3212 3159 3210
3 819 3204 3214
3 3204 807 3212
3 3214 3212 821
3 3204 3212 3214
3 201 3164 3025
3 3164 809 3166
3 3025 3166 771
3 3164 3166 3025
3 809 3165 3167
3 3165 211 3155
3 3167 3155 806
3 3165 3155 3167
3 771 3157 3024
3 3157 806 3154
3 3024 3154 12
3 3157 3154 3024
3 809 3167 3166
3 3167 806 3157
3 3166 3157 771
3 3167 3157 3166
3 214 3211 3206
3 3211 821 3215
3 3206 3215 820
3 3211 3215 3206
3 821 3210 3213
3 3210 211 3165
3 3213 3165 809
3 3210 3165 3213
3 820 3208 3205
3 3208 809 3164
3 3205 3164 201
3 3208 3164 3205
3 821 3213 3215
3 3213 809 3208
3 3215 3208 820
3 3213 3208 3215
3 59 3352 3300
3 3352 853 3355
3 3300 3355 842
3 3352 3355 3300
3 853 3353 3376
3 3353 221 3373
3 3376 3373 857
3 3353 3373 3376
3 842 3374 3301
3 3374 857 3372
3 3301 3372 219
3 3374 3372 3301
3 853 3376 3355
3 3376 857 3374
3 3355 3374 842
3 3376 3374 3355
3 221 3349 3362
3 3349 852 3365
3 3362 3365 855
3 3349 3365 3362
3 852 3348 3351
3 3348 58 3202
3 3351 3202 819
3 3348 3202 3351
3 855 3363 3361
3 3363 819 3203
3 3361 3203 214
3 3363 3203 3361
3 852 3351 3365
3 3351 819 3363
3 3365 3363 855
3 3351 3363 3365
3 219 3309 3297
3 3309 844 3311
3 3297 3311 841
3 3309 3311 3297
3 844 3308 3310
3 3308 214 3200
3 3310 3200 818
3 3308 3200 3310
3 841 3299 3296
3 3299 818 3199
3 3296 3199 55
3 3299 3199 3296
3 844 3310 3311
3 3310 818 3299
3 3311 3299 841
3 3310 3299 3311
3 221 3362 3373
3 3362 855 3377
3 3373 3377 857
3 3362 3377 3373
3 855 3361 3364
3 3361 214 3308
3 3364 3308 844
3 3361 3308 3364
3 857 3375 3372
3 3375 844 3309
3 3372 3309 219
3 3375 3309 3372
3 855 3364 3377
3 3364 844 3375
3 3377 3375 857
3 3364 3375 3377
3 0 2562 3786
3 2562 642 3788
3 3786 3788 966
3 2562 3788 3786
3 642 2563 3793
3 2563 162 3791
3 3793 3791 968
3 2563 3791 3793
3 966 3794 3787
3 3794 968 3792
3 3787 3792 252
3 3794 3792 3787
3 642 3793 3788
3 3793 968 3794
3 3788 3794 966
3 3793 3794 3788
3 162 2565 3805
3 2565 643 3807
3 3805 3807 973
3 2565 3807 3805
3 643 2564 3801
3 2564 42 3799
3 3801 3799 971
3 2564 3799 3801
3 973 3809 3806
3 3809 971 3800
3 3806 3800 254
3 3809 3800 3806
3 643 3801 3807
3 3801 971 3809
3 3807 3809 973
3 3801 3809 3807
3 252 3810 3790
3 3810 974 3812
3 3790 3812 967
3 3810 3812 3790
3 974 3811 3814
3 3811 254 3803
3 3814 3803 972
3 3811 3803 3814
3 967 3804 3789
3 3804 972 3802
3 3789 3802 69
3 3804 3802 3789
3 974 3814 3812
3 3814 972 3804
3 3812 3804 967
3 3814 3804 3812
3 162 3805 3791
3 3805 973 3808
3 3791 3808 968
3 3805 3808 3791
3 973 3806 3815
3 3806 254 3811
3 3815 3811 974
3 3806 3811 3815
3 968 3813 3792
3 3813 974 3810
3 3792 3810 252
3 3813 3810 3792
3 973 3815 3808
3 3815 974 3813
3 3808 3813 968
3 3815 3813 3808
3 42 2568 3842
3 2568 645 3844
3 3842 3844 985
3 2568 3844 3842
3 645 2569 3851
3 2569 163 3849
3 3851 3849 987
3 2569 3849 3851
3 985 3853 3843
3 3853 987 3850
3 3843 3850 259
3 3853 3850 3843
3 645 3851 3844
3 3851 987 3853
3 3844 3853 985
3 3851 3853 3844
3 163 2567 3829
3 2567 644 3831
3 3829 3831 981
3 2567 3831 3829
3 644 2566 3826
3 2566 12 3824
3 3826 3824 979
3 2566 3824 3826
3 981 3832 3830
3 3832 979 3825
3 3830 3825 257
3 3832 3825 3830
3 644 3826 3831
3 3826 979 3832
3 3831 3832 981
3 3826 3832 3831
3 259 3859 3847
3 3859 989 3862
3 3847 3862 986
3 3859 3862 3847
3 989 3858 3860
3 3858 257 3828
3 3860 3828 980
3 3858 3828 3860
3 986 3848 3846
3 3848 980 3827
3 3846 3827 71
3 3848 3827 3846
3 989 3860 3862
3 3860 980 3848
3 3862 3848 986
3 3860 3848 3862
3 163 3829 3849
3 3829 981 3852
3 3849 3852 987
3 3829 3852 3849
3 981 3830 3861
3 3830 257 3858
3 3861 3858 989
3 3830 3858 3861
3 987 3863 3850
3 3863 989 3859
3 3850 3859 259
3 3863 3859 3850
3 981 3861 3852
3 3861 989 3863
3 3852 3863 987
3 3861 3863 3852
3 69 3864 3797
3 3864 990 3866
3 3797 3866 970
3 3864 3866 3797
3 990 3865 3876
3 3865 260 3873
3 3876 3873 992
3 3865 3873 3876
3 970 3874 3798
3 3874 992 3872
3 3798 3872 253
3 3874 3872 3798
3 990 3876 3866
3 3876 992 3874
3 3866 3874 970
3 3876 3874 3866
3 260 3869 3883
3 3869 991 3886
3 3883 3886 994
3 3869 3886 3883
3 991 3868 3870
3 3868 71 3836
3 3870 3836 983
3 3868 3836 3870
3 994 3884 3882
3 3884 983 3837
3 3882 3837 258
3 3884 3837 3882
3 991 3870 3886
3 3870 983 3884
3 3886 3884 994
3 3870 3884 3886
3 253 3838 3796
3 3838 984 3840
3 3796 3840 969
3 3838 3840 3796
3 984 3839 3841
3 3839 258 3834
3 3841 3834 982
3 3839 3834 3841
3 969 3835 3795
3 3835 982 3833
3 3795 3833 21
3 3835 3833 3795
3 984 3841 3840
3 3841 982 3835
3 3840 3835 969
3 3841 3835 3840
3 260 3883 3873
3 3883 994 3887
3 3873 3887 992
3 3883 3887 3873
3 994 3882 3885
3 3882 258 3839
3 3885 3839 984
3 3882 3839 3885
3 992 3875 3872
3 3875 984 3838
3 3872 3838 253
3 3875 3838 3872
3 994 3885 3887
3 3885 984 3875
3 3887 3875 992
3 3885 3875 3887
3 42 3842 3799
3 3842 985 3845
3 3799 3845 971
3 3842 3845 3799
3 985 3843 3857
3 3843 259 3855
3 3857 3855 988
3 3843 3855 3857
3 971 3856 3800
3 3856 988 3854
3 3800 3854 254
3 3856 3854 3800
3 985 3857 3845
3 3857 988 3856
3 3845 3856 971
3 3857 3856 3845
3 259 3847 3888
3 3847 986 3890
3 3888 3890 995
3 3847 3890 3888
3 986 3846 3871
3 3846 71 3868
3 3871 3868 991
3 3846 3868 3871
3 995 3892 3889
3 3892 991 3869
3 3889 3869 260
3 3892 3869 3889
3 986 3871 3890
3 3871 991 3892
3 3890 3892 995
3 3871 3892 3890
3 254 3877 3803
3 3877 993 3879
3 3803 3879 972
3 3877 3879 3803
3 993 3878 3881
3 3878 260 3865
3 3881 3865 990
3 3878 3865 3881
3 972 3867 3802
3 3867 990 3864
3 3802 3864 69
3 3867 3864 3802
3 993 3881 3879
3 3881 990 3867
3 3879 3867 972
3 3881 3867 3879
3 259 3888 3855
3 3888 995 3891
3 3855 3891 988
3 3888 3891 3855
3 995 3889 3893
3 3889 260 3878
3 3893 3878 993
3 3889 3878 3893
3 988 3880 3854
3 3880 993 3877
3 3854 3877 254
3 3880 3877 3854
3 995 3893 3891
3 3893 993 3880
3 3891 3880 988
3 3893 3880 3891
3 12 2574 3954
3 2574 648 3956
3 3954 3956 1014
3 2574 3956 3954
3 648 2575 3962
3 2575 165 3960
3 3962 3960 1016
3 2575 3960 3962
3 1014 3963 3955
3 3963 1016 3961
3 3955 3961 267
3 3963 3961 3955
3 648 3962 3956
3 3962 1016 3963
3 3956 3963 1014
3 3962 3963 3956
3 165 2577 3984
3 2577 649 3986
3 3984 3986 1023
3 2577 3986 3984
3 649 2576 3979
3 2576 43 3977
3 3979 3977 1021
3 2576 3977 3979
3 1023 3988 3985
3 3988 1021 3978
3 3985 3978 269
3 3988 3978 3985
3 649 3979 3986
3 3979 1021 3988
3 3986 3988 1023
3 3979 3988 3986
3 267 3993 3959
3 3993 1025 3995
3 3959 3995 1015
3 3993 3995 3959
3 1025 3994 3997
3 3994 269 3982
3 3997 3982 1022
3 3994 3982 3997
3 1015 3983 3958
3 3983 1022 3981
3 3958 3981 74
3 3983 3981 3958
3 1025 3997 3995
3 3997 1022 3983
3 3995 3983 1015
3 3997 3983 3995
3 165 3984 3960
3 3984 1023 3987
3 3960 3987 1016
3 3984 3987 3960
3 1023 3985 3998
3 3985 269 3994
3 3998 3994 1025
3 3985 3994 3998
3 1016 3996 3961
3 3996 1025 3993
3 3961 3993 267
3 3996 3993 3961
3 1023 3998 3987
3 3998 1025 3996
3 3987 3996 1016
3 3998 3996 3987
3 43 2572 3907
3 2572 647 3909
3 3907 3909 1001
3 2572 3909 3907
3 647 2573 3915
3 2573 164 3913
3 3915 3913 1003
3 2573 3913 3915
3 1001 3917 3908
3 3917 1003 3914
3 3908 3914 263
3 3917 3914 3908
3 647 3915 3909
3 3915 1003 3917
3 3909 3917 1001
3 3915 3917 3909
3 164 2571 3899
3 2571 646 3901
3 3899 3901 998
3 2571 3901 3899
3 646 2570 3896
3 2570 1 3894
3 3896 3894 996
3 2570 3894 3896
3 998 3902 3900
3 3902 996 3895
3 3900 3895 261
3 3902 3895 3900
3 646 3896 3901
3 3896 996 3902
3 3901 3902 998
3 3896 3902 3901
3 263 3919 3911
3 3919 1004 3922
3 3911 3922 1002
3 3919 3922 3911
3 1004 3918 3920
3 3918 261 3898
3 3920 3898 997
3 3918 3898 3920
3 1002 3912 3910
3 3912 997 3897
3 3910 3897 72
3 3912 3897 3910
3 1004 3920 3922
3 3920 997 3912
3 3922 3912 1002
3 3920 3912 3922
3 164 3899 3913
3 3899 998 3916
3 3913 3916 1003
3 3899 3916 3913
3 998 3900 3921
3 3900 261 3918
3 3921 3918 1004
3 3900 3918 3921
3 1003 3923 3914
3 3923 1004 3919
3 3914 3919 263
3 3923 3919 3914
3 998 3921 3916
3 3921 1004 3923
3 3916 3923 1003
3 3921 3923 3916
3 74 4020 3971
3 4020 1031 4022
3 3971 4022 1019
3 4020 4022 3971
3 1031 4021 4038
3 4021 271 4035
3 4038 4035 1034
3 4021 4035 4038
3 1019 4036 3972
3 4036 1034 4034
3 3972 4034 268
3 4036 4034 3972
3 1031 4038 4022
3 4038 1034 4036
3 4022 4036 1019
3 4038 4036 4022
3 271 4017 4025
3 4017 1030 4028
3 4025 4028 1032
3 4017 4028 4025
3 1030 4016 4018
3 4016 72 3905
3 4018 3905 1000
3 4016 3905 4018
3 1032 4026 4024
3 4026 1000 3906
3 4024 3906 262
3 4026 3906 4024
3 1030 4018 4028
3 4018 1000 4026
3 4028 4026 1032
3 4018 4026 4028
3 268 3974 3969
3 3974 1020 3976
3 3969 3976 1018
3 3974 3976 3969
3 1020 3973 3975
3 3973 262 3904
3 3975 3904 999
3 3973 3904 3975
3 1018 3970 3968
3 3970 999 3903
3 3968 3903 22
3 3970 3903 3968
3 1020 3975 3976
3 3975 999 3970
3 3976 3970 1018
3 3975 3970 3976
3 271 4025 4035
3 4025 1032 4039
3 4035 4039 1034
3 4025 4039 4035
3 1032 4024 4027
3 4024 262 3973
3 4027 3973 1020
3 4024 3973 4027
3 1034 4037 4034
3 4037 1020 3974
3 4034 3974 268
3 4037 3974 4034
3 1032 4027 4039
3 4027 1020 4037
3 4039 4037 1034
3 4027 4037 4039
3 43 3907 3977
3 3907 1001 3980
3 3977 3980 1021
3 3907 3980 3977
3 1001 3908 3991
3 3908 263 3989
3 3991 3989 1024
3 3908 3989 3991
3 1021 3992 3978
3 3992 1024 3990
3 3978 3990 269
3 3992 3990 3978
3 1001 3991 3980
3 3991 1024 3992
3 3980 3992 1021
3 3991 3992 3980
3 263 3911 4029
3 3911 1002 4031
3 4029 4031 1033
3 3911 4031 4029
3 1002 3910 4019
3 3910 72 4016
3 4019 4016 1030
3 3910 4016 4019
3 1033 4033 4030
3 4033 1030 4017
3 4030 4017 271
3 4033 4017 4030
3 1002 4019 4031
3 4019 1030 4033
3 4031 4033 1033
3 4019 4033 4031
3 269 4040 3982
3 4040 1035 4042
3 3982 4042 1022
3 4040 4042 3982
3 1035 4041 4044
3 4041 271 4021
3 4044 4021 1031
3 4041 4021 4044
3 1022 4023 3981
3 4023 1031 4020
3 3981 4020 74
3 4023 4020 3981
3 1035 4044 4042
3 4044 1031 4023
3 4042 4023 1022
3 4044 4023 4042
3 263 4029 3989
3 4029 1033 4032
3 3989 4032 1024
3 4029 4032 3989
3 1033 4030 4045
3 4030 271 4041
3 4045 4041 1035
3 4030 4041 4045
3 1024 4043 3990
3 4043 1035 4040
3 3990 4040 269
3 4043 4040 3990
3 1033 4045 4032
3 4045 1035 4043
3 4032 4043 1024
3 4045 4043 4032
3 21 4046 3820
3 4046 1036 4048
3 3820 4048 977
3 4046 4048 3820
3 1036 4047 4055
3 4047 272 4053
3 4055 4053 1038
3 4047 4053 4055
3 977 4054 3821
3 4054 1038 4052
3 3821 4052 256
3 4054 4052 3821
3 1036 4055 4048
3 4055 1038 4054
3 4048 4054 977
3 4055 4054 4048
3 272 4051 4090
3 4051 1037 4092
3 4090 4092 1048
3 4051 4092 4090
3 1037 4050 4080
3 4050 75 4078
3 4080 4078 1045
3 4050 4078 4080
3 1048 4094 4091
3 4094 1045 4079
3 4091 4079 274
3 4094 4079 4091
3 1037 4080 4092
3 4080 1045 4094
3 4092 4094 1048
3 4080 4094 4092
3 256 4081 3823
3 4081 1046 4083
3 3823 4083 978
3 4081 4083 3823
3 1046 4082 4085
3 4082 274 4075
3 4085 4075 1044
3 4082 4075 4085
3 978 4076 3822
3 4076 1044 4074
3 3822 4074 70
3 4076 4074 3822
3 1046 4085 4083
3 4085 1044 4076
3 4083 4076 978
3 4085 4076 4083
3 272 4090 4053
3 4090 1048 4093
3 4053 4093 1038
3 4090 4093 4053
3 1048 4091 4095
3 4091 274 4082
3 4095 4082 1046
3 4091 4082 4095
3 1038 4084 4052
3 4084 1046 4081
3 4052 4081 256
3 4084 4081 4052
3 1048 4095 4093
3 4095 1046 4084
3 4093 4084 1038
3 4095 4084 4093
3 75 4064 4122
3 4064 1041 4124
3 4122 4124 1055
3 4064 4124 4122
3 1041 4065 4138
3 4065 273 4136
3 4138 4136 1058
3 4065 4136 4138
3 1055 4140 4123
3 4140 1058 4137
3 4123 4137 276
3 4140 4137 4123
3 1041 4138 4124
3 4138 1058 4140
3 4124 4140 1055
3 4138 4140 4124
3 273 4061 4067
3 4061 1040 4069
3 4067 4069 1042
3 4061 4069 4067
3 1040 4060 4062
3 4060 22 3933
3 4062 3933 1008
3 4060 3933 4062
3 1042 4068 4066
3 4068 1008 3934
3 4066 3934 265
3 4068 3934 4066
3 1040 4062 4069
3 4062 1008 4068
3 4069 4068 1042
3 4062 4068 4069
3 276 4127 4119
3 4127 1056 4130
3 4119 4130 1054
3 4127 4130 4119
3 1056 4126 4128
3 4126 265 3936
3 4128 3936 1009
3 4126 3936 4128
3 1054 4120 4118
3 4120 1009 3935
3 4118 3935 73
3 4120 3935 4118
3 1056 4128 4130
3 4128 1009 4120
3 4130 4120 1054
3 4128 4120 4130
3 273 4067 4136
3 4067 1042 4139
3 4136 4139 1058
3 4067 4139 4136
3 1042 4066 4129
3 4066 265 4126
3 4129 4126 1056
3 4066 4126 4129
3 1058 4141 4137
3 4141 1056 4127
3 4137 4127 276
3 4141 4127 4137
3 1042 4129 4139
3 4129 1056 4141
3 4139 4141 1058
3 4129 4141 4139
3 70 3937 3818
3 3937 1010 3939
3 3818 3939 976
3 3937 3939 3818
3 1010 3938 3947
3 3938 266 3944
3 3947 3944 1012
3 3938 3944 3947
3 976 3945 3819
3 3945 1012 3943
3 3819 3943 255
3 3945 3943 3819
3 1010 3947 3939
3 3947 1012 3945
3 3939 3945 976
3 3947 3945 3939
3 266 3941 3949
3 3941 1011 3952
3 3949 3952 1013
3 3941 3952 3949
3 1011 3940 3942
3 3940 73 3927
3 3942 3927 1006
3 3940 3927 3942
3 1013 3950 3948
3 3950 1006 3928
3 3948 3928 264
3 3950 3928 3948
3 1011 3942 3952
3 3942 1006 3950
3 3952 3950 1013
3 3942 3950 3952
3 255 3929 3817
3 3929 1007 3931
3 3817 3931 975
3 3929 3931 3817
3 1007 3930 3932
3 3930 264 3925
3 3932 3925 1005
3 3930 3925 3932
3 975 3926 3816
3 3926 1005 3924
3 3816 3924 7
3 3926 3924 3816
3 1007 3932 3931
3 3932 1005 3926
3 3931 3926 975
3 3932 3926 3931
3 266 3949 3944
3 3949 1013 3953
3 3944 3953 1012
3 3949 3953 3944
3 1013 3948 3951
3 3948 264 3930
3 3951 3930 1007
3 3948 3930 3951
3 1012 3946 3943
3 3946 1007 3929
3 3943 3929 255
3 3946 3929 3943
3 1013 3951 3953
3 3951 1007 3946
3 3953 3946 1012
3 3951 3946 3953
3 75 4122 4078
3 4122 1055 4125
3 4078 4125 1045
3 4122 4125 4078
3 1055 4123 4146
3 4123 276 4143
3 4146 4143 1059
3 4123 4143 4146
3 1045 4144 4079
3 4144 1059 4142
3 4079 4142 274
3 4144 4142 4079
3 1055 4146 4125
3 4146 1059 4144
3 4125 4144 1045
3 4146 4144 4125
3 276 4119 4132
3 4119 1054 4135
3 4132 4135 1057
3 4119 4135 4132
3 1054 4118 4121
3 4118 73 3940
3 4121 3940 1011
3 4118 3940 4121
3 1057 4133 4131
3 4133 1011 3941
3 4131 3941 266
3 4133 3941 4131
3 1054 4121 4135
3 4121 1011 4133
3 4135 4133 1057
3 4121 4133 4135
3 274 4087 4075
3 4087 1047 4089
3 4075 4089 1044
3 4087 4089 4075
3 1047 4086 4088
3 4086 266 3938
3 4088 3938 1010
3 4086 3938 4088
3 1044 4077 4074
3 4077 1010 3937
3 4074 3937 70
3 4077 3937 4074
3 1047 4088 4089
3 4088 1010 4077
3 4089 4077 1044
3 4088 4077 4089
3 276 4132 4143
3 4132 1057 4147
3 4143 4147 1059
3 4132 4147 4143
3 1057 4131 4134
3 4131 266 4086
3 4134 4086 1047
3 4131 4086 4134
3 1059 4145 4142
3 4145 1047 4087
3 4142 4087 274
3 4145 4087 4142
3 1057 4134 4147
3 4134 1047 4145
3 4147 4145 1059
3 4134 4145 4147
3 12 3954 3824
3 3954 1014 3957
3 3824 3957 979
3 3954 3957 3824
3 1014 3955 3967
3 3955 267 3965
3 3967 3965 1017
3 3955 3965 3967
3 979 3966 3825
3 3966 1017 3964
3 3825 3964 257
3 3966 3964 3825
3 1014 3967 3957
3 3967 1017 3966
3 3957 3966 979
3 3967 3966 3957
3 267 3959 4010
3 3959 1015 4012
3 4010 4012 1029
3 3959 4012 4010
3 1015 3958 4004
3 3958 74 4002
3 4004 4002 1027
3 3958 4002 4004
3 1029 4014 4011
3 4014 1027 4003
3 4011 4003 270
3 4014 4003 4011
3 1015 4004 4012
3 4004 1027 4014
3 4012 4014 1029
3 4004 4014 4012
3 257 4005 3828
3 4005 1028 4007
3 3828 4007 980
3 4005 4007 3828
3 1028 4006 4009
3 4006 270 4000
3 4009 4000 1026
3 4006 4000 4009
3 980 4001 3827
3 4001 1026 3999
3 3827 3999 71
3 4001 3999 3827
3 1028 4009 4007
3 4009 1026 4001
3 4007 4001 980
3 4009 4001 4007
3 267 4010 3965
3 4010 1029 4013
3 3965 4013 1017
3 4010 4013 3965
3 1029 4011 4015
3 4011 270 4006
3 4015 4006 1028
3 4011 4006 4015
3 1017 4008 3964
3 4008 1028 4005
3 3964 4005 257
3 4008 4005 3964
3 1029 4015 4013
3 4015 1028 4008
3 4013 4008 1017
3 4015 4008 4013
3 74 3971 4148
3 3971 1019 4150
3 4148 4150 1060
3 3971 4150 4148
3 1019 3972 4158
3 3972 268 4156
3 4158 4156 1062
3 3972 4156 4158
3 1060 4160 4149
3 4160 1062 4157
3 4149 4157 277
3 4160 4157 4149
3 1019 4158 4150
3 4158 1062 4160
3 4150 4160 1060
3 4158 4160 4150
3 268 3969 4070
3 3969 1018 4072
3 4070 4072 1043
3 3969 4072 4070
3 1018 3968 4063
3 3968 22 4060
3 4063 4060 1040
3 3968 4060 4063
3 1043 4073 4071
3 4073 1040 4061
3 4071 4061 273
3 4073 4061 4071
3 1018 4063 4072
3 4063 1040 4073
3 4072 4073 1043
3 4063 4073 4072
3 277 4167 4153
3 4167 1064 4170
3 4153 4170 1061
3 4167 4170 4153
3 1064 4166 4168
3 4166 273 4065
3 4168 4065 1041
3 4166 4065 4168
3 1061 4154 4152
3 4154 1041 4064
3 4152 4064 75
3 4154 4064 4152
3 1064 4168 4170
3 4168 1041 4154
3 4170 4154 1061
3 4168 4154 4170
3 268 4070 4156
3 4070 1043 4159
3 4156 4159 1062
3 4070 4159 4156
3 1043 4071 4169
3 4071 273 4166
3 4169 4166 1064
3 4071 4166 4169
3 1062 4171 4157
3 4171 1064 4167
3 4157 4167 277
3 4171 4167 4157
3 1043 4169 4159
3 4169 1064 4171
3 4159 4171 1062
3 4169 4171 4159
3 71 4096 3836
3 4096 1049 4098
3 3836 4098 983
3 4096 4098 3836
3 1049 4097 4107
3 4097 275 4104
3 4107 4104 1051
3 4097 4104 4107
3 983 4105 3837
3 4105 1051 4103
3 3837 4103 258
3 4105 4103 3837
3 1049 4107 4098
3 4107 1051 4105
3 4098 4105 983
3 4107 4105 4098
3 275 4101 4113
3 4101 1050 4116
3 4113 4116 1053
3 4101 4116 4113
3 1050 4100 4102
3 4100 75 4050
3 4102 4050 1037
3 4100 4050 4102
3 1053 4114 4112
3 4114 1037 4051
3 4112 4051 272
3 4114 4051 4112
3 1050 4102 4116
3 4102 1037 4114
3 4116 4114 1053
3 4102 4114 4116
3 258 4056 3834
3 4056 1039 4058
3 3834 4058 982
3 4056 4058 3834
3 1039 4057 4059
3 4057 272 4047
3 4059 4047 1036
3 4057 4047 4059
3 982 4049 3833
3 4049 1036 4046
3 3833 4046 21
3 4049 4046 3833
3 1039 4059 4058
3 4059 1036 4049
3 4058 4049 982
3 4059 4049 4058
3 275 4113 4104
3 4113 1053 4117
3 4104 4117 1051
3 4113 4117 4104
3 1053 4112 4115
3 4112 272 4057
3 4115 4057 1039
3 4112 4057 4115
3 1051 4106 4103
3 4106 1039 4056
3 4103 4056 258
3 4106 4056 4103
3 1053 4115 4117
3 4115 1039 4106
3 4117 4106 1051
3 4115 4106 4117
3 74 4148 4002
3 4148 1060 4151
3 4002 4151 1027
3 4148 4151 4002
3 1060 4149 4165
3 4149 277 4162
3 4165 4162 1063
3 4149 4162 4165
3 1027 4163 4003
3 4163 1063 4161
3 4003 4161 270
3 4163 4161 4003
3 1060 4165 4151
3 4165 1063 4163
3 4151 4163 1027
3 4165 4163 4151
3 277 4153 4173
3 4153 1061 4176
3 4173 4176 1065
3 4153 4176 4173
3 1061 4152 4155
3 4152 75 4100
3 4155 4100 1050
3 4152 4100 4155
3 1065 4174 4172
3 4174 1050 4101
3 4172 4101 275
3 4174 4101 4172
3 1061 4155 4176
3 4155 1050 4174
3 4176 4174 1065
3 4155 4174 4176
3 270 4108 4000
3 4108 1052 4110
3 4000 4110 1026
3 4108 4110 4000
3 1052 4109 4111
3 4109 275 4097
3 4111 4097 1049
3 4109 4097 4111
3 1026 4099 3999
3 4099 1049 4096
3 3999 4096 71
3 4099 4096 3999
3 1052 4111 4110
3 4111 1049 4099
3 4110 4099 1026
3 4111 4099 4110
3 277 4173 4162
3 4173 1065 4177
3 4162 4177 1063
3 4173 4177 4162
3 1065 4172 4175
3 4172 275 4109
3 4175 4109 1052
3 4172 4109 4175
3 1063 4164 4161
3 4164 1052 4108
3 4161 4108 270
3 4164 4108 4161
3 1065 4175 4177
3 4175 1052 4164
3 4177 4164 1063
3 4175 4164 4177
3 0 3786 7218
3 3786 966 7220
3 7218 7220 1818
3 3786 7220 7218
3 966 3787 7225
3 3787 252 7223
3 7225 7223 1820
3 3787 7223 7225
3 1818 7226 7219
3 7226 1820 7224
3 7219 7224 462
3 7226 7224 7219
3 966 7225 7220
3 7225 1820 7226
3 7220 7226 1818
3 7225 7226 7220
3 252 3790 7237
3 3790 967 7239
3 7237 7239 1825
3 3790 7239 7237
3 967 3789 7233
3 3789 69 7231
3 7233 7231 1823
3 3789 7231 7233
3 1825 7241 7238
3 7241 1823 7232
3 7238 7232 464
3 7241 7232 7238
3 967 7233 7239
3 7233 1823 7241
3 7239 7241 1825
3 7233 7241 7239
3 462 7242 7222
3 7242 1826 7244
3 7222 7244 1819
3 7242 7244 7222
3 1826 7243 7246
3 7243 464 7235
3 7246 7235 1824
3 7243 7235 7246
3 1819 7236 7221
3 7236 1824 7234
3 7221 7234 120
3 7236 7234 7221
3 1826 7246 7244
3 7246 1824 7236
3 7244 7236 1819
3 7246 7236 7244
3 252 7237 7223
3 7237 1825 7240
3 7223 7240 1820
3 7237 7240 7223
3 1825 7238 7247
3 7238 464 7243
3 7247 7243 1826
3 7238 7243 7247
3 1820 7245 7224
3 7245 1826 7242
3 7224 7242 462
3 7245 7242 7224
3 1825 7247 7240
3 7247 1826 7245
3 7240 7245 1820
3 7247 7245 7240
3 69 3797 7274
3 3797 970 7276
3 7274 7276 1837
3 3797 7276 7274
3 970 3798 7283
3 3798 253 7281
3 7283 7281 1839
3 3798 7281 7283
3 1837 7285 7275
3 7285 1839 7282
3 7275 7282 469
3 7285 7282 7275
3 970 7283 7276
3 7283 1839 7285
3 7276 7285 1837
3 7283 7285 7276
3 253 3796 7261
3 3796 969 7263
3 7261 7263 1833
3 3796 7263 7261
3 969 3795 7258
3 3795 21 7256
3 7258 7256 1831
3 3795 7256 7258
3 1833 7264 7262
3 7264 1831 7257
3 7262 7257 467
3 7264 7257 7262
3 969 7258 7263
3 7258 1831 7264
3 7263 7264 1833
3 7258 7264 7263
3 469 7291 7279
3 7291 1841 7294
3 7279 7294 1838
3 7291 7294 7279
3 1841 7290 7292
3 7290 467 7260
3 7292 7260 1832
3 7290 7260 7292
3 1838 7280 7278
3 7280 1832 7259
3 7278 7259 122
3 7280 7259 7278
3 1841 7292 7294
3 7292 1832 7280
3 7294 7280 1838
3 7292 7280 7294
3 253 7261 7281
3 7261 1833 7284
3 7281 7284 1839
3 7261 7284 7281
3 1833 7262 7293
3 7262 467 7290
3 7293 7290 1841
3 7262 7290 7293
3 1839 7295 7282
3 7295 1841 7291
3 7282 7291 469
3 7295 7291 7282
3 1833 7293 7284
3 7293 1841 7295
3 7284 7295 1839
3 7293 7295 7284
3 120 7296 7229
3 7296 1842 7298
3 7229 7298 1822
3 7296 7298 7229
3 1842 7297 7308
3 7297 470 7305
3 7308 7305 1844
3 7297 7305 7308
3 1822 7306 7230
3 7306 1844 7304
3 7230 7304 463
3 7306 7304 7230
3 1842 7308 7298
3 7308 1844 7306
3 7298 7306 1822
3 7308 7306 7298
3 470 7301 7315
3 7301 1843 7318
3 7315 7318 1846
3 7301 7318 7315
3 1843 7300 7302
3 7300 122 7268
3 7302 7268 1835
3 7300 7268 7302
3 1846 7316 7314
3 7316 1835 7269
3 7314 7269 468
3 7316 7269 7314
3 1843 7302 7318
3 7302 1835 7316
3 7318 7316 1846
3 7302 7316 7318
3 463 7270 7228
3 7270 1836 7272
3 7228 7272 1821
3 7270 7272 7228
3 1836 7271 7273
3 7271 468 7266
3 7273 7266 1834
3 7271 7266 7273
3 1821 7267 7227
3 7267 1834 7265
3 7227 7265 33
3 7267 7265 7227
3 1836 7273 7272
3 7273 1834 7267
3 7272 7267 1821
3 7273 7267 7272
3 470 7315 7305
3 7315 1846 7319
3 7305 7319 1844
3 7315 7319 7305
3 1846 7314 7317
3 7314 468 7271
3 7317 7271 1836
3 7314 7271 7317
3 1844 7307 7304
3 7307 1836 7270
3 7304 7270 463
3 7307 7270 7304
3 1846 7317 7319
3 7317 1836 7307
3 7319 7307 1844
3 7317 7307 7319
3 69 7274 7231
3 7274 1837 7277
3 7231 7277 1823
3 7274 7277 7231
3 1837 7275 7289
3 7275 469 7287
3 7289 7287 1840
3 7275 7287 7289
3 1823 7288 7232
3 7288 1840 7286
3 7232 7286 464
3 7288 7286 7232
3 1837 7289 7277
3 7289 1840 7288
3 7277 7288 1823
3 7289 7288 7277
3 469 7279 7320
3 7279 1838 7322
3 7320 7322 1847
3 7279 7322 7320
3 1838 7278 7303
3 7278 122 7300
3 7303 7300 1843
3 7278 7300 7303
3 1847 7324 7321
3 7324 1843 7301
3 7321 7301 470
3 7324 7301 7321
3 1838 7303 7322
3 7303 1843 7324
3 7322 7324 1847
3 7303 7324 7322
3 464 7309 7235
3 7309 1845 7311
3 7235 7311 1824
3 7309 7311 7235
3 1845 7310 7313
3 7310 470 7297
3 7313 7297 1842
3 7310 7297 7313
3 1824 7299 7234
3 7299 1842 7296
3 7234 7296 120
3 7299 7296 7234
3 1845 7313 7311
3 7313 1842 7299
3 7311 7299 1824
3 7313 7299 7311
3 469 7320 7287
3 7320 1847 7323
3 7287 7323 1840
3 7320 7323 7287
3 1847 7321 7325
3 7321 470 7310
3 7325 7310 1845
3 7321 7310 7325
3 1840 7312 7286
3 7312 1845 7309
3 7286 7309 464
3 7312 7309 7286
3 1847 7325 7323
3 7325 1845 7312
3 7323 7312 1840
3 7325 7312 7323
3 21 3820 7914
3 3820 977 7916
3 7914 7916 1998
3 3820 7916 7914
3 977 3821 7922
3 3821 256 7920
3 7922 7920 2000
3 3821 7920 7922
3 1998 7923 7915
3 7923 2000 7921
3 7915 7921 510
3 7923 7921 7915
3 977 7922 7916
3 7922 2000 7923
3 7916 7923 1998
3 7922 7923 7916
3 256 3823 7944
3 3823 978 7946
3 7944 7946 2007
3 3823 7946 7944
3 978 3822 7939
3 3822 70 7937
3 7939 7937 2005
3 3822 7937 7939
3 2007 7948 7945
3 7948 2005 7938
3 7945 7938 512
3 7948 7938 7945
3 978 7939 7946
3 7939 2005 7948
3 7946 7948 2007
3 7939 7948 7946
3 510 7953 7919
3 7953 2009 7955
3 7919 7955 1999
3 7953 7955 7919
3 2009 7954 7957
3 7954 512 7942
3 7957 7942 2006
3 7954 7942 7957
3 1999 7943 7918
3 7943 2006 7941
3 7918 7941 133
3 7943 7941 7918
3 2009 7957 7955
3 7957 2006 7943
3 7955 7943 1999
3 7957 7943 7955
3 256 7944 7920
3 7944 2007 7947
3 7920 7947 2000
3 7944 7947 7920
3 2007 7945 7958
3 7945 512 7954
3 7958 7954 2009
3 7945 7954 7958
3 2000 7956 7921
3 7956 2009 7953
3 7921 7953 510
3 7956 7953 7921
3 2007 7958 7947
3 7958 2009 7956
3 7947 7956 2000
3 7958 7956 7947
3 70 3818 7828
3 3818 976 7830
3 7828 7830 1976
3 3818 7830 7828
3 976 3819 7836
3 3819 255 7834
3 7836 7834 1978
3 3819 7834 7836
3 1976 7838 7829
3 7838 1978 7835
3 7829 7835 504
3 7838 7835 7829
3 976 7836 7830
3 7836 1978 7838
3 7830 7838 1976
3 7836 7838 7830
3 255 3817 7816
3 3817 975 7818
3 7816 7818 1972
3 3817 7818 7816
3 975 3816 7812
3 3816 7 7810
3 7812 7810 1970
3 3816 7810 7812
3 1972 7819 7817
3 7819 1970 7811
3 7817 7811 502
3 7819 7811 7817
3 975 7812 7818
3 7812 1970 7819
3 7818 7819 1972
3 7812 7819 7818
3 504 7840 7832
3 7840 1979 7843
3 7832 7843 1977
3 7840 7843 7832
3 1979 7839 7841
3 7839 502 7815
3 7841 7815 1971
3 7839 7815 7841
3 1977 7833 7831
3 7833 1971 7814
3 7831 7814 131
3 7833 7814 7831
3 1979 7841 7843
3 7841 1971 7833
3 7843 7833 1977
3 7841 7833 7843
3 255 7816 7834
3 7816 1972 7837
3 7834 7837 1978
3 7816 7837 7834
3 1972 7817 7842
3 7817 502 7839
3 7842 7839 1979
3 7817 7839 7842
3 1978 7844 7835
3 7844 1979 7840
3 7835 7840 504
3 7844 7840 7835
3 1972 7842 7837
3 7842 1979 7844
3 7837 7844 1978
3 7842 7844 7837
3 133 7980 7931
3 7980 2015 7982
3 7931 7982 2003
3 7980 7982 7931
3 2015 7981 7998
3 7981 514 7995
3 7998 7995 2018
3 7981 7995 7998
3 2003 7996 7932
3 7996 2018 7994
3 7932 7994 511
3 7996 7994 7932
3 2015 7998 7982
3 7998 2018 7996
3 7982 7996 2003
3 7998 7996 7982
3 514 7977 7985
3 7977 2014 7988
3 7985 7988 2016
3 7977 7988 7985
3 2014 7976 7978
3 7976 131 7826
3 7978 7826 1975
3 7976 7826 7978
3 2016 7986 7984
3 7986 1975 7827
3 7984 7827 503
3 7986 7827 7984
3 2014 7978 7988
3 7978 1975 7986
3 7988 7986 2016
3 7978 7986 7988
3 511 7934 7929
3 7934 2004 7936
3 7929 7936 2002
3 7934 7936 7929
3 2004 7933 7935
3 7933 503 7825
3 7935 7825 1974
3 7933 7825 7935
3 2002 7930 7928
3 7930 1974 7824
3 7928 7824 36
3 7930 7824 7928
3 2004 7935 7936
3 7935 1974 7930
3 7936 7930 2002
3 7935 7930 7936
3 514 7985 7995
3 7985 2016 7999
3 7995 7999 2018
3 7985 7999 7995
3 2016 7984 7987
3 7984 503 7933
3 7987 7933 2004
3 7984 7933 7987
3 2018 7997 7994
3 7997 2004 7934
3 7994 7934 511
3 7997 7934 7994
3 2016 7987 7999
3 7987 2004 7997
3 7999 7997 2018
3 7987 7997 7999
3 70 7828 7937
3 7828 1976 7940
3 7937 7940 2005
3 7828 7940 7937
3 1976 7829 7951
3 7829 504 7949
3 7951 7949 2008
3 7829 7949 7951
3 2005 7952 7938
3 7952 2008 7950
3 7938 7950 512
3 7952 7950 7938
3 1976 7951 7940
3 7951 2008 7952
3 7940 7952 2005
3 7951 7952 7940
3 504 7832 7989
3 7832 1977 7991
3 7989 7991 2017
3 7832 7991 7989
3 1977 7831 7979
3 7831 131 7976
3 7979 7976 2014
3 7831 7976 7979
3 2017 7993 7990
3 7993 2014 7977
3 7990 7977 514
3 7993 7977 7990
3 1977 7979 7991
3 7979 2014 7993
3 7991 7993 2017
3 7979 7993 7991
3 512 8000 7942
3 8000 2019 8002
3 7942 8002 2006
3 8000 8002 7942
3 2019 8001 8004
3 8001 514 7981
3 8004 7981 2015
3 8001 7981 8004
3 2006 7983 7941
3 7983 2015 7980
3 7941 7980 133
3 7983 7980 7941
3 2019 8004 8002
3 8004 2015 7983
3 8002 7983 2006
3 8004 7983 8002
3 504 7989 7949
3 7989 2017 7992
3 7949 7992 2008
3 7989 7992 7949
3 2017 7990 8005
3 7990 514 8001
3 8005 8001 2019
3 7990 8001 8005
3 2008 8003 7950
3 8003 2019 8000
3 7950 8000 512
3 8003 8000 7950
3 2017 8005 7992
3 8005 2019 8003
3 7992 8003 2008
3 8005 8003 7992
3 33 8098 7252
3 8098 2042 8100
3 7252 8100 1829
3 8098 8100 7252
3 2042 8099 8107
3 8099 520 8105
3 8107 8105 2044
3 8099 8105 8107
3 1829 8106 7253
3 8106 2044 8104
3 7253 8104 466
3 8106 8104 7253
3 2042 8107 8100
3 8107 2044 8106
3 8100 8106 1829
3 8107 8106 8100
3 520 8103 8142
3 8103 2043 8144
3 8142 8144 2054
3 8103 8144 8142
3 2043 8102 8132
3 8102 135 8130
3 8132 8130 2051
3 8102 8130 8132
3 2054 8146 8143
3 8146 2051 8131
3 8143 8131 522
3 8146 8131 8143
3 2043 8132 8144
3 8132 2051 8146
3 8144 8146 2054
3 8132 8146 8144
3 466 8133 7255
3 8133 2052 8135
3 7255 8135 1830
3 8133 8135 7255
3 2052 8134 8137
3 8134 522 8127
3 8137 8127 2050
3 8134 8127 8137
3 1830 8128 7254
3 8128 2050 8126
3 7254 8126 121
3 8128 8126 7254
3 2052 8137 8135
3 8137 2050 8128
3 8135 8128 1830
3 8137 8128 8135
3 520 8142 8105
3 8142 2054 8145
3 8105 8145 2044
3 8142 8145 8105
3 2054 8143 8147
3 8143 522 8134
3 8147 8134 2052
3 8143 8134 8147
3 2044 8136 8104
3 8136 2052 8133
3 8104 8133 466
3 8136 8133 8104
3 2054 8147 8145
3 8147 2052 8136
3 8145 8136 2044
3 8147 8136 8145
3 135 8116 8174
3 8116 2047 8176
3 8174 8176 2061
3 8116 8176 8174
3 2047 8117 8190
3 8117 521 8188
3 8190 8188 2064
3 8117 8188 8190
3 2061 8192 8175
3 8192 2064 8189
3 8175 8189 524
3 8192 8189 8175
3 2047 8190 8176
3 8190 2064 8192
3 8176 8192 2061
3 8190 8192 8176
3 521 8113 8119
3 8113 2046 8121
3 8119 8121 2048
3 8113 8121 8119
3 2046 8112 8114
3 8112 36 7876
3 8114 7876 1988
3 8112 7876 8114
3 2048 8120 8118
3 8120 1988 7877
3 8118 7877 507
3 8120 7877 8118
3 2046 8114 8121
3 8114 1988 8120
3 8121 8120 2048
3 8114 8120 8121
3 524 8179 8171
3 8179 2062 8182
3 8171 8182 2060
3 8179 8182 8171
3 2062 8178 8180
3 8178 507 7879
3 8180 7879 1989
3 8178 7879 8180
3 2060 8172 8170
3 8172 1989 7878
3 8170 7878 132
3 8172 7878 8170
3 2062 8180 8182
3 8180 1989 8172
3 8182 8172 2060
3 8180 8172 8182
3 521 8119 8188
3 8119 2048 8191
3 8188 8191 2064
3 8119 8191 8188
3 2048 8118 8181
3 8118 507 8178
3 8181 8178 2062
3 8118 8178 8181
3 2064 8193 8189
3 8193 2062 8179
3 8189 8179 524
3 8193 8179 8189
3 2048 8181 8191
3 8181 2062 8193
3 8191 8193 2064
3 8181 8193 8191
3 121 7880 7250
3 7880 1990 7882
3 7250 7882 1828
3 7880 7882 7250
3 1990 7881 7890
3 7881 508 7887
3 7890 7887 1992
3 7881 7887 7890
3 1828 7888 7251
3 7888 1992 7886
3 7251 7886 465
3 7888 7886 7251
3 1990 7890 7882
3 7890 1992 7888
3 7882 7888 1828
3 7890 7888 7882
3 508 7884 7892
3 7884 1991 7895
3 7892 7895 1993
3 7884 7895 7892
3 1991 7883 7885
3 7883 132 7866
3 7885 7866 1985
3 7883 7866 7885
3 1993 7893 7891
3 7893 1985 7867
3 7891 7867 506
3 7893 7867 7891
3 1991 7885 7895
3 7885 1985 7893
3 7895 7893 1993
3 7885 7893 7895
3 465 7868 7249
3 7868 1986 7870
3 7249 7870 1827
3 7868 7870 7249
3 1986 7869 7871
3 7869 506 7863
3 7871 7863 1984
3 7869 7863 7871
3 1827 7864 7248
3 7864 1984 7862
3 7248 7862 10
3 7864 7862 7248
3 1986 7871 7870
3 7871 1984 7864
3 7870 7864 1827
3 7871 7864 7870
3 508 7892 7887
3 7892 1993 7896
3 7887 7896 1992
3 7892 7896 7887
3 1993 7891 7894
3 7891 506 7869
3 7894 7869 1986
3 7891 7869 7894
3 1992 7889 7886
3 7889 1986 7868
3 7886 7868 465
3 7889 7868 7886
3 1993 7894 7896
3 7894 1986 7889
3 7896 7889 1992
3 7894 7889 7896
3 135 8174 8130
3 8174 2061 8177
3 8130 8177 2051
3 8174 8177 8130
3 2061 8175 8198
3 8175 524 8195
3 8198 8195 2065
3 8175 8195 8198
3 2051 8196 8131
3 8196 2065 8194
3 8131 8194 522
3 8196 8194 8131
3 2061 8198 8177
3 8198 2065 8196
3 8177 8196 2051
3 8198 8196 8177
3 524 8171 8184
3 8171 2060 8187
3 8184 8187 2063
3 8171 8187 8184
3 2060 8170 8173
3 8170 132 7883
3 8173 7883 1991
3 8170 7883 8173
3 2063 8185 8183
3 8185 1991 7884
3 8183 7884 508
3 8185 7884 8183
3 2060 8173 8187
3 8173 1991 8185
3 8187 8185 2063
3 8173 8185 8187
3 522 8139 8127
3 8139 2053 8141
3 8127 8141 2050
3 8139 8141 8127
3 2053 8138 8140
3 8138 508 7881
3 8140 7881 1990
3 8138 7881 8140
3 2050 8129 8126
3 8129 1990 7880
3 8126 7880 121
3 8129 7880 8126
3 2053 8140 8141
3 8140 1990 8129
3 8141 8129 2050
3 8140 8129 8141
3 524 8184 8195
3 8184 2063 8199
3 8195 8199 2065
3 8184 8199 8195
3 2063 8183 8186
3 8183 508 8138
3 8186 8138 2053
3 8183 8138 8186
3 2065 8197 8194
3 8197 2053 8139
3 8194 8139 522
3 8197 8139 8194
3 2063 8186 8199
3 8186 2053 8197
3 8199 8197 2065
3 8186 8197 8199
3 21 7914 7256
3 7914 1998 7917
3 7256 7917 1831
3 7914 7917 7256
3 1998 7915 7927
3 7915 510 7925
3 7927 7925 2001
3 7915 7925 7927
3 1831 7926 7257
3 7926 2001 7924
3 7257 7924 467
3 7926 7924 7257
3 1998 7927 7917
3 7927 2001 7926
3 7917 7926 1831
3 7927 7926 7917
3 510 7919 7970
3 7919 1999 7972
3 7970 7972 2013
3 7919 7972 7970
3 1999 7918 7964
3 7918 133 7962
3 7964 7962 2011
3 7918 7962 7964
3 2013 7974 7971
3 7974 2011 7963
3 7971 7963 513
3 7974 7963 7971
3 1999 7964 7972
3 7964 2011 7974
3 7972 7974 2013
3 7964 7974 7972
3 467 7965 7260
3 7965 2012 7967
3 7260 7967 1832
3 7965 7967 7260
3 2012 7966 7969
3 7966 513 7960
3 7969 7960 2010
3 7966 7960 7969
3 1832 7961 7259
3 7961 2010 7959
3 7259 7959 122
3 7961 7959 7259
3 2012 7969 7967
3 7969 2010 7961
3 7967 7961 1832
3 7969 7961 7967
3 510 7970 7925
3 7970 2013 7973
3 7925 7973 2001
3 7970 7973 7925
3 2013 7971 7975
3 7971 513 7966
3 7975 7966 2012
3 7971 7966 7975
3 2001 7968 7924
3 7968 2012 7965
3 7924 7965 467
3 7968 7965 7924
3 2013 7975 7973
3 7975 2012 7968
3 7973 7968 2001
3 7975 7968 7973
3 133 7931 8200
3 7931 2003 8202
3 8200 8202 2066
3 7931 8202 8200
3 2003 7932 8210
3 7932 511 8208
3 8210 8208 2068
3 7932 8208 8210
3 2066 8212 8201
3 8212 2068 8209
3 8201 8209 525
3 8212 8209 8201
3 2003 8210 8202
3 8210 2068 8212
3 8202 8212 2066
3 8210 8212 8202
3 511 7929 8122
3 7929 2002 8124
3 8122 8124 2049
3 7929 8124 8122
3 2002 7928 8115
3 7928 36 8112
3 8115 8112 2046
3 7928 8112 8115
3 2049 8125 8123
3 8125 2046 8113
3 8123 8113 521
3 8125 8113 8123
3 2002 8115 8124
3 8115 2046 8125
3 8124 8125 2049
3 8115 8125 8124
3 525 8219 8205
3 8219 2070 8222
3 8205 8222 2067
3 8219 8222 8205
3 2070 8218 8220
3 8218 521 8117
3 8220 8117 2047
3 8218 8117 8220
3 2067 8206 8204
3 8206 2047 8116
3 8204 8116 135
3 8206 8116 8204
3 2070 8220 8222
3 8220 2047 8206
3 8222 8206 2067
3 8220 8206 8222
3 511 8122 8208
3 8122 2049 8211
3 8208 8211 2068
3 8122 8211 8208
3 2049 8123 8221
3 8123 521 8218
3 8221 8218 2070
3 8123 8218 8221
3 2068 8223 8209
3 8223 2070 8219
3 8209 8219 525
3 8223 8219 8209
3 2049 8221 8211
3 8221 2070 8223
3 8211 8223 2068
3 8221 8223 8211
3 122 8148 7268
3 8148 2055 8150
3 7268 8150 1835
3 8148 8150 7268
3 2055 8149 8159
3 8149 523 8156
3 8159 8156 2057
3 8149 8156 8159
3 1835 8157 7269
3 8157 2057 8155
3 7269 8155 468
3 8157 8155 7269
3 2055 8159 8150
3 8159 2057 8157
3 8150 8157 1835
3 8159 8157 8150
3 523 8153 8165
3 8153 2056 8168
3 8165 8168 2059
3 8153 8168 8165
3 2056 8152 8154
3 8152 135 8102
3 8154 8102 2043
3 8152 8102 8154
3 2059 8166 8164
3 8166 2043 8103
3 8164 8103 520
3 8166 8103 8164
3 2056 8154 8168
3 8154 2043 8166
3 8168 8166 2059
3 8154 8166 8168
3 468 8108 7266
3 8108 2045 8110
3 7266 8110 1834
3 8108 8110 7266
3 2045 8109 8111
3 8109 520 8099
3 8111 8099 2042
3 8109 8099 8111
3 1834 8101 7265
3 8101 2042 8098
3 7265 8098 33
3 8101 8098 7265
3 2045 8111 8110
3 8111 2042 8101
3 8110 8101 1834
3 8111 8101 8110
3 523 8165 8156
3 8165 2059 8169
3 8156 8169 2057
3 8165 8169 8156
3 2059 8164 8167
3 8164 520 8109
3 8167 8109 2045
3 8164 8109 8167
3 2057 8158 8155
3 8158 2045 8108
3 8155 8108 468
3 8158 8108 8155
3 2059 8167 8169
3 8167 2045 8158
3 8169 8158 2057
3 8167 8158 8169
3 133 8200 7962
3 8200 2066 8203
3 7962 8203 2011
3 8200 8203 7962
3 2066 8201 8217
3 8201 525 8214
3 8217 8214 2069
3 8201 8214 8217
3 2011 8215 7963
3 8215 2069 8213
3 7963 8213 513
3 8215 8213 7963
3 2066 8217 8203
3 8217 2069 8215
3 8203 8215 2011
3 8217 8215 8203
3 525 8205 8225
3 8205 2067 8228
3 8225 8228 2071
3 8205 8228 8225
3 2067 8204 8207
3 8204 135 8152
3 8207 8152 2056
3 8204 8152 8207
3 2071 8226 8224
3 8226 2056 8153
3 8224 8153 523
3 8226 8153 8224
3 2067 8207 8228
3 8207 2056 8226
3 8228 8226 2071
3 8207 8226 8228
3 513 8160 7960
3 8160 2058 8162
3 7960 8162 2010
3 8160 8162 7960
3 2058 8161 8163
3 8161 523 8149
3 8163 8149 2055
3 8161 8149 8163
3 2010 8151 7959
3 8151 2055 8148
3 7959 8148 122
3 8151 8148 7959
3 2058 8163 8162
3 8163 2055 8151
3 8162 8151 2010
3 8163 8151 8162
3 525 8225 8214
3 8225 2071 8229
3 8214 8229 2069
3 8225 8229 8214
3 2071 8224 8227
3 8224 523 8161
3 8227 8161 2058
3 8224 8161 8227
3 2069 8216 8213
3 8216 2058 8160
3 8213 8160 513
3 8216 8160 8213
3 2071 8227 8229
3 8227 2058 8216
3 8229 8216 2069
3 8227 8216 8229
3 0 7218 8362
3 7218 1818 8365
3 8362 8365 2102
3 7218 8365 8362
3 1818 7219 8374
3 7219 462 8372
3 8374 8372 2105
3 7219 8372 8374
3 2102 8375 8363
3 8375 2105 8373
3 8363 8373 532
3 8375 8373 8363
3 1818 8374 8365
3 8374 2105 8375
3 8365 8375 2102
3 8374 8375 8365
3 462 7222 8403
3 7222 1819 8405
3 8403 8405 2114
3 7222 8405 8403
3 1819 7221 8399
3 7221 120 8397
3 8399 8397 2112
3 7221 8397 8399
3 2114 8407 8404
3 8407 2112 8398
3 8404 8398 535
3 8407 8398 8404
3 1819 8399 8405
3 8399 2112 8407
3 8405 8407 2114
3 8399 8407 8405
3 532 8408 8367
3 8408 2115 8410
3 8367 8410 2103
3 8408 8410 8367
3 2115 8409 8412
3 8409 535 8401
3 8412 8401 2113
3 8409 8401 8412
3 2103 8402 8366
3 8402 2113 8400
3 8366 8400 137
3 8402 8400 8366
3 2115 8412 8410
3 8412 2113 8402
3 8410 8402 2103
3 8412 8402 8410
3 462 8403 8372
3 8403 2114 8406
3 8372 8406 2105
3 8403 8406 8372
3 2114 8404 8413
3 8404 535 8409
3 8413 8409 2115
3 8404 8409 8413
3 2105 8411 8373
3 8411 2115 8408
3 8373 8408 532
3 8411 8408 8373
3 2114 8413 8406
3 8413 2115 8411
3 8406 8411 2105
3 8413 8411 8406
3 120 7229 8510
3 7229 1822 8512
3 8510 8512 2143
3 7229 8512 8510
3 1822 7230 8519
3 7230 463 8517
3 8519 8517 2145
3 7230 8517 8519
3 2143 8521 8511
3 8521 2145 8518
3 8511 8518 544
3 8521 8518 8511
3 1822 8519 8512
3 8519 2145 8521
3 8512 8521 2143
3 8519 8521 8512
3 463 7228 8497
3 7228 1821 8499
3 8497 8499 2139
3 7228 8499 8497
3 1821 7227 8494
3 7227 33 8492
3 8494 8492 2137
3 7227 8492 8494
3 2139 8500 8498
3 8500 2137 8493
3 8498 8493 542
3 8500 8493 8498
3 1821 8494 8499
3 8494 2137 8500
3 8499 8500 2139
3 8494 8500 8499
3 544 8527 8515
3 8527 2147 8530
3 8515 8530 2144
3 8527 8530 8515
3 2147 8526 8528
3 8526 542 8496
3 8528 8496 2138
3 8526 8496 8528
3 2144 8516 8514
3 8516 2138 8495
3 8514 8495 140
3 8516 8495 8514
3 2147 8528 8530
3 8528 2138 8516
3 8530 8516 2144
3 8528 8516 8530
3 463 8497 8517
3 8497 2139 8520
3 8517 8520 2145
3 8497 8520 8517
3 2139 8498 8529
3 8498 542 8526
3 8529 8526 2147
3 8498 8526 8529
3 2145 8531 8518
3 8531 2147 8527
3 8518 8527 544
3 8531 8527 8518
3 2139 8529 8520
3 8529 2147 8531
3 8520 8531 2145
3 8529 8531 8520
3 137 8532 8378
3 8532 2148 8534
3 8378 8534 2107
3 8532 8534 8378
3 2148 8533 8544
3 8533 545 8541
3 8544 8541 2150
3 8533 8541 8544
3 2107 8542 8379
3 8542 2150 8540
3 8379 8540 533
3 8542 8540 8379
3 2148 8544 8534
3 8544 2150 8542
3 8534 8542 2107
3 8544 8542 8534
3 545 8537 8551
3 8537 2149 8554
3 8551 8554 2152
3 8537 8554 8551
3 2149 8536 8538
3 8536 140 8504
3 8538 8504 2141
3 8536 8504 8538
3 2152 8552 8550
3 8552 2141 8505
3 8550 8505 543
3 8552 8505 8550
3 2149 8538 8554
3 8538 2141 8552
3 8554 8552 2152
3 8538 8552 8554
3 533 8506 8377
3 8506 2142 8508
3 8377 8508 2106
3 8506 8508 8377
3 2142 8507 8509
3 8507 543 8502
3 8509 8502 2140
3 8507 8502 8509
3 2106 8503 8376
3 8503 2140 8501
3 8376 8501 37
3 8503 8501 8376
3 2142 8509 8508
3 8509 2140 8503
3 8508 8503 2106
3 8509 8503 8508
3 545 8551 8541
3 8551 2152 8555
3 8541 8555 2150
3 8551 8555 8541
3 2152 8550 8553
3 8550 543 8507
3 8553 8507 2142
3 8550 8507 8553
3 2150 8543 8540
3 8543 2142 8506
3 8540 8506 533
3 8543 8506 8540
3 2152 8553 8555
3 8553 2142 8543
3 8555 8543 2150
3 8553 8543 8555
3 120 8510 8397
3 8510 2143 8513
3 8397 8513 2112
3 8510 8513 8397
3 2143 8511 8525
3 8511 544 8523
3 8525 8523 2146
3 8511 8523 8525
3 2112 8524 8398
3 8524 2146 8522
3 8398 8522 535
3 8524 8522 8398
3 2143 8525 8513
3 8525 2146 8524
3 8513 8524 2112
3 8525 8524 8513
3 544 8515 8556
3 8515 2144 8558
3 8556 8558 2153
3 8515 8558 8556
3 2144 8514 8539
3 8514 140 8536
3 8539 8536 2149
3 8514 8536 8539
3 2153 8560 8557
3 8560 2149 8537
3 8557 8537 545
3 8560 8537 8557
3 2144 8539 8558
3 8539 2149 8560
3 8558 8560 2153
3 8539 8560 8558
3 535 8545 8401
3 8545 2151 8547
3 8401 8547 2113
3 8545 8547 8401
3 2151 8546 8549
3 8546 545 8533
3 8549 8533 2148
3 8546 8533 8549
3 2113 8535 8400
3 8535 2148 8532
3 8400 8532 137
3 8535 8532 8400
3 2151 8549 8547
3 8549 2148 8535
3 8547 8535 2113
3 8549 8535 8547
3 544 8556 8523
3 8556 2153 8559
3 8523 8559 2146
3 8556 8559 8523
3 2153 8557 8561
3 8557 545 8546
3 8561 8546 2151
3 8557 8546 8561
3 2146 8548 8522
3 8548 2151 8545
3 8522 8545 535
3 8548 8545 8522
3 2153 8561 8559
3 8561 2151 8548
3 8559 8548 2146
3 8561 8548 8559
3 33 7252 9794
3 7252 1829 9796
3 9794 9796 2458
3 7252 9796 9794
3 1829 7253 9802
3 7253 466 9800
3 9802 9800 2460
3 7253 9800 9802
3 2458 9803 9795
3 9803 2460 9801
3 9795 9801 620
3 9803 9801 9795
3 1829 9802 9796
3 9802 2460 9803
3 9796 9803 2458
3 9802 9803 9796
3 466 7255 9824
3 7255 1830 9826
3 9824 9826 2467
3 7255 9826 9824
3 1830 7254 9819
3 7254 121 9817
3 9819 9817 2465
3 7254 9817 9819
3 2467 9828 9825
3 9828 2465 9818
3 9825 9818 622
3 9828 9818 9825
3 1830 9819 9826
3 9819 2465 9828
3 9826 9828 2467
3 9819 9828 9826
3 620 9833 9799
3 9833 2469 9835
3 9799 9835 2459
3 9833 9835 9799
3 2469 9834 9837
3 9834 622 9822
3 9837 9822 2466
3 9834 9822 9837
3 2459 9823 9798
3 9823 2466 9821
3 9798 9821 158
3 9823 9821 9798
3 2469 9837 9835
3 9837 2466 9823
3 9835 9823 2459
3 9837 9823 9835
3 466 9824 9800
3 9824 2467 9827
3 9800 9827 2460
3 9824 9827 9800
3 2467 9825 9838
3 9825 622 9834
3 9838 9834 2469
3 9825 9834 9838
3 2460 9836 9801
3 9836 2469 9833
3 9801 9833 620
3 9836 9833 9801
3 2467 9838 9827
3 9838 2469 9836
3 9827 9836 2460
3 9838 9836 9827
3 121 7250 9708
3 7250 1828 9710
3 9708 9710 2436
3 7250 9710 9708
3 1828 7251 9716
3 7251 465 9714
3 9716 9714 2438
3 7251 9714 9716
3 2436 9718 9709
3 9718 2438 9715
3 9709 9715 614
3 9718 9715 9709
3 1828 9716 9710
3 9716 2438 9718
3 9710 9718 2436
3 9716 9718 9710
3 465 7249 9696
3 7249 1827 9698
3 9696 9698 2432
3 7249 9698 9696
3 1827 7248 9692
3 7248 10 9690
3 9692 9690 2430
3 7248 9690 9692
3 2432 9699 9697
3 9699 2430 9691
3 9697 9691 612
3 9699 9691 9697
3 1827 9692 9698
3 9692 2430 9699
3 9698 9699 2432
3 9692 9699 9698
3 614 9720 9712
3 9720 2439 9723
3 9712 9723 2437
3 9720 9723 9712
3 2439 9719 9721
3 9719 612 9695
3 9721 9695 2431
3 9719 9695 9721
3 2437 9713 9711
3 9713 2431 9694
3 9711 9694 156
3 9713 9694 9711
3 2439 9721 9723
3 9721 2431 9713
3 9723 9713 2437
3 9721 9713 9723
3 465 9696 9714
3 9696 2432 9717
3 9714 9717 2438
3 9696 9717 9714
3 2432 9697 9722
3 9697 612 9719
3 9722 9719 2439
3 9697 9719 9722
3 2438 9724 9715
3 9724 2439 9720
3 9715 9720 614
3 9724 9720 9715
3 2432 9722 9717
3 9722 2439 9724
3 9717 9724 2438
3 9722 9724 9717
3 158 9860 9811
3 9860 2475 9862
3 9811 9862 2463
3 9860 9862 9811
3 2475 9861 9878
3 9861 624 9875
3 9878 9875 2478
3 9861 9875 9878
3 2463 9876 9812
3 9876 2478 9874
3 9812 9874 621
3 9876 9874 9812
3 2475 9878 9862
3 9878 2478 9876
3 9862 9876 2463
3 9878 9876 9862
3 624 9857 9865
3 9857 2474 9868
3 9865 9868 2476
3 9857 9868 9865
3 2474 9856 9858
3 9856 156 9706
3 9858 9706 2435
3 9856 9706 9858
3 2476 9866 9864
3 9866 2435 9707
3 9864 9707 613
3 9866 9707 9864
3 2474 9858 9868
3 9858 2435 9866
3 9868 9866 2476
3 9858 9866 9868
3 621 9814 9809
3 9814 2464 9816
3 9809 9816 2462
3 9814 9816 9809
3 2464 9813 9815
3 9813 613 9705
3 9815 9705 2434
3 9813 9705 9815
3 2462 9810 9808
3 9810 2434 9704
3 9808 9704 41
3 9810 9704 9808
3 2464 9815 9816
3 9815 2434 9810
3 9816 9810 2462
3 9815 9810 9816
3 624 9865 9875
3 9865 2476 9879
3 9875 9879 2478
3 9865 9879 9875
3 2476 9864 9867
3 9864 613 9813
3 9867 9813 2464
3 9864 9813 9867
3 2478 9877 9874
3 9877 2464 9814
3 9874 9814 621
3 9877 9814 9874
3 2476 9867 9879
3 9867 2464 9877
3 9879 9877 2478
3 9867 9877 9879
3 121 9708 9817
3 9708 2436 9820
3 9817 9820 2465
3 9708 9820 9817
3 2436 9709 9831
3 9709 614 9829
3 9831 9829 2468
3 9709 9829 9831
3 2465 9832 9818
3 9832 2468 9830
3 9818 9830 622
3 9832 9830 9818
3 2436 9831 9820
3 9831 2468 9832
3 9820 9832 2465
3 9831 9832 9820
3 614 9712 9869
3 9712 2437 9871
3 9869 9871 2477
3 9712 9871 9869
3 2437 9711 9859
3 9711 156 9856
3 9859 9856 2474
3 9711 9856 9859
3 2477 9873 9870
3 9873 2474 9857
3 9870 9857 624
3 9873 9857 9870
3 2437 9859 9871
3 9859 2474 9873
3 9871 9873 2477
3 9859 9873 9871
3 622 9880 9822
3 9880 2479 9882
3 9822 9882 2466
3 9880 9882 9822
3 2479 9881 9884
3 9881 624 9861
3 9884 9861 2475
3 9881 9861 9884
3 2466 9863 9821
3 9863 2475 9860
3 9821 9860 158
3 9863 9860 9821
3 2479 9884 9882
3 9884 2475 9863
3 9882 9863 2466
3 9884 9863 9882
3 614 9869 9829
3 9869 2477 9872
3 9829 9872 2468
3 9869 9872 9829
3 2477 9870 9885
3 9870 624 9881
3 9885 9881 2479
3 9870 9881 9885
3 2468 9883 9830
3 9883 2479 9880
3 9830 9880 622
3 9883 9880 9830
3 2477 9885 9872
3 9885 2479 9883
3 9872 9883 2468
3 9885 9883 9872
3 37 9978 8418
3 9978 2502 9980
3 8418 9980 2118
3 9978 9980 8418
3 2502 9979 9987
3 9979 630 9985
3 9987 9985 2504
3 9979 9985 9987
3 2118 9986 8419
3 9986 2504 9984
3 8419 9984 537
3 9986 9984 8419
3 2502 9987 9980
3 9987 2504 9986
3 9980 9986 2118
3 9987 9986 9980
3 630 9983 10022
3 9983 2503 10024
3 10022 10024 2514
3 9983 10024 10022
3 2503 9982 10012
3 9982 160 10010
3 10012 10010 2511
3 9982 10010 10012
3 2514 10026 10023
3 10026 2511 10011
3 10023 10011 632
3 10026 10011 10023
3 2503 10012 10024
3 10012 2511 10026
3 10024 10026 2514
3 10012 10026 10024
3 537 10013 8421
3 10013 2512 10015
3 8421 10015 2119
3 10013 10015 8421
3 2512 10014 10017
3 10014 632 10007
3 10017 10007 2510
3 10014 10007 10017
3 2119 10008 8420
3 10008 2510 10006
3 8420 10006 138
3 10008 10006 8420
3 2512 10017 10015
3 10017 2510 10008
3 10015 10008 2119
3 10017 10008 10015
3 630 10022 9985
3 10022 2514 10025
3 9985 10025 2504
3 10022 10025 9985
3 2514 10023 10027
3 10023 632 10014
3 10027 10014 2512
3 10023 10014 10027
3 2504 10016 9984
3 10016 2512 10013
3 9984 10013 537
3 10016 10013 9984
3 2514 10027 10025
3 10027 2512 10016
3 10025 10016 2504
3 10027 10016 10025
3 160 9996 10054
3 9996 2507 10056
3 10054 10056 2521
3 9996 10056 10054
3 2507 9997 10070
3 9997 631 10068
3 10070 10068 2524
3 9997 10068 10070
3 2521 10072 10055
3 10072 2524 10069
3 10055 10069 634
3 10072 10069 10055
3 2507 10070 10056
3 10070 2524 10072
3 10056 10072 2521
3 10070 10072 10056
3 631 9993 9999
3 9993 2506 10001
3 9999 10001 2508
3 9993 10001 9999
3 2506 9992 9994
3 9992 41 9756
3 9994 9756 2448
3 9992 9756 9994
3 2508 10000 9998
3 10000 2448 9757
3 9998 9757 617
3 10000 9757 9998
3 2506 9994 10001
3 9994 2448 10000
3 10001 10000 2508
3 9994 10000 10001
3 634 10059 10051
3 10059 2522 10062
3 10051 10062 2520
3 10059 10062 10051
3 2522 10058 10060
3 10058 617 9759
3 10060 9759 2449
3 10058 9759 10060
3 2520 10052 10050
3 10052 2449 9758
3 10050 9758 157
3 10052 9758 10050
3 2522 10060 10062
3 10060 2449 10052
3 10062 10052 2520
3 10060 10052 10062
3 631 9999 10068
3 9999 2508 10071
3 10068 10071 2524
3 9999 10071 10068
3 2508 9998 10061
3 9998 617 10058
3 10061 10058 2522
3 9998 10058 10061
3 2524 10073 10069
3 10073 2522 10059
3 10069 10059 634
3 10073 10059 10069
3 2508 10061 10071
3 10061 2522 10073
3 10071 10073 2524
3 10061 10073 10071
3 138 9760 8416
3 9760 2450 9762
3 8416 9762 2117
3 9760 9762 8416
3 2450 9761 9770
3 9761 618 9767
3 9770 9767 2452
3 9761 9767 9770
3 2117 9768 8417
3 9768 2452 9766
3 8417 9766 536
3 9768 9766 8417
3 2450 9770 9762
3 9770 2452 9768
3 9762 9768 2117
3 9770 9768 9762
3 618 9764 9772
3 9764 2451 9775
3 9772 9775 2453
3 9764 9775 9772
3 2451 9763 9765
3 9763 157 9746
3 9765 9746 2445
3 9763 9746 9765
3 2453 9773 9771
3 9773 2445 9747
3 9771 9747 616
3 9773 9747 9771
3 2451 9765 9775
3 9765 2445 9773
3 9775 9773 2453
3 9765 9773 9775
3 536 9748 8415
3 9748 2446 9750
3 8415 9750 2116
3 9748 9750 8415
3 2446 9749 9751
3 9749 616 9743
3 9751 9743 2444
3 9749 9743 9751
3 2116 9744 8414
3 9744 2444 9742
3 8414 9742 11
3 9744 9742 8414
3 2446 9751 9750
3 9751 2444 9744
3 9750 9744 2116
3 9751 9744 9750
3 618 9772 9767
3 9772 2453 9776
3 9767 9776 2452
3 9772 9776 9767
3 2453 9771 9774
3 9771 616 9749
3 9774 9749 2446
3 9771 9749 9774
3 2452 9769 9766
3 9769 2446 9748
3 9766 9748 536
3 9769 9748 9766
3 2453 9774 9776
3 9774 2446 9769
3 9776 9769 2452
3 9774 9769 9776
3 160 10054 10010
3 10054 2521 10057
3 10010 10057 2511
3 10054 10057 10010
3 2521 10055 10078
3 10055 634 10075
3 10078 10075 2525
3 10055 10075 10078
3 2511 10076 10011
3 10076 2525 10074
3 10011 10074 632
3 10076 10074 10011
3 2521 10078 10057
3 10078 2525 10076
3 10057 10076 2511
3 10078 10076 10057
3 634 10051 10064
3 10051 2520 10067
3 10064 10067 2523
3 10051 10067 10064
3 2520 10050 10053
3 10050 157 9763
3 10053 9763 2451
3 10050 9763 10053
3 2523 10065 10063
3 10065 2451 9764
3 10063 9764 618
3 10065 9764 10063
3 2520 10053 10067
3 10053 2451 10065
3 10067 10065 2523
3 10053 10065 10067
3 632 10019 10007
3 10019 2513 10021
3 10007 10021 2510
3 10019 10021 10007
3 2513 10018 10020
3 10018 618 9761
3 10020 9761 2450
3 10018 9761 10020
3 2510 10009 10006
3 10009 2450 9760
3 10006 9760 138
3 10009 9760 10006
3 2513 10020 10021
3 10020 2450 10009
3 10021 10009 2510
3 10020 10009 10021
3 634 10064 10075
3 10064 2523 10079
3 10075 10079 2525
3 10064 10079 10075
3 2523 10063 10066
3 10063 618 10018
3 10066 10018 2513
3 10063 10018 10066
3 2525 10077 10074
3 10077 2513 10019
3 10074 10019 632
3 10077 10019 10074
3 2523 10066 10079
3 10066 2513 10077
3 10079 10077 2525
3 10066 10077 10079
3 33 9794 8492
3 9794 2458 9797
3 8492 9797 2137
3 9794 9797 8492
3 2458 9795 9807
3 9795 620 9805
3 9807 9805 2461
3 9795 9805 9807
3 2137 9806 8493
3 9806 2461 9804
3 8493 9804 542
3 9806 9804 8493
3 2458 9807 9797
3 9807 2461 9806
3 9797 9806 2137
3 9807 9806 9797
3 620 9799 9850
3 9799 2459 9852
3 9850 9852 2473
3 9799 9852 9850
3 2459 9798 9844
3 9798 158 9842
3 9844 9842 2471
3 9798 9842 9844
3 2473 9854 9851
3 9854 2471 9843
3 9851 9843 623
3 9854 9843 9851
3 2459 9844 9852
3 9844 2471 9854
3 9852 9854 2473
3 9844 9854 9852
3 542 9845 8496
3 9845 2472 9847
3 8496 9847 2138
3 9845 9847 8496
3 2472 9846 9849
3 9846 623 9840
3 9849 9840 2470
3 9846 9840 9849
3 2138 9841 8495
3 9841 2470 9839
3 8495 9839 140
3 9841 9839 8495
3 2472 9849 9847
3 9849 2470 9841
3 9847 9841 2138
3 9849 9841 9847
3 620 9850 9805
3 9850 2473 9853
3 9805 9853 2461
3 9850 9853 9805
3 2473 9851 9855
3 9851 623 9846
3 9855 9846 2472
3 9851 9846 9855
3 2461 9848 9804
3 9848 2472 9845
3 9804 9845 542
3 9848 9845 9804
3 2473 9855 9853
3 9855 2472 9848
3 9853 9848 2461
3 9855 9848 9853
3 158 9811 10080
3 9811 2463 10082
3 10080 10082 2526
3 9811 10082 10080
3 2463 9812 10090
3 9812 621 10088
3 10090 10088 2528
3 9812 10088 10090
3 2526 10092 10081
3 10092 2528 10089
3 10081 10089 635
3 10092 10089 10081
3 2463 10090 10082
3 10090 2528 10092
3 10082 10092 2526
3 10090 10092 10082
3 621 9809 10002
3 9809 2462 10004
3 10002 10004 2509
3 9809 10004 10002
3 2462 9808 9995
3 9808 41 9992
3 9995 9992 2506
3 9808 9992 9995
3 2509 10005 10003
3 10005 2506 9993
3 10003 9993 631
3 10005 9993 10003
3 2462 9995 10004
3 9995 2506 10005
3 10004 10005 2509
3 9995 10005 10004
3 635 10099 10085
3 10099 2530 10102
3 10085 10102 2527
3 10099 10102 10085
3 2530 10098 10100
3 10098 631 9997
3 10100 9997 2507
3 10098 9997 10100
3 2527 10086 10084
3 10086 2507 9996
3 10084 9996 160
3 10086 9996 10084
3 2530 10100 10102
3 10100 2507 10086
3 10102 10086 2527
3 10100 10086 10102
3 621 10002 10088
3 10002 2509 10091
3 10088 10091 2528
3 10002 10091 10088
3 2509 10003 10101
3 10003 631 10098
3 10101 10098 2530
3 10003 10098 10101
3 2528 10103 10089
3 10103 2530 10099
3 10089 10099 635
3 10103 10099 10089
3 2509 10101 10091
3 10101 2530 10103
3 10091 10103 2528
3 10101 10103 10091
3 140 10028 8504
3 10028 2515 10030
3 8504 10030 2141
3 10028 10030 8504
3 2515 10029 10039
3 10029 633 10036
3 10039 10036 2517
3 10029 10036 10039
3 2141 10037 8505
3 10037 2517 10035
3 8505 10035 543
3 10037 10035 8505
3 2515 10039 10030
3 10039 2517 10037
3 10030 10037 2141
3 10039 10037 10030
3 633 10033 10045
3 10033 2516 10048
3 10045 10048 2519
3 10033 10048 10045
3 2516 10032 10034
3 10032 160 9982
3 10034 9982 2503
3 10032 9982 10034
3 2519 10046 10044
3 10046 2503 9983
3 10044 9983 630
3 10046 9983 10044
3 2516 10034 10048
3 10034 2503 10046
3 10048 10046 2519
3 10034 10046 10048
3 543 9988 8502
3 9988 2505 9990
3 8502 9990 2140
3 9988 9990 8502
3 2505 9989 9991
3 9989 630 9979
3 9991 9979 2502
3 9989 9979 9991
3 2140 9981 8501
3 9981 2502 9978
3 8501 9978 37
3 9981 9978 8501
3 2505 9991 9990
3 9991 2502 9981
3 9990 9981 2140
3 9991 9981 9990
3 633 10045 10036
3 10045 2519 10049
3 10036 10049 2517
3 10045 10049 10036
3 2519 10044 10047
3 10044 630 9989
3 10047 9989 2505
3 10044 9989 10047
3 2517 10038 10035
3 10038 2505 9988
3 10035 9988 543
3 10038 9988 10035
3 2519 10047 10049
3 10047 2505 10038
3 10049 10038 2517
3 10047 10038 10049
3 158 10080 9842
3 10080 2526 10083
3 9842 10083 2471
3 10080 10083 9842
3 2526 10081 10097
3 10081 635 10094
3 10097 10094 2529
3 10081 10094 10097
3 2471 10095 9843
3 10095 2529 10093
3 9843 10093 623
3 10095 10093 9843
3 2526 10097 10083
3 10097 2529 10095
3 10083 10095 2471
3 10097 10095 10083
3 635 10085 10105
3 10085 2527 10108
3 10105 10108 2531
3 10085 10108 10105
3 2527 10084 10087
3 10084 160 10032
3 10087 10032 2516
3 10084 10032 10087
3 2531 10106 10104
3 10106 2516 10033
3 10104 10033 633
3 10106 10033 10104
3 2527 10087 10108
3 10087 2516 10106
3 10108 10106 2531
3 10087 10106 10108
3 623 10040 9840
3 10040 2518 10042
3 9840 10042 2470
3 10040 10042 9840
3 2518 10041 10043
3 10041 633 10029
3 10043 10029 2515
3 10041 10029 10043
3 2470 10031 9839
3 10031 2515 10028
3 9839 10028 140
3 10031 10028 9839
3 2518 10043 10042
3 10043 2515 10031
3 10042 10031 2470
3 10043 10031 10042
3 635 10105 10094
3 10105 2531 10109
3 10094 10109 2529
3 10105 10109 10094
3 2531 10104 10107
3 10104 633 10041
3 10107 10041 2518
3 10104 10041 10107
3 2529 10096 10093
3 10096 2518 10040
3 10093 10040 623
3 10096 10040 10093
3 2531 10107 10109
3 10107 2518 10096
3 10109 10096 2529
3 10107 10096 10109
3 1 3094 5338
3 3094 788 5340
3 5338 5340 1358
3 3094 5340 5338
3 788 3095 5346
3 3095 205 5344
3 5346 5344 1360
3 3095 5344 5346
3 1358 5347 5339
3 5347 1360 5345
3 5339 5345 352
3 5347 5345 5339
3 788 5346 5340
3 5346 1360 5347
3 5340 5347 1358
3 5346 5347 5340
3 205 3098 5362
3 3098 789 5364
3 5362 5364 1366
3 3098 5364 5362
3 789 3097 5358
3 3097 56 5356
3 5358 5356 1364
3 3097 5356 5358
3 1366 5366 5363
3 5366 1364 5357
3 5363 5357 354
3 5366 5357 5363
3 789 5358 5364
3 5358 1364 5366
3 5364 5366 1366
3 5358 5366 5364
3 352 5367 5343
3 5367 1367 5369
3 5343 5369 1359
3 5367 5369 5343
3 1367 5368 5371
3 5368 354 5360
3 5371 5360 1365
3 5368 5360 5371
3 1359 5361 5342
3 5361 1365 5359
3 5342 5359 95
3 5361 5359 5342
3 1367 5371 5369
3 5371 1365 5361
3 5369 5361 1359
3 5371 5361 5369
3 205 5362 5344
3 5362 1366 5365
3 5344 5365 1360
3 5362 5365 5344
3 1366 5363 5372
3 5363 354 5368
3 5372 5368 1367
3 5363 5368 5372
3 1360 5370 5345
3 5370 1367 5367
3 5345 5367 352
3 5370 5367 5345
3 1366 5372 5365
3 5372 1367 5370
3 5365 5370 1360
3 5372 5370 5365
3 56 3105 5416
3 3105 792 5418
3 5416 5418 1382
3 3105 5418 5416
3 792 3106 5425
3 3106 206 5423
3 5425 5423 1384
3 3106 5423 5425
3 1382 5427 5417
3 5427 1384 5424
3 5417 5424 360
3 5427 5424 5417
3 792 5425 5418
3 5425 1384 5427
3 5418 5427 1382
3 5425 5427 5418
3 206 3104 5403
3 3104 791 5405
3 5403 5405 1378
3 3104 5405 5403
3 791 3103 5400
3 3103 17 5398
3 5400 5398 1376
3 3103 5398 5400
3 1378 5406 5404
3 5406 1376 5399
3 5404 5399 358
3 5406 5399 5404
3 791 5400 5405
3 5400 1376 5406
3 5405 5406 1378
3 5400 5406 5405
3 360 5433 5421
3 5433 1386 5436
3 5421 5436 1383
3 5433 5436 5421
3 1386 5432 5434
3 5432 358 5402
3 5434 5402 1377
3 5432 5402 5434
3 1383 5422 5420
3 5422 1377 5401
3 5420 5401 97
3 5422 5401 5420
3 1386 5434 5436
3 5434 1377 5422
3 5436 5422 1383
3 5434 5422 5436
3 206 5403 5423
3 5403 1378 5426
3 5423 5426 1384
3 5403 5426 5423
3 1378 5404 5435
3 5404 358 5432
3 5435 5432 1386
3 5404 5432 5435
3 1384 5437 5424
3 5437 1386 5433
3 5424 5433 360
3 5437 5433 5424
3 1378 5435 5426
3 5435 1386 5437
3 5426 5437 1384
3 5435 5437 5426
3 95 5438 5354
3 5438 1387 5440
3 5354 5440 1363
3 5438 5440 5354
3 1387 5439 5450
3 5439 361 5447
3 5450 5447 1389
3 5439 5447 5450
3 1363 5448 5355
3 5448 1389 5446
3 5355 5446 353
3 5448 5446 5355
3 1387 5450 5440
3 5450 1389 5448
3 5440 5448 1363
3 5450 5448 5440
3 361 5443 5457
3 5443 1388 5460
3 5457 5460 1391
3 5443 5460 5457
3 1388 5442 5444
3 5442 97 5410
3 5444 5410 1380
3 5442 5410 5444
3 1391 5458 5456
3 5458 1380 5411
3 5456 5411 359
3 5458 5411 5456
3 1388 5444 5460
3 5444 1380 5458
3 5460 5458 1391
3 5444 5458 5460
3 353 5412 5353
3 5412 1381 5414
3 5353 5414 1362
3 5412 5414 5353
3 1381 5413 5415
3 5413 359 5408
3 5415 5408 1379
3 5413 5408 5415
3 1362 5409 5352
3 5409 1379 5407
3 5352 5407 28
3 5409 5407 5352
3 1381 5415 5414
3 5415 1379 5409
3 5414 5409 1362
3 5415 5409 5414
3 361 5457 5447
3 5457 1391 5461
3 5447 5461 1389
3 5457 5461 5447
3 1391 5456 5459
3 5456 359 5413
3 5459 5413 1381
3 5456 5413 5459
3 1389 5449 5446
3 5449 1381 5412
3 5446 5412 353
3 5449 5412 5446
3 1391 5459 5461
3 5459 1381 5449
3 5461 5449 1389
3 5459 5449 5461
3 56 5416 5356
3 5416 1382 5419
3 5356 5419 1364
3 5416 5419 5356
3 1382 5417 5431
3 5417 360 5429
3 5431 5429 1385
3 5417 5429 5431
3 1364 5430 5357
3 5430 1385 5428
3 5357 5428 354
3 5430 5428 5357
3 1382 5431 5419
3 5431 1385 5430
3 5419 5430 1364
3 5431 5430 5419
3 360 5421 5462
3 5421 1383 5464
3 5462 5464 1392
3 5421 5464 5462
3 1383 5420 5445
3 5420 97 5442
3 5445 5442 1388
3 5420 5442 5445
3 1392 5466 5463
3 5466 1388 5443
3 5463 5443 361
3 5466 5443 5463
3 1383 5445 5464
3 5445 1388 5466
3 5464 5466 1392
3 5445 5466 5464
3 354 5451 5360
3 5451 1390 5453
3 5360 5453 1365
3 5451 5453 5360
3 1390 5452 5455
3 5452 361 5439
3 5455 5439 1387
3 5452 5439 5455
3 1365 5441 5359
3 5441 1387 5438
3 5359 5438 95
3 5441 5438 5359
3 1390 5455 5453
3 5455 1387 5441
3 5453 5441 1365
3 5455 5441 5453
3 360 5462 5429
3 5462 1392 5465
3 5429 5465 1385
3 5462 5465 5429
3 1392 5463 5467
3 5463 361 5452
3 5467 5452 1390
3 5463 5452 5467
3 1385 5454 5428
3 5454 1390 5451
3 5428 5451 354
3 5454 5451 5428
3 1392 5467 5465
3 5467 1390 5454
3 5465 5454 1385
3 5467 5454 5465
3 17 3133 6218
3 3133 800 6220
3 6218 6220 1582
3 3133 6220 6218
3 800 3134 6226
3 3134 209 6224
3 6226 6224 1584
3 3134 6224 6226
3 1582 6227 6219
3 6227 1584 6225
3 6219 6225 410
3 6227 6225 6219
3 800 6226 6220
3 6226 1584 6227
3 6220 6227 1582
3 6226 6227 6220
3 209 3136 6248
3 3136 801 6250
3 6248 6250 1591
3 3136 6250 6248
3 801 3135 6243
3 3135 57 6241
3 6243 6241 1589
3 3135 6241 6243
3 1591 6252 6249
3 6252 1589 6242
3 6249 6242 412
3 6252 6242 6249
3 801 6243 6250
3 6243 1589 6252
3 6250 6252 1591
3 6243 6252 6250
3 410 6257 6223
3 6257 1593 6259
3 6223 6259 1583
3 6257 6259 6223
3 1593 6258 6261
3 6258 412 6246
3 6261 6246 1590
3 6258 6246 6261
3 1583 6247 6222
3 6247 1590 6245
3 6222 6245 110
3 6247 6245 6222
3 1593 6261 6259
3 6261 1590 6247
3 6259 6247 1583
3 6261 6247 6259
3 209 6248 6224
3 6248 1591 6251
3 6224 6251 1584
3 6248 6251 6224
3 1591 6249 6262
3 6249 412 6258
3 6262 6258 1593
3 6249 6258 6262
3 1584 6260 6225
3 6260 1593 6257
3 6225 6257 410
3 6260 6257 6225
3 1591 6262 6251
3 6262 1593 6260
3 6251 6260 1584
3 6262 6260 6251
3 57 3127 6132
3 3127 798 6134
3 6132 6134 1560
3 3127 6134 6132
3 798 3128 6140
3 3128 208 6138
3 6140 6138 1562
3 3128 6138 6140
3 1560 6142 6133
3 6142 1562 6139
3 6133 6139 404
3 6142 6139 6133
3 798 6140 6134
3 6140 1562 6142
3 6134 6142 1560
3 6140 6142 6134
3 208 3125 6120
3 3125 797 6122
3 6120 6122 1556
3 3125 6122 6120
3 797 3124 6116
3 3124 5 6114
3 6116 6114 1554
3 3124 6114 6116
3 1556 6123 6121
3 6123 1554 6115
3 6121 6115 402
3 6123 6115 6121
3 797 6116 6122
3 6116 1554 6123
3 6122 6123 1556
3 6116 6123 6122
3 404 6144 6136
3 6144 1563 6147
3 6136 6147 1561
3 6144 6147 6136
3 1563 6143 6145
3 6143 402 6119
3 6145 6119 1555
3 6143 6119 6145
3 1561 6137 6135
3 6137 1555 6118
3 6135 6118 108
3 6137 6118 6135
3 1563 6145 6147
3 6145 1555 6137
3 6147 6137 1561
3 6145 6137 6147
3 208 6120 6138
3 6120 1556 6141
3 6138 6141 1562
3 6120 6141 6138
3 1556 6121 6146
3 6121 402 6143
3 6146 6143 1563
3 6121 6143 6146
3 1562 6148 6139
3 6148 1563 6144
3 6139 6144 404
3 6148 6144 6139
3 1556 6146 6141
3 6146 1563 6148
3 6141 6148 1562
3 6146 6148 6141
3 110 6284 6235
3 6284 1599 6286
3 6235 6286 1587
3 6284 6286 6235
3 1599 6285 6302
3 6285 414 6299
3 6302 6299 1602
3 6285 6299 6302
3 1587 6300 6236
3 6300 1602 6298
3 6236 6298 411
3 6300 6298 6236
3 1599 6302 6286
3 6302 1602 6300
3 6286 6300 1587
3 6302 6300 6286
3 414 6281 6289
3 6281 1598 6292
3 6289 6292 1600
3 6281 6292 6289
3 1598 6280 6282
3 6280 108 6130
3 6282 6130 1559
3 6280 6130 6282
3 1600 6290 6288
3 6290 1559 6131
3 6288 6131 403
3 6290 6131 6288
3 1598 6282 6292
3 6282 1559 6290
3 6292 6290 1600
3 6282 6290 6292
3 411 6238 6233
3 6238 1588 6240
3 6233 6240 1586
3 6238 6240 6233
3 1588 6237 6239
3 6237 403 6129
3 6239 6129 1558
3 6237 6129 6239
3 1586 6234 6232
3 6234 1558 6128
3 6232 6128 31
3 6234 6128 6232
3 1588 6239 6240
3 6239 1558 6234
3 6240 6234 1586
3 6239 6234 6240
3 414 6289 6299
3 6289 1600 6303
3 6299 6303 1602
3 6289 6303 6299
3 1600 6288 6291
3 6288 403 6237
3 6291 6237 1588
3 6288 6237 6291
3 1602 6301 6298
3 6301 1588 6238
3 6298 6238 411
3 6301 6238 6298
3 1600 6291 6303
3 6291 1588 6301
3 6303 6301 1602
3 6291 6301 6303
3 57 6132 6241
3 6132 1560 6244
3 6241 6244 1589
3 6132 6244 6241
3 1560 6133 6255
3 6133 404 6253
3 6255 6253 1592
3 6133 6253 6255
3 1589 6256 6242
3 6256 1592 6254
3 6242 6254 412
3 6256 6254 6242
3 1560 6255 6244
3 6255 1592 6256
3 6244 6256 1589
3 6255 6256 6244
3 404 6136 6293
3 6136 1561 6295
3 6293 6295 1601
3 6136 6295 6293
3 1561 6135 6283
3 6135 108 6280
3 6283 6280 1598
3 6135 6280 6283
3 1601 6297 6294
3 6297 1598 6281
3 6294 6281 414
3 6297 6281 6294
3 1561 6283 6295
3 6283 1598 6297
3 6295 6297 1601
3 6283 6297 6295
3 412 6304 6246
3 6304 1603 6306
3 6246 6306 1590
3 6304 6306 6246
3 1603 6305 6308
3 6305 414 6285
3 6308 6285 1599
3 6305 6285 6308
3 1590 6287 6245
3 6287 1599 6284
3 6245 6284 110
3 6287 6284 6245
3 1603 6308 6306
3 6308 1599 6287
3 6306 6287 1590
3 6308 6287 6306
3 404 6293 6253
3 6293 1601 6296
3 6253 6296 1592
3 6293 6296 6253
3 1601 6294 6309
3 6294 414 6305
3 6309 6305 1603
3 6294 6305 6309
3 1592 6307 6254
3 6307 1603 6304
3 6254 6304 412
3 6307 6304 6254
3 1601 6309 6296
3 6309 1603 6307
3 6296 6307 1592
3 6309 6307 6296
3 28 6402 5394
3 6402 1626 6404
3 5394 6404 1374
3 6402 6404 5394
3 1626 6403 6411
3 6403 420 6409
3 6411 6409 1628
3 6403 6409 6411
3 1374 6410 5395
3 6410 1628 6408
3 5395 6408 357
3 6410 6408 5395
3 1626 6411 6404
3 6411 1628 6410
3 6404 6410 1374
3 6411 6410 6404
3 420 6407 6446
3 6407 1627 6448
3 6446 6448 1638
3 6407 6448 6446
3 1627 6406 6436
3 6406 112 6434
3 6436 6434 1635
3 6406 6434 6436
3 1638 6450 6447
3 6450 1635 6435
3 6447 6435 422
3 6450 6435 6447
3 1627 6436 6448
3 6436 1635 6450
3 6448 6450 1638
3 6436 6450 6448
3 357 6437 5397
3 6437 1636 6439
3 5397 6439 1375
3 6437 6439 5397
3 1636 6438 6441
3 6438 422 6431
3 6441 6431 1634
3 6438 6431 6441
3 1375 6432 5396
3 6432 1634 6430
3 5396 6430 96
3 6432 6430 5396
3 1636 6441 6439
3 6441 1634 6432
3 6439 6432 1375
3 6441 6432 6439
3 420 6446 6409
3 6446 1638 6449
3 6409 6449 1628
3 6446 6449 6409
3 1638 6447 6451
3 6447 422 6438
3 6451 6438 1636
3 6447 6438 6451
3 1628 6440 6408
3 6440 1636 6437
3 6408 6437 357
3 6440 6437 6408
3 1638 6451 6449
3 6451 1636 6440
3 6449 6440 1628
3 6451 6440 6449
3 112 6420 6478
3 6420 1631 6480
3 6478 6480 1645
3 6420 6480 6478
3 1631 6421 6494
3 6421 421 6492
3 6494 6492 1648
3 6421 6492 6494
3 1645 6496 6479
3 6496 1648 6493
3 6479 6493 424
3 6496 6493 6479
3 1631 6494 6480
3 6494 1648 6496
3 6480 6496 1645
3 6494 6496 6480
3 421 6417 6423
3 6417 1630 6425
3 6423 6425 1632
3 6417 6425 6423
3 1630 6416 6418
3 6416 31 6180
3 6418 6180 1572
3 6416 6180 6418
3 1632 6424 6422
3 6424 1572 6181
3 6422 6181 407
3 6424 6181 6422
3 1630 6418 6425
3 6418 1572 6424
3 6425 6424 1632
3 6418 6424 6425
3 424 6483 6475
3 6483 1646 6486
3 6475 6486 1644
3 6483 6486 6475
3 1646 6482 6484
3 6482 407 6183
3 6484 6183 1573
3 6482 6183 6484
3 1644 6476 6474
3 6476 1573 6182
3 6474 6182 109
3 6476 6182 6474
3 1646 6484 6486
3 6484 1573 6476
3 6486 6476 1644
3 6484 6476 6486
3 421 6423 6492
3 6423 1632 6495
3 6492 6495 1648
3 6423 6495 6492
3 1632 6422 6485
3 6422 407 6482
3 6485 6482 1646
3 6422 6482 6485
3 1648 6497 6493
3 6497 1646 6483
3 6493 6483 424
3 6497 6483 6493
3 1632 6485 6495
3 6485 1646 6497
3 6495 6497 1648
3 6485 6497 6495
3 96 6184 5392
3 6184 1574 6186
3 5392 6186 1373
3 6184 6186 5392
3 1574 6185 6194
3 6185 408 6191
3 6194 6191 1576
3 6185 6191 6194
3 1373 6192 5393
3 6192 1576 6190
3 5393 6190 356
3 6192 6190 5393
3 1574 6194 6186
3 6194 1576 6192
3 6186 6192 1373
3 6194 6192 6186
3 408 6188 6196
3 6188 1575 6199
3 6196 6199 1577
3 6188 6199 6196
3 1575 6187 6189
3 6187 109 6170
3 6189 6170 1569
3 6187 6170 6189
3 1577 6197 6195
3 6197 1569 6171
3 6195 6171 406
3 6197 6171 6195
3 1575 6189 6199
3 6189 1569 6197
3 6199 6197 1577
3 6189 6197 6199
3 356 6172 5391
3 6172 1570 6174
3 5391 6174 1372
3 6172 6174 5391
3 1570 6173 6175
3 6173 406 6167
3 6175 6167 1568
3 6173 6167 6175
3 1372 6168 5390
3 6168 1568 6166
3 5390 6166 9
3 6168 6166 5390
3 1570 6175 6174
3 6175 1568 6168
3 6174 6168 1372
3 6175 6168 6174
3 408 6196 6191
3 6196 1577 6200
3 6191 6200 1576
3 6196 6200 6191
3 1577 6195 6198
3 6195 406 6173
3 6198 6173 1570
3 6195 6173 6198
3 1576 6193 6190
3 6193 1570 6172
3 6190 6172 356
3 6193 6172 6190
3 1577 6198 6200
3 6198 1570 6193
3 6200 6193 1576
3 6198 6193 6200
3 112 6478 6434
3 6478 1645 6481
3 6434 6481 1635
3 6478 6481 6434
3 1645 6479 6502
3 6479 424 6499
3 6502 6499 1649
3 6479 6499 6502
3 1635 6500 6435
3 6500 1649 6498
3 6435 6498 422
3 6500 6498 6435
3 1645 6502 6481
3 6502 1649 6500
3 6481 6500 1635
3 6502 6500 6481
3 424 6475 6488
3 6475 1644 6491
3 6488 6491 1647
3 6475 6491 6488
3 1644 6474 6477
3 6474 109 6187
3 6477 6187 1575
3 6474 6187 6477
3 1647 6489 6487
3 6489 1575 6188
3 6487 6188 408
3 6489 6188 6487
3 1644 6477 6491
3 6477 1575 6489
3 6491 6489 1647
3 6477 6489 6491
3 422 6443 6431
3 6443 1637 6445
3 6431 6445 1634
3 6443 6445 6431
3 1637 6442 6444
3 6442 408 6185
3 6444 6185 1574
3 6442 6185 6444
3 1634 6433 6430
3 6433 1574 6184
3 6430 6184 96
3 6433 6184 6430
3 1637 6444 6445
3 6444 1574 6433
3 6445 6433 1634
3 6444 6433 6445
3 424 6488 6499
3 6488 1647 6503
3 6499 6503 1649
3 6488 6503 6499
3 1647 6487 6490
3 6487 408 6442
3 6490 6442 1637
3 6487 6442 6490
3 1649 6501 6498
3 6501 1637 6443
3 6498 6443 422
3 6501 6443 6498
3 1647 6490 6503
3 6490 1637 6501
3 6503 6501 1649
3 6490 6501 6503
3 17 6218 5398
3 6218 1582 6221
3 5398 6221 1376
3 6218 6221 5398
3 1582 6219 6231
3 6219 410 6229
3 6231 6229 1585
3 6219 6229 6231
3 1376 6230 5399
3 6230 1585 6228
3 5399 6228 358
3 6230 6228 5399
3 1582 6231 6221
3 6231 1585 6230
3 6221 6230 1376
3 6231 6230 6221
3 410 6223 6274
3 6223 1583 6276
3 6274 6276 1597
3 6223 6276 6274
3 1583 6222 6268
3 6222 110 6266
3 6268 6266 1595
3 6222 6266 6268
3 1597 6278 6275
3 6278 1595 6267
3 6275 6267 413
3 6278 6267 6275
3 1583 6268 6276
3 6268 1595 6278
3 6276 6278 1597
3 6268 6278 6276
3 358 6269 5402
3 6269 1596 6271
3 5402 6271 1377
3 6269 6271 5402
3 1596 6270 6273
3 6270 413 6264
3 6273 6264 1594
3 6270 6264 6273
3 1377 6265 5401
3 6265 1594 6263
3 5401 6263 97
3 6265 6263 5401
3 1596 6273 6271
3 6273 1594 6265
3 6271 6265 1377
3 6273 6265 6271
3 410 6274 6229
3 6274 1597 6277
3 6229 6277 1585
3 6274 6277 6229
3 1597 6275 6279
3 6275 413 6270
3 6279 6270 1596
3 6275 6270 6279
3 1585 6272 6228
3 6272 1596 6269
3 6228 6269 358
3 6272 6269 6228
3 1597 6279 6277
3 6279 1596 6272
3 6277 6272 1585
3 6279 6272 6277
3 110 6235 6504
3 6235 1587 6506
3 6504 6506 1650
3 6235 6506 6504
3 1587 6236 6514
3 6236 411 6512
3 6514 6512 1652
3 6236 6512 6514
3 1650 6516 6505
3 6516 1652 6513
3 6505 6513 425
3 6516 6513 6505
3 1587 6514 6506
3 6514 1652 6516
3 6506 6516 1650
3 6514 6516 6506
3 411 6233 6426
3 6233 1586 6428
3 6426 6428 1633
3 6233 6428 6426
3 1586 6232 6419
3 6232 31 6416
3 6419 6416 1630
3 6232 6416 6419
3 1633 6429 6427
3 6429 1630 6417
3 6427 6417 421
3 6429 6417 6427
3 1586 6419 6428
3 6419 1630 6429
3 6428 6429 1633
3 6419 6429 6428
3 425 6523 6509
3 6523 1654 6526
3 6509 6526 1651
3 6523 6526 6509
3 1654 6522 6524
3 6522 421 6421
3 6524 6421 1631
3 6522 6421 6524
3 1651 6510 6508
3 6510 1631 6420
3 6508 6420 112
3 6510 6420 6508
3 1654 6524 6526
3 6524 1631 6510
3 6526 6510 1651
3 6524 6510 6526
3 411 6426 6512
3 6426 1633 6515
3 6512 6515 1652
3 6426 6515 6512
3 1633 6427 6525
3 6427 421 6522
3 6525 6522 1654
3 6427 6522 6525
3 1652 6527 6513
3 6527 1654 6523
3 6513 6523 425
3 6527 6523 6513
3 1633 6525 6515
3 6525 1654 6527
3 6515 6527 1652
3 6525 6527 6515
3 97 6452 5410
3 6452 1639 6454
3 5410 6454 1380
3 6452 6454 5410
3 1639 6453 6463
3 6453 423 6460
3 6463 6460 1641
3 6453 6460 6463
3 1380 6461 5411
3 6461 1641 6459
3 5411 6459 359
3 6461 6459 5411
3 1639 6463 6454
3 6463 1641 6461
3 6454 6461 1380
3 6463 6461 6454
3 423 6457 6469
3 6457 1640 6472
3 6469 6472 1643
3 6457 6472 6469
3 1640 6456 6458
3 6456 112 6406
3 6458 6406 1627
3 6456 6406 6458
3 1643 6470 6468
3 6470 1627 6407
3 6468 6407 420
3 6470 6407 6468
3 1640 6458 6472
3 6458 1627 6470
3 6472 6470 1643
3 6458 6470 6472
3 359 6412 5408
3 6412 1629 6414
3 5408 6414 1379
3 6412 6414 5408
3 1629 6413 6415
3 6413 420 6403
3 6415 6403 1626
3 6413 6403 6415
3 1379 6405 5407
3 6405 1626 6402
3 5407 6402 28
3 6405 6402 5407
3 1629 6415 6414
3 6415 1626 6405
3 6414 6405 1379
3 6415 6405 6414
3 423 6469 6460
3 6469 1643 6473
3 6460 6473 1641
3 6469 6473 6460
3 1643 6468 6471
3 6468 420 6413
3 6471 6413 1629
3 6468 6413 6471
3 1641 6462 6459
3 6462 1629 6412
3 6459 6412 359
3 6462 6412 6459
3 1643 6471 6473
3 6471 1629 6462
3 6473 6462 1641
3 6471 6462 6473
3 110 6504 6266
3 6504 1650 6507
3 6266 6507 1595
3 6504 6507 6266
3 1650 6505 6521
3 6505 425 6518
3 6521 6518 1653
3 6505 6518 6521
3 1595 6519 6267
3 6519 1653 6517
3 6267 6517 413
3 6519 6517 6267
3 1650 6521 6507
3 6521 1653 6519
3 6507 6519 1595
3 6521 6519 6507
3 425 6509 6529
3 6509 1651 6532
3 6529 6532 1655
3 6509 6532 6529
3 1651 6508 6511
3 6508 112 6456
3 6511 6456 1640
3 6508 6456 6511
3 1655 6530 6528
3 6530 1640 6457
3 6528 6457 423
3 6530 6457 6528
3 1651 6511 6532
3 6511 1640 6530
3 6532 6530 1655
3 6511 6530 6532
3 413 6464 6264
3 6464 1642 6466
3 6264 6466 1594
3 6464 6466 6264
3 1642 6465 6467
3 6465 423 6453
3 6467 6453 1639
3 6465 6453 6467
3 1594 6455 6263
3 6455 1639 6452
3 6263 6452 97
3 6455 6452 6263
3 1642 6467 6466
3 6467 1639 6455
3 6466 6455 1594
3 6467 6455 6466
3 425 6529 6518
3 6529 1655 6533
3 6518 6533 1653
3 6529 6533 6518
3 1655 6528 6531
3 6528 423 6465
3 6531 6465 1642
3 6528 6465 6531
3 1653 6520 6517
3 6520 1642 6464
3 6517 6464 413
3 6520 6464 6517
3 1655 6531 6533
3 6531 1642 6520
3 6533 6520 1653
3 6531 6520 6533
3 5 9138 3386
3 9138 2298 9141
3 3386 9141 862
3 9138 9141 3386
3 2298 9139 9151
3 9139 582 9149
3 9151 9149 2301
3 9139 9149 9151
3 862 9150 3387
3 9150 2301 9148
3 3387 9148 224
3 9150 9148 3387
3 2298 9151 9141
3 9151 2301 9150
3 9141 9150 862
3 9151 9150 9141
3 582 9143 9184
3 9143 2299 9186
3 9184 9186 2311
3 9143 9186 9184
3 2299 9142 9178
3 9142 150 9176
3 9178 9176 2309
3 9142 9176 9178
3 2311 9188 9185
3 9188 2309 9177
3 9185 9177 585
3 9188 9177 9185
3 2299 9178 9186
3 9178 2309 9188
3 9186 9188 2311
3 9178 9188 9186
3 224 9179 3389
3 9179 2310 9181
3 3389 9181 863
3 9179 9181 3389
3 2310 9180 9183
3 9180 585 9174
3 9183 9174 2308
3 9180 9174 9183
3 863 9175 3388
3 9175 2308 9173
3 3388 9173 61
3 9175 9173 3388
3 2310 9183 9181
3 9183 2308 9175
3 9181 9175 863
3 9183 9175 9181
3 582 9184 9149
3 9184 2311 9187
3 9149 9187 2301
3 9184 9187 9149
3 2311 9185 9189
3 9185 585 9180
3 9189 9180 2310
3 9185 9180 9189
3 2301 9182 9148
3 9182 2310 9179
3 9148 9179 224
3 9182 9179 9148
3 2311 9189 9187
3 9189 2310 9182
3 9187 9182 2301
3 9189 9182 9187
3 150 9154 9396
3 9154 2303 9398
3 9396 9398 2364
3 9154 9398 9396
3 2303 9155 9406
3 9155 583 9404
3 9406 9404 2366
3 9155 9404 9406
3 2364 9408 9397
3 9408 2366 9405
3 9397 9405 599
3 9408 9405 9397
3 2303 9406 9398
3 9406 2366 9408
3 9398 9408 2364
3 9406 9408 9398
3 583 9153 9353
3 9153 2302 9355
3 9353 9355 2354
3 9153 9355 9353
3 2302 9152 9350
3 9152 40 9348
3 9350 9348 2352
3 9152 9348 9350
3 2354 9356 9354
3 9356 2352 9349
3 9354 9349 596
3 9356 9349 9354
3 2302 9350 9355
3 9350 2352 9356
3 9355 9356 2354
3 9350 9356 9355
3 599 9415 9401
3 9415 2368 9418
3 9401 9418 2365
3 9415 9418 9401
3 2368 9414 9416
3 9414 596 9352
3 9416 9352 2353
3 9414 9352 9416
3 2365 9402 9400
3 9402 2353 9351
3 9400 9351 153
3 9402 9351 9400
3 2368 9416 9418
3 9416 2353 9402
3 9418 9402 2365
3 9416 9402 9418
3 583 9353 9404
3 9353 2354 9407
3 9404 9407 2366
3 9353 9407 9404
3 2354 9354 9417
3 9354 596 9414
3 9417 9414 2368
3 9354 9414 9417
3 2366 9419 9405
3 9419 2368 9415
3 9405 9415 599
3 9419 9415 9405
3 2354 9417 9407
3 9417 2368 9419
3 9407 9419 2366
3 9417 9419 9407
3 61 9357 3392
3 9357 2355 9359
3 3392 9359 865
3 9357 9359 3392
3 2355 9358 9368
3 9358 597 9365
3 9368 9365 2357
3 9358 9365 9368
3 865 9366 3393
3 9366 2357 9364
3 3393 9364 225
3 9366 9364 3393
3 2355 9368 9359
3 9368 2357 9366
3 9359 9366 865
3 9368 9366 9359
3 597 9362 9374
3 9362 2356 9377
3 9374 9377 2359
3 9362 9377 9374
3 2356 9361 9363
3 9361 153 9338
3 9363 9338 2349
3 9361 9338 9363
3 2359 9375 9373
3 9375 2349 9339
3 9373 9339 595
3 9375 9339 9373
3 2356 9363 9377
3 9363 2349 9375
3 9377 9375 2359
3 9363 9375 9377
3 225 9340 3391
3 9340 2350 9342
3 3391 9342 864
3 9340 9342 3391
3 2350 9341 9343
3 9341 595 9335
3 9343 9335 2348
3 9341 9335 9343
3 864 9336 3390
3 9336 2348 9334
3 3390 9334 18
3 9336 9334 3390
3 2350 9343 9342
3 9343 2348 9336
3 9342 9336 864
3 9343 9336 9342
3 597 9374 9365
3 9374 2359 9378
3 9365 9378 2357
3 9374 9378 9365
3 2359 9373 9376
3 9373 595 9341
3 9376 9341 2350
3 9373 9341 9376
3 2357 9367 9364
3 9367 2350 9340
3 9364 9340 225
3 9367 9340 9364
3 2359 9376 9378
3 9376 2350 9367
3 9378 9367 2357
3 9376 9367 9378
3 150 9396 9176
3 9396 2364 9399
3 9176 9399 2309
3 9396 9399 9176
3 2364 9397 9413
3 9397 599 9410
3 9413 9410 2367
3 9397 9410 9413
3 2309 9411 9177
3 9411 2367 9409
3 9177 9409 585
3 9411 9409 9177
3 2364 9413 9399
3 9413 2367 9411
3 9399 9411 2309
3 9413 9411 9399
3 599 9401 9421
3 9401 2365 9424
3 9421 9424 2369
3 9401 9424 9421
3 2365 9400 9403
3 9400 153 9361
3 9403 9361 2356
3 9400 9361 9403
3 2369 9422 9420
3 9422 2356 9362
3 9420 9362 597
3 9422 9362 9420
3 2365 9403 9424
3 9403 2356 9422
3 9424 9422 2369
3 9403 9422 9424
3 585 9369 9174
3 9369 2358 9371
3 9174 9371 2308
3 9369 9371 9174
3 2358 9370 9372
3 9370 597 9358
3 9372 9358 2355
3 9370 9358 9372
3 2308 9360 9173
3 9360 2355 9357
3 9173 9357 61
3 9360 9357 9173
3 2358 9372 9371
3 9372 2355 9360
3 9371 9360 2308
3 9372 9360 9371
3 599 9421 9410
3 9421 2369 9425
3 9410 9425 2367
3 9421 9425 9410
3 2369 9420 9423
3 9420 597 9370
3 9423 9370 2358
3 9420 9370 9423
3 2367 9412 9409
3 9412 2358 9369
3 9409 9369 585
3 9412 9369 9409
3 2369 9423 9425
3 9423 2358 9412
3 9425 9412 2367
3 9423 9412 9425
3 40 9204 9572
3 9204 2316 9574
3 9572 9574 2404
3 9204 9574 9572
3 2316 9205 9580
3 9205 587 9578
3 9580 9578 2406
3 9205 9578 9580
3 2404 9581 9573
3 9581 2406 9579
3 9573 9579 607
3 9581 9579 9573
3 2316 9580 9574
3 9580 2406 9581
3 9574 9581 2404
3 9580 9581 9574
3 587 9207 9638
3 9207 2317 9640
3 9638 9640 2420
3 9207 9640 9638
3 2317 9206 9632
3 9206 151 9630
3 9632 9630 2418
3 9206 9630 9632
3 2420 9642 9639
3 9642 2418 9631
3 9639 9631 610
3 9642 9631 9639
3 2317 9632 9640
3 9632 2418 9642
3 9640 9642 2420
3 9632 9642 9640
3 607 9648 9577
3 9648 2422 9650
3 9577 9650 2405
3 9648 9650 9577
3 2422 9649 9652
3 9649 610 9635
3 9652 9635 2419
3 9649 9635 9652
3 2405 9636 9576
3 9636 2419 9634
3 9576 9634 155
3 9636 9634 9576
3 2422 9652 9650
3 9652 2419 9636
3 9650 9636 2405
3 9652 9636 9650
3 587 9638 9578
3 9638 2420 9641
3 9578 9641 2406
3 9638 9641 9578
3 2420 9639 9653
3 9639 610 9649
3 9653 9649 2422
3 9639 9649 9653
3 2406 9651 9579
3 9651 2422 9648
3 9579 9648 607
3 9651 9648 9579
3 2420 9653 9641
3 9653 2422 9651
3 9641 9651 2406
3 9653 9651 9641
3 151 9194 9228
3 9194 2313 9230
3 9228 9230 2323
3 9194 9230 9228
3 2313 9195 9238
3 9195 586 9236
3 9238 9236 2325
3 9195 9236 9238
3 2323 9240 9229
3 9240 2325 9237
3 9229 9237 589
3 9240 9237 9229
3 2313 9238 9230
3 9238 2325 9240
3 9230 9240 2323
3 9238 9240 9230
3 586 9191 9201
3 9191 2312 9203
3 9201 9203 2315
3 9191 9203 9201
3 2312 9190 9193
3 9190 11 8814
3 9193 8814 2220
3 9190 8814 9193
3 2315 9202 9200
3 9202 2220 8815
3 9200 8815 564
3 9202 8815 9200
3 2312 9193 9203
3 9193 2220 9202
3 9203 9202 2315
3 9193 9202 9203
3 589 9232 9226
3 9232 2324 9235
3 9226 9235 2322
3 9232 9235 9226
3 2324 9231 9233
3 9231 564 8818
3 9233 8818 2221
3 9231 8818 9233
3 2322 9227 9225
3 9227 2221 8817
3 9225 8817 146
3 9227 8817 9225
3 2324 9233 9235
3 9233 2221 9227
3 9235 9227 2322
3 9233 9227 9235
3 586 9201 9236
3 9201 2315 9239
3 9236 9239 2325
3 9201 9239 9236
3 2315 9200 9234
3 9200 564 9231
3 9234 9231 2324
3 9200 9231 9234
3 2325 9241 9237
3 9241 2324 9232
3 9237 9232 589
3 9241 9232 9237
3 2315 9234 9239
3 9234 2324 9241
3 9239 9241 2325
3 9234 9241 9239
3 155 9590 9562
3 9590 2409 9592
3 9562 9592 2401
3 9590 9592 9562
3 2409 9591 9606
3 9591 608 9603
3 9606 9603 2412
3 9591 9603 9606
3 2401 9604 9563
3 9604 2412 9602
3 9563 9602 606
3 9604 9602 9563
3 2409 9606 9592
3 9606 2412 9604
3 9592 9604 2401
3 9606 9604 9592
3 608 9587 9594
3 9587 2408 9597
3 9594 9597 2410
3 9587 9597 9594
3 2408 9586 9588
3 9586 146 8825
3 9588 8825 2224
3 9586 8825 9588
3 2410 9595 9593
3 9595 2224 8826
3 9593 8826 565
3 9595 8826 9593
3 2408 9588 9597
3 9588 2224 9595
3 9597 9595 2410
3 9588 9595 9597
3 606 9565 9559
3 9565 2402 9567
3 9559 9567 2400
3 9565 9567 9559
3 2402 9564 9566
3 9564 565 8824
3 9566 8824 2223
3 9564 8824 9566
3 2400 9560 9558
3 9560 2223 8823
3 9558 8823 39
3 9560 8823 9558
3 2402 9566 9567
3 9566 2223 9560
3 9567 9560 2400
3 9566 9560 9567
3 608 9594 9603
3 9594 2410 9607
3 9603 9607 2412
3 9594 9607 9603
3 2410 9593 9596
3 9593 565 9564
3 9596 9564 2402
3 9593 9564 9596
3 2412 9605 9602
3 9605 2402 9565
3 9602 9565 606
3 9605 9565 9602
3 2410 9596 9607
3 9596 2402 9605
3 9607 9605 2412
3 9596 9605 9607
3 151 9228 9630
3 9228 2323 9633
3 9630 9633 2418
3 9228 9633 9630
3 2323 9229 9645
3 9229 589 9643
3 9645 9643 2421
3 9229 9643 9645
3 2418 9647 9631
3 9647 2421 9644
3 9631 9644 610
3 9647 9644 9631
3 2323 9645 9633
3 9645 2421 9647
3 9633 9647 2418
3 9645 9647 9633
3 589 9226 9598
3 9226 2322 9600
3 9598 9600 2411
3 9226 9600 9598
3 2322 9225 9589
3 9225 146 9586
3 9589 9586 2408
3 9225 9586 9589
3 2411 9601 9599
3 9601 2408 9587
3 9599 9587 608
3 9601 9587 9599
3 2322 9589 9600
3 9589 2408 9601
3 9600 9601 2411
3 9589 9601 9600
3 610 9655 9635
3 9655 2423 9658
3 9635 9658 2419
3 9655 9658 9635
3 2423 9654 9656
3 9654 608 9591
3 9656 9591 2409
3 9654 9591 9656
3 2419 9637 9634
3 9637 2409 9590
3 9634 9590 155
3 9637 9590 9634
3 2423 9656 9658
3 9656 2409 9637
3 9658 9637 2419
3 9656 9637 9658
3 589 9598 9643
3 9598 2411 9646
3 9643 9646 2421
3 9598 9646 9643
3 2411 9599 9657
3 9599 608 9654
3 9657 9654 2423
3 9599 9654 9657
3 2421 9659 9644
3 9659 2423 9655
3 9644 9655 610
3 9659 9655 9644
3 2411 9657 9646
3 9657 2423 9659
3 9646 9659 2421
3 9657 9659 9646
3 18 8936 3382
3 8936 2251 8938
3 3382 8938 860
3 8936 8938 3382
3 2251 8937 8944
3 8937 572 8942
3 8944 8942 2253
3 8937 8942 8944
3 860 8943 3383
3 8943 2253 8941
3 3383 8941 223
3 8943 8941 3383
3 2251 8944 8938
3 8944 2253 8943
3 8938 8943 860
3 8944 8943 8938
3 572 8940 8970
3 8940 2252 8972
3 8970 8972 2261
3 8940 8972 8970
3 2252 8939 8960
3 8939 148 8958
3 8960 8958 2258
3 8939 8958 8960
3 2261 8974 8971
3 8974 2258 8959
3 8971 8959 574
3 8974 8959 8971
3 2252 8960 8972
3 8960 2258 8974
3 8972 8974 2261
3 8960 8974 8972
3 223 8961 3385
3 8961 2259 8963
3 3385 8963 861
3 8961 8963 3385
3 2259 8962 8965
3 8962 574 8955
3 8965 8955 2257
3 8962 8955 8965
3 861 8956 3384
3 8956 2257 8954
3 3384 8954 60
3 8956 8954 3384
3 2259 8965 8963
3 8965 2257 8956
3 8963 8956 861
3 8965 8956 8963
3 572 8970 8942
3 8970 2261 8973
3 8942 8973 2253
3 8970 8973 8942
3 2261 8971 8975
3 8971 574 8962
3 8975 8962 2259
3 8971 8962 8975
3 2253 8964 8941
3 8964 2259 8961
3 8941 8961 223
3 8964 8961 8941
3 2261 8975 8973
3 8975 2259 8964
3 8973 8964 2253
3 8975 8964 8973
3 148 8948 8980
3 8948 2255 8982
3 8980 8982 2263
3 8948 8982 8980
3 2255 8949 8996
3 8949 573 8994
3 8996 8994 2266
3 8949 8994 8996
3 2263 8998 8981
3 8998 2266 8995
3 8981 8995 575
3 8998 8995 8981
3 2255 8996 8982
3 8996 2266 8998
3 8982 8998 2263
3 8996 8998 8982
3 573 8946 8951
3 8946 2254 8953
3 8951 8953 2256
3 8946 8953 8951
3 2254 8945 8947
3 8945 39 8776
3 8947 8776 2210
3 8945 8776 8947
3 2256 8952 8950
3 8952 2210 8777
3 8950 8777 561
3 8952 8777 8950
3 2254 8947 8953
3 8947 2210 8952
3 8953 8952 2256
3 8947 8952 8953
3 575 8985 8977
3 8985 2264 8988
3 8977 8988 2262
3 8985 8988 8977
3 2264 8984 8986
3 8984 561 8779
3 8986 8779 2211
3 8984 8779 8986
3 2262 8978 8976
3 8978 2211 8778
3 8976 8778 145
3 8978 8778 8976
3 2264 8986 8988
3 8986 2211 8978
3 8988 8978 2262
3 8986 8978 8988
3 573 8951 8994
3 8951 2256 8997
3 8994 8997 2266
3 8951 8997 8994
3 2256 8950 8987
3 8950 561 8984
3 8987 8984 2264
3 8950 8984 8987
3 2266 8999 8995
3 8999 2264 8985
3 8995 8985 575
3 8999 8985 8995
3 2256 8987 8997
3 8987 2264 8999
3 8997 8999 2266
3 8987 8999 8997
3 60 8797 3380
3 8797 2216 8799
3 3380 8799 859
3 8797 8799 3380
3 2216 8798 8807
3 8798 563 8804
3 8807 8804 2218
3 8798 8804 8807
3 859 8805 3381
3 8805 2218 8803
3 3381 8803 222
3 8805 8803 3381
3 2216 8807 8799
3 8807 2218 8805
3 8799 8805 859
3 8807 8805 8799
3 563 8801 8809
3 8801 2217 8812
3 8809 8812 2219
3 8801 8812 8809
3 2217 8800 8802
3 8800 145 8766
3 8802 8766 2207
3 8800 8766 8802
3 2219 8810 8808
3 8810 2207 8767
3 8808 8767 560
3 8810 8767 8808
3 2217 8802 8812
3 8802 2207 8810
3 8812 8810 2219
3 8802 8810 8812
3 222 8772 3379
3 8772 2209 8774
3 3379 8774 858
3 8772 8774 3379
3 2209 8773 8775
3 8773 560 8763
3 8775 8763 2206
3 8773 8763 8775
3 858 8765 3378
3 8765 2206 8762
3 3378 8762 4
3 8765 8762 3378
3 2209 8775 8774
3 8775 2206 8765
3 8774 8765 858
3 8775 8765 8774
3 563 8809 8804
3 8809 2219 8813
3 8804 8813 2218
3 8809 8813 8804
3 2219 8808 8811
3 8808 560 8773
3 8811 8773 2209
3 8808 8773 8811
3 2218 8806 8803
3 8806 2209 8772
3 8803 8772 222
3 8806 8772 8803
3 2219 8811 8813
3 8811 2209 8806
3 8813 8806 2218
3 8811 8806 8813
3 148 8980 8958
3 8980 2263 8983
3 8958 8983 2258
3 8980 8983 8958
3 2263 8981 9004
3 8981 575 9001
3 9004 9001 2267
3 8981 9001 9004
3 2258 9002 8959
3 9002 2267 9000
3 8959 9000 574
3 9002 9000 8959
3 2263 9004 8983
3 9004 2267 9002
3 8983 9002 2258
3 9004 9002 8983
3 575 8977 8990
3 8977 2262 8993
3 8990 8993 2265
3 8977 8993 8990
3 2262 8976 8979
3 8976 145 8800
3 8979 8800 2217
3 8976 8800 8979
3 2265 8991 8989
3 8991 2217 8801
3 8989 8801 563
3 8991 8801 8989
3 2262 8979 8993
3 8979 2217 8991
3 8993 8991 2265
3 8979 8991 8993
3 574 8967 8955
3 8967 2260 8969
3 8955 8969 2257
3 8967 8969 8955
3 2260 8966 8968
3 8966 563 8798
3 8968 8798 2216
3 8966 8798 8968
3 2257 8957 8954
3 8957 2216 8797
3 8954 8797 60
3 8957 8797 8954
3 2260 8968 8969
3 8968 2216 8957
3 8969 8957 2257
3 8968 8957 8969
3 575 8990 9001
3 8990 2265 9005
3 9001 9005 2267
3 8990 9005 9001
3 2265 8989 8992
3 8989 563 8966
3 8992 8966 2260
3 8989 8966 8992
3 2267 9003 9000
3 9003 2260 8967
3 9000 8967 574
3 9003 8967 9000
3 2265 8992 9005
3 8992 2260 9003
3 9005 9003 2267
3 8992 9003 9005
3 40 9572 9348
3 9572 2404 9575
3 9348 9575 2352
3 9572 9575 9348
3 2404 9573 9585
3 9573 607 9583
3 9585 9583 2407
3 9573 9583 9585
3 2352 9584 9349
3 9584 2407 9582
3 9349 9582 596
3 9584 9582 9349
3 2404 9585 9575
3 9585 2407 9584
3 9575 9584 2352
3 9585 9584 9575
3 607 9577 9678
3 9577 2405 9680
3 9678 9680 2428
3 9577 9680 9678
3 2405 9576 9666
3 9576 155 9664
3 9666 9664 2425
3 9576 9664 9666
3 2428 9682 9679
3 9682 2425 9665
3 9679 9665 611
3 9682 9665 9679
3 2405 9666 9680
3 9666 2425 9682
3 9680 9682 2428
3 9666 9682 9680
3 596 9668 9352
3 9668 2426 9670
3 9352 9670 2353
3 9668 9670 9352
3 2426 9669 9672
3 9669 611 9661
3 9672 9661 2424
3 9669 9661 9672
3 2353 9662 9351
3 9662 2424 9660
3 9351 9660 153
3 9662 9660 9351
3 2426 9672 9670
3 9672 2424 9662
3 9670 9662 2353
3 9672 9662 9670
3 607 9678 9583
3 9678 2428 9681
3 9583 9681 2407
3 9678 9681 9583
3 2428 9679 9683
3 9679 611 9669
3 9683 9669 2426
3 9679 9669 9683
3 2407 9671 9582
3 9671 2426 9668
3 9582 9668 596
3 9671 9668 9582
3 2428 9683 9681
3 9683 2426 9671
3 9681 9671 2407
3 9683 9671 9681
3 155 9562 9612
3 9562 2401 9614
3 9612 9614 2414
3 9562 9614 9612
3 2401 9563 9626
3 9563 606 9624
3 9626 9624 2417
3 9563 9624 9626
3 2414 9628 9613
3 9628 2417 9625
3 9613 9625 609
3 9628 9625 9613
3 2401 9626 9614
3 9626 2417 9628
3 9614 9628 2414
3 9626 9628 9614
3 606 9559 9569
3 9559 2400 9571
3 9569 9571 2403
3 9559 9571 9569
3 2400 9558 9561
3 9558 39 8945
3 9561 8945 2254
3 9558 8945 9561
3 2403 9570 9568
3 9570 2254 8946
3 9568 8946 573
3 9570 8946 9568
3 2400 9561 9571
3 9561 2254 9570
3 9571 9570 2403
3 9561 9570 9571
3 609 9616 9609
3 9616 2415 9619
3 9609 9619 2413
3 9616 9619 9609
3 2415 9615 9617
3 9615 573 8949
3 9617 8949 2255
3 9615 8949 9617
3 2413 9610 9608
3 9610 2255 8948
3 9608 8948 148
3 9610 8948 9608
3 2415 9617 9619
3 9617 2255 9610
3 9619 9610 2413
3 9617 9610 9619
3 606 9569 9624
3 9569 2403 9627
3 9624 9627 2417
3 9569 9627 9624
3 2403 9568 9618
3 9568 573 9615
3 9618 9615 2415
3 9568 9615 9618
3 2417 9629 9625
3 9629 2415 9616
3 9625 9616 609
3 9629 9616 9625
3 2403 9618 9627
3 9618 2415 9629
3 9627 9629 2417
3 9618 9629 9627
3 153 9382 9338
3 9382 2361 9384
3 9338 9384 2349
3 9382 9384 9338
3 2361 9383 9394
3 9383 598 9391
3 9394 9391 2363
3 9383 9391 9394
3 2349 9392 9339
3 9392 2363 9390
3 9339 9390 595
3 9392 9390 9339
3 2361 9394 9384
3 9394 2363 9392
3 9384 9392 2349
3 9394 9392 9384
3 598 9380 9386
3 9380 2360 9389
3 9386 9389 2362
3 9380 9389 9386
3 2360 9379 9381
3 9379 148 8939
3 9381 8939 2252
3 9379 8939 9381
3 2362 9387 9385
3 9387 2252 8940
3 9385 8940 572
3 9387 8940 9385
3 2360 9381 9389
3 9381 2252 9387
3 9389 9387 2362
3 9381 9387 9389
3 595 9345 9335
3 9345 2351 9347
3 9335 9347 2348
3 9345 9347 9335
3 2351 9344 9346
3 9344 572 8937
3 9346 8937 2251
3 9344 8937 9346
3 2348 9337 9334
3 9337 2251 8936
3 9334 8936 18
3 9337 8936 9334
3 2351 9346 9347
3 9346 2251 9337
3 9347 9337 2348
3 9346 9337 9347
3 598 9386 9391
3 9386 2362 9395
3 9391 9395 2363
3 9386 9395 9391
3 2362 9385 9388
3 9385 572 9344
3 9388 9344 2351
3 9385 9344 9388
3 2363 9393 9390
3 9393 2351 9345
3 9390 9345 595
3 9393 9345 9390
3 2362 9388 9395
3 9388 2351 9393
3 9395 9393 2363
3 9388 9393 9395
3 155 9612 9664
3 9612 2414 9667
3 9664 9667 2425
3 9612 9667 9664
3 2414 9613 9686
3 9613 609 9684
3 9686 9684 2429
3 9613 9684 9686
3 2425 9688 9665
3 9688 2429 9685
3 9665 9685 611
3 9688 9685 9665
3 2414 9686 9667
3 9686 2429 9688
3 9667 9688 2425
3 9686 9688 9667
3 609 9609 9621
3 9609 2413 9623
3 9621 9623 2416
3 9609 9623 9621
3 2413 9608 9611
3 9608 148 9379
3 9611 9379 2360
3 9608 9379 9611
3 2416 9622 9620
3 9622 2360 9380
3 9620 9380 598
3 9622 9380 9620
3 2413 9611 9623
3 9611 2360 9622
3 9623 9622 2416
3 9611 9622 9623
3 611 9674 9661
3 9674 2427 9677
3 9661 9677 2424
3 9674 9677 9661
3 2427 9673 9675
3 9673 598 9383
3 9675 9383 2361
3 9673 9383 9675
3 2424 9663 9660
3 9663 2361 9382
3 9660 9382 153
3 9663 9382 9660
3 2427 9675 9677
3 9675 2361 9663
3 9677 9663 2424
3 9675 9663 9677
3 609 9621 9684
3 9621 2416 9687
3 9684 9687 2429
3 9621 9687 9684
3 2416 9620 9676
3 9620 598 9673
3 9676 9673 2427
3 9620 9673 9676
3 2429 9689 9685
3 9689 2427 9674
3 9685 9674 611
3 9689 9674 9685
3 2416 9676 9687
3 9676 2427 9689
3 9687 9689 2429
3 9676 9689 9687
3 11 9742 8614
3 9742 2444 9745
3 8614 9745 2168
3 9742 9745 8614
3 2444 9743 9755
3 9743 616 9753
3 9755 9753 2447
3 9743 9753 9755
3 2168 9754 8615
3 9754 2447 9752
3 8615 9752 550
3 9754 9752 8615
3 2444 9755 9745
3 9755 2447 9754
3 9745 9754 2168
3 9755 9754 9745
3 616 9747 9788
3 9747 2445 9790
3 9788 9790 2457
3 9747 9790 9788
3 2445 9746 9782
3 9746 157 9780
3 9782 9780 2455
3 9746 9780 9782
3 2457 9792 9789
3 9792 2455 9781
3 9789 9781 619
3 9792 9781 9789
3 2445 9782 9790
3 9782 2455 9792
3 9790 9792 2457
3 9782 9792 9790
3 550 9783 8617
3 9783 2456 9785
3 8617 9785 2169
3 9783 9785 8617
3 2456 9784 9787
3 9784 619 9778
3 9787 9778 2454
3 9784 9778 9787
3 2169 9779 8616
3 9779 2454 9777
3 8616 9777 142
3 9779 9777 8616
3 2456 9787 9785
3 9787 2454 9779
3 9785 9779 2169
3 9787 9779 9785
3 616 9788 9753
3 9788 2457 9791
3 9753 9791 2447
3 9788 9791 9753
3 2457 9789 9793
3 9789 619 9784
3 9793 9784 2456
3 9789 9784 9793
3 2447 9786 9752
3 9786 2456 9783
3 9752 9783 550
3 9786 9783 9752
3 2457 9793 9791
3 9793 2456 9786
3 9791 9786 2447
3 9793 9786 9791
3 157 9758 10182
3 9758 2449 10184
3 10182 10184 2550
3 9758 10184 10182
3 2449 9759 10192
3 9759 617 10190
3 10192 10190 2552
3 9759 10190 10192
3 2550 10194 10183
3 10194 2552 10191
3 10183 10191 640
3 10194 10191 10183
3 2449 10192 10184
3 10192 2552 10194
3 10184 10194 2550
3 10192 10194 10184
3 617 9757 10130
3 9757 2448 10132
3 10130 10132 2538
3 9757 10132 10130
3 2448 9756 10126
3 9756 41 10124
3 10126 10124 2536
3 9756 10124 10126
3 2538 10133 10131
3 10133 2536 10125
3 10131 10125 637
3 10133 10125 10131
3 2448 10126 10132
3 10126 2536 10133
3 10132 10133 2538
3 10126 10133 10132
3 640 10201 10187
3 10201 2554 10204
3 10187 10204 2551
3 10201 10204 10187
3 2554 10200 10202
3 10200 637 10129
3 10202 10129 2537
3 10200 10129 10202
3 2551 10188 10186
3 10188 2537 10128
3 10186 10128 161
3 10188 10128 10186
3 2554 10202 10204
3 10202 2537 10188
3 10204 10188 2551
3 10202 10188 10204
3 617 10130 10190
3 10130 2538 10193
3 10190 10193 2552
3 10130 10193 10190
3 2538 10131 10203
3 10131 637 10200
3 10203 10200 2554
3 10131 10200 10203
3 2552 10205 10191
3 10205 2554 10201
3 10191 10201 640
3 10205 10201 10191
3 2538 10203 10193
3 10203 2554 10205
3 10193 10205 2552
3 10203 10205 10193
3 142 10138 8620
3 10138 2540 10140
3 8620 10140 2171
3 10138 10140 8620
3 2540 10139 10149
3 10139 638 10146
3 10149 10146 2542
3 10139 10146 10149
3 2171 10147 8621
3 10147 2542 10145
3 8621 10145 551
3 10147 10145 8621
3 2540 10149 10140
3 10149 2542 10147
3 10140 10147 2171
3 10149 10147 10140
3 638 10143 10155
3 10143 2541 10158
3 10155 10158 2544
3 10143 10158 10155
3 2541 10142 10144
3 10142 161 10114
3 10144 10114 2533
3 10142 10114 10144
3 2544 10156 10154
3 10156 2533 10115
3 10154 10115 636
3 10156 10115 10154
3 2541 10144 10158
3 10144 2533 10156
3 10158 10156 2544
3 10144 10156 10158
3 551 10116 8619
3 10116 2534 10118
3 8619 10118 2170
3 10116 10118 8619
3 2534 10117 10119
3 10117 636 10111
3 10119 10111 2532
3 10117 10111 10119
3 2170 10112 8618
3 10112 2532 10110
3 8618 10110 38
3 10112 10110 8618
3 2534 10119 10118
3 10119 2532 10112
3 10118 10112 2170
3 10119 10112 10118
3 638 10155 10146
3 10155 2544 10159
3 10146 10159 2542
3 10155 10159 10146
3 2544 10154 10157
3 10154 636 10117
3 10157 10117 2534
3 10154 10117 10157
3 2542 10148 10145
3 10148 2534 10116
3 10145 10116 551
3 10148 10116 10145
3 2544 10157 10159
3 10157 2534 10148
3 10159 10148 2542
3 10157 10148 10159
3 157 10182 9780
3 10182 2550 10185
3 9780 10185 2455
3 10182 10185 9780
3 2550 10183 10199
3 10183 640 10196
3 10199 10196 2553
3 10183 10196 10199
3 2455 10197 9781
3 10197 2553 10195
3 9781 10195 619
3 10197 10195 9781
3 2550 10199 10185
3 10199 2553 10197
3 10185 10197 2455
3 10199 10197 10185
3 640 10187 10207
3 10187 2551 10210
3 10207 10210 2555
3 10187 10210 10207
3 2551 10186 10189
3 10186 161 10142
3 10189 10142 2541
3 10186 10142 10189
3 2555 10208 10206
3 10208 2541 10143
3 10206 10143 638
3 10208 10143 10206
3 2551 10189 10210
3 10189 2541 10208
3 10210 10208 2555
3 10189 10208 10210
3 619 10150 9778
3 10150 2543 10152
3 9778 10152 2454
3 10150 10152 9778
3 2543 10151 10153
3 10151 638 10139
3 10153 10139 2540
3 10151 10139 10153
3 2454 10141 9777
3 10141 2540 10138
3 9777 10138 142
3 10141 10138 9777
3 2543 10153 10152
3 10153 2540 10141
3 10152 10141 2454
3 10153 10141 10152
3 640 10207 10196
3 10207 2555 10211
3 10196 10211 2553
3 10207 10211 10196
3 2555 10206 10209
3 10206 638 10151
3 10209 10151 2543
3 10206 10151 10209
3 2553 10198 10195
3 10198 2543 10150
3 10195 10150 619
3 10198 10150 10195
3 2555 10209 10211
3 10209 2543 10198
3 10211 10198 2553
3 10209 10198 10211
3 41 9704 9900
3 9704 2434 9902
3 9900 9902 2484
3 9704 9902 9900
3 2434 9705 9907
3 9705 613 9905
3 9907 9905 2486
3 9705 9905 9907
3 2484 9908 9901
3 9908 2486 9906
3 9901 9906 626
3 9908 9906 9901
3 2434 9907 9902
3 9907 2486 9908
3 9902 9908 2484
3 9907 9908 9902
3 613 9707 9956
3 9707 2435 9958
3 9956 9958 2498
3 9707 9958 9956
3 2435 9706 9950
3 9706 156 9948
3 9950 9948 2496
3 9706 9948 9950
3 2498 9960 9957
3 9960 2496 9949
3 9957 9949 629
3 9960 9949 9957
3 2435 9950 9958
3 9950 2496 9960
3 9958 9960 2498
3 9950 9960 9958
3 626 9966 9904
3 9966 2500 9968
3 9904 9968 2485
3 9966 9968 9904
3 2500 9967 9970
3 9967 629 9953
3 9970 9953 2497
3 9967 9953 9970
3 2485 9954 9903
3 9954 2497 9952
3 9903 9952 159
3 9954 9952 9903
3 2500 9970 9968
3 9970 2497 9954
3 9968 9954 2485
3 9970 9954 9968
3 613 9956 9905
3 9956 2498 9959
3 9905 9959 2486
3 9956 9959 9905
3 2498 9957 9971
3 9957 629 9967
3 9971 9967 2500
3 9957 9967 9971
3 2486 9969 9906
3 9969 2500 9966
3 9906 9966 626
3 9969 9966 9906
3 2498 9971 9959
3 9971 2500 9969
3 9959 9969 2486
3 9971 9969 9959
3 156 9694 9728
3 9694 2431 9730
3 9728 9730 2441
3 9694 9730 9728
3 2431 9695 9738
3 9695 612 9736
3 9738 9736 2443
3 9695 9736 9738
3 2441 9740 9729
3 9740 2443 9737
3 9729 9737 615
3 9740 9737 9729
3 2431 9738 9730
3 9738 2443 9740
3 9730 9740 2441
3 9738 9740 9730
3 612 9691 9701
3 9691 2430 9703
3 9701 9703 2433
3 9691 9703 9701
3 2430 9690 9693
3 9690 10 7356
3 9693 7356 1857
3 9690 7356 9693
3 2433 9702 9700
3 9702 1857 7357
3 9700 7357 474
3 9702 7357 9700
3 2430 9693 9703
3 9693 1857 9702
3 9703 9702 2433
3 9693 9702 9703
3 615 9732 9726
3 9732 2442 9735
3 9726 9735 2440
3 9732 9735 9726
3 2442 9731 9733
3 9731 474 7359
3 9733 7359 1858
3 9731 7359 9733
3 2440 9727 9725
3 9727 1858 7358
3 9725 7358 124
3 9727 7358 9725
3 2442 9733 9735
3 9733 1858 9727
3 9735 9727 2440
3 9733 9727 9735
3 612 9701 9736
3 9701 2433 9739
3 9736 9739 2443
3 9701 9739 9736
3 2433 9700 9734
3 9700 474 9731
3 9734 9731 2442
3 9700 9731 9734
3 2443 9741 9737
3 9741 2442 9732
3 9737 9732 615
3 9741 9732 9737
3 2433 9734 9739
3 9734 2442 9741
3 9739 9741 2443
3 9734 9741 9739
3 159 9913 9890
3 9913 2488 9915
3 9890 9915 2481
3 9913 9915 9890
3 2488 9914 9929
3 9914 627 9926
3 9929 9926 2491
3 9914 9926 9929
3 2481 9927 9891
3 9927 2491 9925
3 9891 9925 625
3 9927 9925 9891
3 2488 9929 9915
3 9929 2491 9927
3 9915 9927 2481
3 9929 9927 9915
3 627 9910 9917
3 9910 2487 9920
3 9917 9920 2489
3 9910 9920 9917
3 2487 9909 9911
3 9909 124 7362
3 9911 7362 1860
3 9909 7362 9911
3 2489 9918 9916
3 9918 1860 7363
3 9916 7363 475
3 9918 7363 9916
3 2487 9911 9920
3 9911 1860 9918
3 9920 9918 2489
3 9911 9918 9920
3 625 9893 9887
3 9893 2482 9895
3 9887 9895 2480
3 9893 9895 9887
3 2482 9892 9894
3 9892 475 7361
3 9894 7361 1859
3 9892 7361 9894
3 2480 9888 9886
3 9888 1859 7360
3 9886 7360 34
3 9888 7360 9886
3 2482 9894 9895
3 9894 1859 9888
3 9895 9888 2480
3 9894 9888 9895
3 627 9917 9926
3 9917 2489 9930
3 9926 9930 2491
3 9917 9930 9926
3 2489 9916 9919
3 9916 475 9892
3 9919 9892 2482
3 9916 9892 9919
3 2491 9928 9925
3 9928 2482 9893
3 9925 9893 625
3 9928 9893 9925
3 2489 9919 9930
3 9919 2482 9928
3 9930 9928 2491
3 9919 9928 9930
3 156 9728 9948
3 9728 2441 9951
3 9948 9951 2496
3 9728 9951 9948
3 2441 9729 9963
3 9729 615 9961
3 9963 9961 2499
3 9729 9961 9963
3 2496 9965 9949
3 9965 2499 9962
3 9949 9962 629
3 9965 9962 9949
3 2441 9963 9951
3 9963 2499 9965
3 9951 9965 2496
3 9963 9965 9951
3 615 9726 9921
3 9726 2440 9923
3 9921 9923 2490
3 9726 9923 9921
3 2440 9725 9912
3 9725 124 9909
3 9912 9909 2487
3 9725 9909 9912
3 2490 9924 9922
3 9924 2487 9910
3 9922 9910 627
3 9924 9910 9922
3 2440 9912 9923
3 9912 2487 9924
3 9923 9924 2490
3 9912 9924 9923
3 629 9973 9953
3 9973 2501 9976
3 9953 9976 2497
3 9973 9976 9953
3 2501 9972 9974
3 9972 627 9914
3 9974 9914 2488
3 9972 9914 9974
3 2497 9955 9952
3 9955 2488 9913
3 9952 9913 159
3 9955 9913 9952
3 2501 9974 9976
3 9974 2488 9955
3 9976 9955 2497
3 9974 9955 9976
3 615 9921 9961
3 9921 2490 9964
3 9961 9964 2499
3 9921 9964 9961
3 2490 9922 9975
3 9922 627 9972
3 9975 9972 2501
3 9922 9972 9975
3 2499 9977 9962
3 9977 2501 9973
3 9962 9973 629
3 9977 9973 9962
3 2490 9975 9964
3 9975 2501 9977
3 9964 9977 2499
3 9975 9977 9964
3 38 8701 8576
3 8701 2192 8703
3 8576 8703 2158
3 8701 8703 8576
3 2192 8702 8709
3 8702 557 8707
3 8709 8707 2194
3 8702 8707 8709
3 2158 8708 8577
3 8708 2194 8706
3 8577 8706 547
3 8708 8706 8577
3 2192 8709 8703
3 8709 2194 8708
3 8703 8708 2158
3 8709 8708 8703
3 557 8705 8750
3 8705 2193 8752
3 8750 8752 2204
3 8705 8752 8750
3 2193 8704 8738
3 8704 144 8736
3 8738 8736 2201
3 8704 8736 8738
3 2204 8754 8751
3 8754 2201 8737
3 8751 8737 559
3 8754 8737 8751
3 2193 8738 8752
3 8738 2201 8754
3 8752 8754 2204
3 8738 8754 8752
3 547 8740 8579
3 8740 2202 8742
3 8579 8742 2159
3 8740 8742 8579
3 2202 8741 8744
3 8741 559 8733
3 8744 8733 2200
3 8741 8733 8744
3 2159 8734 8578
3 8734 2200 8732
3 8578 8732 141
3 8734 8732 8578
3 2202 8744 8742
3 8744 2200 8734
3 8742 8734 2159
3 8744 8734 8742
3 557 8750 8707
3 8750 2204 8753
3 8707 8753 2194
3 8750 8753 8707
3 2204 8751 8755
3 8751 559 8741
3 8755 8741 2202
3 8751 8741 8755
3 2194 8743 8706
3 8743 2202 8740
3 8706 8740 547
3 8743 8740 8706
3 2204 8755 8753
3 8755 2202 8743
3 8753 8743 2194
3 8755 8743 8753
3 144 8695 8714
3 8695 2190 8716
3 8714 8716 2196
3 8695 8716 8714
3 2190 8696 8728
3 8696 556 8726
3 8728 8726 2199
3 8696 8726 8728
3 2196 8730 8715
3 8730 2199 8727
3 8715 8727 558
3 8730 8727 8715
3 2190 8728 8716
3 8728 2199 8730
3 8716 8730 2196
3 8728 8730 8716
3 556 8693 8698
3 8693 2189 8700
3 8698 8700 2191
3 8693 8700 8698
3 2189 8692 8694
3 8692 34 7335
3 8694 7335 1851
3 8692 7335 8694
3 2191 8699 8697
3 8699 1851 7336
3 8697 7336 472
3 8699 7336 8697
3 2189 8694 8700
3 8694 1851 8699
3 8700 8699 2191
3 8694 8699 8700
3 558 8718 8711
3 8718 2197 8721
3 8711 8721 2195
3 8718 8721 8711
3 2197 8717 8719
3 8717 472 7338
3 8719 7338 1852
3 8717 7338 8719
3 2195 8712 8710
3 8712 1852 7337
3 8710 7337 123
3 8712 7337 8710
3 2197 8719 8721
3 8719 1852 8712
3 8721 8712 2195
3 8719 8712 8721
3 556 8698 8726
3 8698 2191 8729
3 8726 8729 2199
3 8698 8729 8726
3 2191 8697 8720
3 8697 472 8717
3 8720 8717 2197
3 8697 8717 8720
3 2199 8731 8727
3 8731 2197 8718
3 8727 8718 558
3 8731 8718 8727
3 2191 8720 8729
3 8720 2197 8731
3 8729 8731 2199
3 8720 8731 8729
3 141 8600 8566
3 8600 2165 8602
3 8566 8602 2155
3 8600 8602 8566
3 2165 8601 8612
3 8601 549 8609
3 8612 8609 2167
3 8601 8609 8612
3 2155 8610 8567
3 8610 2167 8608
3 8567 8608 546
3 8610 8608 8567
3 2165 8612 8602
3 8612 2167 8610
3 8602 8610 2155
3 8612 8610 8602
3 549 8598 8604
3 8598 2164 8607
3 8604 8607 2166
3 8598 8607 8604
3 2164 8597 8599
3 8597 123 7329
3 8599 7329 1849
3 8597 7329 8599
3 2166 8605 8603
3 8605 1849 7330
3 8603 7330 471
3 8605 7330 8603
3 2164 8599 8607
3 8599 1849 8605
3 8607 8605 2166
3 8599 8605 8607
3 546 8573 8563
3 8573 2157 8575
3 8563 8575 2154
3 8573 8575 8563
3 2157 8572 8574
3 8572 471 7327
3 8574 7327 1848
3 8572 7327 8574
3 2154 8565 8562
3 8565 1848 7326
3 8562 7326 2
3 8565 7326 8562
3 2157 8574 8575
3 8574 1848 8565
3 8575 8565 2154
3 8574 8565 8575
3 549 8604 8609
3 8604 2166 8613
3 8609 8613 2167
3 8604 8613 8609
3 2166 8603 8606
3 8603 471 8572
3 8606 8572 2157
3 8603 8572 8606
3 2167 8611 8608
3 8611 2157 8573
3 8608 8573 546
3 8611 8573 8608
3 2166 8606 8613
3 8606 2157 8611
3 8613 8611 2167
3 8606 8611 8613
3 144 8714 8736
3 8714 2196 8739
3 8736 8739 2201
3 8714 8739 8736
3 2196 8715 8758
3 8715 558 8756
3 8758 8756 2205
3 8715 8756 8758
3 2201 8760 8737
3 8760 2205 8757
3 8737 8757 559
3 8760 8757 8737
3 2196 8758 8739
3 8758 2205 8760
3 8739 8760 2201
3 8758 8760 8739
3 558 8711 8723
3 8711 2195 8725
3 8723 8725 2198
3 8711 8725 8723
3 2195 8710 8713
3 8710 123 8597
3 8713 8597 2164
3 8710 8597 8713
3 2198 8724 8722
3 8724 2164 8598
3 8722 8598 549
3 8724 8598 8722
3 2195 8713 8725
3 8713 2164 8724
3 8725 8724 2198
3 8713 8724 8725
3 559 8746 8733
3 8746 2203 8749
3 8733 8749 2200
3 8746 8749 8733
3 2203 8745 8747
3 8745 549 8601
3 8747 8601 2165
3 8745 8601 8747
3 2200 8735 8732
3 8735 2165 8600
3 8732 8600 141
3 8735 8600 8732
3 2203 8747 8749
3 8747 2165 8735
3 8749 8735 2200
3 8747 8735 8749
3 558 8723 8756
3 8723 2198 8759
3 8756 8759 2205
3 8723 8759 8756
3 2198 8722 8748
3 8722 549 8745
3 8748 8745 2203
3 8722 8745 8748
3 2205 8761 8757
3 8761 2203 8746
3 8757 8746 559
3 8761 8746 8757
3 2198 8748 8759
3 8748 2203 8761
3 8759 8761 2205
3 8748 8761 8759
3 41 9900 10124
3 9900 2484 10127
3 10124 10127 2536
3 9900 10127 10124
3 2484 9901 10136
3 9901 626 10134
3 10136 10134 2539
3 9901 10134 10136
3 2536 10137 10125
3 10137 2539 10135
3 10125 10135 637
3 10137 10135 10125
3 2484 10136 10127
3 10136 2539 10137
3 10127 10137 2536
3 10136 10137 10127
3 626 9904 10220
3 9904 2485 10222
3 10220 10222 2558
3 9904 10222 10220
3 2485 9903 10214
3 9903 159 10212
3 10214 10212 2556
3 9903 10212 10214
3 2558 10224 10221
3 10224 2556 10213
3 10221 10213 641
3 10224 10213 10221
3 2485 10214 10222
3 10214 2556 10224
3 10222 10224 2558
3 10214 10224 10222
3 637 10230 10129
3 10230 2560 10232
3 10129 10232 2537
3 10230 10232 10129
3 2560 10231 10234
3 10231 641 10217
3 10234 10217 2557
3 10231 10217 10234
3 2537 10218 10128
3 10218 2557 10216
3 10128 10216 161
3 10218 10216 10128
3 2560 10234 10232
3 10234 2557 10218
3 10232 10218 2537
3 10234 10218 10232
3 626 10220 10134
3 10220 2558 10223
3 10134 10223 2539
3 10220 10223 10134
3 2558 10221 10235
3 10221 641 10231
3 10235 10231 2560
3 10221 10231 10235
3 2539 10233 10135
3 10233 2560 10230
3 10135 10230 637
3 10233 10230 10135
3 2558 10235 10223
3 10235 2560 10233
3 10223 10233 2539
3 10235 10233 10223
3 159 9890 9934
3 9890 2481 9936
3 9934 9936 2493
3 9890 9936 9934
3 2481 9891 9944
3 9891 625 9942
3 9944 9942 2495
3 9891 9942 9944
3 2493 9946 9935
3 9946 2495 9943
3 9935 9943 628
3 9946 9943 9935
3 2481 9944 9936
3 9944 2495 9946
3 9936 9946 2493
3 9944 9946 9936
3 625 9887 9897
3 9887 2480 9899
3 9897 9899 2483
3 9887 9899 9897
3 2480 9886 9889
3 9886 34 8692
3 9889 8692 2189
3 9886 8692 9889
3 2483 9898 9896
3 9898 2189 8693
3 9896 8693 556
3 9898 8693 9896
3 2480 9889 9899
3 9889 2189 9898
3 9899 9898 2483
3 9889 9898 9899
3 628 9938 9932
3 9938 2494 9941
3 9932 9941 2492
3 9938 9941 9932
3 2494 9937 9939
3 9937 556 8696
3 9939 8696 2190
3 9937 8696 9939
3 2492 9933 9931
3 9933 2190 8695
3 9931 8695 144
3 9933 8695 9931
3 2494 9939 9941
3 9939 2190 9933
3 9941 9933 2492
3 9939 9933 9941
3 625 9897 9942
3 9897 2483 9945
3 9942 9945 2495
3 9897 9945 9942
3 2483 9896 9940
3 9896 556 9937
3 9940 9937 2494
3 9896 9937 9940
3 2495 9947 9943
3 9947 2494 9938
3 9943 9938 628
3 9947 9938 9943
3 2483 9940 9945
3 9940 2494 9947
3 9945 9947 2495
3 9940 9947 9945
3 161 10164 10114
3 10164 2546 10166
3 10114 10166 2533
3 10164 10166 10114
3 2546 10165 10180
3 10165 639 10177
3 10180 10177 2549
3 10165 10177 10180
3 2533 10178 10115
3 10178 2549 10176
3 10115 10176 636
3 10178 10176 10115
3 2546 10180 10166
3 10180 2549 10178
3 10166 10178 2533
3 10180 10178 10166
3 639 10161 10168
3 10161 2545 10171
3 10168 10171 2547
3 10161 10171 10168
3 2545 10160 10162
3 10160 144 8704
3 10162 8704 2193
3 10160 8704 10162
3 2547 10169 10167
3 10169 2193 8705
3 10167 8705 557
3 10169 8705 10167
3 2545 10162 10171
3 10162 2193 10169
3 10171 10169 2547
3 10162 10169 10171
3 636 10121 10111
3 10121 2535 10123
3 10111 10123 2532
3 10121 10123 10111
3 2535 10120 10122
3 10120 557 8702
3 10122 8702 2192
3 10120 8702 10122
3 2532 10113 10110
3 10113 2192 8701
3 10110 8701 38
3 10113 8701 10110
3 2535 10122 10123
3 10122 2192 10113
3 10123 10113 2532
3 10122 10113 10123
3 639 10168 10177
3 10168 2547 10181
3 10177 10181 2549
3 10168 10181 10177
3 2547 10167 10170
3 10167 557 10120
3 10170 10120 2535
3 10167 10120 10170
3 2549 10179 10176
3 10179 2535 10121
3 10176 10121 636
3 10179 10121 10176
3 2547 10170 10181
3 10170 2535 10179
3 10181 10179 2549
3 10170 10179 10181
3 159 9934 10212
3 9934 2493 10215
3 10212 10215 2556
3 9934 10215 10212
3 2493 9935 10227
3 9935 628 10225
3 10227 10225 2559
3 9935 10225 10227
3 2556 10229 10213
3 10229 2559 10226
3 10213 10226 641
3 10229 10226 10213
3 2493 10227 10215
3 10227 2559 10229
3 10215 10229 2556
3 10227 10229 10215
3 628 9932 10172
3 9932 2492 10174
3 10172 10174 2548
3 9932 10174 10172
3 2492 9931 10163
3 9931 144 10160
3 10163 10160 2545
3 9931 10160 10163
3 2548 10175 10173
3 10175 2545 10161
3 10173 10161 639
3 10175 10161 10173
3 2492 10163 10174
3 10163 2545 10175
3 10174 10175 2548
3 10163 10175 10174
3 641 10237 10217
3 10237 2561 10240
3 10217 10240 2557
3 10237 10240 10217
3 2561 10236 10238
3 10236 639 10165
3 10238 10165 2546
3 10236 10165 10238
3 2557 10219 10216
3 10219 2546 10164
3 10216 10164 161
3 10219 10164 10216
3 2561 10238 10240
3 10238 2546 10219
3 10240 10219 2557
3 10238 10219 10240
3 628 10172 10225
3 10172 2548 10228
3 10225 10228 2559
3 10172 10228 10225
3 2548 10173 10239
3 10173 639 10236
3 10239 10236 2561
3 10173 10236 10239
3 2559 10241 10226
3 10241 2561 10237
3 10226 10237 641
3 10241 10237 10226
3 2548 10239 10228
3 10239 2561 10241
3 10228 10241 2559
3 10239 10241 10228
3 10 7862 7486
3 7862 1984 7865
3 7486 7865 1892
3 7862 7865 7486
3 1984 7863 7875
3 7863 506 7873
3 7875 7873 1987
3 7863 7873 7875
3 1892 7874 7487
3 7874 1987 7872
3 7487 7872 484
3 7874 7872 7487
3 1984 7875 7865
3 7875 1987 7874
3 7865 7874 1892
3 7875 7874 7865
3 506 7867 7908
3 7867 1985 7910
3 7908 7910 1997
3 7867 7910 7908
3 1985 7866 7902
3 7866 132 7900
3 7902 7900 1995
3 7866 7900 7902
3 1997 7912 7909
3 7912 1995 7901
3 7909 7901 509
3 7912 7901 7909
3 1985 7902 7910
3 7902 1995 7912
3 7910 7912 1997
3 7902 7912 7910
3 484 7903 7490
3 7903 1996 7905
3 7490 7905 1893
3 7903 7905 7490
3 1996 7904 7907
3 7904 509 7898
3 7907 7898 1994
3 7904 7898 7907
3 1893 7899 7489
3 7899 1994 7897
3 7489 7897 127
3 7899 7897 7489
3 1996 7907 7905
3 7907 1994 7899
3 7905 7899 1893
3 7907 7899 7905
3 506 7908 7873
3 7908 1997 7911
3 7873 7911 1987
3 7908 7911 7873
3 1997 7909 7913
3 7909 509 7904
3 7913 7904 1996
3 7909 7904 7913
3 1987 7906 7872
3 7906 1996 7903
3 7872 7903 484
3 7906 7903 7872
3 1997 7913 7911
3 7913 1996 7906
3 7911 7906 1987
3 7913 7906 7911
3 132 7878 8302
3 7878 1989 8304
3 8302 8304 2090
3 7878 8304 8302
3 1989 7879 8312
3 7879 507 8310
3 8312 8310 2092
3 7879 8310 8312
3 2090 8314 8303
3 8314 2092 8311
3 8303 8311 530
3 8314 8311 8303
3 1989 8312 8304
3 8312 2092 8314
3 8304 8314 2090
3 8312 8314 8304
3 507 7877 8250
3 7877 1988 8252
3 8250 8252 2078
3 7877 8252 8250
3 1988 7876 8246
3 7876 36 8244
3 8246 8244 2076
3 7876 8244 8246
3 2078 8253 8251
3 8253 2076 8245
3 8251 8245 527
3 8253 8245 8251
3 1988 8246 8252
3 8246 2076 8253
3 8252 8253 2078
3 8246 8253 8252
3 530 8321 8307
3 8321 2094 8324
3 8307 8324 2091
3 8321 8324 8307
3 2094 8320 8322
3 8320 527 8249
3 8322 8249 2077
3 8320 8249 8322
3 2091 8308 8306
3 8308 2077 8248
3 8306 8248 136
3 8308 8248 8306
3 2094 8322 8324
3 8322 2077 8308
3 8324 8308 2091
3 8322 8308 8324
3 507 8250 8310
3 8250 2078 8313
3 8310 8313 2092
3 8250 8313 8310
3 2078 8251 8323
3 8251 527 8320
3 8323 8320 2094
3 8251 8320 8323
3 2092 8325 8311
3 8325 2094 8321
3 8311 8321 530
3 8325 8321 8311
3 2078 8323 8313
3 8323 2094 8325
3 8313 8325 2092
3 8323 8325 8313
3 127 8258 7497
3 8258 2080 8260
3 7497 8260 1896
3 8258 8260 7497
3 2080 8259 8269
3 8259 528 8266
3 8269 8266 2082
3 8259 8266 8269
3 1896 8267 7498
3 8267 2082 8265
3 7498 8265 485
3 8267 8265 7498
3 2080 8269 8260
3 8269 2082 8267
3 8260 8267 1896
3 8269 8267 8260
3 528 8263 8275
3 8263 2081 8278
3 8275 8278 2084
3 8263 8278 8275
3 2081 8262 8264
3 8262 136 8234
3 8264 8234 2073
3 8262 8234 8264
3 2084 8276 8274
3 8276 2073 8235
3 8274 8235 526
3 8276 8235 8274
3 2081 8264 8278
3 8264 2073 8276
3 8278 8276 2084
3 8264 8276 8278
3 485 8236 7496
3 8236 2074 8238
3 7496 8238 1895
3 8236 8238 7496
3 2074 8237 8239
3 8237 526 8231
3 8239 8231 2072
3 8237 8231 8239
3 1895 8232 7495
3 8232 2072 8230
3 7495 8230 35
3 8232 8230 7495
3 2074 8239 8238
3 8239 2072 8232
3 8238 8232 1895
3 8239 8232 8238
3 528 8275 8266
3 8275 2084 8279
3 8266 8279 2082
3 8275 8279 8266
3 2084 8274 8277
3 8274 526 8237
3 8277 8237 2074
3 8274 8237 8277
3 2082 8268 8265
3 8268 2074 8236
3 8265 8236 485
3 8268 8236 8265
3 2084 8277 8279
3 8277 2074 8268
3 8279 8268 2082
3 8277 8268 8279
3 132 8302 7900
3 8302 2090 8305
3 7900 8305 1995
3 8302 8305 7900
3 2090 8303 8319
3 8303 530 8316
3 8319 8316 2093
3 8303 8316 8319
3 1995 8317 7901
3 8317 2093 8315
3 7901 8315 509
3 8317 8315 7901
3 2090 8319 8305
3 8319 2093 8317
3 8305 8317 1995
3 8319 8317 8305
3 530 8307 8327
3 8307 2091 8330
3 8327 8330 2095
3 8307 8330 8327
3 2091 8306 8309
3 8306 136 8262
3 8309 8262 2081
3 8306 8262 8309
3 2095 8328 8326
3 8328 2081 8263
3 8326 8263 528
3 8328 8263 8326
3 2091 8309 8330
3 8309 2081 8328
3 8330 8328 2095
3 8309 8328 8330
3 509 8270 7898
3 8270 2083 8272
3 7898 8272 1994
3 8270 8272 7898
3 2083 8271 8273
3 8271 528 8259
3 8273 8259 2080
3 8271 8259 8273
3 1994 8261 7897
3 8261 2080 8258
3 7897 8258 127
3 8261 8258 7897
3 2083 8273 8272
3 8273 2080 8261
3 8272 8261 1994
3 8273 8261 8272
3 530 8327 8316
3 8327 2095 8331
3 8316 8331 2093
3 8327 8331 8316
3 2095 8326 8329
3 8326 528 8271
3 8329 8271 2083
3 8326 8271 8329
3 2093 8318 8315
3 8318 2083 8270
3 8315 8270 509
3 8318 8270 8315
3 2095 8329 8331
3 8329 2083 8318
3 8331 8318 2093
3 8329 8318 8331
3 36 7824 8020
3 7824 1974 8022
3 8020 8022 2024
3 7824 8022 8020
3 1974 7825 8027
3 7825 503 8025
3 8027 8025 2026
3 7825 8025 8027
3 2024 8028 8021
3 8028 2026 8026
3 8021 8026 516
3 8028 8026 8021
3 1974 8027 8022
3 8027 2026 8028
3 8022 8028 2024
3 8027 8028 8022
3 503 7827 8076
3 7827 1975 8078
3 8076 8078 2038
3 7827 8078 8076
3 1975 7826 8070
3 7826 131 8068
3 8070 8068 2036
3 7826 8068 8070
3 2038 8080 8077
3 8080 2036 8069
3 8077 8069 519
3 8080 8069 8077
3 1975 8070 8078
3 8070 2036 8080
3 8078 8080 2038
3 8070 8080 8078
3 516 8086 8024
3 8086 2040 8088
3 8024 8088 2025
3 8086 8088 8024
3 2040 8087 8090
3 8087 519 8073
3 8090 8073 2037
3 8087 8073 8090
3 2025 8074 8023
3 8074 2037 8072
3 8023 8072 134
3 8074 8072 8023
3 2040 8090 8088
3 8090 2037 8074
3 8088 8074 2025
3 8090 8074 8088
3 503 8076 8025
3 8076 2038 8079
3 8025 8079 2026
3 8076 8079 8025
3 2038 8077 8091
3 8077 519 8087
3 8091 8087 2040
3 8077 8087 8091
3 2026 8089 8026
3 8089 2040 8086
3 8026 8086 516
3 8089 8086 8026
3 2038 8091 8079
3 8091 2040 8089
3 8079 8089 2026
3 8091 8089 8079
3 131 7814 7848
3 7814 1971 7850
3 7848 7850 1981
3 7814 7850 7848
3 1971 7815 7858
3 7815 502 7856
3 7858 7856 1983
3 7815 7856 7858
3 1981 7860 7849
3 7860 1983 7857
3 7849 7857 505
3 7860 7857 7849
3 1971 7858 7850
3 7858 1983 7860
3 7850 7860 1981
3 7858 7860 7850
3 502 7811 7821
3 7811 1970 7823
3 7821 7823 1973
3 7811 7823 7821
3 1970 7810 7813
3 7810 7 4186
3 7813 4186 1070
3 7810 4186 7813
3 1973 7822 7820
3 7822 1070 4187
3 7820 4187 280
3 7822 4187 7820
3 1970 7813 7823
3 7813 1070 7822
3 7823 7822 1973
3 7813 7822 7823
3 505 7852 7846
3 7852 1982 7855
3 7846 7855 1980
3 7852 7855 7846
3 1982 7851 7853
3 7851 280 4189
3 7853 4189 1071
3 7851 4189 7853
3 1980 7847 7845
3 7847 1071 4188
3 7845 4188 77
3 7847 4188 7845
3 1982 7853 7855
3 7853 1071 7847
3 7855 7847 1980
3 7853 7847 7855
3 502 7821 7856
3 7821 1973 7859
3 7856 7859 1983
3 7821 7859 7856
3 1973 7820 7854
3 7820 280 7851
3 7854 7851 1982
3 7820 7851 7854
3 1983 7861 7857
3 7861 1982 7852
3 7857 7852 505
3 7861 7852 7857
3 1973 7854 7859
3 7854 1982 7861
3 7859 7861 1983
3 7854 7861 7859
3 134 8033 8010
3 8033 2028 8035
3 8010 8035 2021
3 8033 8035 8010
3 2028 8034 8049
3 8034 517 8046
3 8049 8046 2031
3 8034 8046 8049
3 2021 8047 8011
3 8047 2031 8045
3 8011 8045 515
3 8047 8045 8011
3 2028 8049 8035
3 8049 2031 8047
3 8035 8047 2021
3 8049 8047 8035
3 517 8030 8037
3 8030 2027 8040
3 8037 8040 2029
3 8030 8040 8037
3 2027 8029 8031
3 8029 77 4192
3 8031 4192 1073
3 8029 4192 8031
3 2029 8038 8036
3 8038 1073 4193
3 8036 4193 281
3 8038 4193 8036
3 2027 8031 8040
3 8031 1073 8038
3 8040 8038 2029
3 8031 8038 8040
3 515 8013 8007
3 8013 2022 8015
3 8007 8015 2020
3 8013 8015 8007
3 2022 8012 8014
3 8012 281 4191
3 8014 4191 1072
3 8012 4191 8014
3 2020 8008 8006
3 8008 1072 4190
3 8006 4190 23
3 8008 4190 8006
3 2022 8014 8015
3 8014 1072 8008
3 8015 8008 2020
3 8014 8008 8015
3 517 8037 8046
3 8037 2029 8050
3 8046 8050 2031
3 8037 8050 8046
3 2029 8036 8039
3 8036 281 8012
3 8039 8012 2022
3 8036 8012 8039
3 2031 8048 8045
3 8048 2022 8013
3 8045 8013 515
3 8048 8013 8045
3 2029 8039 8050
3 8039 2022 8048
3 8050 8048 2031
3 8039 8048 8050
3 131 7848 8068
3 7848 1981 8071
3 8068 8071 2036
3 7848 8071 8068
3 1981 7849 8083
3 7849 505 8081
3 8083 8081 2039
3 7849 8081 8083
3 2036 8085 8069
3 8085 2039 8082
3 8069 8082 519
3 8085 8082 8069
3 1981 8083 8071
3 8083 2039 8085
3 8071 8085 2036
3 8083 8085 8071
3 505 7846 8041
3 7846 1980 8043
3 8041 8043 2030
3 7846 8043 8041
3 1980 7845 8032
3 7845 77 8029
3 8032 8029 2027
3 7845 8029 8032
3 2030 8044 8042
3 8044 2027 8030
3 8042 8030 517
3 8044 8030 8042
3 1980 8032 8043
3 8032 2027 8044
3 8043 8044 2030
3 8032 8044 8043
3 519 8093 8073
3 8093 2041 8096
3 8073 8096 2037
3 8093 8096 8073
3 2041 8092 8094
3 8092 517 8034
3 8094 8034 2028
3 8092 8034 8094
3 2037 8075 8072
3 8075 2028 8033
3 8072 8033 134
3 8075 8033 8072
3 2041 8094 8096
3 8094 2028 8075
3 8096 8075 2037
3 8094 8075 8096
3 505 8041 8081
3 8041 2030 8084
3 8081 8084 2039
3 8041 8084 8081
3 2030 8042 8095
3 8042 517 8092
3 8095 8092 2041
3 8042 8092 8095
3 2039 8097 8082
3 8097 2041 8093
3 8082 8093 519
3 8097 8093 8082
3 2030 8095 8084
3 8095 2041 8097
3 8084 8097 2039
3 8095 8097 8084
3 35 7617 7448
3 7617 1926 7619
3 7448 7619 1882
3 7617 7619 7448
3 1926 7618 7625
3 7618 493 7623
3 7625 7623 1928
3 7618 7623 7625
3 1882 7624 7449
3 7624 1928 7622
3 7449 7622 481
3 7624 7622 7449
3 1926 7625 7619
3 7625 1928 7624
3 7619 7624 1882
3 7625 7624 7619
3 493 7621 7666
3 7621 1927 7668
3 7666 7668 1938
3 7621 7668 7666
3 1927 7620 7654
3 7620 129 7652
3 7654 7652 1935
3 7620 7652 7654
3 1938 7670 7667
3 7670 1935 7653
3 7667 7653 495
3 7670 7653 7667
3 1927 7654 7668
3 7654 1935 7670
3 7668 7670 1938
3 7654 7670 7668
3 481 7656 7451
3 7656 1936 7658
3 7451 7658 1883
3 7656 7658 7451
3 1936 7657 7660
3 7657 495 7649
3 7660 7649 1934
3 7657 7649 7660
3 1883 7650 7450
3 7650 1934 7648
3 7450 7648 126
3 7650 7648 7450
3 1936 7660 7658
3 7660 1934 7650
3 7658 7650 1883
3 7660 7650 7658
3 493 7666 7623
3 7666 1938 7669
3 7623 7669 1928
3 7666 7669 7623
3 1938 7667 7671
3 7667 495 7657
3 7671 7657 1936
3 7667 7657 7671
3 1928 7659 7622
3 7659 1936 7656
3 7622 7656 481
3 7659 7656 7622
3 1938 7671 7669
3 7671 1936 7659
3 7669 7659 1928
3 7671 7659 7669
3 129 7611 7630
3 7611 1924 7632
3 7630 7632 1930
3 7611 7632 7630
3 1924 7612 7644
3 7612 492 7642
3 7644 7642 1933
3 7612 7642 7644
3 1930 7646 7631
3 7646 1933 7643
3 7631 7643 494
3 7646 7643 7631
3 1924 7644 7632
3 7644 1933 7646
3 7632 7646 1930
3 7644 7646 7632
3 492 7609 7614
3 7609 1923 7616
3 7614 7616 1925
3 7609 7616 7614
3 1923 7608 7610
3 7608 23 4182
3 7610 4182 1068
3 7608 4182 7610
3 1925 7615 7613
3 7615 1068 4183
3 7613 4183 279
3 7615 4183 7613
3 1923 7610 7616
3 7610 1068 7615
3 7616 7615 1925
3 7610 7615 7616
3 494 7634 7627
3 7634 1931 7637
3 7627 7637 1929
3 7634 7637 7627
3 1931 7633 7635
3 7633 279 4185
3 7635 4185 1069
3 7633 4185 7635
3 1929 7628 7626
3 7628 1069 4184
3 7626 4184 76
3 7628 4184 7626
3 1931 7635 7637
3 7635 1069 7628
3 7637 7628 1929
3 7635 7628 7637
3 492 7614 7642
3 7614 1925 7645
3 7642 7645 1933
3 7614 7645 7642
3 1925 7613 7636
3 7613 279 7633
3 7636 7633 1931
3 7613 7633 7636
3 1933 7647 7643
3 7647 1931 7634
3 7643 7634 494
3 7647 7634 7643
3 1925 7636 7645
3 7636 1931 7647
3 7645 7647 1933
3 7636 7647 7645
3 126 7472 7438
3 7472 1889 7474
3 7438 7474 1879
3 7472 7474 7438
3 1889 7473 7484
3 7473 483 7481
3 7484 7481 1891
3 7473 7481 7484
3 1879 7482 7439
3 7482 1891 7480
3 7439 7480 480
3 7482 7480 7439
3 1889 7484 7474
3 7484 1891 7482
3 7474 7482 1879
3 7484 7482 7474
3 483 7470 7476
3 7470 1888 7479
3 7476 7479 1890
3 7470 7479 7476
3 1888 7469 7471
3 7469 76 4180
3 7471 4180 1067
3 7469 4180 7471
3 1890 7477 7475
3 7477 1067 4181
3 7475 4181 278
3 7477 4181 7475
3 1888 7471 7479
3 7471 1067 7477
3 7479 7477 1890
3 7471 7477 7479
3 480 7445 7435
3 7445 1881 7447
3 7435 7447 1878
3 7445 7447 7435
3 1881 7444 7446
3 7444 278 4179
3 7446 4179 1066
3 7444 4179 7446
3 1878 7437 7434
3 7437 1066 4178
3 7434 4178 6
3 7437 4178 7434
3 1881 7446 7447
3 7446 1066 7437
3 7447 7437 1878
3 7446 7437 7447
3 483 7476 7481
3 7476 1890 7485
3 7481 7485 1891
3 7476 7485 7481
3 1890 7475 7478
3 7475 278 7444
3 7478 7444 1881
3 7475 7444 7478
3 1891 7483 7480
3 7483 1881 7445
3 7480 7445 480
3 7483 7445 7480
3 1890 7478 7485
3 7478 1881 7483
3 7485 7483 1891
3 7478 7483 7485
3 129 7630 7652
3 7630 1930 7655
3 7652 7655 1935
3 7630 7655 7652
3 1930 7631 7674
3 7631 494 7672
3 7674 7672 1939
3 7631 7672 7674
3 1935 7676 7653
3 7676 1939 7673
3 7653 7673 495
3 7676 7673 7653
3 1930 7674 7655
3 7674 1939 7676
3 7655 7676 1935
3 7674 7676 7655
3 494 7627 7639
3 7627 1929 7641
3 7639 7641 1932
3 7627 7641 7639
3 1929 7626 7629
3 7626 76 7469
3 7629 7469 1888
3 7626 7469 7629
3 1932 7640 7638
3 7640 1888 7470
3 7638 7470 483
3 7640 7470 7638
3 1929 7629 7641
3 7629 1888 7640
3 7641 7640 1932
3 7629 7640 7641
3 495 7662 7649
3 7662 1937 7665
3 7649 7665 1934
3 7662 7665 7649
3 1937 7661 7663
3 7661 483 7473
3 7663 7473 1889
3 7661 7473 7663
3 1934 7651 7648
3 7651 1889 7472
3 7648 7472 126
3 7651 7472 7648
3 1937 7663 7665
3 7663 1889 7651
3 7665 7651 1934
3 7663 7651 7665
3 494 7639 7672
3 7639 1932 7675
3 7672 7675 1939
3 7639 7675 7672
3 1932 7638 7664
3 7638 483 7661
3 7664 7661 1937
3 7638 7661 7664
3 1939 7677 7673
3 7677 1937 7662
3 7673 7662 495
3 7677 7662 7673
3 1932 7664 7675
3 7664 1937 7677
3 7675 7677 1939
3 7664 7677 7675
3 36 8020 8244
3 8020 2024 8247
3 8244 8247 2076
3 8020 8247 8244
3 2024 8021 8256
3 8021 516 8254
3 8256 8254 2079
3 8021 8254 8256
3 2076 8257 8245
3 8257 2079 8255
3 8245 8255 527
3 8257 8255 8245
3 2024 8256 8247
3 8256 2079 8257
3 8247 8257 2076
3 8256 8257 8247
3 516 8024 8340
3 8024 2025 8342
3 8340 8342 2098
3 8024 8342 8340
3 2025 8023 8334
3 8023 134 8332
3 8334 8332 2096
3 8023 8332 8334
3 2098 8344 8341
3 8344 2096 8333
3 8341 8333 531
3 8344 8333 8341
3 2025 8334 8342
3 8334 2096 8344
3 8342 8344 2098
3 8334 8344 8342
3 527 8350 8249
3 8350 2100 8352
3 8249 8352 2077
3 8350 8352 8249
3 2100 8351 8354
3 8351 531 8337
3 8354 8337 2097
3 8351 8337 8354
3 2077 8338 8248
3 8338 2097 8336
3 8248 8336 136
3 8338 8336 8248
3 2100 8354 8352
3 8354 2097 8338
3 8352 8338 2077
3 8354 8338 8352
3 516 8340 8254
3 8340 2098 8343
3 8254 8343 2079
3 8340 8343 8254
3 2098 8341 8355
3 8341 531 8351
3 8355 8351 2100
3 8341 8351 8355
3 2079 8353 8255
3 8353 2100 8350
3 8255 8350 527
3 8353 8350 8255
3 2098 8355 8343
3 8355 2100 8353
3 8343 8353 2079
3 8355 8353 8343
3 134 8010 8054
3 8010 2021 8056
3 8054 8056 2033
3 8010 8056 8054
3 2021 8011 8064
3 8011 515 8062
3 8064 8062 2035
3 8011 8062 8064
3 2033 8066 8055
3 8066 2035 8063
3 8055 8063 518
3 8066 8063 8055
3 2021 8064 8056
3 8064 2035 8066
3 8056 8066 2033
3 8064 8066 8056
3 515 8007 8017
3 8007 2020 8019
3 8017 8019 2023
3 8007 8019 8017
3 2020 8006 8009
3 8006 23 7608
3 8009 7608 1923
3 8006 7608 8009
3 2023 8018 8016
3 8018 1923 7609
3 8016 7609 492
3 8018 7609 8016
3 2020 8009 8019
3 8009 1923 8018
3 8019 8018 2023
3 8009 8018 8019
3 518 8058 8052
3 8058 2034 8061
3 8052 8061 2032
3 8058 8061 8052
3 2034 8057 8059
3 8057 492 7612
3 8059 7612 1924
3 8057 7612 8059
3 2032 8053 8051
3 8053 1924 7611
3 8051 7611 129
3 8053 7611 8051
3 2034 8059 8061
3 8059 1924 8053
3 8061 8053 2032
3 8059 8053 8061
3 515 8017 8062
3 8017 2023 8065
3 8062 8065 2035
3 8017 8065 8062
3 2023 8016 8060
3 8016 492 8057
3 8060 8057 2034
3 8016 8057 8060
3 2035 8067 8063
3 8067 2034 8058
3 8063 8058 518
3 8067 8058 8063
3 2023 8060 8065
3 8060 2034 8067
3 8065 8067 2035
3 8060 8067 8065
3 136 8284 8234
3 8284 2086 8286
3 8234 8286 2073
3 8284 8286 8234
3 2086 8285 8300
3 8285 529 8297
3 8300 8297 2089
3 8285 8297 8300
3 2073 8298 8235
3 8298 2089 8296
3 8235 8296 526
3 8298 8296 8235
3 2086 8300 8286
3 8300 2089 8298
3 8286 8298 2073
3 8300 8298 8286
3 529 8281 8288
3 8281 2085 8291
3 8288 8291 2087
3 8281 8291 8288
3 2085 8280 8282
3 8280 129 7620
3 8282 7620 1927
3 8280 7620 8282
3 2087 8289 8287
3 8289 1927 7621
3 8287 7621 493
3 8289 7621 8287
3 2085 8282 8291
3 8282 1927 8289
3 8291 8289 2087
3 8282 8289 8291
3 526 8241 8231
3 8241 2075 8243
3 8231 8243 2072
3 8241 8243 8231
3 2075 8240 8242
3 8240 493 7618
3 8242 7618 1926
3 8240 7618 8242
3 2072 8233 8230
3 8233 1926 7617
3 8230 7617 35
3 8233 7617 8230
3 2075 8242 8243
3 8242 1926 8233
3 8243 8233 2072
3 8242 8233 8243
3 529 8288 8297
3 8288 2087 8301
3 8297 8301 2089
3 8288 8301 8297
3 2087 8287 8290
3 8287 493 8240
3 8290 8240 2075
3 8287 8240 8290
3 2089 8299 8296
3 8299 2075 8241
3 8296 8241 526
3 8299 8241 8296
3 2087 8290 8301
3 8290 2075 8299
3 8301 8299 2089
3 8290 8299 8301
3 134 8054 8332
3 8054 2033 8335
3 8332 8335 2096
3 8054 8335 8332
3 2033 8055 8347
3 8055 518 8345
3 8347 8345 2099
3 8055 8345 8347
3 2096 8349 8333
3 8349 2099 8346
3 8333 8346 531
3 8349 8346 8333
3 2033 8347 8335
3 8347 2099 8349
3 8335 8349 2096
3 8347 8349 8335
3 518 8052 8292
3 8052 2032 8294
3 8292 8294 2088
3 8052 8294 8292
3 2032 8051 8283
3 8051 129 8280
3 8283 8280 2085
3 8051 8280 8283
3 2088 8295 8293
3 8295 2085 8281
3 8293 8281 529
3 8295 8281 8293
3 2032 8283 8294
3 8283 2085 8295
3 8294 8295 2088
3 8283 8295 8294
3 531 8357 8337
3 8357 2101 8360
3 8337 8360 2097
3 8357 8360 8337
3 2101 8356 8358
3 8356 529 8285
3 8358 8285 2086
3 8356 8285 8358
3 2097 8339 8336
3 8339 2086 8284
3 8336 8284 136
3 8339 8284 8336
3 2101 8358 8360
3 8358 2086 8339
3 8360 8339 2097
3 8358 8339 8360
3 518 8292 8345
3 8292 2088 8348
3 8345 8348 2099
3 8292 8348 8345
3 2088 8293 8359
3 8293 529 8356
3 8359 8356 2101
3 8293 8356 8359
3 2099 8361 8346
3 8361 2101 8357
3 8346 8357 531
3 8361 8357 8346
3 2088 8359 8348
3 8359 2101 8361
3 8348 8361 2099
3 8359 8361 8348
3 7 3924 4786
3 3924 1005 4788
3 4786 4788 1226
3 3924 4788 4786
3 1005 3925 4794
3 3925 264 4792
3 4794 4792 1228
3 3925 4792 4794
3 1226 4795 4787
3 4795 1228 4793
3 4787 4793 322
3 4795 4793 4787
3 1005 4794 4788
3 4794 1228 4795
3 4788 4795 1226
3 4794 4795 4788
3 264 3928 4810
3 3928 1006 4812
3 4810 4812 1234
3 3928 4812 4810
3 1006 3927 4806
3 3927 73 4804
3 4806 4804 1232
3 3927 4804 4806
3 1234 4814 4811
3 4814 1232 4805
3 4811 4805 324
3 4814 4805 4811
3 1006 4806 4812
3 4806 1232 4814
3 4812 4814 1234
3 4806 4814 4812
3 322 4815 4791
3 4815 1235 4817
3 4791 4817 1227
3 4815 4817 4791
3 1235 4816 4819
3 4816 324 4808
3 4819 4808 1233
3 4816 4808 4819
3 1227 4809 4790
3 4809 1233 4807
3 4790 4807 89
3 4809 4807 4790
3 1235 4819 4817
3 4819 1233 4809
3 4817 4809 1227
3 4819 4809 4817
3 264 4810 4792
3 4810 1234 4813
3 4792 4813 1228
3 4810 4813 4792
3 1234 4811 4820
3 4811 324 4816
3 4820 4816 1235
3 4811 4816 4820
3 1228 4818 4793
3 4818 1235 4815
3 4793 4815 322
3 4818 4815 4793
3 1234 4820 4813
3 4820 1235 4818
3 4813 4818 1228
3 4820 4818 4813
3 73 3935 4913
3 3935 1009 4915
3 4913 4915 1261
3 3935 4915 4913
3 1009 3936 4922
3 3936 265 4920
3 4922 4920 1263
3 3936 4920 4922
3 1261 4924 4914
3 4924 1263 4921
3 4914 4921 332
3 4924 4921 4914
3 1009 4922 4915
3 4922 1263 4924
3 4915 4924 1261
3 4922 4924 4915
3 265 3934 4896
3 3934 1008 4898
3 4896 4898 1256
3 3934 4898 4896
3 1008 3933 4892
3 3933 22 4890
3 4892 4890 1254
3 3933 4890 4892
3 1256 4899 4897
3 4899 1254 4891
3 4897 4891 330
3 4899 4891 4897
3 1008 4892 4898
3 4892 1254 4899
3 4898 4899 1256
3 4892 4899 4898
3 332 4930 4918
3 4930 1265 4933
3 4918 4933 1262
3 4930 4933 4918
3 1265 4929 4931
3 4929 330 4895
3 4931 4895 1255
3 4929 4895 4931
3 1262 4919 4917
3 4919 1255 4894
3 4917 4894 91
3 4919 4894 4917
3 1265 4931 4933
3 4931 1255 4919
3 4933 4919 1262
3 4931 4919 4933
3 265 4896 4920
3 4896 1256 4923
3 4920 4923 1263
3 4896 4923 4920
3 1256 4897 4932
3 4897 330 4929
3 4932 4929 1265
3 4897 4929 4932
3 1263 4934 4921
3 4934 1265 4930
3 4921 4930 332
3 4934 4930 4921
3 1256 4932 4923
3 4932 1265 4934
3 4923 4934 1263
3 4932 4934 4923
3 89 4952 4802
3 4952 1270 4954
3 4802 4954 1231
3 4952 4954 4802
3 1270 4953 4964
3 4953 334 4961
3 4964 4961 1272
3 4953 4961 4964
3 1231 4962 4803
3 4962 1272 4960
3 4803 4960 323
3 4962 4960 4803
3 1270 4964 4954
3 4964 1272 4962
3 4954 4962 1231
3 4964 4962 4954
3 334 4957 4971
3 4957 1271 4974
3 4971 4974 1274
3 4957 4974 4971
3 1271 4956 4958
3 4956 91 4907
3 4958 4907 1259
3 4956 4907 4958
3 1274 4972 4970
3 4972 1259 4908
3 4970 4908 331
3 4972 4908 4970
3 1271 4958 4974
3 4958 1259 4972
3 4974 4972 1274
3 4958 4972 4974
3 323 4909 4801
3 4909 1260 4911
3 4801 4911 1230
3 4909 4911 4801
3 1260 4910 4912
3 4910 331 4905
3 4912 4905 1258
3 4910 4905 4912
3 1230 4906 4800
3 4906 1258 4904
3 4800 4904 27
3 4906 4904 4800
3 1260 4912 4911
3 4912 1258 4906
3 4911 4906 1230
3 4912 4906 4911
3 334 4971 4961
3 4971 1274 4975
3 4961 4975 1272
3 4971 4975 4961
3 1274 4970 4973
3 4970 331 4910
3 4973 4910 1260
3 4970 4910 4973
3 1272 4963 4960
3 4963 1260 4909
3 4960 4909 323
3 4963 4909 4960
3 1274 4973 4975
3 4973 1260 4963
3 4975 4963 1272
3 4973 4963 4975
3 73 4913 4804
3 4913 1261 4916
3 4804 4916 1232
3 4913 4916 4804
3 1261 4914 4928
3 4914 332 4926
3 4928 4926 1264
3 4914 4926 4928
3 1232 4927 4805
3 4927 1264 4925
3 4805 4925 324
3 4927 4925 4805
3 1261 4928 4916
3 4928 1264 4927
3 4916 4927 1232
3 4928 4927 4916
3 332 4918 4976
3 4918 1262 4978
3 4976 4978 1275
3 4918 4978 4976
3 1262 4917 4959
3 4917 91 4956
3 4959 4956 1271
3 4917 4956 4959
3 1275 4980 4977
3 4980 1271 4957
3 4977 4957 334
3 4980 4957 4977
3 1262 4959 4978
3 4959 1271 4980
3 4978 4980 1275
3 4959 4980 4978
3 324 4965 4808
3 4965 1273 4967
3 4808 4967 1233
3 4965 4967 4808
3 1273 4966 4969
3 4966 334 4953
3 4969 4953 1270
3 4966 4953 4969
3 1233 4955 4807
3 4955 1270 4952
3 4807 4952 89
3 4955 4952 4807
3 1273 4969 4967
3 4969 1270 4955
3 4967 4955 1233
3 4969 4955 4967
3 332 4976 4926
3 4976 1275 4979
3 4926 4979 1264
3 4976 4979 4926
3 1275 4977 4981
3 4977 334 4966
3 4981 4966 1273
3 4977 4966 4981
3 1264 4968 4925
3 4968 1273 4965
3 4925 4965 324
3 4968 4965 4925
3 1275 4981 4979
3 4981 1273 4968
3 4979 4968 1264
3 4981 4968 4979
3 22 3903 4232
3 3903 999 4234
3 4232 4234 1087
3 3903 4234 4232
3 999 3904 4239
3 3904 262 4237
3 4239 4237 1089
3 3904 4237 4239
3 1087 4240 4233
3 4240 1089 4238
3 4233 4238 287
3 4240 4238 4233
3 999 4239 4234
3 4239 1089 4240
3 4234 4240 1087
3 4239 4240 4234
3 262 3906 4257
3 3906 1000 4259
3 4257 4259 1095
3 3906 4259 4257
3 1000 3905 4252
3 3905 72 4250
3 4252 4250 1093
3 3905 4250 4252
3 1095 4261 4258
3 4261 1093 4251
3 4258 4251 289
3 4261 4251 4258
3 1000 4252 4259
3 4252 1093 4261
3 4259 4261 1095
3 4252 4261 4259
3 287 4266 4236
3 4266 1097 4268
3 4236 4268 1088
3 4266 4268 4236
3 1097 4267 4270
3 4267 289 4255
3 4270 4255 1094
3 4267 4255 4270
3 1088 4256 4235
3 4256 1094 4254
3 4235 4254 80
3 4256 4254 4235
3 1097 4270 4268
3 4270 1094 4256
3 4268 4256 1088
3 4270 4256 4268
3 262 4257 4237
3 4257 1095 4260
3 4237 4260 1089
3 4257 4260 4237
3 1095 4258 4271
3 4258 289 4267
3 4271 4267 1097
3 4258 4267 4271
3 1089 4269 4238
3 4269 1097 4266
3 4238 4266 287
3 4269 4266 4238
3 1095 4271 4260
3 4271 1097 4269
3 4260 4269 1089
3 4271 4269 4260
3 72 3897 4207
3 3897 997 4209
3 4207 4209 1079
3 3897 4209 4207
3 997 3898 4215
3 3898 261 4213
3 4215 4213 1081
3 3898 4213 4215
3 1079 4217 4208
3 4217 1081 4214
3 4208 4214 284
3 4217 4214 4208
3 997 4215 4209
3 4215 1081 4217
3 4209 4217 1079
3 4215 4217 4209
3 261 3895 4199
3 3895 996 4201
3 4199 4201 1076
3 3895 4201 4199
3 996 3894 4196
3 3894 1 4194
3 4196 4194 1074
3 3894 4194 4196
3 1076 4202 4200
3 4202 1074 4195
3 4200 4195 282
3 4202 4195 4200
3 996 4196 4201
3 4196 1074 4202
3 4201 4202 1076
3 4196 4202 4201
3 284 4219 4211
3 4219 1082 4222
3 4211 4222 1080
3 4219 4222 4211
3 1082 4218 4220
3 4218 282 4198
3 4220 4198 1075
3 4218 4198 4220
3 1080 4212 4210
3 4212 1075 4197
3 4210 4197 78
3 4212 4197 4210
3 1082 4220 4222
3 4220 1075 4212
3 4222 4212 1080
3 4220 4212 4222
3 261 4199 4213
3 4199 1076 4216
3 4213 4216 1081
3 4199 4216 4213
3 1076 4200 4221
3 4200 282 4218
3 4221 4218 1082
3 4200 4218 4221
3 1081 4223 4214
3 4223 1082 4219
3 4214 4219 284
3 4223 4219 4214
3 1076 4221 4216
3 4221 1082 4223
3 4216 4223 1081
3 4221 4223 4216
3 80 4276 4244
3 4276 1099 4278
3 4244 4278 1091
3 4276 4278 4244
3 1099 4277 4294
3 4277 290 4291
3 4294 4291 1102
3 4277 4291 4294
3 1091 4292 4245
3 4292 1102 4290
3 4245 4290 288
3 4292 4290 4245
3 1099 4294 4278
3 4294 1102 4292
3 4278 4292 1091
3 4294 4292 4278
3 290 4273 4281
3 4273 1098 4284
3 4281 4284 1100
3 4273 4284 4281
3 1098 4272 4274
3 4272 78 4205
3 4274 4205 1078
3 4272 4205 4274
3 1100 4282 4280
3 4282 1078 4206
3 4280 4206 283
3 4282 4206 4280
3 1098 4274 4284
3 4274 1078 4282
3 4284 4282 1100
3 4274 4282 4284
3 288 4247 4242
3 4247 1092 4249
3 4242 4249 1090
3 4247 4249 4242
3 1092 4246 4248
3 4246 283 4204
3 4248 4204 1077
3 4246 4204 4248
3 1090 4243 4241
3 4243 1077 4203
3 4241 4203 24
3 4243 4203 4241
3 1092 4248 4249
3 4248 1077 4243
3 4249 4243 1090
3 4248 4243 4249
3 290 4281 4291
3 4281 1100 4295
3 4291 4295 1102
3 4281 4295 4291
3 1100 4280 4283
3 4280 283 4246
3 4283 4246 1092
3 4280 4246 4283
3 1102 4293 4290
3 4293 1092 4247
3 4290 4247 288
3 4293 4247 4290
3 1100 4283 4295
3 4283 1092 4293
3 4295 4293 1102
3 4283 4293 4295
3 72 4207 4250
3 4207 1079 4253
3 4250 4253 1093
3 4207 4253 4250
3 1079 4208 4264
3 4208 284 4262
3 4264 4262 1096
3 4208 4262 4264
3 1093 4265 4251
3 4265 1096 4263
3 4251 4263 289
3 4265 4263 4251
3 1079 4264 4253
3 4264 1096 4265
3 4253 4265 1093
3 4264 4265 4253
3 284 4211 4285
3 4211 1080 4287
3 4285 4287 1101
3 4211 4287 4285
3 1080 4210 4275
3 4210 78 4272
3 4275 4272 1098
3 4210 4272 4275
3 1101 4289 4286
3 4289 1098 4273
3 4286 4273 290
3 4289 4273 4286
3 1080 4275 4287
3 4275 1098 4289
3 4287 4289 1101
3 4275 4289 4287
3 289 4296 4255
3 4296 1103 4298
3 4255 4298 1094
3 4296 4298 4255
3 1103 4297 4300
3 4297 290 4277
3 4300 4277 1099
3 4297 4277 4300
3 1094 4279 4254
3 4279 1099 4276
3 4254 4276 80
3 4279 4276 4254
3 1103 4300 4298
3 4300 1099 4279
3 4298 4279 1094
3 4300 4279 4298
3 284 4285 4262
3 4285 1101 4288
3 4262 4288 1096
3 4285 4288 4262
3 1101 4286 4301
3 4286 290 4297
3 4301 4297 1103
3 4286 4297 4301
3 1096 4299 4263
3 4299 1103 4296
3 4263 4296 289
3 4299 4296 4263
3 1101 4301 4288
3 4301 1103 4299
3 4288 4299 1096
3 4301 4299 4288
3 27 5088 4852
3 5088 1302 5090
3 4852 5090 1244
3 5088 5090 4852
3 1302 5089 5097
3 5089 341 5095
3 5097 5095 1304
3 5089 5095 5097
3 1244 5096 4853
3 5096 1304 5094
3 4853 5094 327
3 5096 5094 4853
3 1302 5097 5090
3 5097 1304 5096
3 5090 5096 1244
3 5097 5096 5090
3 341 5093 5164
3 5093 1303 5166
3 5164 5166 1320
3 5093 5166 5164
3 1303 5092 5152
3 5092 93 5150
3 5152 5150 1317
3 5092 5150 5152
3 1320 5168 5165
3 5168 1317 5151
3 5165 5151 344
3 5168 5151 5165
3 1303 5152 5166
3 5152 1317 5168
3 5166 5168 1320
3 5152 5168 5166
3 327 5154 4855
3 5154 1318 5156
3 4855 5156 1245
3 5154 5156 4855
3 1318 5155 5158
3 5155 344 5147
3 5158 5147 1316
3 5155 5147 5158
3 1245 5148 4854
3 5148 1316 5146
3 4854 5146 90
3 5148 5146 4854
3 1318 5158 5156
3 5158 1316 5148
3 5156 5148 1245
3 5158 5148 5156
3 341 5164 5095
3 5164 1320 5167
3 5095 5167 1304
3 5164 5167 5095
3 1320 5165 5169
3 5165 344 5155
3 5169 5155 1318
3 5165 5155 5169
3 1304 5157 5094
3 5157 1318 5154
3 5094 5154 327
3 5157 5154 5094
3 1320 5169 5167
3 5169 1318 5157
3 5167 5157 1304
3 5169 5157 5167
3 93 5078 5106
3 5078 1299 5108
3 5106 5108 1307
3 5078 5108 5106
3 1299 5079 5120
3 5079 340 5118
3 5120 5118 1310
3 5079 5118 5120
3 1307 5122 5107
3 5122 1310 5119
3 5107 5119 342
3 5122 5119 5107
3 1299 5120 5108
3 5120 1310 5122
3 5108 5122 1307
3 5120 5122 5108
3 340 5075 5081
3 5075 1298 5083
3 5081 5083 1300
3 5075 5083 5081
3 1298 5074 5076
3 5074 24 4228
3 5076 4228 1085
3 5074 4228 5076
3 1300 5082 5080
3 5082 1085 4229
3 5080 4229 286
3 5082 4229 5080
3 1298 5076 5083
3 5076 1085 5082
3 5083 5082 1300
3 5076 5082 5083
3 342 5110 5103
3 5110 1308 5113
3 5103 5113 1306
3 5110 5113 5103
3 1308 5109 5111
3 5109 286 4231
3 5111 4231 1086
3 5109 4231 5111
3 1306 5104 5102
3 5104 1086 4230
3 5102 4230 79
3 5104 4230 5102
3 1308 5111 5113
3 5111 1086 5104
3 5113 5104 1306
3 5111 5104 5113
3 340 5081 5118
3 5081 1300 5121
3 5118 5121 1310
3 5081 5121 5118
3 1300 5080 5112
3 5080 286 5109
3 5112 5109 1308
3 5080 5109 5112
3 1310 5123 5119
3 5123 1308 5110
3 5119 5110 342
3 5123 5110 5119
3 1300 5112 5121
3 5112 1308 5123
3 5121 5123 1310
3 5112 5123 5121
3 90 4859 4842
3 4859 1247 4861
3 4842 4861 1241
3 4859 4861 4842
3 1247 4860 4871
3 4860 328 4868
3 4871 4868 1249
3 4860 4868 4871
3 1241 4869 4843
3 4869 1249 4867
3 4843 4867 326
3 4869 4867 4843
3 1247 4871 4861
3 4871 1249 4869
3 4861 4869 1241
3 4871 4869 4861
3 328 4857 4863
3 4857 1246 4866
3 4863 4866 1248
3 4857 4866 4863
3 1246 4856 4858
3 4856 79 4226
3 4858 4226 1084
3 4856 4226 4858
3 1248 4864 4862
3 4864 1084 4227
3 4862 4227 285
3 4864 4227 4862
3 1246 4858 4866
3 4858 1084 4864
3 4866 4864 1248
3 4858 4864 4866
3 326 4845 4839
3 4845 1242 4847
3 4839 4847 1240
3 4845 4847 4839
3 1242 4844 4846
3 4844 285 4225
3 4846 4225 1083
3 4844 4225 4846
3 1240 4840 4838
3 4840 1083 4224
3 4838 4224 8
3 4840 4224 4838
3 1242 4846 4847
3 4846 1083 4840
3 4847 4840 1240
3 4846 4840 4847
3 328 4863 4868
3 4863 1248 4872
3 4868 4872 1249
3 4863 4872 4868
3 1248 4862 4865
3 4862 285 4844
3 4865 4844 1242
3 4862 4844 4865
3 1249 4870 4867
3 4870 1242 4845
3 4867 4845 326
3 4870 4845 4867
3 1248 4865 4872
3 4865 1242 4870
3 4872 4870 1249
3 4865 4870 4872
3 93 5106 5150
3 5106 1307 5153
3 5150 5153 1317
3 5106 5153 5150
3 1307 5107 5172
3 5107 342 5170
3 5172 5170 1321
3 5107 5170 5172
3 1317 5174 5151
3 5174 1321 5171
3 5151 5171 344
3 5174 5171 5151
3 1307 5172 5153
3 5172 1321 5174
3 5153 5174 1317
3 5172 5174 5153
3 342 5103 5115
3 5103 1306 5117
3 5115 5117 1309
3 5103 5117 5115
3 1306 5102 5105
3 5102 79 4856
3 5105 4856 1246
3 5102 4856 5105
3 1309 5116 5114
3 5116 1246 4857
3 5114 4857 328
3 5116 4857 5114
3 1306 5105 5117
3 5105 1246 5116
3 5117 5116 1309
3 5105 5116 5117
3 344 5160 5147
3 5160 1319 5163
3 5147 5163 1316
3 5160 5163 5147
3 1319 5159 5161
3 5159 328 4860
3 5161 4860 1247
3 5159 4860 5161
3 1316 5149 5146
3 5149 1247 4859
3 5146 4859 90
3 5149 4859 5146
3 1319 5161 5163
3 5161 1247 5149
3 5163 5149 1316
3 5161 5149 5163
3 342 5115 5170
3 5115 1309 5173
3 5170 5173 1321
3 5115 5173 5170
3 1309 5114 5162
3 5114 328 5159
3 5162 5159 1319
3 5114 5159 5162
3 1321 5175 5171
3 5175 1319 5160
3 5171 5160 344
3 5175 5160 5171
3 1309 5162 5173
3 5162 1319 5175
3 5173 5175 1321
3 5162 5175 5173
3 22 4232 4890
3 4232 1087 4893
3 4890 4893 1254
3 4232 4893 4890
3 1087 4233 4902
3 4233 287 4900
3 4902 4900 1257
3 4233 4900 4902
3 1254 4903 4891
3 4903 1257 4901
3 4891 4901 330
3 4903 4901 4891
3 1087 4902 4893
3 4902 1257 4903
3 4893 4903 1254
3 4902 4903 4893
3 287 4236 4941
3 4236 1088 4943
3 4941 4943 1268
3 4236 4943 4941
3 1088 4235 4937
3 4235 80 4935
3 4937 4935 1266
3 4235 4935 4937
3 1268 4945 4942
3 4945 1266 4936
3 4942 4936 333
3 4945 4936 4942
3 1088 4937 4943
3 4937 1266 4945
3 4943 4945 1268
3 4937 4945 4943
3 330 4946 4895
3 4946 1269 4948
3 4895 4948 1255
3 4946 4948 4895
3 1269 4947 4950
3 4947 333 4939
3 4950 4939 1267
3 4947 4939 4950
3 1255 4940 4894
3 4940 1267 4938
3 4894 4938 91
3 4940 4938 4894
3 1269 4950 4948
3 4950 1267 4940
3 4948 4940 1255
3 4950 4940 4948
3 287 4941 4900
3 4941 1268 4944
3 4900 4944 1257
3 4941 4944 4900
3 1268 4942 4951
3 4942 333 4947
3 4951 4947 1269
3 4942 4947 4951
3 1257 4949 4901
3 4949 1269 4946
3 4901 4946 330
3 4949 4946 4901
3 1268 4951 4944
3 4951 1269 4949
3 4944 4949 1257
3 4951 4949 4944
3 80 4244 5124
3 4244 1091 5126
3 5124 5126 1311
3 4244 5126 5124
3 1091 4245 5133
3 4245 288 5131
3 5133 5131 1313
3 4245 5131 5133
3 1311 5135 5125
3 5135 1313 5132
3 5125 5132 343
3 5135 5132 5125
3 1091 5133 5126
3 5133 1313 5135
3 5126 5135 1311
3 5133 5135 5126
3 288 4242 5084
3 4242 1090 5086
3 5084 5086 1301
3 4242 5086 5084
3 1090 4241 5077
3 4241 24 5074
3 5077 5074 1298
3 4241 5074 5077
3 1301 5087 5085
3 5087 1298 5075
3 5085 5075 340
3 5087 5075 5085
3 1090 5077 5086
3 5077 1298 5087
3 5086 5087 1301
3 5077 5087 5086
3 343 5141 5129
3 5141 1315 5144
3 5129 5144 1312
3 5141 5144 5129
3 1315 5140 5142
3 5140 340 5079
3 5142 5079 1299
3 5140 5079 5142
3 1312 5130 5128
3 5130 1299 5078
3 5128 5078 93
3 5130 5078 5128
3 1315 5142 5144
3 5142 1299 5130
3 5144 5130 1312
3 5142 5130 5144
3 288 5084 5131
3 5084 1301 5134
3 5131 5134 1313
3 5084 5134 5131
3 1301 5085 5143
3 5085 340 5140
3 5143 5140 1315
3 5085 5140 5143
3 1313 5145 5132
3 5145 1315 5141
3 5132 5141 343
3 5145 5141 5132
3 1301 5143 5134
3 5143 1315 5145
3 5134 5145 1313
3 5143 5145 5134
3 91 5176 4907
3 5176 1322 5178
3 4907 5178 1259
3 5176 5178 4907
3 1322 5177 5188
3 5177 345 5185
3 5188 5185 1324
3 5177 5185 5188
3 1259 5186 4908
3 5186 1324 5184
3 4908 5184 331
3 5186 5184 4908
3 1322 5188 5178
3 5188 1324 5186
3 5178 5186 1259
3 5188 5186 5178
3 345 5181 5195
3 5181 1323 5198
3 5195 5198 1326
3 5181 5198 5195
3 1323 5180 5182
3 5180 93 5092
3 5182 5092 1303
3 5180 5092 5182
3 1326 5196 5194
3 5196 1303 5093
3 5194 5093 341
3 5196 5093 5194
3 1323 5182 5198
3 5182 1303 5196
3 5198 5196 1326
3 5182 5196 5198
3 331 5098 4905
3 5098 1305 5100
3 4905 5100 1258
3 5098 5100 4905
3 1305 5099 5101
3 5099 341 5089
3 5101 5089 1302
3 5099 5089 5101
3 1258 5091 4904
3 5091 1302 5088
3 4904 5088 27
3 5091 5088 4904
3 1305 5101 5100
3 5101 1302 5091
3 5100 5091 1258
3 5101 5091 5100
3 345 5195 5185
3 5195 1326 5199
3 5185 5199 1324
3 5195 5199 5185
3 1326 5194 5197
3 5194 341 5099
3 5197 5099 1305
3 5194 5099 5197
3 1324 5187 5184
3 5187 1305 5098
3 5184 5098 331
3 5187 5098 5184
3 1326 5197 5199
3 5197 1305 5187
3 5199 5187 1324
3 5197 5187 5199
3 80 5124 4935
3 5124 1311 5127
3 4935 5127 1266
3 5124 5127 4935
3 1311 5125 5139
3 5125 343 5137
3 5139 5137 1314
3 5125 5137 5139
3 1266 5138 4936
3 5138 1314 5136
3 4936 5136 333
3 5138 5136 4936
3 1311 5139 5127
3 5139 1314 5138
3 5127 5138 1266
3 5139 5138 5127
3 343 5129 5200
3 5129 1312 5202
3 5200 5202 1327
3 5129 5202 5200
3 1312 5128 5183
3 5128 93 5180
3 5183 5180 1323
3 5128 5180 5183
3 1327 5204 5201
3 5204 1323 5181
3 5201 5181 345
3 5204 5181 5201
3 1312 5183 5202
3 5183 1323 5204
3 5202 5204 1327
3 5183 5204 5202
3 333 5189 4939
3 5189 1325 5191
3 4939 5191 1267
3 5189 5191 4939
3 1325 5190 5193
3 5190 345 5177
3 5193 5177 1322
3 5190 5177 5193
3 1267 5179 4938
3 5179 1322 5176
3 4938 5176 91
3 5179 5176 4938
3 1325 5193 5191
3 5193 1322 5179
3 5191 5179 1267
3 5193 5179 5191
3 343 5200 5137
3 5200 1327 5203
3 5137 5203 1314
3 5200 5203 5137
3 1327 5201 5205
3 5201 345 5190
3 5205 5190 1325
3 5201 5190 5205
3 1314 5192 5136
3 5192 1325 5189
3 5136 5189 333
3 5192 5189 5136
3 1327 5205 5203
3 5205 1325 5192
3 5203 5192 1314
3 5205 5192 5203
3 3 5538 2702
3 5538 1410 5540
3 2702 5540 688
3 5538 5540 2702
3 1410 5539 5547
3 5539 366 5545
3 5547 5545 1412
3 5539 5545 5547
3 688 5546 2703
3 5546 1412 5544
3 2703 5544 179
3 5546 5544 2703
3 1410 5547 5540
3 5547 1412 5546
3 5540 5546 688
3 5547 5546 5540
3 366 5543 5567
3 5543 1411 5569
3 5567 5569 1419
3 5543 5569 5567
3 1411 5542 5561
3 5542 99 5559
3 5561 5559 1417
3 5542 5559 5561
3 1419 5571 5568
3 5571 1417 5560
3 5568 5560 368
3 5571 5560 5568
3 1411 5561 5569
3 5561 1417 5571
3 5569 5571 1419
3 5561 5571 5569
3 179 5562 2706
3 5562 1418 5564
3 2706 5564 689
3 5562 5564 2706
3 1418 5563 5566
3 5563 368 5557
3 5566 5557 1416
3 5563 5557 5566
3 689 5558 2705
3 5558 1416 5556
3 2705 5556 49
3 5558 5556 2705
3 1418 5566 5564
3 5566 1416 5558
3 5564 5558 689
3 5566 5558 5564
3 366 5567 5545
3 5567 1419 5570
3 5545 5570 1412
3 5567 5570 5545
3 1419 5568 5572
3 5568 368 5563
3 5572 5563 1418
3 5568 5563 5572
3 1412 5565 5544
3 5565 1418 5562
3 5544 5562 179
3 5565 5562 5544
3 1419 5572 5570
3 5572 1418 5565
3 5570 5565 1412
3 5572 5565 5570
3 99 5554 5638
3 5554 1415 5640
3 5638 5640 1439
3 5554 5640 5638
3 1415 5555 5648
3 5555 367 5646
3 5648 5646 1441
3 5555 5646 5648
3 1439 5650 5639
3 5650 1441 5647
3 5639 5647 375
3 5650 5647 5639
3 1415 5648 5640
3 5648 1441 5650
3 5640 5650 1439
3 5648 5650 5640
3 367 5553 5612
3 5553 1414 5614
3 5612 5614 1433
3 5553 5614 5612
3 1414 5552 5609
3 5552 29 5607
3 5609 5607 1431
3 5552 5607 5609
3 1433 5615 5613
3 5615 1431 5608
3 5613 5608 373
3 5615 5608 5613
3 1414 5609 5614
3 5609 1431 5615
3 5614 5615 1433
3 5609 5615 5614
3 375 5657 5643
3 5657 1443 5660
3 5643 5660 1440
3 5657 5660 5643
3 1443 5656 5658
3 5656 373 5611
3 5658 5611 1432
3 5656 5611 5658
3 1440 5644 5642
3 5644 1432 5610
3 5642 5610 101
3 5644 5610 5642
3 1443 5658 5660
3 5658 1432 5644
3 5660 5644 1440
3 5658 5644 5660
3 367 5612 5646
3 5612 1433 5649
3 5646 5649 1441
3 5612 5649 5646
3 1433 5613 5659
3 5613 373 5656
3 5659 5656 1443
3 5613 5656 5659
3 1441 5661 5647
3 5661 1443 5657
3 5647 5657 375
3 5661 5657 5647
3 1433 5659 5649
3 5659 1443 5661
3 5649 5661 1441
3 5659 5661 5649
3 49 5616 2713
3 5616 1434 5618
3 2713 5618 692
3 5616 5618 2713
3 1434 5617 5627
3 5617 374 5624
3 5627 5624 1436
3 5617 5624 5627
3 692 5625 2714
3 5625 1436 5623
3 2714 5623 180
3 5625 5623 2714
3 1434 5627 5618
3 5627 1436 5625
3 5618 5625 692
3 5627 5625 5618
3 374 5621 5633
3 5621 1435 5636
3 5633 5636 1438
3 5621 5636 5633
3 1435 5620 5622
3 5620 101 5601
3 5622 5601 1429
3 5620 5601 5622
3 1438 5634 5632
3 5634 1429 5602
3 5632 5602 372
3 5634 5602 5632
3 1435 5622 5636
3 5622 1429 5634
3 5636 5634 1438
3 5622 5634 5636
3 180 5603 2712
3 5603 1430 5605
3 2712 5605 691
3 5603 5605 2712
3 1430 5604 5606
3 5604 372 5599
3 5606 5599 1428
3 5604 5599 5606
3 691 5600 2711
3 5600 1428 5598
3 2711 5598 15
3 5600 5598 2711
3 1430 5606 5605
3 5606 1428 5600
3 5605 5600 691
3 5606 5600 5605
3 374 5633 5624
3 5633 1438 5637
3 5624 5637 1436
3 5633 5637 5624
3 1438 5632 5635
3 5632 372 5604
3 5635 5604 1430
3 5632 5604 5635
3 1436 5626 5623
3 5626 1430 5603
3 5623 5603 180
3 5626 5603 5623
3 1438 5635 5637
3 5635 1430 5626
3 5637 5626 1436
3 5635 5626 5637
3 99 5638 5559
3 5638 1439 5641
3 5559 5641 1417
3 5638 5641 5559
3 1439 5639 5655
3 5639 375 5652
3 5655 5652 1442
3 5639 5652 5655
3 1417 5653 5560
3 5653 1442 5651
3 5560 5651 368
3 5653 5651 5560
3 1439 5655 5641
3 5655 1442 5653
3 5641 5653 1417
3 5655 5653 5641
3 375 5643 5663
3 5643 1440 5666
3 5663 5666 1444
3 5643 5666 5663
3 1440 5642 5645
3 5642 101 5620
3 5645 5620 1435
3 5642 5620 5645
3 1444 5664 5662
3 5664 1435 5621
3 5662 5621 374
3 5664 5621 5662
3 1440 5645 5666
3 5645 1435 5664
3 5666 5664 1444
3 5645 5664 5666
3 368 5628 5557
3 5628 1437 5630
3 5557 5630 1416
3 5628 5630 5557
3 1437 5629 5631
3 5629 374 5617
3 5631 5617 1434
3 5629 5617 5631
3 1416 5619 5556
3 5619 1434 5616
3 5556 5616 49
3 5619 5616 5556
3 1437 5631 5630
3 5631 1434 5619
3 5630 5619 1416
3 5631 5619 5630
3 375 5663 5652
3 5663 1444 5667
3 5652 5667 1442
3 5663 5667 5652
3 1444 5662 5665
3 5662 374 5629
3 5665 5629 1437
3 5662 5629 5665
3 1442 5654 5651
3 5654 1437 5628
3 5651 5628 368
3 5654 5628 5651
3 1444 5665 5667
3 5665 1437 5654
3 5667 5654 1442
3 5665 5654 5667
3 29 5594 5982
3 5594 1426 5984
3 5982 5984 1524
3 5594 5984 5982
3 1426 5595 5990
3 5595 371 5988
3 5990 5988 1526
3 5595 5988 5990
3 1524 5991 5983
3 5991 1526 5989
3 5983 5989 396
3 5991 5989 5983
3 1426 5990 5984
3 5990 1526 5991
3 5984 5991 1524
3 5990 5991 5984
3 371 5597 6017
3 5597 1427 6019
3 6017 6019 1534
3 5597 6019 6017
3 1427 5596 6012
3 5596 100 6010
3 6012 6010 1532
3 5596 6010 6012
3 1534 6021 6018
3 6021 1532 6011
3 6018 6011 398
3 6021 6011 6018
3 1427 6012 6019
3 6012 1532 6021
3 6019 6021 1534
3 6012 6021 6019
3 396 6026 5987
3 6026 1536 6028
3 5987 6028 1525
3 6026 6028 5987
3 1536 6027 6030
3 6027 398 6015
3 6030 6015 1533
3 6027 6015 6030
3 1525 6016 5986
3 6016 1533 6014
3 5986 6014 107
3 6016 6014 5986
3 1536 6030 6028
3 6030 1533 6016
3 6028 6016 1525
3 6030 6016 6028
3 371 6017 5988
3 6017 1534 6020
3 5988 6020 1526
3 6017 6020 5988
3 1534 6018 6031
3 6018 398 6027
3 6031 6027 1536
3 6018 6027 6031
3 1526 6029 5989
3 6029 1536 6026
3 5989 6026 396
3 6029 6026 5989
3 1534 6031 6020
3 6031 1536 6029
3 6020 6029 1526
3 6031 6029 6020
3 100 5592 5803
3 5592 1425 5805
3 5803 5805 1481
3 5592 5805 5803
3 1425 5593 5811
3 5593 370 5809
3 5811 5809 1483
3 5593 5809 5811
3 1481 5813 5804
3 5813 1483 5810
3 5804 5810 386
3 5813 5810 5804
3 1425 5811 5805
3 5811 1483 5813
3 5805 5813 1481
3 5811 5813 5805
3 370 5591 5795
3 5591 1424 5797
3 5795 5797 1478
3 5591 5797 5795
3 1424 5590 5792
3 5590 9 5790
3 5792 5790 1476
3 5590 5790 5792
3 1478 5798 5796
3 5798 1476 5791
3 5796 5791 384
3 5798 5791 5796
3 1424 5792 5797
3 5792 1476 5798
3 5797 5798 1478
3 5792 5798 5797
3 386 5815 5807
3 5815 1484 5818
3 5807 5818 1482
3 5815 5818 5807
3 1484 5814 5816
3 5814 384 5794
3 5816 5794 1477
3 5814 5794 5816
3 1482 5808 5806
3 5808 1477 5793
3 5806 5793 104
3 5808 5793 5806
3 1484 5816 5818
3 5816 1477 5808
3 5818 5808 1482
3 5816 5808 5818
3 370 5795 5809
3 5795 1478 5812
3 5809 5812 1483
3 5795 5812 5809
3 1478 5796 5817
3 5796 384 5814
3 5817 5814 1484
3 5796 5814 5817
3 1483 5819 5810
3 5819 1484 5815
3 5810 5815 386
3 5819 5815 5810
3 1478 5817 5812
3 5817 1484 5819
3 5812 5819 1483
3 5817 5819 5812
3 107 6058 6000
3 6058 1543 6060
3 6000 6060 1529
3 6058 6060 6000
3 1543 6059 6076
3 6059 400 6073
3 6076 6073 1546
3 6059 6073 6076
3 1529 6074 6001
3 6074 1546 6072
3 6001 6072 397
3 6074 6072 6001
3 1543 6076 6060
3 6076 1546 6074
3 6060 6074 1529
3 6076 6074 6060
3 400 6055 6063
3 6055 1542 6066
3 6063 6066 1544
3 6055 6066 6063
3 1542 6054 6056
3 6054 104 5801
3 6056 5801 1480
3 6054 5801 6056
3 1544 6064 6062
3 6064 1480 5802
3 6062 5802 385
3 6064 5802 6062
3 1542 6056 6066
3 6056 1480 6064
3 6066 6064 1544
3 6056 6064 6066
3 397 6003 5997
3 6003 1530 6005
3 5997 6005 1528
3 6003 6005 5997
3 1530 6002 6004
3 6002 385 5800
3 6004 5800 1479
3 6002 5800 6004
3 1528 5998 5996
3 5998 1479 5799
3 5996 5799 30
3 5998 5799 5996
3 1530 6004 6005
3 6004 1479 5998
3 6005 5998 1528
3 6004 5998 6005
3 400 6063 6073
3 6063 1544 6077
3 6073 6077 1546
3 6063 6077 6073
3 1544 6062 6065
3 6062 385 6002
3 6065 6002 1530
3 6062 6002 6065
3 1546 6075 6072
3 6075 1530 6003
3 6072 6003 397
3 6075 6003 6072
3 1544 6065 6077
3 6065 1530 6075
3 6077 6075 1546
3 6065 6075 6077
3 100 5803 6010
3 5803 1481 6013
3 6010 6013 1532
3 5803 6013 6010
3 1481 5804 6024
3 5804 386 6022
3 6024 6022 1535
3 5804 6022 6024
3 1532 6025 6011
3 6025 1535 6023
3 6011 6023 398
3 6025 6023 6011
3 1481 6024 6013
3 6024 1535 6025
3 6013 6025 1532
3 6024 6025 6013
3 386 5807 6067
3 5807 1482 6069
3 6067 6069 1545
3 5807 6069 6067
3 1482 5806 6057
3 5806 104 6054
3 6057 6054 1542
3 5806 6054 6057
3 1545 6071 6068
3 6071 1542 6055
3 6068 6055 400
3 6071 6055 6068
3 1482 6057 6069
3 6057 1542 6071
3 6069 6071 1545
3 6057 6071 6069
3 398 6078 6015
3 6078 1547 6080
3 6015 6080 1533
3 6078 6080 6015
3 1547 6079 6082
3 6079 400 6059
3 6082 6059 1543
3 6079 6059 6082
3 1533 6061 6014
3 6061 1543 6058
3 6014 6058 107
3 6061 6058 6014
3 1547 6082 6080
3 6082 1543 6061
3 6080 6061 1533
3 6082 6061 6080
3 386 6067 6022
3 6067 1545 6070
3 6022 6070 1535
3 6067 6070 6022
3 1545 6068 6083
3 6068 400 6079
3 6083 6079 1547
3 6068 6079 6083
3 1535 6081 6023
3 6081 1547 6078
3 6023 6078 398
3 6081 6078 6023
3 1545 6083 6070
3 6083 1547 6081
3 6070 6081 1535
3 6083 6081 6070
3 15 5820 2741
3 5820 1485 5822
3 2741 5822 700
3 5820 5822 2741
3 1485 5821 5829
3 5821 387 5827
3 5829 5827 1487
3 5821 5827 5829
3 700 5828 2742
3 5828 1487 5826
3 2742 5826 183
3 5828 5826 2742
3 1485 5829 5822
3 5829 1487 5828
3 5822 5828 700
3 5829 5828 5822
3 387 5825 5859
3 5825 1486 5861
3 5859 5861 1496
3 5825 5861 5859
3 1486 5824 5849
3 5824 105 5847
3 5849 5847 1493
3 5824 5847 5849
3 1496 5863 5860
3 5863 1493 5848
3 5860 5848 389
3 5863 5848 5860
3 1486 5849 5861
3 5849 1493 5863
3 5861 5863 1496
3 5849 5863 5861
3 183 5850 2744
3 5850 1494 5852
3 2744 5852 701
3 5850 5852 2744
3 1494 5851 5854
3 5851 389 5844
3 5854 5844 1492
3 5851 5844 5854
3 701 5845 2743
3 5845 1492 5843
3 2743 5843 50
3 5845 5843 2743
3 1494 5854 5852
3 5854 1492 5845
3 5852 5845 701
3 5854 5845 5852
3 387 5859 5827
3 5859 1496 5862
3 5827 5862 1487
3 5859 5862 5827
3 1496 5860 5864
3 5860 389 5851
3 5864 5851 1494
3 5860 5851 5864
3 1487 5853 5826
3 5853 1494 5850
3 5826 5850 183
3 5853 5850 5826
3 1496 5864 5862
3 5864 1494 5853
3 5862 5853 1487
3 5864 5853 5862
3 105 5837 5886
3 5837 1490 5888
3 5886 5888 1502
3 5837 5888 5886
3 1490 5838 5902
3 5838 388 5900
3 5902 5900 1505
3 5838 5900 5902
3 1502 5904 5887
3 5904 1505 5901
3 5887 5901 391
3 5904 5901 5887
3 1490 5902 5888
3 5902 1505 5904
3 5888 5904 1502
3 5902 5904 5888
3 388 5835 5840
3 5835 1489 5842
3 5840 5842 1491
3 5835 5842 5840
3 1489 5834 5836
3 5834 30 5752
3 5836 5752 1466
3 5834 5752 5836
3 1491 5841 5839
3 5841 1466 5753
3 5839 5753 381
3 5841 5753 5839
3 1489 5836 5842
3 5836 1466 5841
3 5842 5841 1491
3 5836 5841 5842
3 391 5891 5883
3 5891 1503 5894
3 5883 5894 1501
3 5891 5894 5883
3 1503 5890 5892
3 5890 381 5755
3 5892 5755 1467
3 5890 5755 5892
3 1501 5884 5882
3 5884 1467 5754
3 5882 5754 103
3 5884 5754 5882
3 1503 5892 5894
3 5892 1467 5884
3 5894 5884 1501
3 5892 5884 5894
3 388 5840 5900
3 5840 1491 5903
3 5900 5903 1505
3 5840 5903 5900
3 1491 5839 5893
3 5839 381 5890
3 5893 5890 1503
3 5839 5890 5893
3 1505 5905 5901
3 5905 1503 5891
3 5901 5891 391
3 5905 5891 5901
3 1491 5893 5903
3 5893 1503 5905
3 5903 5905 1505
3 5893 5905 5903
3 50 5756 2735
3 5756 1468 5758
3 2735 5758 698
3 5756 5758 2735
3 1468 5757 5766
3 5757 382 5763
3 5766 5763 1470
3 5757 5763 5766
3 698 5764 2736
3 5764 1470 5762
3 2736 5762 182
3 5764 5762 2736
3 1468 5766 5758
3 5766 1470 5764
3 5758 5764 698
3 5766 5764 5758
3 382 5760 5768
3 5760 1469 5771
3 5768 5771 1471
3 5760 5771 5768
3 1469 5759 5761
3 5759 103 5742
3 5761 5742 1463
3 5759 5742 5761
3 1471 5769 5767
3 5769 1463 5743
3 5767 5743 380
3 5769 5743 5767
3 1469 5761 5771
3 5761 1463 5769
3 5771 5769 1471
3 5761 5769 5771
3 182 5744 2733
3 5744 1464 5746
3 2733 5746 697
3 5744 5746 2733
3 1464 5745 5747
3 5745 380 5739
3 5747 5739 1462
3 5745 5739 5747
3 697 5740 2732
3 5740 1462 5738
3 2732 5738 4
3 5740 5738 2732
3 1464 5747 5746
3 5747 1462 5740
3 5746 5740 697
3 5747 5740 5746
3 382 5768 5763
3 5768 1471 5772
3 5763 5772 1470
3 5768 5772 5763
3 1471 5767 5770
3 5767 380 5745
3 5770 5745 1464
3 5767 5745 5770
3 1470 5765 5762
3 5765 1464 5744
3 5762 5744 182
3 5765 5744 5762
3 1471 5770 5772
3 5770 1464 5765
3 5772 5765 1470
3 5770 5765 5772
3 105 5886 5847
3 5886 1502 5889
3 5847 5889 1493
3 5886 5889 5847
3 1502 5887 5910
3 5887 391 5907
3 5910 5907 1506
3 5887 5907 5910
3 1493 5908 5848
3 5908 1506 5906
3 5848 5906 389
3 5908 5906 5848
3 1502 5910 5889
3 5910 1506 5908
3 5889 5908 1493
3 5910 5908 5889
3 391 5883 5896
3 5883 1501 5899
3 5896 5899 1504
3 5883 5899 5896
3 1501 5882 5885
3 5882 103 5759
3 5885 5759 1469
3 5882 5759 5885
3 1504 5897 5895
3 5897 1469 5760
3 5895 5760 382
3 5897 5760 5895
3 1501 5885 5899
3 5885 1469 5897
3 5899 5897 1504
3 5885 5897 5899
3 389 5856 5844
3 5856 1495 5858
3 5844 5858 1492
3 5856 5858 5844
3 1495 5855 5857
3 5855 382 5757
3 5857 5757 1468
3 5855 5757 5857
3 1492 5846 5843
3 5846 1468 5756
3 5843 5756 50
3 5846 5756 5843
3 1495 5857 5858
3 5857 1468 5846
3 5858 5846 1492
3 5857 5846 5858
3 391 5896 5907
3 5896 1504 5911
3 5907 5911 1506
3 5896 5911 5907
3 1504 5895 5898
3 5895 382 5855
3 5898 5855 1495
3 5895 5855 5898
3 1506 5909 5906
3 5909 1495 5856
3 5906 5856 389
3 5909 5856 5906
3 1504 5898 5911
3 5898 1495 5909
3 5911 5909 1506
3 5898 5909 5911
3 29 5982 5607
3 5982 1524 5985
3 5607 5985 1431
3 5982 5985 5607
3 1524 5983 5995
3 5983 396 5993
3 5995 5993 1527
3 5983 5993 5995
3 1431 5994 5608
3 5994 1527 5992
3 5608 5992 373
3 5994 5992 5608
3 1524 5995 5985
3 5995 1527 5994
3 5985 5994 1431
3 5995 5994 5985
3 396 5987 6048
3 5987 1525 6050
3 6048 6050 1541
3 5987 6050 6048
3 1525 5986 6038
3 5986 107 6036
3 6038 6036 1538
3 5986 6036 6038
3 1541 6052 6049
3 6052 1538 6037
3 6049 6037 399
3 6052 6037 6049
3 1525 6038 6050
3 6038 1538 6052
3 6050 6052 1541
3 6038 6052 6050
3 373 6039 5611
3 6039 1539 6041
3 5611 6041 1432
3 6039 6041 5611
3 1539 6040 6043
3 6040 399 6033
3 6043 6033 1537
3 6040 6033 6043
3 1432 6034 5610
3 6034 1537 6032
3 5610 6032 101
3 6034 6032 5610
3 1539 6043 6041
3 6043 1537 6034
3 6041 6034 1432
3 6043 6034 6041
3 396 6048 5993
3 6048 1541 6051
3 5993 6051 1527
3 6048 6051 5993
3 1541 6049 6053
3 6049 399 6040
3 6053 6040 1539
3 6049 6040 6053
3 1527 6042 5992
3 6042 1539 6039
3 5992 6039 373
3 6042 6039 5992
3 1541 6053 6051
3 6053 1539 6042
3 6051 6042 1527
3 6053 6042 6051
3 107 6000 6088
3 6000 1529 6090
3 6088 6090 1549
3 6000 6090 6088
3 1529 6001 6104
3 6001 397 6102
3 6104 6102 1552
3 6001 6102 6104
3 1549 6106 6089
3 6106 1552 6103
3 6089 6103 401
3 6106 6103 6089
3 1529 6104 6090
3 6104 1552 6106
3 6090 6106 1549
3 6104 6106 6090
3 397 5997 6007
3 5997 1528 6009
3 6007 6009 1531
3 5997 6009 6007
3 1528 5996 5999
3 5996 30 5834
3 5999 5834 1489
3 5996 5834 5999
3 1531 6008 6006
3 6008 1489 5835
3 6006 5835 388
3 6008 5835 6006
3 1528 5999 6009
3 5999 1489 6008
3 6009 6008 1531
3 5999 6008 6009
3 401 6093 6085
3 6093 1550 6096
3 6085 6096 1548
3 6093 6096 6085
3 1550 6092 6094
3 6092 388 5838
3 6094 5838 1490
3 6092 5838 6094
3 1548 6086 6084
3 6086 1490 5837
3 6084 5837 105
3 6086 5837 6084
3 1550 6094 6096
3 6094 1490 6086
3 6096 6086 1548
3 6094 6086 6096
3 397 6007 6102
3 6007 1531 6105
3 6102 6105 1552
3 6007 6105 6102
3 1531 6006 6095
3 6006 388 6092
3 6095 6092 1550
3 6006 6092 6095
3 1552 6107 6103
3 6107 1550 6093
3 6103 6093 401
3 6107 6093 6103
3 1531 6095 6105
3 6095 1550 6107
3 6105 6107 1552
3 6095 6107 6105
3 101 5865 5601
3 5865 1497 5867
3 5601 5867 1429
3 5865 5867 5601
3 1497 5866 5875
3 5866 390 5872
3 5875 5872 1499
3 5866 5872 5875
3 1429 5873 5602
3 5873 1499 5871
3 5602 5871 372
3 5873 5871 5602
3 1497 5875 5867
3 5875 1499 5873
3 5867 5873 1429
3 5875 5873 5867
3 390 5869 5877
3 5869 1498 5880
3 5877 5880 1500
3 5869 5880 5877
3 1498 5868 5870
3 5868 105 5824
3 5870 5824 1486
3 5868 5824 5870
3 1500 5878 5876
3 5878 1486 5825
3 5876 5825 387
3 5878 5825 5876
3 1498 5870 5880
3 5870 1486 5878
3 5880 5878 1500
3 5870 5878 5880
3 372 5830 5599
3 5830 1488 5832
3 5599 5832 1428
3 5830 5832 5599
3 1488 5831 5833
3 5831 387 5821
3 5833 5821 1485
3 5831 5821 5833
3 1428 5823 5598
3 5823 1485 5820
3 5598 5820 15
3 5823 5820 5598
3 1488 5833 5832
3 5833 1485 5823
3 5832 5823 1428
3 5833 5823 5832
3 390 5877 5872
3 5877 1500 5881
3 5872 5881 1499
3 5877 5881 5872
3 1500 5876 5879
3 5876 387 5831
3 5879 5831 1488
3 5876 5831 5879
3 1499 5874 5871
3 5874 1488 5830
3 5871 5830 372
3 5874 5830 5871
3 1500 5879 5881
3 5879 1488 5874
3 5881 5874 1499
3 5879 5874 5881
3 107 6088 6036
3 6088 1549 6091
3 6036 6091 1538
3 6088 6091 6036
3 1549 6089 6112
3 6089 401 6109
3 6112 6109 1553
3 6089 6109 6112
3 1538 6110 6037
3 6110 1553 6108
3 6037 6108 399
3 6110 6108 6037
3 1549 6112 6091
3 6112 1553 6110
3 6091 6110 1538
3 6112 6110 6091
3 401 6085 6098
3 6085 1548 6101
3 6098 6101 1551
3 6085 6101 6098
3 1548 6084 6087
3 6084 105 5868
3 6087 5868 1498
3 6084 5868 6087
3 1551 6099 6097
3 6099 1498 5869
3 6097 5869 390
3 6099 5869 6097
3 1548 6087 6101
3 6087 1498 6099
3 6101 6099 1551
3 6087 6099 6101
3 399 6045 6033
3 6045 1540 6047
3 6033 6047 1537
3 6045 6047 6033
3 1540 6044 6046
3 6044 390 5866
3 6046 5866 1497
3 6044 5866 6046
3 1537 6035 6032
3 6035 1497 5865
3 6032 5865 101
3 6035 5865 6032
3 1540 6046 6047
3 6046 1497 6035
3 6047 6035 1537
3 6046 6035 6047
3 401 6098 6109
3 6098 1551 6113
3 6109 6113 1553
3 6098 6113 6109
3 1551 6097 6100
3 6097 390 6044
3 6100 6044 1540
3 6097 6044 6100
3 1553 6111 6108
3 6111 1540 6045
3 6108 6045 399
3 6111 6045 6108
3 1551 6100 6113
3 6100 1540 6111
3 6113 6111 1553
3 6100 6111 6113
3 3 2702 2586
3 2702 688 2704
3 2586 2704 654
3 2702 2704 2586
3 688 2703 2710
3 2703 179 2708
3 2710 2708 690
3 2703 2708 2710
3 654 2709 2587
3 2709 690 2707
3 2587 2707 168
3 2709 2707 2587
3 688 2710 2704
3 2710 690 2709
3 2704 2709 654
3 2710 2709 2704
3 179 2706 2726
3 2706 689 2728
3 2726 2728 696
3 2706 2728 2726
3 689 2705 2720
3 2705 49 2718
3 2720 2718 694
3 2705 2718 2720
3 696 2730 2727
3 2730 694 2719
3 2727 2719 181
3 2730 2719 2727
3 689 2720 2728
3 2720 694 2730
3 2728 2730 696
3 2720 2730 2728
3 168 2721 2589
3 2721 695 2723
3 2589 2723 655
3 2721 2723 2589
3 695 2722 2725
3 2722 181 2716
3 2725 2716 693
3 2722 2716 2725
3 655 2717 2588
3 2717 693 2715
3 2588 2715 45
3 2717 2715 2588
3 695 2725 2723
3 2725 693 2717
3 2723 2717 655
3 2725 2717 2723
3 179 2726 2708
3 2726 696 2729
3 2708 2729 690
3 2726 2729 2708
3 696 2727 2731
3 2727 181 2722
3 2731 2722 695
3 2727 2722 2731
3 690 2724 2707
3 2724 695 2721
3 2707 2721 168
3 2724 2721 2707
3 696 2731 2729
3 2731 695 2724
3 2729 2724 690
3 2731 2724 2729
3 49 2713 2824
3 2713 692 2826
3 2824 2826 722
3 2713 2826 2824
3 692 2714 2834
3 2714 180 2832
3 2834 2832 724
3 2714 2832 2834
3 722 2836 2825
3 2836 724 2833
3 2825 2833 189
3 2836 2833 2825
3 692 2834 2826
3 2834 724 2836
3 2826 2836 722
3 2834 2836 2826
3 180 2712 2781
3 2712 691 2783
3 2781 2783 712
3 2712 2783 2781
3 691 2711 2778
3 2711 15 2776
3 2778 2776 710
3 2711 2776 2778
3 712 2784 2782
3 2784 710 2777
3 2782 2777 186
3 2784 2777 2782
3 691 2778 2783
3 2778 710 2784
3 2783 2784 712
3 2778 2784 2783
3 189 2843 2829
3 2843 726 2846
3 2829 2846 723
3 2843 2846 2829
3 726 2842 2844
3 2842 186 2780
3 2844 2780 711
3 2842 2780 2844
3 723 2830 2828
3 2830 711 2779
3 2828 2779 51
3 2830 2779 2828
3 726 2844 2846
3 2844 711 2830
3 2846 2830 723
3 2844 2830 2846
3 180 2781 2832
3 2781 712 2835
3 2832 2835 724
3 2781 2835 2832
3 712 2782 2845
3 2782 186 2842
3 2845 2842 726
3 2782 2842 2845
3 724 2847 2833
3 2847 726 2843
3 2833 2843 189
3 2847 2843 2833
3 712 2845 2835
3 2845 726 2847
3 2835 2847 724
3 2845 2847 2835
3 45 2785 2592
3 2785 713 2787
3 2592 2787 657
3 2785 2787 2592
3 713 2786 2796
3 2786 187 2793
3 2796 2793 715
3 2786 2793 2796
3 657 2794 2593
3 2794 715 2792
3 2593 2792 169
3 2794 2792 2593
3 713 2796 2787
3 2796 715 2794
3 2787 2794 657
3 2796 2794 2787
3 187 2790 2802
3 2790 714 2805
3 2802 2805 717
3 2790 2805 2802
3 714 2789 2791
3 2789 51 2766
3 2791 2766 707
3 2789 2766 2791
3 717 2803 2801
3 2803 707 2767
3 2801 2767 185
3 2803 2767 2801
3 714 2791 2805
3 2791 707 2803
3 2805 2803 717
3 2791 2803 2805
3 169 2768 2591
3 2768 708 2770
3 2591 2770 656
3 2768 2770 2591
3 708 2769 2771
3 2769 185 2763
3 2771 2763 706
3 2769 2763 2771
3 656 2764 2590
3 2764 706 2762
3 2590 2762 13
3 2764 2762 2590
3 708 2771 2770
3 2771 706 2764
3 2770 2764 656
3 2771 2764 2770
3 187 2802 2793
3 2802 717 2806
3 2793 2806 715
3 2802 2806 2793
3 717 2801 2804
3 2801 185 2769
3 2804 2769 708
3 2801 2769 2804
3 715 2795 2792
3 2795 708 2768
3 2792 2768 169
3 2795 2768 2792
3 717 2804 2806
3 2804 708 2795
3 2806 2795 715
3 2804 2795 2806
3 49 2824 2718
3 2824 722 2827
3 2718 2827 694
3 2824 2827 2718
3 722 2825 2841
3 2825 189 2838
3 2841 2838 725
3 2825 2838 2841
3 694 2839 2719
3 2839 725 2837
3 2719 2837 181
3 2839 2837 2719
3 722 2841 2827
3 2841 725 2839
3 2827 2839 694
3 2841 2839 2827
3 189 2829 2849
3 2829 723 2852
3 2849 2852 727
3 2829 2852 2849
3 723 2828 2831
3 2828 51 2789
3 2831 2789 714
3 2828 2789 2831
3 727 2850 2848
3 2850 714 2790
3 2848 2790 187
3 2850 2790 2848
3 723 2831 2852
3 2831 714 2850
3 2852 2850 727
3 2831 2850 2852
3 181 2797 2716
3 2797 716 2799
3 2716 2799 693
3 2797 2799 2716
3 716 2798 2800
3 2798 187 2786
3 2800 2786 713
3 2798 2786 2800
3 693 2788 2715
3 2788 713 2785
3 2715 2785 45
3 2788 2785 2715
3 716 2800 2799
3 2800 713 2788
3 2799 2788 693
3 2800 2788 2799
3 189 2849 2838
3 2849 727 2853
3 2838 2853 725
3 2849 2853 2838
3 727 2848 2851
3 2848 187 2798
3 2851 2798 716
3 2848 2798 2851
3 725 2840 2837
3 2840 716 2797
3 2837 2797 181
3 2840 2797 2837
3 727 2851 2853
3 2851 716 2840
3 2853 2840 725
3 2851 2840 2853
3 15 2741 2868
3 2741 700 2870
3 2868 2870 732
3 2741 2870 2868
3 700 2742 2876
3 2742 183 2874
3 2876 2874 734
3 2742 2874 2876
3 732 2877 2869
3 2877 734 2875
3 2869 2875 191
3 2877 2875 2869
3 700 2876 2870
3 2876 734 2877
3 2870 2877 732
3 2876 2877 2870
3 183 2744 2934
3 2744 701 2936
3 2934 2936 748
3 2744 2936 2934
3 701 2743 2928
3 2743 50 2926
3 2928 2926 746
3 2743 2926 2928
3 748 2938 2935
3 2938 746 2927
3 2935 2927 194
3 2938 2927 2935
3 701 2928 2936
3 2928 746 2938
3 2936 2938 748
3 2928 2938 2936
3 191 2944 2873
3 2944 750 2946
3 2873 2946 733
3 2944 2946 2873
3 750 2945 2948
3 2945 194 2931
3 2948 2931 747
3 2945 2931 2948
3 733 2932 2872
3 2932 747 2930
3 2872 2930 52
3 2932 2930 2872
3 750 2948 2946
3 2948 747 2932
3 2946 2932 733
3 2948 2932 2946
3 183 2934 2874
3 2934 748 2937
3 2874 2937 734
3 2934 2937 2874
3 748 2935 2949
3 2935 194 2945
3 2949 2945 750
3 2935 2945 2949
3 734 2947 2875
3 2947 750 2944
3 2875 2944 191
3 2947 2944 2875
3 748 2949 2937
3 2949 750 2947
3 2937 2947 734
3 2949 2947 2937
3 50 2735 2748
3 2735 698 2750
3 2748 2750 703
3 2735 2750 2748
3 698 2736 2758
3 2736 182 2756
3 2758 2756 705
3 2736 2756 2758
3 703 2760 2749
3 2760 705 2757
3 2749 2757 184
3 2760 2757 2749
3 698 2758 2750
3 2758 705 2760
3 2750 2760 703
3 2758 2760 2750
3 182 2733 2738
3 2733 697 2740
3 2738 2740 699
3 2733 2740 2738
3 697 2732 2734
3 2732 4 2624
3 2734 2624 667
3 2732 2624 2734
3 699 2739 2737
3 2739 667 2625
3 2737 2625 173
3 2739 2625 2737
3 697 2734 2740
3 2734 667 2739
3 2740 2739 699
3 2734 2739 2740
3 184 2752 2746
3 2752 704 2755
3 2746 2755 702
3 2752 2755 2746
3 704 2751 2753
3 2751 173 2627
3 2753 2627 668
3 2751 2627 2753
3 702 2747 2745
3 2747 668 2626
3 2745 2626 47
3 2747 2626 2745
3 704 2753 2755
3 2753 668 2747
3 2755 2747 702
3 2753 2747 2755
3 182 2738 2756
3 2738 699 2759
3 2756 2759 705
3 2738 2759 2756
3 699 2737 2754
3 2737 173 2751
3 2754 2751 704
3 2737 2751 2754
3 705 2761 2757
3 2761 704 2752
3 2757 2752 184
3 2761 2752 2757
3 699 2754 2759
3 2754 704 2761
3 2759 2761 705
3 2754 2761 2759
3 52 2886 2858
3 2886 737 2888
3 2858 2888 729
3 2886 2888 2858
3 737 2887 2902
3 2887 192 2899
3 2902 2899 740
3 2887 2899 2902
3 729 2900 2859
3 2900 740 2898
3 2859 2898 190
3 2900 2898 2859
3 737 2902 2888
3 2902 740 2900
3 2888 2900 729
3 2902 2900 2888
3 192 2883 2890
3 2883 736 2893
3 2890 2893 738
3 2883 2893 2890
3 736 2882 2884
3 2882 47 2630
3 2884 2630 670
3 2882 2630 2884
3 738 2891 2889
3 2891 670 2631
3 2889 2631 174
3 2891 2631 2889
3 736 2884 2893
3 2884 670 2891
3 2893 2891 738
3 2884 2891 2893
3 190 2861 2855
3 2861 730 2863
3 2855 2863 728
3 2861 2863 2855
3 730 2860 2862
3 2860 174 2629
3 2862 2629 669
3 2860 2629 2862
3 728 2856 2854
3 2856 669 2628
3 2854 2628 14
3 2856 2628 2854
3 730 2862 2863
3 2862 669 2856
3 2863 2856 728
3 2862 2856 2863
3 192 2890 2899
3 2890 738 2903
3 2899 2903 740
3 2890 2903 2899
3 738 2889 2892
3 2889 174 2860
3 2892 2860 730
3 2889 2860 2892
3 740 2901 2898
3 2901 730 2861
3 2898 2861 190
3 2901 2861 2898
3 738 2892 2903
3 2892 730 2901
3 2903 2901 740
3 2892 2901 2903
3 50 2748 2926
3 2748 703 2929
3 2926 2929 746
3 2748 2929 2926
3 703 2749 2941
3 2749 184 2939
3 2941 2939 749
3 2749 2939 2941
3 746 2943 2927
3 2943 749 2940
3 2927 2940 194
3 2943 2940 2927
3 703 2941 2929
3 2941 749 2943
3 2929 2943 746
3 2941 2943 2929
3 184 2746 2894
3 2746 702 2896
3 2894 2896 739
3 2746 2896 2894
3 702 2745 2885
3 2745 47 2882
3 2885 2882 736
3 2745 2882 2885
3 739 2897 2895
3 2897 736 2883
3 2895 2883 192
3 2897 2883 2895
3 702 2885 2896
3 2885 736 2897
3 2896 2897 739
3 2885 2897 2896
3 194 2951 2931
3 2951 751 2954
3 2931 2954 747
3 2951 2954 2931
3 751 2950 2952
3 2950 192 2887
3 2952 2887 737
3 2950 2887 2952
3 747 2933 2930
3 2933 737 2886
3 2930 2886 52
3 2933 2886 2930
3 751 2952 2954
3 2952 737 2933
3 2954 2933 747
3 2952 2933 2954
3 184 2894 2939
3 2894 739 2942
3 2939 2942 749
3 2894 2942 2939
3 739 2895 2953
3 2895 192 2950
3 2953 2950 751
3 2895 2950 2953
3 749 2955 2940
3 2955 751 2951
3 2940 2951 194
3 2955 2951 2940
3 739 2953 2942
3 2953 751 2955
3 2942 2955 749
3 2953 2955 2942
3 13 2632 2582
3 2632 671 2634
3 2582 2634 652
3 2632 2634 2582
3 671 2633 2640
3 2633 175 2638
3 2640 2638 673
3 2633 2638 2640
3 652 2639 2583
3 2639 673 2637
3 2583 2637 167
3 2639 2637 2583
3 671 2640 2634
3 2640 673 2639
3 2634 2639 652
3 2640 2639 2634
3 175 2636 2666
3 2636 672 2668
3 2666 2668 681
3 2636 2668 2666
3 672 2635 2656
3 2635 48 2654
3 2656 2654 678
3 2635 2654 2656
3 681 2670 2667
3 2670 678 2655
3 2667 2655 177
3 2670 2655 2667
3 672 2656 2668
3 2656 678 2670
3 2668 2670 681
3 2656 2670 2668
3 167 2657 2585
3 2657 679 2659
3 2585 2659 653
3 2657 2659 2585
3 679 2658 2661
3 2658 177 2651
3 2661 2651 677
3 2658 2651 2661
3 653 2652 2584
3 2652 677 2650
3 2584 2650 44
3 2652 2650 2584
3 679 2661 2659
3 2661 677 2652
3 2659 2652 653
3 2661 2652 2659
3 175 2666 2638
3 2666 681 2669
3 2638 2669 673
3 2666 2669 2638
3 681 2667 2671
3 2667 177 2658
3 2671 2658 679
3 2667 2658 2671
3 673 2660 2637
3 2660 679 2657
3 2637 2657 167
3 2660 2657 2637
3 681 2671 2669
3 2671 679 2660
3 2669 2660 673
3 2671 2660 2669
3 48 2644 2676
3 2644 675 2678
3 2676 2678 683
3 2644 2678 2676
3 675 2645 2692
3 2645 176 2690
3 2692 2690 686
3 2645 2690 2692
3 683 2694 2677
3 2694 686 2691
3 2677 2691 178
3 2694 2691 2677
3 675 2692 2678
3 2692 686 2694
3 2678 2694 683
3 2692 2694 2678
3 176 2642 2647
3 2642 674 2649
3 2647 2649 676
3 2642 2649 2647
3 674 2641 2643
3 2641 14 2603
3 2643 2603 661
3 2641 2603 2643
3 676 2648 2646
3 2648 661 2604
3 2646 2604 171
3 2648 2604 2646
3 674 2643 2649
3 2643 661 2648
3 2649 2648 676
3 2643 2648 2649
3 178 2681 2673
3 2681 684 2684
3 2673 2684 682
3 2681 2684 2673
3 684 2680 2682
3 2680 171 2606
3 2682 2606 662
3 2680 2606 2682
3 682 2674 2672
3 2674 662 2605
3 2672 2605 46
3 2674 2605 2672
3 684 2682 2684
3 2682 662 2674
3 2684 2674 682
3 2682 2674 2684
3 176 2647 2690
3 2647 676 2693
3 2690 2693 686
3 2647 2693 2690
3 676 2646 2683
3 2646 171 2680
3 2683 2680 684
3 2646 2680 2683
3 686 2695 2691
3 2695 684 2681
3 2691 2681 178
3 2695 2681 2691
3 676 2683 2693
3 2683 684 2695
3 2693 2695 686
3 2683 2695 2693
3 44 2607 2580
3 2607 663 2609
3 2580 2609 651
3 2607 2609 2580
3 663 2608 2617
3 2608 172 2614
3 2617 2614 665
3 2608 2614 2617
3 651 2615 2581
3 2615 665 2613
3 2581 2613 166
3 2615 2613 2581
3 663 2617 2609
3 2617 665 2615
3 2609 2615 651
3 2617 2615 2609
3 172 2611 2619
3 2611 664 2622
3 2619 2622 666
3 2611 2622 2619
3 664 2610 2612
3 2610 46 2597
3 2612 2597 659
3 2610 2597 2612
3 666 2620 2618
3 2620 659 2598
3 2618 2598 170
3 2620 2598 2618
3 664 2612 2622
3 2612 659 2620
3 2622 2620 666
3 2612 2620 2622
3 166 2599 2579
3 2599 660 2601
3 2579 2601 650
3 2599 2601 2579
3 660 2600 2602
3 2600 170 2595
3 2602 2595 658
3 2600 2595 2602
3 650 2596 2578
3 2596 658 2594
3 2578 2594 2
3 2596 2594 2578
3 660 2602 2601
3 2602 658 2596
3 2601 2596 650
3 2602 2596 2601
3 172 2619 2614
3 2619 666 2623
3 2614 2623 665
3 2619 2623 2614
3 666 2618 2621
3 2618 170 2600
3 2621 2600 660
3 2618 2600 2621
3 665 2616 2613
3 2616 660 2599
3 2613 2599 166
3 2616 2599 2613
3 666 2621 2623
3 2621 660 2616
3 2623 2616 665
3 2621 2616 2623
3 48 2676 2654
3 2676 683 2679
3 2654 2679 678
3 2676 2679 2654
3 683 2677 2700
3 2677 178 2697
3 2700 2697 687
3 2677 2697 2700
3 678 2698 2655
3 2698 687 2696
3 2655 2696 177
3 2698 2696 2655
3 683 2700 2679
3 2700 687 2698
3 2679 2698 678
3 2700 2698 2679
3 178 2673 2686
3 2673 682 2689
3 2686 2689 685
3 2673 2689 2686
3 682 2672 2675
3 2672 46 2610
3 2675 2610 664
3 2672 2610 2675
3 685 2687 2685
3 2687 664 2611
3 2685 2611 172
3 2687 2611 2685
3 682 2675 2689
3 2675 664 2687
3 2689 2687 685
3 2675 2687 2689
3 177 2663 2651
3 2663 680 2665
3 2651 2665 677
3 2663 2665 2651
3 680 2662 2664
3 2662 172 2608
3 2664 2608 663
3 2662 2608 2664
3 677 2653 2650
3 2653 663 2607
3 2650 2607 44
3 2653 2607 2650
3 680 2664 2665
3 2664 663 2653
3 2665 2653 677
3 2664 2653 2665
3 178 2686 2697
3 2686 685 2701
3 2697 2701 687
3 2686 2701 2697
3 685 2685 2688
3 2685 172 2662
3 2688 2662 680
3 2685 2662 2688
3 687 2699 2696
3 2699 680 2663
3 2696 2663 177
3 2699 2663 2696
3 685 2688 2701
3 2688 680 2699
3 2701 2699 687
3 2688 2699 2701
3 15 2868 2776
3 2868 732 2871
3 2776 2871 710
3 2868 2871 2776
3 732 2869 2881
3 2869 191 2879
3 2881 2879 735
3 2869 2879 2881
3 710 2880 2777
3 2880 735 2878
3 2777 2878 186
3 2880 2878 2777
3 732 2881 2871
3 2881 735 2880
3 2871 2880 710
3 2881 2880 2871
3 191 2873 2974
3 2873 733 2976
3 2974 2976 756
3 2873 2976 2974
3 733 2872 2962
3 2872 52 2960
3 2962 2960 753
3 2872 2960 2962
3 756 2978 2975
3 2978 753 2961
3 2975 2961 195
3 2978 2961 2975
3 733 2962 2976
3 2962 753 2978
3 2976 2978 756
3 2962 2978 2976
3 186 2964 2780
3 2964 754 2966
3 2780 2966 711
3 2964 2966 2780
3 754 2965 2968
3 2965 195 2957
3 2968 2957 752
3 2965 2957 2968
3 711 2958 2779
3 2958 752 2956
3 2779 2956 51
3 2958 2956 2779
3 754 2968 2966
3 2968 752 2958
3 2966 2958 711
3 2968 2958 2966
3 191 2974 2879
3 2974 756 2977
3 2879 2977 735
3 2974 2977 2879
3 756 2975 2979
3 2975 195 2965
3 2979 2965 754
3 2975 2965 2979
3 735 2967 2878
3 2967 754 2964
3 2878 2964 186
3 2967 2964 2878
3 756 2979 2977
3 2979 754 2967
3 2977 2967 735
3 2979 2967 2977
3 52 2858 2908
3 2858 729 2910
3 2908 2910 742
3 2858 2910 2908
3 729 2859 2922
3 2859 190 2920
3 2922 2920 745
3 2859 2920 2922
3 742 2924 2909
3 2924 745 2921
3 2909 2921 193
3 2924 2921 2909
3 729 2922 2910
3 2922 745 2924
3 2910 2924 742
3 2922 2924 2910
3 190 2855 2865
3 2855 728 2867
3 2865 2867 731
3 2855 2867 2865
3 728 2854 2857
3 2854 14 2641
3 2857 2641 674
3 2854 2641 2857
3 731 2866 2864
3 2866 674 2642
3 2864 2642 176
3 2866 2642 2864
3 728 2857 2867
3 2857 674 2866
3 2867 2866 731
3 2857 2866 2867
3 193 2912 2905
3 2912 743 2915
3 2905 2915 741
3 2912 2915 2905
3 743 2911 2913
3 2911 176 2645
3 2913 2645 675
3 2911 2645 2913
3 741 2906 2904
3 2906 675 2644
3 2904 2644 48
3 2906 2644 2904
3 743 2913 2915
3 2913 675 2906
3 2915 2906 741
3 2913 2906 2915
3 190 2865 2920
3 2865 731 2923
3 2920 2923 745
3 2865 2923 2920
3 731 2864 2914
3 2864 176 2911
3 2914 2911 743
3 2864 2911 2914
3 745 2925 2921
3 2925 743 2912
3 2921 2912 193
3 2925 2912 2921
3 731 2914 2923
3 2914 743 2925
3 2923 2925 745
3 2914 2925 2923
3 51 2810 2766
3 2810 719 2812
3 2766 2812 707
3 2810 2812 2766
3 719 2811 2822
3 2811 188 2819
3 2822 2819 721
3 2811 2819 2822
3 707 2820 2767
3 2820 721 2818
3 2767 2818 185
3 2820 2818 2767
3 719 2822 2812
3 2822 721 2820
3 2812 2820 707
3 2822 2820 2812
3 188 2808 2814
3 2808 718 2817
3 2814 2817 720
3 2808 2817 2814
3 718 2807 2809
3 2807 48 2635
3 2809 2635 672
3 2807 2635 2809
3 720 2815 2813
3 2815 672 2636
3 2813 2636 175
3 2815 2636 2813
3 718 2809 2817
3 2809 672 2815
3 2817 2815 720
3 2809 2815 2817
3 185 2773 2763
3 2773 709 2775
3 2763 2775 706
3 2773 2775 2763
3 709 2772 2774
3 2772 175 2633
3 2774 2633 671
3 2772 2633 2774
3 706 2765 2762
3 2765 671 2632
3 2762 2632 13
3 2765 2632 2762
3 709 2774 2775
3 2774 671 2765
3 2775 2765 706
3 2774 2765 2775
3 188 2814 2819
3 2814 720 2823
3 2819 2823 721
3 2814 2823 2819
3 720 2813 2816
3 2813 175 2772
3 2816 2772 709
3 2813 2772 2816
3 721 2821 2818
3 2821 709 2773
3 2818 2773 185
3 2821 2773 2818
3 720 2816 2823
3 2816 709 2821
3 2823 2821 721
3 2816 2821 2823
3 52 2908 2960
3 2908 742 2963
3 2960 2963 753
3 2908 2963 2960
3 742 2909 2982
3 2909 193 2980
3 2982 2980 757
3 2909 2980 2982
3 753 2984 2961
3 2984 757 2981
3 2961 2981 195
3 2984 2981 2961
3 742 2982 2963
3 2982 757 2984
3 2963 2984 753
3 2982 2984 2963
3 193 2905 2917
3 2905 741 2919
3 2917 2919 744
3 2905 2919 2917
3 741 2904 2907
3 2904 48 2807
3 2907 2807 718
3 2904 2807 2907
3 744 2918 2916
3 2918 718 2808
3 2916 2808 188
3 2918 2808 2916
3 741 2907 2919
3 2907 718 2918
3 2919 2918 744
3 2907 2918 2919
3 195 2970 2957
3 2970 755 2973
3 2957 2973 752
3 2970 2973 2957
3 755 2969 2971
3 2969 188 2811
3 2971 2811 719
3 2969 2811 2971
3 752 2959 2956
3 2959 719 2810
3 2956 2810 51
3 2959 2810 2956
3 755 2971 2973
3 2971 719 2959
3 2973 2959 752
3 2971 2959 2973
3 193 2917 2980
3 2917 744 2983
3 2980 2983 757
3 2917 2983 2980
3 744 2916 2972
3 2916 188 2969
3 2972 2969 755
3 2916 2969 2972
3 757 2985 2981
3 2985 755 2970
3 2981 2970 195
3 2985 2970 2981
3 744 2972 2983
3 2972 755 2985
3 2983 2985 757
3 2972 2985 2983
3 3 2586 3502
3 2586 654 3504
3 3502 3504 896
3 2586 3504 3502
3 654 2587 3509
3 2587 168 3507
3 3509 3507 898
3 2587 3507 3509
3 896 3510 3503
3 3510 898 3508
3 3503 3508 235
3 3510 3508 3503
3 654 3509 3504
3 3509 898 3510
3 3504 3510 896
3 3509 3510 3504
3 168 2589 3521
3 2589 655 3523
3 3521 3523 903
3 2589 3523 3521
3 655 2588 3517
3 2588 45 3515
3 3517 3515 901
3 2588 3515 3517
3 903 3525 3522
3 3525 901 3516
3 3522 3516 237
3 3525 3516 3522
3 655 3517 3523
3 3517 901 3525
3 3523 3525 903
3 3517 3525 3523
3 235 3526 3506
3 3526 904 3528
3 3506 3528 897
3 3526 3528 3506
3 904 3527 3530
3 3527 237 3519
3 3530 3519 902
3 3527 3519 3530
3 897 3520 3505
3 3520 902 3518
3 3505 3518 65
3 3520 3518 3505
3 904 3530 3528
3 3530 902 3520
3 3528 3520 897
3 3530 3520 3528
3 168 3521 3507
3 3521 903 3524
3 3507 3524 898
3 3521 3524 3507
3 903 3522 3531
3 3522 237 3527
3 3531 3527 904
3 3522 3527 3531
3 898 3529 3508
3 3529 904 3526
3 3508 3526 235
3 3529 3526 3508
3 903 3531 3524
3 3531 904 3529
3 3524 3529 898
3 3531 3529 3524
3 45 2592 3585
3 2592 657 3587
3 3585 3587 921
3 2592 3587 3585
3 657 2593 3594
3 2593 169 3592
3 3594 3592 923
3 2593 3592 3594
3 921 3596 3586
3 3596 923 3593
3 3586 3593 243
3 3596 3593 3586
3 657 3594 3587
3 3594 923 3596
3 3587 3596 921
3 3594 3596 3587
3 169 2591 3568
3 2591 656 3570
3 3568 3570 916
3 2591 3570 3568
3 656 2590 3564
3 2590 13 3562
3 3564 3562 914
3 2590 3562 3564
3 916 3571 3569
3 3571 914 3563
3 3569 3563 241
3 3571 3563 3569
3 656 3564 3570
3 3564 914 3571
3 3570 3571 916
3 3564 3571 3570
3 243 3602 3590
3 3602 925 3605
3 3590 3605 922
3 3602 3605 3590
3 925 3601 3603
3 3601 241 3567
3 3603 3567 915
3 3601 3567 3603
3 922 3591 3589
3 3591 915 3566
3 3589 3566 67
3 3591 3566 3589
3 925 3603 3605
3 3603 915 3591
3 3605 3591 922
3 3603 3591 3605
3 169 3568 3592
3 3568 916 3595
3 3592 3595 923
3 3568 3595 3592
3 916 3569 3604
3 3569 241 3601
3 3604 3601 925
3 3569 3601 3604
3 923 3606 3593
3 3606 925 3602
3 3593 3602 243
3 3606 3602 3593
3 916 3604 3595
3 3604 925 3606
3 3595 3606 923
3 3604 3606 3595
3 65 3624 3513
3 3624 930 3626
3 3513 3626 900
3 3624 3626 3513
3 930 3625 3636
3 3625 245 3633
3 3636 3633 932
3 3625 3633 3636
3 900 3634 3514
3 3634 932 3632
3 3514 3632 236
3 3634 3632 3514
3 930 3636 3626
3 3636 932 3634
3 3626 3634 900
3 3636 3634 3626
3 245 3629 3643
3 3629 931 3646
3 3643 3646 934
3 3629 3646 3643
3 931 3628 3630
3 3628 67 3579
3 3630 3579 919
3 3628 3579 3630
3 934 3644 3642
3 3644 919 3580
3 3642 3580 242
3 3644 3580 3642
3 931 3630 3646
3 3630 919 3644
3 3646 3644 934
3 3630 3644 3646
3 236 3581 3512
3 3581 920 3583
3 3512 3583 899
3 3581 3583 3512
3 920 3582 3584
3 3582 242 3577
3 3584 3577 918
3 3582 3577 3584
3 899 3578 3511
3 3578 918 3576
3 3511 3576 20
3 3578 3576 3511
3 920 3584 3583
3 3584 918 3578
3 3583 3578 899
3 3584 3578 3583
3 245 3643 3633
3 3643 934 3647
3 3633 3647 932
3 3643 3647 3633
3 934 3642 3645
3 3642 242 3582
3 3645 3582 920
3 3642 3582 3645
3 932 3635 3632
3 3635 920 3581
3 3632 3581 236
3 3635 3581 3632
3 934 3645 3647
3 3645 920 3635
3 3647 3635 932
3 3645 3635 3647
3 45 3585 3515
3 3585 921 3588
3 3515 3588 901
3 3585 3588 3515
3 921 3586 3600
3 3586 243 3598
3 3600 3598 924
3 3586 3598 3600
3 901 3599 3516
3 3599 924 3597
3 3516 3597 237
3 3599 3597 3516
3 921 3600 3588
3 3600 924 3599
3 3588 3599 901
3 3600 3599 3588
3 243 3590 3648
3 3590 922 3650
3 3648 3650 935
3 3590 3650 3648
3 922 3589 3631
3 3589 67 3628
3 3631 3628 931
3 3589 3628 3631
3 935 3652 3649
3 3652 931 3629
3 3649 3629 245
3 3652 3629 3649
3 922 3631 3650
3 3631 931 3652
3 3650 3652 935
3 3631 3652 3650
3 237 3637 3519
3 3637 933 3639
3 3519 3639 902
3 3637 3639 3519
3 933 3638 3641
3 3638 245 3625
3 3641 3625 930
3 3638 3625 3641
3 902 3627 3518
3 3627 930 3624
3 3518 3624 65
3 3627 3624 3518
3 933 3641 3639
3 3641 930 3627
3 3639 3627 902
3 3641 3627 3639
3 243 3648 3598
3 3648 935 3651
3 3598 3651 924
3 3648 3651 3598
3 935 3649 3653
3 3649 245 3638
3 3653 3638 933
3 3649 3638 3653
3 924 3640 3597
3 3640 933 3637
3 3597 3637 237
3 3640 3637 3597
3 935 3653 3651
3 3653 933 3640
3 3651 3640 924
3 3653 3640 3651
3 13 2582 3432
3 2582 652 3434
3 3432 3434 879
3 2582 3434 3432
3 652 2583 3439
3 2583 167 3437
3 3439 3437 881
3 2583 3437 3439
3 879 3440 3433
3 3440 881 3438
3 3433 3438 231
3 3440 3438 3433
3 652 3439 3434
3 3439 881 3440
3 3434 3440 879
3 3439 3440 3434
3 167 2585 3457
3 2585 653 3459
3 3457 3459 887
3 2585 3459 3457
3 653 2584 3452
3 2584 44 3450
3 3452 3450 885
3 2584 3450 3452
3 887 3461 3458
3 3461 885 3451
3 3458 3451 233
3 3461 3451 3458
3 653 3452 3459
3 3452 885 3461
3 3459 3461 887
3 3452 3461 3459
3 231 3466 3436
3 3466 889 3468
3 3436 3468 880
3 3466 3468 3436
3 889 3467 3470
3 3467 233 3455
3 3470 3455 886
3 3467 3455 3470
3 880 3456 3435
3 3456 886 3454
3 3435 3454 64
3 3456 3454 3435
3 889 3470 3468
3 3470 886 3456
3 3468 3456 880
3 3470 3456 3468
3 167 3457 3437
3 3457 887 3460
3 3437 3460 881
3 3457 3460 3437
3 887 3458 3471
3 3458 233 3467
3 3471 3467 889
3 3458 3467 3471
3 881 3469 3438
3 3469 889 3466
3 3438 3466 231
3 3469 3466 3438
3 887 3471 3460
3 3471 889 3469
3 3460 3469 881
3 3471 3469 3460
3 44 2580 3407
3 2580 651 3409
3 3407 3409 871
3 2580 3409 3407
3 651 2581 3415
3 2581 166 3413
3 3415 3413 873
3 2581 3413 3415
3 871 3417 3408
3 3417 873 3414
3 3408 3414 228
3 3417 3414 3408
3 651 3415 3409
3 3415 873 3417
3 3409 3417 871
3 3415 3417 3409
3 166 2579 3399
3 2579 650 3401
3 3399 3401 868
3 2579 3401 3399
3 650 2578 3396
3 2578 2 3394
3 3396 3394 866
3 2578 3394 3396
3 868 3402 3400
3 3402 866 3395
3 3400 3395 226
3 3402 3395 3400
3 650 3396 3401
3 3396 866 3402
3 3401 3402 868
3 3396 3402 3401
3 228 3419 3411
3 3419 874 3422
3 3411 3422 872
3 3419 3422 3411
3 874 3418 3420
3 3418 226 3398
3 3420 3398 867
3 3418 3398 3420
3 872 3412 3410
3 3412 867 3397
3 3410 3397 62
3 3412 3397 3410
3 874 3420 3422
3 3420 867 3412
3 3422 3412 872
3 3420 3412 3422
3 166 3399 3413
3 3399 868 3416
3 3413 3416 873
3 3399 3416 3413
3 868 3400 3421
3 3400 226 3418
3 3421 3418 874
3 3400 3418 3421
3 873 3423 3414
3 3423 874 3419
3 3414 3419 228
3 3423 3419 3414
3 868 3421 3416
3 3421 874 3423
3 3416 3423 873
3 3421 3423 3416
3 64 3476 3444
3 3476 891 3478
3 3444 3478 883
3 3476 3478 3444
3 891 3477 3494
3 3477 234 3491
3 3494 3491 894
3 3477 3491 3494
3 883 3492 3445
3 3492 894 3490
3 3445 3490 232
3 3492 3490 3445
3 891 3494 3478
3 3494 894 3492
3 3478 3492 883
3 3494 3492 3478
3 234 3473 3481
3 3473 890 3484
3 3481 3484 892
3 3473 3484 3481
3 890 3472 3474
3 3472 62 3405
3 3474 3405 870
3 3472 3405 3474
3 892 3482 3480
3 3482 870 3406
3 3480 3406 227
3 3482 3406 3480
3 890 3474 3484
3 3474 870 3482
3 3484 3482 892
3 3474 3482 3484
3 232 3447 3442
3 3447 884 3449
3 3442 3449 882
3 3447 3449 3442
3 884 3446 3448
3 3446 227 3404
3 3448 3404 869
3 3446 3404 3448
3 882 3443 3441
3 3443 869 3403
3 3441 3403 19
3 3443 3403 3441
3 884 3448 3449
3 3448 869 3443
3 3449 3443 882
3 3448 3443 3449
3 234 3481 3491
3 3481 892 3495
3 3491 3495 894
3 3481 3495 3491
3 892 3480 3483
3 3480 227 3446
3 3483 3446 884
3 3480 3446 3483
3 894 3493 3490
3 3493 884 3447
3 3490 3447 232
3 3493 3447 3490
3 892 3483 3495
3 3483 884 3493
3 3495 3493 894
3 3483 3493 3495
3 44 3407 3450
3 3407 871 3453
3 3450 3453 885
3 3407 3453 3450
3 871 3408 3464
3 3408 228 3462
3 3464 3462 888
3 3408 3462 3464
3 885 3465 3451
3 3465 888 3463
3 3451 3463 233
3 3465 3463 3451
3 871 3464 3453
3 3464 888 3465
3 3453 3465 885
3 3464 3465 3453
3 228 3411 3485
3 3411 872 3487
3 3485 3487 893
3 3411 3487 3485
3 872 3410 3475
3 3410 62 3472
3 3475 3472 890
3 3410 3472 3475
3 893 3489 3486
3 3489 890 3473
3 3486 3473 234
3 3489 3473 3486
3 872 3475 3487
3 3475 890 3489
3 3487 3489 893
3 3475 3489 3487
3 233 3496 3455
3 3496 895 3498
3 3455 3498 886
3 3496 3498 3455
3 895 3497 3500
3 3497 234 3477
3 3500 3477 891
3 3497 3477 3500
3 886 3479 3454
3 3479 891 3476
3 3454 3476 64
3 3479 3476 3454
3 895 3500 3498
3 3500 891 3479
3 3498 3479 886
3 3500 3479 3498
3 228 3485 3462
3 3485 893 3488
3 3462 3488 888
3 3485 3488 3462
3 893 3486 3501
3 3486 234 3497
3 3501 3497 895
3 3486 3497 3501
3 888 3499 3463
3 3499 895 3496
3 3463 3496 233
3 3499 3496 3463
3 893 3501 3488
3 3501 895 3499
3 3488 3499 888
3 3501 3499 3488
3 20 3668 3541
3 3668 940 3670
3 3541 3670 908
3 3668 3670 3541
3 940 3669 3677
3 3669 247 3675
3 3677 3675 942
3 3669 3675 3677
3 908 3676 3542
3 3676 942 3674
3 3542 3674 239
3 3676 3674 3542
3 940 3677 3670
3 3677 942 3676
3 3670 3676 908
3 3677 3676 3670
3 247 3673 3744
3 3673 941 3746
3 3744 3746 958
3 3673 3746 3744
3 941 3672 3732
3 3672 68 3730
3 3732 3730 955
3 3672 3730 3732
3 958 3748 3745
3 3748 955 3731
3 3745 3731 250
3 3748 3731 3745
3 941 3732 3746
3 3732 955 3748
3 3746 3748 958
3 3732 3748 3746
3 239 3734 3544
3 3734 956 3736
3 3544 3736 909
3 3734 3736 3544
3 956 3735 3738
3 3735 250 3727
3 3738 3727 954
3 3735 3727 3738
3 909 3728 3543
3 3728 954 3726
3 3543 3726 66
3 3728 3726 3543
3 956 3738 3736
3 3738 954 3728
3 3736 3728 909
3 3738 3728 3736
3 247 3744 3675
3 3744 958 3747
3 3675 3747 942
3 3744 3747 3675
3 958 3745 3749
3 3745 250 3735
3 3749 3735 956
3 3745 3735 3749
3 942 3737 3674
3 3737 956 3734
3 3674 3734 239
3 3737 3734 3674
3 958 3749 3747
3 3749 956 3737
3 3747 3737 942
3 3749 3737 3747
3 68 3658 3686
3 3658 937 3688
3 3686 3688 945
3 3658 3688 3686
3 937 3659 3700
3 3659 246 3698
3 3700 3698 948
3 3659 3698 3700
3 945 3702 3687
3 3702 948 3699
3 3687 3699 248
3 3702 3699 3687
3 937 3700 3688
3 3700 948 3702
3 3688 3702 945
3 3700 3702 3688
3 246 3655 3661
3 3655 936 3663
3 3661 3663 938
3 3655 3663 3661
3 936 3654 3656
3 3654 19 3428
3 3656 3428 877
3 3654 3428 3656
3 938 3662 3660
3 3662 877 3429
3 3660 3429 230
3 3662 3429 3660
3 936 3656 3663
3 3656 877 3662
3 3663 3662 938
3 3656 3662 3663
3 248 3690 3683
3 3690 946 3693
3 3683 3693 944
3 3690 3693 3683
3 946 3689 3691
3 3689 230 3431
3 3691 3431 878
3 3689 3431 3691
3 944 3684 3682
3 3684 878 3430
3 3682 3430 63
3 3684 3430 3682
3 946 3691 3693
3 3691 878 3684
3 3693 3684 944
3 3691 3684 3693
3 246 3661 3698
3 3661 938 3701
3 3698 3701 948
3 3661 3701 3698
3 938 3660 3692
3 3660 230 3689
3 3692 3689 946
3 3660 3689 3692
3 948 3703 3699
3 3703 946 3690
3 3699 3690 248
3 3703 3690 3699
3 938 3692 3701
3 3692 946 3703
3 3701 3703 948
3 3692 3703 3701
3 66 3548 3535
3 3548 911 3550
3 3535 3550 906
3 3548 3550 3535
3 911 3549 3560
3 3549 240 3557
3 3560 3557 913
3 3549 3557 3560
3 906 3558 3536
3 3558 913 3556
3 3536 3556 238
3 3558 3556 3536
3 911 3560 3550
3 3560 913 3558
3 3550 3558 906
3 3560 3558 3550
3 240 3546 3552
3 3546 910 3555
3 3552 3555 912
3 3546 3555 3552
3 910 3545 3547
3 3545 63 3426
3 3547 3426 876
3 3545 3426 3547
3 912 3553 3551
3 3553 876 3427
3 3551 3427 229
3 3553 3427 3551
3 910 3547 3555
3 3547 876 3553
3 3555 3553 912
3 3547 3553 3555
3 238 3538 3533
3 3538 907 3540
3 3533 3540 905
3 3538 3540 3533
3 907 3537 3539
3 3537 229 3425
3 3539 3425 875
3 3537 3425 3539
3 905 3534 3532
3 3534 875 3424
3 3532 3424 6
3 3534 3424 3532
3 907 3539 3540
3 3539 875 3534
3 3540 3534 905
3 3539 3534 3540
3 240 3552 3557
3 3552 912 3561
3 3557 3561 913
3 3552 3561 3557
3 912 3551 3554
3 3551 229 3537
3 3554 3537 907
3 3551 3537 3554
3 913 3559 3556
3 3559 907 3538
3 3556 3538 238
3 3559 3538 3556
3 912 3554 3561
3 3554 907 3559
3 3561 3559 913
3 3554 3559 3561
3 68 3686 3730
3 3686 945 3733
3 3730 3733 955
3 3686 3733 3730
3 945 3687 3752
3 3687 248 3750
3 3752 3750 959
3 3687 3750 3752
3 955 3754 3731
3 3754 959 3751
3 3731 3751 250
3 3754 3751 3731
3 945 3752 3733
3 3752 959 3754
3 3733 3754 955
3 3752 3754 3733
3 248 3683 3695
3 3683 944 3697
3 3695 3697 947
3 3683 3697 3695
3 944 3682 3685
3 3682 63 3545
3 3685 3545 910
3 3682 3545 3685
3 947 3696 3694
3 3696 910 3546
3 3694 3546 240
3 3696 3546 3694
3 944 3685 3697
3 3685 910 3696
3 3697 3696 947
3 3685 3696 3697
3 250 3740 3727
3 3740 957 3743
3 3727 3743 954
3 3740 3743 3727
3 957 3739 3741
3 3739 240 3549
3 3741 3549 911
3 3739 3549 3741
3 954 3729 3726
3 3729 911 3548
3 3726 3548 66
3 3729 3548 3726
3 957 3741 3743
3 3741 911 3729
3 3743 3729 954
3 3741 3729 3743
3 248 3695 3750
3 3695 947 3753
3 3750 3753 959
3 3695 3753 3750
3 947 3694 3742
3 3694 240 3739
3 3742 3739 957
3 3694 3739 3742
3 959 3755 3751
3 3755 957 3740
3 3751 3740 250
3 3755 3740 3751
3 947 3742 3753
3 3742 957 3755
3 3753 3755 959
3 3742 3755 3753
3 13 3432 3562
3 3432 879 3565
3 3562 3565 914
3 3432 3565 3562
3 879 3433 3574
3 3433 231 3572
3 3574 3572 917
3 3433 3572 3574
3 914 3575 3563
3 3575 917 3573
3 3563 3573 241
3 3575 3573 3563
3 879 3574 3565
3 3574 917 3575
3 3565 3575 914
3 3574 3575 3565
3 231 3436 3613
3 3436 880 3615
3 3613 3615 928
3 3436 3615 3613
3 880 3435 3609
3 3435 64 3607
3 3609 3607 926
3 3435 3607 3609
3 928 3617 3614
3 3617 926 3608
3 3614 3608 244
3 3617 3608 3614
3 880 3609 3615
3 3609 926 3617
3 3615 3617 928
3 3609 3617 3615
3 241 3618 3567
3 3618 929 3620
3 3567 3620 915
3 3618 3620 3567
3 929 3619 3622
3 3619 244 3611
3 3622 3611 927
3 3619 3611 3622
3 915 3612 3566
3 3612 927 3610
3 3566 3610 67
3 3612 3610 3566
3 929 3622 3620
3 3622 927 3612
3 3620 3612 915
3 3622 3612 3620
3 231 3613 3572
3 3613 928 3616
3 3572 3616 917
3 3613 3616 3572
3 928 3614 3623
3 3614 244 3619
3 3623 3619 929
3 3614 3619 3623
3 917 3621 3573
3 3621 929 3618
3 3573 3618 241
3 3621 3618 3573
3 928 3623 3616
3 3623 929 3621
3 3616 3621 917
3 3623 3621 3616
3 64 3444 3704
3 3444 883 3706
3 3704 3706 949
3 3444 3706 3704
3 883 3445 3713
3 3445 232 3711
3 3713 3711 951
3 3445 3711 3713
3 949 3715 3705
3 3715 951 3712
3 3705 3712 249
3 3715 3712 3705
3 883 3713 3706
3 3713 951 3715
3 3706 3715 949
3 3713 3715 3706
3 232 3442 3664
3 3442 882 3666
3 3664 3666 939
3 3442 3666 3664
3 882 3441 3657
3 3441 19 3654
3 3657 3654 936
3 3441 3654 3657
3 939 3667 3665
3 3667 936 3655
3 3665 3655 246
3 3667 3655 3665
3 882 3657 3666
3 3657 936 3667
3 3666 3667 939
3 3657 3667 3666
3 249 3721 3709
3 3721 953 3724
3 3709 3724 950
3 3721 3724 3709
3 953 3720 3722
3 3720 246 3659
3 3722 3659 937
3 3720 3659 3722
3 950 3710 3708
3 3710 937 3658
3 3708 3658 68
3 3710 3658 3708
3 953 3722 3724
3 3722 937 3710
3 3724 3710 950
3 3722 3710 3724
3 232 3664 3711
3 3664 939 3714
3 3711 3714 951
3 3664 3714 3711
3 939 3665 3723
3 3665 246 3720
3 3723 3720 953
3 3665 3720 3723
3 951 3725 3712
3 3725 953 3721
3 3712 3721 249
3 3725 3721 3712
3 939 3723 3714
3 3723 953 3725
3 3714 3725 951
3 3723 3725 3714
3 67 3756 3579
3 3756 960 3758
3 3579 3758 919
3 3756 3758 3579
3 960 3757 3768
3 3757 251 3765
3 3768 3765 962
3 3757 3765 3768
3 919 3766 3580
3 3766 962 3764
3 3580 3764 242
3 3766 3764 3580
3 960 3768 3758
3 3768 962 3766
3 3758 3766 919
3 3768 3766 3758
3 251 3761 3775
3 3761 961 3778
3 3775 3778 964
3 3761 3778 3775
3 961 3760 3762
3 3760 68 3672
3 3762 3672 941
3 3760 3672 3762
3 964 3776 3774
3 3776 941 3673
3 3774 3673 247
3 3776 3673 3774
3 961 3762 3778
3 3762 941 3776
3 3778 3776 964
3 3762 3776 3778
3 242 3678 3577
3 3678 943 3680
3 3577 3680 918
3 3678 3680 3577
3 943 3679 3681
3 3679 247 3669
3 3681 3669 940
3 3679 3669 3681
3 918 3671 3576
3 3671 940 3668
3 3576 3668 20
3 3671 3668 3576
3 943 3681 3680
3 3681 940 3671
3 3680 3671 918
3 3681 3671 3680
3 251 3775 3765
3 3775 964 3779
3 3765 3779 962
3 3775 3779 3765
3 964 3774 3777
3 3774 247 3679
3 3777 3679 943
3 3774 3679 3777
3 962 3767 3764
3 3767 943 3678
3 3764 3678 242
3 3767 3678 3764
3 964 3777 3779
3 3777 943 3767
3 3779 3767 962
3 3777 3767 3779
3 64 3704 3607
3 3704 949 3707
3 3607 3707 926
3 3704 3707 3607
3 949 3705 3719
3 3705 249 3717
3 3719 3717 952
3 3705 3717 3719
3 926 3718 3608
3 3718 952 3716
3 3608 3716 244
3 3718 3716 3608
3 949 3719 3707
3 3719 952 3718
3 3707 3718 926
3 3719 3718 3707
3 249 3709 3780
3 3709 950 3782
3 3780 3782 965
3 3709 3782 3780
3 950 3708 3763
3 3708 68 3760
3 3763 3760 961
3 3708 3760 3763
3 965 3784 3781
3 3784 961 3761
3 3781 3761 251
3 3784 3761 3781
3 950 3763 3782
3 3763 961 3784
3 3782 3784 965
3 3763 3784 3782
3 244 3769 3611
3 3769 963 3771
3 3611 3771 927
3 3769 3771 3611
3 963 3770 3773
3 3770 251 3757
3 3773 3757 960
3 3770 3757 3773
3 927 3759 3610
3 3759 960 3756
3 3610 3756 67
3 3759 3756 3610
3 963 3773 3771
3 3773 960 3759
3 3771 3759 927
3 3773 3759 3771
3 249 3780 3717
3 3780 965 3783
3 3717 3783 952
3 3780 3783 3717
3 965 3781 3785
3 3781 251 3770
3 3785 3770 963
3 3781 3770 3785
3 952 3772 3716
3 3772 963 3769
3 3716 3769 244
3 3772 3769 3716
3 965 3785 3783
3 3785 963 3772
3 3783 3772 952
3 3785 3772 3783
3 3 3502 4302
3 3502 896 4304
3 4302 4304 1104
3 3502 4304 4302
3 896 3503 4309
3 3503 235 4307
3 4309 4307 1106
3 3503 4307 4309
3 1104 4310 4303
3 4310 1106 4308
3 4303 4308 291
3 4310 4308 4303
3 896 4309 4304
3 4309 1106 4310
3 4304 4310 1104
3 4309 4310 4304
3 235 3506 4321
3 3506 897 4323
3 4321 4323 1111
3 3506 4323 4321
3 897 3505 4317
3 3505 65 4315
3 4317 4315 1109
3 3505 4315 4317
3 1111 4325 4322
3 4325 1109 4316
3 4322 4316 293
3 4325 4316 4322
3 897 4317 4323
3 4317 1109 4325
3 4323 4325 1111
3 4317 4325 4323
3 291 4326 4306
3 4326 1112 4328
3 4306 4328 1105
3 4326 4328 4306
3 1112 4327 4330
3 4327 293 4319
3 4330 4319 1110
3 4327 4319 4330
3 1105 4320 4305
3 4320 1110 4318
3 4305 4318 81
3 4320 4318 4305
3 1112 4330 4328
3 4330 1110 4320
3 4328 4320 1105
3 4330 4320 4328
3 235 4321 4307
3 4321 1111 4324
3 4307 4324 1106
3 4321 4324 4307
3 1111 4322 4331
3 4322 293 4327
3 4331 4327 1112
3 4322 4327 4331
3 1106 4329 4308
3 4329 1112 4326
3 4308 4326 291
3 4329 4326 4308
3 1111 4331 4324
3 4331 1112 4329
3 4324 4329 1106
3 4331 4329 4324
3 65 3513 4358
3 3513 900 4360
3 4358 4360 1123
3 3513 4360 4358
3 900 3514 4367
3 3514 236 4365
3 4367 4365 1125
3 3514 4365 4367
3 1123 4369 4359
3 4369 1125 4366
3 4359 4366 298
3 4369 4366 4359
3 900 4367 4360
3 4367 1125 4369
3 4360 4369 1123
3 4367 4369 4360
3 236 3512 4345
3 3512 899 4347
3 4345 4347 1119
3 3512 4347 4345
3 899 3511 4342
3 3511 20 4340
3 4342 4340 1117
3 3511 4340 4342
3 1119 4348 4346
3 4348 1117 4341
3 4346 4341 296
3 4348 4341 4346
3 899 4342 4347
3 4342 1117 4348
3 4347 4348 1119
3 4342 4348 4347
3 298 4375 4363
3 4375 1127 4378
3 4363 4378 1124
3 4375 4378 4363
3 1127 4374 4376
3 4374 296 4344
3 4376 4344 1118
3 4374 4344 4376
3 1124 4364 4362
3 4364 1118 4343
3 4362 4343 83
3 4364 4343 4362
3 1127 4376 4378
3 4376 1118 4364
3 4378 4364 1124
3 4376 4364 4378
3 236 4345 4365
3 4345 1119 4368
3 4365 4368 1125
3 4345 4368 4365
3 1119 4346 4377
3 4346 296 4374
3 4377 4374 1127
3 4346 4374 4377
3 1125 4379 4366
3 4379 1127 4375
3 4366 4375 298
3 4379 4375 4366
3 1119 4377 4368
3 4377 1127 4379
3 4368 4379 1125
3 4377 4379 4368
3 81 4380 4313
3 4380 1128 4382
3 4313 4382 1108
3 4380 4382 4313
3 1128 4381 4392
3 4381 299 4389
3 4392 4389 1130
3 4381 4389 4392
3 1108 4390 4314
3 4390 1130 4388
3 4314 4388 292
3 4390 4388 4314
3 1128 4392 4382
3 4392 1130 4390
3 4382 4390 1108
3 4392 4390 4382
3 299 4385 4399
3 4385 1129 4402
3 4399 4402 1132
3 4385 4402 4399
3 1129 4384 4386
3 4384 83 4352
3 4386 4352 1121
3 4384 4352 4386
3 1132 4400 4398
3 4400 1121 4353
3 4398 4353 297
3 4400 4353 4398
3 1129 4386 4402
3 4386 1121 4400
3 4402 4400 1132
3 4386 4400 4402
3 292 4354 4312
3 4354 1122 4356
3 4312 4356 1107
3 4354 4356 4312
3 1122 4355 4357
3 4355 297 4350
3 4357 4350 1120
3 4355 4350 4357
3 1107 4351 4311
3 4351 1120 4349
3 4311 4349 25
3 4351 4349 4311
3 1122 4357 4356
3 4357 1120 4351
3 4356 4351 1107
3 4357 4351 4356
3 299 4399 4389
3 4399 1132 4403
3 4389 4403 1130
3 4399 4403 4389
3 1132 4398 4401
3 4398 297 4355
3 4401 4355 1122
3 4398 4355 4401
3 1130 4391 4388
3 4391 1122 4354
3 4388 4354 292
3 4391 4354 4388
3 1132 4401 4403
3 4401 1122 4391
3 4403 4391 1130
3 4401 4391 4403
3 65 4358 4315
3 4358 1123 4361
3 4315 4361 1109
3 4358 4361 4315
3 1123 4359 4373
3 4359 298 4371
3 4373 4371 1126
3 4359 4371 4373
3 1109 4372 4316
3 4372 1126 4370
3 4316 4370 293
3 4372 4370 4316
3 1123 4373 4361
3 4373 1126 4372
3 4361 4372 1109
3 4373 4372 4361
3 298 4363 4404
3 4363 1124 4406
3 4404 4406 1133
3 4363 4406 4404
3 1124 4362 4387
3 4362 83 4384
3 4387 4384 1129
3 4362 4384 4387
3 1133 4408 4405
3 4408 1129 4385
3 4405 4385 299
3 4408 4385 4405
3 1124 4387 4406
3 4387 1129 4408
3 4406 4408 1133
3 4387 4408 4406
3 293 4393 4319
3 4393 1131 4395
3 4319 4395 1110
3 4393 4395 4319
3 1131 4394 4397
3 4394 299 4381
3 4397 4381 1128
3 4394 4381 4397
3 1110 4383 4318
3 4383 1128 4380
3 4318 4380 81
3 4383 4380 4318
3 1131 4397 4395
3 4397 1128 4383
3 4395 4383 1110
3 4397 4383 4395
3 298 4404 4371
3 4404 1133 4407
3 4371 4407 1126
3 4404 4407 4371
3 1133 4405 4409
3 4405 299 4394
3 4409 4394 1131
3 4405 4394 4409
3 1126 4396 4370
3 4396 1131 4393
3 4370 4393 293
3 4396 4393 4370
3 1133 4409 4407
3 4409 1131 4396
3 4407 4396 1126
3 4409 4396 4407
3 20 3541 4492
3 3541 908 4494
3 4492 4494 1157
3 3541 4494 4492
3 908 3542 4500
3 3542 239 4498
3 4500 4498 1159
3 3542 4498 4500
3 1157 4501 4493
3 4501 1159 4499
3 4493 4499 307
3 4501 4499 4493
3 908 4500 4494
3 4500 1159 4501
3 4494 4501 1157
3 4500 4501 4494
3 239 3544 4522
3 3544 909 4524
3 4522 4524 1166
3 3544 4524 4522
3 909 3543 4517
3 3543 66 4515
3 4517 4515 1164
3 3543 4515 4517
3 1166 4526 4523
3 4526 1164 4516
3 4523 4516 309
3 4526 4516 4523
3 909 4517 4524
3 4517 1164 4526
3 4524 4526 1166
3 4517 4526 4524
3 307 4531 4497
3 4531 1168 4533
3 4497 4533 1158
3 4531 4533 4497
3 1168 4532 4535
3 4532 309 4520
3 4535 4520 1165
3 4532 4520 4535
3 1158 4521 4496
3 4521 1165 4519
3 4496 4519 86
3 4521 4519 4496
3 1168 4535 4533
3 4535 1165 4521
3 4533 4521 1158
3 4535 4521 4533
3 239 4522 4498
3 4522 1166 4525
3 4498 4525 1159
3 4522 4525 4498
3 1166 4523 4536
3 4523 309 4532
3 4536 4532 1168
3 4523 4532 4536
3 1159 4534 4499
3 4534 1168 4531
3 4499 4531 307
3 4534 4531 4499
3 1166 4536 4525
3 4536 1168 4534
3 4525 4534 1159
3 4536 4534 4525
3 66 3535 4428
3 3535 906 4430
3 4428 4430 1140
3 3535 4430 4428
3 906 3536 4436
3 3536 238 4434
3 4436 4434 1142
3 3536 4434 4436
3 1140 4438 4429
3 4438 1142 4435
3 4429 4435 302
3 4438 4435 4429
3 906 4436 4430
3 4436 1142 4438
3 4430 4438 1140
3 4436 4438 4430
3 238 3533 4416
3 3533 905 4418
3 4416 4418 1136
3 3533 4418 4416
3 905 3532 4412
3 3532 6 4410
3 4412 4410 1134
3 3532 4410 4412
3 1136 4419 4417
3 4419 1134 4411
3 4417 4411 300
3 4419 4411 4417
3 905 4412 4418
3 4412 1134 4419
3 4418 4419 1136
3 4412 4419 4418
3 302 4440 4432
3 4440 1143 4443
3 4432 4443 1141
3 4440 4443 4432
3 1143 4439 4441
3 4439 300 4415
3 4441 4415 1135
3 4439 4415 4441
3 1141 4433 4431
3 4433 1135 4414
3 4431 4414 84
3 4433 4414 4431
3 1143 4441 4443
3 4441 1135 4433
3 4443 4433 1141
3 4441 4433 4443
3 238 4416 4434
3 4416 1136 4437
3 4434 4437 1142
3 4416 4437 4434
3 1136 4417 4442
3 4417 300 4439
3 4442 4439 1143
3 4417 4439 4442
3 1142 4444 4435
3 4444 1143 4440
3 4435 4440 302
3 4444 4440 4435
3 1136 4442 4437
3 4442 1143 4444
3 4437 4444 1142
3 4442 4444 4437
3 86 4558 4509
3 4558 1174 4560
3 4509 4560 1162
3 4558 4560 4509
3 1174 4559 4576
3 4559 311 4573
3 4576 4573 1177
3 4559 4573 4576
3 1162 4574 4510
3 4574 1177 4572
3 4510 4572 308
3 4574 4572 4510
3 1174 4576 4560
3 4576 1177 4574
3 4560 4574 1162
3 4576 4574 4560
3 311 4555 4563
3 4555 1173 4566
3 4563 4566 1175
3 4555 4566 4563
3 1173 4554 4556
3 4554 84 4426
3 4556 4426 1139
3 4554 4426 4556
3 1175 4564 4562
3 4564 1139 4427
3 4562 4427 301
3 4564 4427 4562
3 1173 4556 4566
3 4556 1139 4564
3 4566 4564 1175
3 4556 4564 4566
3 308 4512 4507
3 4512 1163 4514
3 4507 4514 1161
3 4512 4514 4507
3 1163 4511 4513
3 4511 301 4425
3 4513 4425 1138
3 4511 4425 4513
3 1161 4508 4506
3 4508 1138 4424
3 4506 4424 26
3 4508 4424 4506
3 1163 4513 4514
3 4513 1138 4508
3 4514 4508 1161
3 4513 4508 4514
3 311 4563 4573
3 4563 1175 4577
3 4573 4577 1177
3 4563 4577 4573
3 1175 4562 4565
3 4562 301 4511
3 4565 4511 1163
3 4562 4511 4565
3 1177 4575 4572
3 4575 1163 4512
3 4572 4512 308
3 4575 4512 4572
3 1175 4565 4577
3 4565 1163 4575
3 4577 4575 1177
3 4565 4575 4577
3 66 4428 4515
3 4428 1140 4518
3 4515 4518 1164
3 4428 4518 4515
3 1140 4429 4529
3 4429 302 4527
3 4529 4527 1167
3 4429 4527 4529
3 1164 4530 4516
3 4530 1167 4528
3 4516 4528 309
3 4530 4528 4516
3 1140 4529 4518
3 4529 1167 4530
3 4518 4530 1164
3 4529 4530 4518
3 302 4432 4567
3 4432 1141 4569
3 4567 4569 1176
3 4432 4569 4567
3 1141 4431 4557
3 4431 84 4554
3 4557 4554 1173
3 4431 4554 4557
3 1176 4571 4568
3 4571 1173 4555
3 4568 4555 311
3 4571 4555 4568
3 1141 4557 4569
3 4557 1173 4571
3 4569 4571 1176
3 4557 4571 4569
3 309 4578 4520
3 4578 1178 4580
3 4520 4580 1165
3 4578 4580 4520
3 1178 4579 4582
3 4579 311 4559
3 4582 4559 1174
3 4579 4559 4582
3 1165 4561 4519
3 4561 1174 4558
3 4519 4558 86
3 4561 4558 4519
3 1178 4582 4580
3 4582 1174 4561
3 4580 4561 1165
3 4582 4561 4580
3 302 4567 4527
3 4567 1176 4570
3 4527 4570 1167
3 4567 4570 4527
3 1176 4568 4583
3 4568 311 4579
3 4583 4579 1178
3 4568 4579 4583
3 1167 4581 4528
3 4581 1178 4578
3 4528 4578 309
3 4581 4578 4528
3 1176 4583 4570
3 4583 1178 4581
3 4570 4581 1167
3 4583 4581 4570
3 25 4654 4336
3 4654 1196 4656
3 4336 4656 1115
3 4654 4656 4336
3 1196 4655 4663
3 4655 316 4661
3 4663 4661 1198
3 4655 4661 4663
3 1115 4662 4337
3 4662 1198 4660
3 4337 4660 295
3 4662 4660 4337
3 1196 4663 4656
3 4663 1198 4662
3 4656 4662 1115
3 4663 4662 4656
3 316 4659 4698
3 4659 1197 4700
3 4698 4700 1208
3 4659 4700 4698
3 1197 4658 4688
3 4658 88 4686
3 4688 4686 1205
3 4658 4686 4688
3 1208 4702 4699
3 4702 1205 4687
3 4699 4687 318
3 4702 4687 4699
3 1197 4688 4700
3 4688 1205 4702
3 4700 4702 1208
3 4688 4702 4700
3 295 4689 4339
3 4689 1206 4691
3 4339 4691 1116
3 4689 4691 4339
3 1206 4690 4693
3 4690 318 4683
3 4693 4683 1204
3 4690 4683 4693
3 1116 4684 4338
3 4684 1204 4682
3 4338 4682 82
3 4684 4682 4338
3 1206 4693 4691
3 4693 1204 4684
3 4691 4684 1116
3 4693 4684 4691
3 316 4698 4661
3 4698 1208 4701
3 4661 4701 1198
3 4698 4701 4661
3 1208 4699 4703
3 4699 318 4690
3 4703 4690 1206
3 4699 4690 4703
3 1198 4692 4660
3 4692 1206 4689
3 4660 4689 295
3 4692 4689 4660
3 1208 4703 4701
3 4703 1206 4692
3 4701 4692 1198
3 4703 4692 4701
3 88 4672 4730
3 4672 1201 4732
3 4730 4732 1215
3 4672 4732 4730
3 1201 4673 4746
3 4673 317 4744
3 4746 4744 1218
3 4673 4744 4746
3 1215 4748 4731
3 4748 1218 4745
3 4731 4745 320
3 4748 4745 4731
3 1201 4746 4732
3 4746 1218 4748
3 4732 4748 1215
3 4746 4748 4732
3 317 4669 4675
3 4669 1200 4677
3 4675 4677 1202
3 4669 4677 4675
3 1200 4668 4670
3 4668 26 4471
3 4670 4471 1151
3 4668 4471 4670
3 1202 4676 4674
3 4676 1151 4472
3 4674 4472 305
3 4676 4472 4674
3 1200 4670 4677
3 4670 1151 4676
3 4677 4676 1202
3 4670 4676 4677
3 320 4735 4727
3 4735 1216 4738
3 4727 4738 1214
3 4735 4738 4727
3 1216 4734 4736
3 4734 305 4474
3 4736 4474 1152
3 4734 4474 4736
3 1214 4728 4726
3 4728 1152 4473
3 4726 4473 85
3 4728 4473 4726
3 1216 4736 4738
3 4736 1152 4728
3 4738 4728 1214
3 4736 4728 4738
3 317 4675 4744
3 4675 1202 4747
3 4744 4747 1218
3 4675 4747 4744
3 1202 4674 4737
3 4674 305 4734
3 4737 4734 1216
3 4674 4734 4737
3 1218 4749 4745
3 4749 1216 4735
3 4745 4735 320
3 4749 4735 4745
3 1202 4737 4747
3 4737 1216 4749
3 4747 4749 1218
3 4737 4749 4747
3 82 4475 4334
3 4475 1153 4477
3 4334 4477 1114
3 4475 4477 4334
3 1153 4476 4485
3 4476 306 4482
3 4485 4482 1155
3 4476 4482 4485
3 1114 4483 4335
3 4483 1155 4481
3 4335 4481 294
3 4483 4481 4335
3 1153 4485 4477
3 4485 1155 4483
3 4477 4483 1114
3 4485 4483 4477
3 306 4479 4487
3 4479 1154 4490
3 4487 4490 1156
3 4479 4490 4487
3 1154 4478 4480
3 4478 85 4465
3 4480 4465 1149
3 4478 4465 4480
3 1156 4488 4486
3 4488 1149 4466
3 4486 4466 304
3 4488 4466 4486
3 1154 4480 4490
3 4480 1149 4488
3 4490 4488 1156
3 4480 4488 4490
3 294 4467 4333
3 4467 1150 4469
3 4333 4469 1113
3 4467 4469 4333
3 1150 4468 4470
3 4468 304 4463
3 4470 4463 1148
3 4468 4463 4470
3 1113 4464 4332
3 4464 1148 4462
3 4332 4462 8
3 4464 4462 4332
3 1150 4470 4469
3 4470 1148 4464
3 4469 4464 1113
3 4470 4464 4469
3 306 4487 4482
3 4487 1156 4491
3 4482 4491 1155
3 4487 4491 4482
3 1156 4486 4489
3 4486 304 4468
3 4489 4468 1150
3 4486 4468 4489
3 1155 4484 4481
3 4484 1150 4467
3 4481 4467 294
3 4484 4467 4481
3 1156 4489 4491
3 4489 1150 4484
3 4491 4484 1155
3 4489 4484 4491
3 88 4730 4686
3 4730 1215 4733
3 4686 4733 1205
3 4730 4733 4686
3 1215 4731 4754
3 4731 320 4751
3 4754 4751 1219
3 4731 4751 4754
3 1205 4752 4687
3 4752 1219 4750
3 4687 4750 318
3 4752 4750 4687
3 1215 4754 4733
3 4754 1219 4752
3 4733 4752 1205
3 4754 4752 4733
3 320 4727 4740
3 4727 1214 4743
3 4740 4743 1217
3 4727 4743 4740
3 1214 4726 4729
3 4726 85 4478
3 4729 4478 1154
3 4726 4478 4729
3 1217 4741 4739
3 4741 1154 4479
3 4739 4479 306
3 4741 4479 4739
3 1214 4729 4743
3 4729 1154 4741
3 4743 4741 1217
3 4729 4741 4743
3 318 4695 4683
3 4695 1207 4697
3 4683 4697 1204
3 4695 4697 4683
3 1207 4694 4696
3 4694 306 4476
3 4696 4476 1153
3 4694 4476 4696
3 1204 4685 4682
3 4685 1153 4475
3 4682 4475 82
3 4685 4475 4682
3 1207 4696 4697
3 4696 1153 4685
3 4697 4685 1204
3 4696 4685 4697
3 320 4740 4751
3 4740 1217 4755
3 4751 4755 1219
3 4740 4755 4751
3 1217 4739 4742
3 4739 306 4694
3 4742 4694 1207
3 4739 4694 4742
3 1219 4753 4750
3 4753 1207 4695
3 4750 4695 318
3 4753 4695 4750
3 1217 4742 4755
3 4742 1207 4753
3 4755 4753 1219
3 4742 4753 4755
3 20 4492 4340
3 4492 1157 4495
3 4340 4495 1117
3 4492 4495 4340
3 1157 4493 4505
3 4493 307 4503
3 4505 4503 1160
3 4493 4503 4505
3 1117 4504 4341
3 4504 1160 4502
3 4341 4502 296
3 4504 4502 4341
3 1157 4505 4495
3 4505 1160 4504
3 4495 4504 1117
3 4505 4504 4495
3 307 4497 4548
3 4497 1158 4550
3 4548 4550 1172
3 4497 4550 4548
3 1158 4496 4542
3 4496 86 4540
3 4542 4540 1170
3 4496 4540 4542
3 1172 4552 4549
3 4552 1170 4541
3 4549 4541 310
3 4552 4541 4549
3 1158 4542 4550
3 4542 1170 4552
3 4550 4552 1172
3 4542 4552 4550
3 296 4543 4344
3 4543 1171 4545
3 4344 4545 1118
3 4543 4545 4344
3 1171 4544 4547
3 4544 310 4538
3 4547 4538 1169
3 4544 4538 4547
3 1118 4539 4343
3 4539 1169 4537
3 4343 4537 83
3 4539 4537 4343
3 1171 4547 4545
3 4547 1169 4539
3 4545 4539 1118
3 4547 4539 4545
3 307 4548 4503
3 4548 1172 4551
3 4503 4551 1160
3 4548 4551 4503
3 1172 4549 4553
3 4549 310 4544
3 4553 4544 1171
3 4549 4544 4553
3 1160 4546 4502
3 4546 1171 4543
3 4502 4543 296
3 4546 4543 4502
3 1172 4553 4551
3 4553 1171 4546
3 4551 4546 1160
3 4553 4546 4551
3 86 4509 4756
3 4509 1162 4758
3 4756 4758 1220
3 4509 4758 4756
3 1162 4510 4766
3 4510 308 4764
3 4766 4764 1222
3 4510 4764 4766
3 1220 4768 4757
3 4768 1222 4765
3 4757 4765 321
3 4768 4765 4757
3 1162 4766 4758
3 4766 1222 4768
3 4758 4768 1220
3 4766 4768 4758
3 308 4507 4678
3 4507 1161 4680
3 4678 4680 1203
3 4507 4680 4678
3 1161 4506 4671
3 4506 26 4668
3 4671 4668 1200
3 4506 4668 4671
3 1203 4681 4679
3 4681 1200 4669
3 4679 4669 317
3 4681 4669 4679
3 1161 4671 4680
3 4671 1200 4681
3 4680 4681 1203
3 4671 4681 4680
3 321 4775 4761
3 4775 1224 4778
3 4761 4778 1221
3 4775 4778 4761
3 1224 4774 4776
3 4774 317 4673
3 4776 4673 1201
3 4774 4673 4776
3 1221 4762 4760
3 4762 1201 4672
3 4760 4672 88
3 4762 4672 4760
3 1224 4776 4778
3 4776 1201 4762
3 4778 4762 1221
3 4776 4762 4778
3 308 4678 4764
3 4678 1203 4767
3 4764 4767 1222
3 4678 4767 4764
3 1203 4679 4777
3 4679 317 4774
3 4777 4774 1224
3 4679 4774 4777
3 1222 4779 4765
3 4779 1224 4775
3 4765 4775 321
3 4779 4775 4765
3 1203 4777 4767
3 4777 1224 4779
3 4767 4779 1222
3 4777 4779 4767
3 83 4704 4352
3 4704 1209 4706
3 4352 4706 1121
3 4704 4706 4352
3 1209 4705 4715
3 4705 319 4712
3 4715 4712 1211
3 4705 4712 4715
3 1121 4713 4353
3 4713 1211 4711
3 4353 4711 297
3 4713 4711 4353
3 1209 4715 4706
3 4715 1211 4713
3 4706 4713 1121
3 4715 4713 4706
3 319 4709 4721
3 4709 1210 4724
3 4721 4724 1213
3 4709 4724 4721
3 1210 4708 4710
3 4708 88 4658
3 4710 4658 1197
3 4708 4658 4710
3 1213 4722 4720
3 4722 1197 4659
3 4720 4659 316
3 4722 4659 4720
3 1210 4710 4724
3 4710 1197 4722
3 4724 4722 1213
3 4710 4722 4724
3 297 4664 4350
3 4664 1199 4666
3 4350 4666 1120
3 4664 4666 4350
3 1199 4665 4667
3 4665 316 4655
3 4667 4655 1196
3 4665 4655 4667
3 1120 4657 4349
3 4657 1196 4654
3 4349 4654 25
3 4657 4654 4349
3 1199 4667 4666
3 4667 1196 4657
3 4666 4657 1120
3 4667 4657 4666
3 319 4721 4712
3 4721 1213 4725
3 4712 4725 1211
3 4721 4725 4712
3 1213 4720 4723
3 4720 316 4665
3 4723 4665 1199
3 4720 4665 4723
3 1211 4714 4711
3 4714 1199 4664
3 4711 4664 297
3 4714 4664 4711
3 1213 4723 4725
3 4723 1199 4714
3 4725 4714 1211
3 4723 4714 4725
3 86 4756 4540
3 4756 1220 4759
3 4540 4759 1170
3 4756 4759 4540
3 1220 4757 4773
3 4757 321 4770
3 4773 4770 1223
3 4757 4770 4773
3 1170 4771 4541
3 4771 1223 4769
3 4541 4769 310
3 4771 4769 4541
3 1220 4773 4759
3 4773 1223 4771
3 4759 4771 1170
3 4773 4771 4759
3 321 4761 4781
3 4761 1221 4784
3 4781 4784 1225
3 4761 4784 4781
3 1221 4760 4763
3 4760 88 4708
3 4763 4708 1210
3 4760 4708 4763
3 1225 4782 4780
3 4782 1210 4709
3 4780 4709 319
3 4782 4709 4780
3 1221 4763 4784
3 4763 1210 4782
3 4784 4782 1225
3 4763 4782 4784
3 310 4716 4538
3 4716 1212 4718
3 4538 4718 1169
3 4716 4718 4538
3 1212 4717 4719
3 4717 319 4705
3 4719 4705 1209
3 4717 4705 4719
3 1169 4707 4537
3 4707 1209 4704
3 4537 4704 83
3 4707 4704 4537
3 1212 4719 4718
3 4719 1209 4707
3 4718 4707 1169
3 4719 4707 4718
3 321 4781 4770
3 4781 1225 4785
3 4770 4785 1223
3 4781 4785 4770
3 1225 4780 4783
3 4780 319 4717
3 4783 4717 1212
3 4780 4717 4783
3 1223 4772 4769
3 4772 1212 4716
3 4769 4716 310
3 4772 4716 4769
3 1225 4783 4785
3 4783 1212 4772
3 4785 4772 1223
3 4783 4772 4785
3 3 4302 5538
3 4302 1104 5541
3 5538 5541 1410
3 4302 5541 5538
3 1104 4303 5550
3 4303 291 5548
3 5550 5548 1413
3 4303 5548 5550
3 1410 5551 5539
3 5551 1413 5549
3 5539 5549 366
3 5551 5549 5539
3 1104 5550 5541
3 5550 1413 5551
3 5541 5551 1410
3 5550 5551 5541
3 291 4306 5579
3 4306 1105 5581
3 5579 5581 1422
3 4306 5581 5579
3 1105 4305 5575
3 4305 81 5573
3 5575 5573 1420
3 4305 5573 5575
3 1422 5583 5580
3 5583 1420 5574
3 5580 5574 369
3 5583 5574 5580
3 1105 5575 5581
3 5575 1420 5583
3 5581 5583 1422
3 5575 5583 5581
3 366 5584 5543
3 5584 1423 5586
3 5543 5586 1411
3 5584 5586 5543
3 1423 5585 5588
3 5585 369 5577
3 5588 5577 1421
3 5585 5577 5588
3 1411 5578 5542
3 5578 1421 5576
3 5542 5576 99
3 5578 5576 5542
3 1423 5588 5586
3 5588 1421 5578
3 5586 5578 1411
3 5588 5578 5586
3 291 5579 5548
3 5579 1422 5582
3 5548 5582 1413
3 5579 5582 5548
3 1422 5580 5589
3 5580 369 5585
3 5589 5585 1423
3 5580 5585 5589
3 1413 5587 5549
3 5587 1423 5584
3 5549 5584 366
3 5587 5584 5549
3 1422 5589 5582
3 5589 1423 5587
3 5582 5587 1413
3 5589 5587 5582
3 81 4313 5686
3 4313 1108 5688
3 5686 5688 1451
3 4313 5688 5686
3 1108 4314 5695
3 4314 292 5693
3 5695 5693 1453
3 4314 5693 5695
3 1451 5697 5687
3 5697 1453 5694
3 5687 5694 378
3 5697 5694 5687
3 1108 5695 5688
3 5695 1453 5697
3 5688 5697 1451
3 5695 5697 5688
3 292 4312 5673
3 4312 1107 5675
3 5673 5675 1447
3 4312 5675 5673
3 1107 4311 5670
3 4311 25 5668
3 5670 5668 1445
3 4311 5668 5670
3 1447 5676 5674
3 5676 1445 5669
3 5674 5669 376
3 5676 5669 5674
3 1107 5670 5675
3 5670 1445 5676
3 5675 5676 1447
3 5670 5676 5675
3 378 5703 5691
3 5703 1455 5706
3 5691 5706 1452
3 5703 5706 5691
3 1455 5702 5704
3 5702 376 5672
3 5704 5672 1446
3 5702 5672 5704
3 1452 5692 5690
3 5692 1446 5671
3 5690 5671 102
3 5692 5671 5690
3 1455 5704 5706
3 5704 1446 5692
3 5706 5692 1452
3 5704 5692 5706
3 292 5673 5693
3 5673 1447 5696
3 5693 5696 1453
3 5673 5696 5693
3 1447 5674 5705
3 5674 376 5702
3 5705 5702 1455
3 5674 5702 5705
3 1453 5707 5694
3 5707 1455 5703
3 5694 5703 378
3 5707 5703 5694
3 1447 5705 5696
3 5705 1455 5707
3 5696 5707 1453
3 5705 5707 5696
3 99 5708 5554
3 5708 1456 5710
3 5554 5710 1415
3 5708 5710 5554
3 1456 5709 5720
3 5709 379 5717
3 5720 5717 1458
3 5709 5717 5720
3 1415 5718 5555
3 5718 1458 5716
3 5555 5716 367
3 5718 5716 5555
3 1456 5720 5710
3 5720 1458 5718
3 5710 5718 1415
3 5720 5718 5710
3 379 5713 5727
3 5713 1457 5730
3 5727 5730 1460
3 5713 5730 5727
3 1457 5712 5714
3 5712 102 5680
3 5714 5680 1449
3 5712 5680 5714
3 1460 5728 5726
3 5728 1449 5681
3 5726 5681 377
3 5728 5681 5726
3 1457 5714 5730
3 5714 1449 5728
3 5730 5728 1460
3 5714 5728 5730
3 367 5682 5553
3 5682 1450 5684
3 5553 5684 1414
3 5682 5684 5553
3 1450 5683 5685
3 5683 377 5678
3 5685 5678 1448
3 5683 5678 5685
3 1414 5679 5552
3 5679 1448 5677
3 5552 5677 29
3 5679 5677 5552
3 1450 5685 5684
3 5685 1448 5679
3 5684 5679 1414
3 5685 5679 5684
3 379 5727 5717
3 5727 1460 5731
3 5717 5731 1458
3 5727 5731 5717
3 1460 5726 5729
3 5726 377 5683
3 5729 5683 1450
3 5726 5683 5729
3 1458 5719 5716
3 5719 1450 5682
3 5716 5682 367
3 5719 5682 5716
3 1460 5729 5731
3 5729 1450 5719
3 5731 5719 1458
3 5729 5719 5731
3 81 5686 5573
3 5686 1451 5689
3 5573 5689 1420
3 5686 5689 5573
3 1451 5687 5701
3 5687 378 5699
3 5701 5699 1454
3 5687 5699 5701
3 1420 5700 5574
3 5700 1454 5698
3 5574 5698 369
3 5700 5698 5574
3 1451 5701 5689
3 5701 1454 5700
3 5689 5700 1420
3 5701 5700 5689
3 378 5691 5732
3 5691 1452 5734
3 5732 5734 1461
3 5691 5734 5732
3 1452 5690 5715
3 5690 102 5712
3 5715 5712 1457
3 5690 5712 5715
3 1461 5736 5733
3 5736 1457 5713
3 5733 5713 379
3 5736 5713 5733
3 1452 5715 5734
3 5715 1457 5736
3 5734 5736 1461
3 5715 5736 5734
3 369 5721 5577
3 5721 1459 5723
3 5577 5723 1421
3 5721 5723 5577
3 1459 5722 5725
3 5722 379 5709
3 5725 5709 1456
3 5722 5709 5725
3 1421 5711 5576
3 5711 1456 5708
3 5576 5708 99
3 5711 5708 5576
3 1459 5725 5723
3 5725 1456 5711
3 5723 5711 1421
3 5725 5711 5723
3 378 5732 5699
3 5732 1461 5735
3 5699 5735 1454
3 5732 5735 5699
3 1461 5733 5737
3 5733 379 5722
3 5737 5722 1459
3 5733 5722 5737
3 1454 5724 5698
3 5724 1459 5721
3 5698 5721 369
3 5724 5721 5698
3 1461 5737 5735
3 5737 1459 5724
3 5735 5724 1454
3 5737 5724 5735
3 25 4336 6862
3 4336 1115 6864
3 6862 6864 1736
3 4336 6864 6862
3 1115 4337 6870
3 4337 295 6868
3 6870 6868 1738
3 4337 6868 6870
3 1736 6871 6863
3 6871 1738 6869
3 6863 6869 445
3 6871 6869 6863
3 1115 6870 6864
3 6870 1738 6871
3 6864 6871 1736
3 6870 6871 6864
3 295 4339 6892
3 4339 1116 6894
3 6892 6894 1745
3 4339 6894 6892
3 1116 4338 6887
3 4338 82 6885
3 6887 6885 1743
3 4338 6885 6887
3 1745 6896 6893
3 6896 1743 6886
3 6893 6886 447
3 6896 6886 6893
3 1116 6887 6894
3 6887 1743 6896
3 6894 6896 1745
3 6887 6896 6894
3 445 6901 6867
3 6901 1747 6903
3 6867 6903 1737
3 6901 6903 6867
3 1747 6902 6905
3 6902 447 6890
3 6905 6890 1744
3 6902 6890 6905
3 1737 6891 6866
3 6891 1744 6889
3 6866 6889 117
3 6891 6889 6866
3 1747 6905 6903
3 6905 1744 6891
3 6903 6891 1737
3 6905 6891 6903
3 295 6892 6868
3 6892 1745 6895
3 6868 6895 1738
3 6892 6895 6868
3 1745 6893 6906
3 6893 447 6902
3 6906 6902 1747
3 6893 6902 6906
3 1738 6904 6869
3 6904 1747 6901
3 6869 6901 445
3 6904 6901 6869
3 1745 6906 6895
3 6906 1747 6904
3 6895 6904 1738
3 6906 6904 6895
3 82 4334 6701
3 4334 1114 6703
3 6701 6703 1696
3 4334 6703 6701
3 1114 4335 6709
3 4335 294 6707
3 6709 6707 1698
3 4335 6707 6709
3 1696 6711 6702
3 6711 1698 6708
3 6702 6708 435
3 6711 6708 6702
3 1114 6709 6703
3 6709 1698 6711
3 6703 6711 1696
3 6709 6711 6703
3 294 4333 6676
3 4333 1113 6678
3 6676 6678 1689
3 4333 6678 6676
3 1113 4332 6669
3 4332 8 6666
3 6669 6666 1686
3 4332 6666 6669
3 1689 6679 6677
3 6679 1686 6667
3 6677 6667 432
3 6679 6667 6677
3 1113 6669 6678
3 6669 1686 6679
3 6678 6679 1689
3 6669 6679 6678
3 435 6713 6705
3 6713 1699 6716
3 6705 6716 1697
3 6713 6716 6705
3 1699 6712 6714
3 6712 432 6671
3 6714 6671 1687
3 6712 6671 6714
3 1697 6706 6704
3 6706 1687 6670
3 6704 6670 114
3 6706 6670 6704
3 1699 6714 6716
3 6714 1687 6706
3 6716 6706 1697
3 6714 6706 6716
3 294 6676 6707
3 6676 1689 6710
3 6707 6710 1698
3 6676 6710 6707
3 1689 6677 6715
3 6677 432 6712
3 6715 6712 1699
3 6677 6712 6715
3 1698 6717 6708
3 6717 1699 6713
3 6708 6713 435
3 6717 6713 6708
3 1689 6715 6710
3 6715 1699 6717
3 6710 6717 1698
3 6715 6717 6710
3 117 6928 6879
3 6928 1753 6930
3 6879 6930 1741
3 6928 6930 6879
3 1753 6929 6946
3 6929 449 6943
3 6946 6943 1756
3 6929 6943 6946
3 1741 6944 6880
3 6944 1756 6942
3 6880 6942 446
3 6944 6942 6880
3 1753 6946 6930
3 6946 1756 6944
3 6930 6944 1741
3 6946 6944 6930
3 449 6925 6933
3 6925 1752 6936
3 6933 6936 1754
3 6925 6936 6933
3 1752 6924 6926
3 6924 114 6682
3 6926 6682 1691
3 6924 6682 6926
3 1754 6934 6932
3 6934 1691 6683
3 6932 6683 433
3 6934 6683 6932
3 1752 6926 6936
3 6926 1691 6934
3 6936 6934 1754
3 6926 6934 6936
3 446 6882 6877
3 6882 1742 6884
3 6877 6884 1740
3 6882 6884 6877
3 1742 6881 6883
3 6881 433 6681
3 6883 6681 1690
3 6881 6681 6883
3 1740 6878 6876
3 6878 1690 6680
3 6876 6680 32
3 6878 6680 6876
3 1742 6883 6884
3 6883 1690 6878
3 6884 6878 1740
3 6883 6878 6884
3 449 6933 6943
3 6933 1754 6947
3 6943 6947 1756
3 6933 6947 6943
3 1754 6932 6935
3 6932 433 6881
3 6935 6881 1742
3 6932 6881 6935
3 1756 6945 6942
3 6945 1742 6882
3 6942 6882 446
3 6945 6882 6942
3 1754 6935 6947
3 6935 1742 6945
3 6947 6945 1756
3 6935 6945 6947
3 82 6701 6885
3 6701 1696 6888
3 6885 6888 1743
3 6701 6888 6885
3 1696 6702 6899
3 6702 435 6897
3 6899 6897 1746
3 6702 6897 6899
3 1743 6900 6886
3 6900 1746 6898
3 6886 6898 447
3 6900 6898 6886
3 1696 6899 6888
3 6899 1746 6900
3 6888 6900 1743
3 6899 6900 6888
3 435 6705 6937
3 6705 1697 6939
3 6937 6939 1755
3 6705 6939 6937
3 1697 6704 6927
3 6704 114 6924
3 6927 6924 1752
3 6704 6924 6927
3 1755 6941 6938
3 6941 1752 6925
3 6938 6925 449
3 6941 6925 6938
3 1697 6927 6939
3 6927 1752 6941
3 6939 6941 1755
3 6927 6941 6939
3 447 6948 6890
3 6948 1757 6950
3 6890 6950 1744
3 6948 6950 6890
3 1757 6949 6952
3 6949 449 6929
3 6952 6929 1753
3 6949 6929 6952
3 1744 6931 6889
3 6931 1753 6928
3 6889 6928 117
3 6931 6928 6889
3 1757 6952 6950
3 6952 1753 6931
3 6950 6931 1744
3 6952 6931 6950
3 435 6937 6897
3 6937 1755 6940
3 6897 6940 1746
3 6937 6940 6897
3 1755 6938 6953
3 6938 449 6949
3 6953 6949 1757
3 6938 6949 6953
3 1746 6951 6898
3 6951 1757 6948
3 6898 6948 447
3 6951 6948 6898
3 1755 6953 6940
3 6953 1757 6951
3 6940 6951 1746
3 6953 6951 6940
3 29 7086 5594
3 7086 1788 7088
3 5594 7088 1426
3 7086 7088 5594
3 1788 7087 7095
3 7087 456 7093
3 7095 7093 1790
3 7087 7093 7095
3 1426 7094 5595
3 7094 1790 7092
3 5595 7092 371
3 7094 7092 5595
3 1788 7095 7088
3 7095 1790 7094
3 7088 7094 1426
3 7095 7094 7088
3 456 7091 7130
3 7091 1789 7132
3 7130 7132 1800
3 7091 7132 7130
3 1789 7090 7120
3 7090 119 7118
3 7120 7118 1797
3 7090 7118 7120
3 1800 7134 7131
3 7134 1797 7119
3 7131 7119 458
3 7134 7119 7131
3 1789 7120 7132
3 7120 1797 7134
3 7132 7134 1800
3 7120 7134 7132
3 371 7121 5597
3 7121 1798 7123
3 5597 7123 1427
3 7121 7123 5597
3 1798 7122 7125
3 7122 458 7115
3 7125 7115 1796
3 7122 7115 7125
3 1427 7116 5596
3 7116 1796 7114
3 5596 7114 100
3 7116 7114 5596
3 1798 7125 7123
3 7125 1796 7116
3 7123 7116 1427
3 7125 7116 7123
3 456 7130 7093
3 7130 1800 7133
3 7093 7133 1790
3 7130 7133 7093
3 1800 7131 7135
3 7131 458 7122
3 7135 7122 1798
3 7131 7122 7135
3 1790 7124 7092
3 7124 1798 7121
3 7092 7121 371
3 7124 7121 7092
3 1800 7135 7133
3 7135 1798 7124
3 7133 7124 1790
3 7135 7124 7133
3 119 7104 7162
3 7104 1793 7164
3 7162 7164 1807
3 7104 7164 7162
3 1793 7105 7178
3 7105 457 7176
3 7178 7176 1810
3 7105 7176 7178
3 1807 7180 7163
3 7180 1810 7177
3 7163 7177 460
3 7180 7177 7163
3 1793 7178 7164
3 7178 1810 7180
3 7164 7180 1807
3 7178 7180 7164
3 457 7101 7107
3 7101 1792 7109
3 7107 7109 1794
3 7101 7109 7107
3 1792 7100 7102
3 7100 32 6732
3 7102 6732 1704
3 7100 6732 7102
3 1794 7108 7106
3 7108 1704 6733
3 7106 6733 437
3 7108 6733 7106
3 1792 7102 7109
3 7102 1704 7108
3 7109 7108 1794
3 7102 7108 7109
3 460 7167 7159
3 7167 1808 7170
3 7159 7170 1806
3 7167 7170 7159
3 1808 7166 7168
3 7166 437 6735
3 7168 6735 1705
3 7166 6735 7168
3 1806 7160 7158
3 7160 1705 6734
3 7158 6734 115
3 7160 6734 7158
3 1808 7168 7170
3 7168 1705 7160
3 7170 7160 1806
3 7168 7160 7170
3 457 7107 7176
3 7107 1794 7179
3 7176 7179 1810
3 7107 7179 7176
3 1794 7106 7169
3 7106 437 7166
3 7169 7166 1808
3 7106 7166 7169
3 1810 7181 7177
3 7181 1808 7167
3 7177 7167 460
3 7181 7167 7177
3 1794 7169 7179
3 7169 1808 7181
3 7179 7181 1810
3 7169 7181 7179
3 100 6753 5592
3 6753 1710 6755
3 5592 6755 1425
3 6753 6755 5592
3 1710 6754 6763
3 6754 439 6760
3 6763 6760 1712
3 6754 6760 6763
3 1425 6761 5593
3 6761 1712 6759
3 5593 6759 370
3 6761 6759 5593
3 1710 6763 6755
3 6763 1712 6761
3 6755 6761 1425
3 6763 6761 6755
3 439 6757 6765
3 6757 1711 6768
3 6765 6768 1713
3 6757 6768 6765
3 1711 6756 6758
3 6756 115 6722
3 6758 6722 1701
3 6756 6722 6758
3 1713 6766 6764
3 6766 1701 6723
3 6764 6723 436
3 6766 6723 6764
3 1711 6758 6768
3 6758 1701 6766
3 6768 6766 1713
3 6758 6766 6768
3 370 6728 5591
3 6728 1703 6730
3 5591 6730 1424
3 6728 6730 5591
3 1703 6729 6731
3 6729 436 6719
3 6731 6719 1700
3 6729 6719 6731
3 1424 6721 5590
3 6721 1700 6718
3 5590 6718 9
3 6721 6718 5590
3 1703 6731 6730
3 6731 1700 6721
3 6730 6721 1424
3 6731 6721 6730
3 439 6765 6760
3 6765 1713 6769
3 6760 6769 1712
3 6765 6769 6760
3 1713 6764 6767
3 6764 436 6729
3 6767 6729 1703
3 6764 6729 6767
3 1712 6762 6759
3 6762 1703 6728
3 6759 6728 370
3 6762 6728 6759
3 1713 6767 6769
3 6767 1703 6762
3 6769 6762 1712
3 6767 6762 6769
3 119 7162 7118
3 7162 1807 7165
3 7118 7165 1797
3 7162 7165 7118
3 1807 7163 7186
3 7163 460 7183
3 7186 7183 1811
3 7163 7183 7186
3 1797 7184 7119
3 7184 1811 7182
3 7119 7182 458
3 7184 7182 7119
3 1807 7186 7165
3 7186 1811 7184
3 7165 7184 1797
3 7186 7184 7165
3 460 7159 7172
3 7159 1806 7175
3 7172 7175 1809
3 7159 7175 7172
3 1806 7158 7161
3 7158 115 6756
3 7161 6756 1711
3 7158 6756 7161
3 1809 7173 7171
3 7173 1711 6757
3 7171 6757 439
3 7173 6757 7171
3 1806 7161 7175
3 7161 1711 7173
3 7175 7173 1809
3 7161 7173 7175
3 458 7127 7115
3 7127 1799 7129
3 7115 7129 1796
3 7127 7129 7115
3 1799 7126 7128
3 7126 439 6754
3 7128 6754 1710
3 7126 6754 7128
3 1796 7117 7114
3 7117 1710 6753
3 7114 6753 100
3 7117 6753 7114
3 1799 7128 7129
3 7128 1710 7117
3 7129 7117 1796
3 7128 7117 7129
3 460 7172 7183
3 7172 1809 7187
3 7183 7187 1811
3 7172 7187 7183
3 1809 7171 7174
3 7171 439 7126
3 7174 7126 1799
3 7171 7126 7174
3 1811 7185 7182
3 7185 1799 7127
3 7182 7127 458
3 7185 7127 7182
3 1809 7174 7187
3 7174 1799 7185
3 7187 7185 1811
3 7174 7185 7187
3 25 6862 5668
3 6862 1736 6865
3 5668 6865 1445
3 6862 6865 5668
3 1736 6863 6875
3 6863 445 6873
3 6875 6873 1739
3 6863 6873 6875
3 1445 6874 5669
3 6874 1739 6872
3 5669 6872 376
3 6874 6872 5669
3 1736 6875 6865
3 6875 1739 6874
3 6865 6874 1445
3 6875 6874 6865
3 445 6867 6918
3 6867 1737 6920
3 6918 6920 1751
3 6867 6920 6918
3 1737 6866 6912
3 6866 117 6910
3 6912 6910 1749
3 6866 6910 6912
3 1751 6922 6919
3 6922 1749 6911
3 6919 6911 448
3 6922 6911 6919
3 1737 6912 6920
3 6912 1749 6922
3 6920 6922 1751
3 6912 6922 6920
3 376 6913 5672
3 6913 1750 6915
3 5672 6915 1446
3 6913 6915 5672
3 1750 6914 6917
3 6914 448 6908
3 6917 6908 1748
3 6914 6908 6917
3 1446 6909 5671
3 6909 1748 6907
3 5671 6907 102
3 6909 6907 5671
3 1750 6917 6915
3 6917 1748 6909
3 6915 6909 1446
3 6917 6909 6915
3 445 6918 6873
3 6918 1751 6921
3 6873 6921 1739
3 6918 6921 6873
3 1751 6919 6923
3 6919 448 6914
3 6923 6914 1750
3 6919 6914 6923
3 1739 6916 6872
3 6916 1750 6913
3 6872 6913 376
3 6916 6913 6872
3 1751 6923 6921
3 6923 1750 6916
3 6921 6916 1739
3 6923 6916 6921
3 117 6879 7188
3 6879 1741 7190
3 7188 7190 1812
3 6879 7190 7188
3 1741 6880 7198
3 6880 446 7196
3 7198 7196 1814
3 6880 7196 7198
3 1812 7200 7189
3 7200 1814 7197
3 7189 7197 461
3 7200 7197 7189
3 1741 7198 7190
3 7198 1814 7200
3 7190 7200 1812
3 7198 7200 7190
3 446 6877 7110
3 6877 1740 7112
3 7110 7112 1795
3 6877 7112 7110
3 1740 6876 7103
3 6876 32 7100
3 7103 7100 1792
3 6876 7100 7103
3 1795 7113 7111
3 7113 1792 7101
3 7111 7101 457
3 7113 7101 7111
3 1740 7103 7112
3 7103 1792 7113
3 7112 7113 1795
3 7103 7113 7112
3 461 7207 7193
3 7207 1816 7210
3 7193 7210 1813
3 7207 7210 7193
3 1816 7206 7208
3 7206 457 7105
3 7208 7105 1793
3 7206 7105 7208
3 1813 7194 7192
3 7194 1793 7104
3 7192 7104 119
3 7194 7104 7192
3 1816 7208 7210
3 7208 1793 7194
3 7210 7194 1813
3 7208 7194 7210
3 446 7110 7196
3 7110 1795 7199
3 7196 7199 1814
3 7110 7199 7196
3 1795 7111 7209
3 7111 457 7206
3 7209 7206 1816
3 7111 7206 7209
3 1814 7211 7197
3 7211 1816 7207
3 7197 7207 461
3 7211 7207 7197
3 1795 7209 7199
3 7209 1816 7211
3 7199 7211 1814
3 7209 7211 7199
3 102 7136 5680
3 7136 1801 7138
3 5680 7138 1449
3 7136 7138 5680
3 1801 7137 7147
3 7137 459 7144
3 7147 7144 1803
3 7137 7144 7147
3 1449 7145 5681
3 7145 1803 7143
3 5681 7143 377
3 7145 7143 5681
3 1801 7147 7138
3 7147 1803 7145
3 7138 7145 1449
3 7147 7145 7138
3 459 7141 7153
3 7141 1802 7156
3 7153 7156 1805
3 7141 7156 7153
3 1802 7140 7142
3 7140 119 7090
3 7142 7090 1789
3 7140 7090 7142
3 1805 7154 7152
3 7154 1789 7091
3 7152 7091 456
3 7154 7091 7152
3 1802 7142 7156
3 7142 1789 7154
3 7156 7154 1805
3 7142 7154 7156
3 377 7096 5678
3 7096 1791 7098
3 5678 7098 1448
3 7096 7098 5678
3 1791 7097 7099
3 7097 456 7087
3 7099 7087 1788
3 7097 7087 7099
3 1448 7089 5677
3 7089 1788 7086
3 5677 7086 29
3 7089 7086 5677
3 1791 7099 7098
3 7099 1788 7089
3 7098 7089 1448
3 7099 7089 7098
3 459 7153 7144
3 7153 1805 7157
3 7144 7157 1803
3 7153 7157 7144
3 1805 7152 7155
3 7152 456 7097
3 7155 7097 1791
3 7152 7097 7155
3 1803 7146 7143
3 7146 1791 7096
3 7143 7096 377
3 7146 7096 7143
3 1805 7155 7157
3 7155 1791 7146
3 7157 7146 1803
3 7155 7146 7157
3 117 7188 6910
3 7188 1812 7191
3 6910 7191 1749
3 7188 7191 6910
3 1812 7189 7205
3 7189 461 7202
3 7205 7202 1815
3 7189 7202 7205
3 1749 7203 6911
3 7203 1815 7201
3 6911 7201 448
3 7203 7201 6911
3 1812 7205 7191
3 7205 1815 7203
3 7191 7203 1749
3 7205 7203 7191
3 461 7193 7213
3 7193 1813 7216
3 7213 7216 1817
3 7193 7216 7213
3 1813 7192 7195
3 7192 119 7140
3 7195 7140 1802
3 7192 7140 7195
3 1817 7214 7212
3 7214 1802 7141
3 7212 7141 459
3 7214 7141 7212
3 1813 7195 7216
3 7195 1802 7214
3 7216 7214 1817
3 7195 7214 7216
3 448 7148 6908
3 7148 1804 7150
3 6908 7150 1748
3 7148 7150 6908
3 1804 7149 7151
3 7149 459 7137
3 7151 7137 1801
3 7149 7137 7151
3 1748 7139 6907
3 7139 1801 7136
3 6907 7136 102
3 7139 7136 6907
3 1804 7151 7150
3 7151 1801 7139
3 7150 7139 1748
3 7151 7139 7150
3 461 7213 7202
3 7213 1817 7217
3 7202 7217 1815
3 7213 7217 7202
3 1817 7212 7215
3 7212 459 7149
3 7215 7149 1804
3 7212 7149 7215
3 1815 7204 7201
3 7204 1804 7148
3 7201 7148 448
3 7204 7148 7201
3 1817 7215 7217
3 7215 1804 7204
3 7217 7204 1815
3 7215 7204 7217
3 4 5738 3378
3 5738 1462 5741
3 3378 5741 858
3 5738 5741 3378
3 1462 5739 5751
3 5739 380 5749
3 5751 5749 1465
3 5739 5749 5751
3 858 5750 3379
3 5750 1465 5748
3 3379 5748 222
3 5750 5748 3379
3 1462 5751 5741
3 5751 1465 5750
3 5741 5750 858
3 5751 5750 5741
3 380 5743 5784
3 5743 1463 5786
3 5784 5786 1475
3 5743 5786 5784
3 1463 5742 5778
3 5742 103 5776
3 5778 5776 1473
3 5742 5776 5778
3 1475 5788 5785
3 5788 1473 5777
3 5785 5777 383
3 5788 5777 5785
3 1463 5778 5786
3 5778 1473 5788
3 5786 5788 1475
3 5778 5788 5786
3 222 5779 3381
3 5779 1474 5781
3 3381 5781 859
3 5779 5781 3381
3 1474 5780 5783
3 5780 383 5774
3 5783 5774 1472
3 5780 5774 5783
3 859 5775 3380
3 5775 1472 5773
3 3380 5773 60
3 5775 5773 3380
3 1474 5783 5781
3 5783 1472 5775
3 5781 5775 859
3 5783 5775 5781
3 380 5784 5749
3 5784 1475 5787
3 5749 5787 1465
3 5784 5787 5749
3 1475 5785 5789
3 5785 383 5780
3 5789 5780 1474
3 5785 5780 5789
3 1465 5782 5748
3 5782 1474 5779
3 5748 5779 222
3 5782 5779 5748
3 1475 5789 5787
3 5789 1474 5782
3 5787 5782 1465
3 5789 5782 5787
3 103 5754 5952
3 5754 1467 5954
3 5952 5954 1518
3 5754 5954 5952
3 1467 5755 5962
3 5755 381 5960
3 5962 5960 1520
3 5755 5960 5962
3 1518 5964 5953
3 5964 1520 5961
3 5953 5961 395
3 5964 5961 5953
3 1467 5962 5954
3 5962 1520 5964
3 5954 5964 1518
3 5962 5964 5954
3 381 5753 5926
3 5753 1466 5928
3 5926 5928 1512
3 5753 5928 5926
3 1466 5752 5923
3 5752 30 5921
3 5923 5921 1510
3 5752 5921 5923
3 1512 5929 5927
3 5929 1510 5922
3 5927 5922 393
3 5929 5922 5927
3 1466 5923 5928
3 5923 1510 5929
3 5928 5929 1512
3 5923 5929 5928
3 395 5971 5957
3 5971 1522 5974
3 5957 5974 1519
3 5971 5974 5957
3 1522 5970 5972
3 5970 393 5925
3 5972 5925 1511
3 5970 5925 5972
3 1519 5958 5956
3 5958 1511 5924
3 5956 5924 106
3 5958 5924 5956
3 1522 5972 5974
3 5972 1511 5958
3 5974 5958 1519
3 5972 5958 5974
3 381 5926 5960
3 5926 1512 5963
3 5960 5963 1520
3 5926 5963 5960
3 1512 5927 5973
3 5927 393 5970
3 5973 5970 1522
3 5927 5970 5973
3 1520 5975 5961
3 5975 1522 5971
3 5961 5971 395
3 5975 5971 5961
3 1512 5973 5963
3 5973 1522 5975
3 5963 5975 1520
3 5973 5975 5963
3 60 5930 3384
3 5930 1513 5932
3 3384 5932 861
3 5930 5932 3384
3 1513 5931 5941
3 5931 394 5938
3 5941 5938 1515
3 5931 5938 5941
3 861 5939 3385
3 5939 1515 5937
3 3385 5937 223
3 5939 5937 3385
3 1513 5941 5932
3 5941 1515 5939
3 5932 5939 861
3 5941 5939 5932
3 394 5935 5947
3 5935 1514 5950
3 5947 5950 1517
3 5935 5950 5947
3 1514 5934 5936
3 5934 106 5915
3 5936 5915 1508
3 5934 5915 5936
3 1517 5948 5946
3 5948 1508 5916
3 5946 5916 392
3 5948 5916 5946
3 1514 5936 5950
3 5936 1508 5948
3 5950 5948 1517
3 5936 5948 5950
3 223 5917 3383
3 5917 1509 5919
3 3383 5919 860
3 5917 5919 3383
3 1509 5918 5920
3 5918 392 5913
3 5920 5913 1507
3 5918 5913 5920
3 860 5914 3382
3 5914 1507 5912
3 3382 5912 18
3 5914 5912 3382
3 1509 5920 5919
3 5920 1507 5914
3 5919 5914 860
3 5920 5914 5919
3 394 5947 5938
3 5947 1517 5951
3 5938 5951 1515
3 5947 5951 5938
3 1517 5946 5949
3 5946 392 5918
3 5949 5918 1509
3 5946 5918 5949
3 1515 5940 5937
3 5940 1509 5917
3 5937 5917 223
3 5940 5917 5937
3 1517 5949 5951
3 5949 1509 5940
3 5951 5940 1515
3 5949 5940 5951
3 103 5952 5776
3 5952 1518 5955
3 5776 5955 1473
3 5952 5955 5776
3 1518 5953 5969
3 5953 395 5966
3 5969 5966 1521
3 5953 5966 5969
3 1473 5967 5777
3 5967 1521 5965
3 5777 5965 383
3 5967 5965 5777
3 1518 5969 5955
3 5969 1521 5967
3 5955 5967 1473
3 5969 5967 5955
3 395 5957 5977
3 5957 1519 5980
3 5977 5980 1523
3 5957 5980 5977
3 1519 5956 5959
3 5956 106 5934
3 5959 5934 1514
3 5956 5934 5959
3 1523 5978 5976
3 5978 1514 5935
3 5976 5935 394
3 5978 5935 5976
3 1519 5959 5980
3 5959 1514 5978
3 5980 5978 1523
3 5959 5978 5980
3 383 5942 5774
3 5942 1516 5944
3 5774 5944 1472
3 5942 5944 5774
3 1516 5943 5945
3 5943 394 5931
3 5945 5931 1513
3 5943 5931 5945
3 1472 5933 5773
3 5933 1513 5930
3 5773 5930 60
3 5933 5930 5773
3 1516 5945 5944
3 5945 1513 5933
3 5944 5933 1472
3 5945 5933 5944
3 395 5977 5966
3 5977 1523 5981
3 5966 5981 1521
3 5977 5981 5966
3 1523 5976 5979
3 5976 394 5943
3 5979 5943 1516
3 5976 5943 5979
3 1521 5968 5965
3 5968 1516 5942
3 5965 5942 383
3 5968 5942 5965
3 1523 5979 5981
3 5979 1516 5968
3 5981 5968 1521
3 5979 5968 5981
3 30 5799 6534
3 5799 1479 6536
3 6534 6536 1656
3 5799 6536 6534
3 1479 5800 6542
3 5800 385 6540
3 6542 6540 1658
3 5800 6540 6542
3 1656 6543 6535
3 6543 1658 6541
3 6535 6541 426
3 6543 6541 6535
3 1479 6542 6536
3 6542 1658 6543
3 6536 6543 1656
3 6542 6543 6536
3 385 5802 6569
3 5802 1480 6571
3 6569 6571 1666
3 5802 6571 6569
3 1480 5801 6564
3 5801 104 6562
3 6564 6562 1664
3 5801 6562 6564
3 1666 6573 6570
3 6573 1664 6563
3 6570 6563 428
3 6573 6563 6570
3 1480 6564 6571
3 6564 1664 6573
3 6571 6573 1666
3 6564 6573 6571
3 426 6578 6539
3 6578 1668 6580
3 6539 6580 1657
3 6578 6580 6539
3 1668 6579 6582
3 6579 428 6567
3 6582 6567 1665
3 6579 6567 6582
3 1657 6568 6538
3 6568 1665 6566
3 6538 6566 113
3 6568 6566 6538
3 1668 6582 6580
3 6582 1665 6568
3 6580 6568 1657
3 6582 6568 6580
3 385 6569 6540
3 6569 1666 6572
3 6540 6572 1658
3 6569 6572 6540
3 1666 6570 6583
3 6570 428 6579
3 6583 6579 1668
3 6570 6579 6583
3 1658 6581 6541
3 6581 1668 6578
3 6541 6578 426
3 6581 6578 6541
3 1666 6583 6572
3 6583 1668 6581
3 6572 6581 1658
3 6583 6581 6572
3 104 5793 6201
3 5793 1477 6203
3 6201 6203 1578
3 5793 6203 6201
3 1477 5794 6209
3 5794 384 6207
3 6209 6207 1580
3 5794 6207 6209
3 1578 6211 6202
3 6211 1580 6208
3 6202 6208 409
3 6211 6208 6202
3 1477 6209 6203
3 6209 1580 6211
3 6203 6211 1578
3 6209 6211 6203
3 384 5791 6176
3 5791 1476 6178
3 6176 6178 1571
3 5791 6178 6176
3 1476 5790 6169
3 5790 9 6166
3 6169 6166 1568
3 5790 6166 6169
3 1571 6179 6177
3 6179 1568 6167
3 6177 6167 406
3 6179 6167 6177
3 1476 6169 6178
3 6169 1568 6179
3 6178 6179 1571
3 6169 6179 6178
3 409 6213 6205
3 6213 1581 6216
3 6205 6216 1579
3 6213 6216 6205
3 1581 6212 6214
3 6212 406 6171
3 6214 6171 1569
3 6212 6171 6214
3 1579 6206 6204
3 6206 1569 6170
3 6204 6170 109
3 6206 6170 6204
3 1581 6214 6216
3 6214 1569 6206
3 6216 6206 1579
3 6214 6206 6216
3 384 6176 6207
3 6176 1571 6210
3 6207 6210 1580
3 6176 6210 6207
3 1571 6177 6215
3 6177 406 6212
3 6215 6212 1581
3 6177 6212 6215
3 1580 6217 6208
3 6217 1581 6213
3 6208 6213 409
3 6217 6213 6208
3 1571 6215 6210
3 6215 1581 6217
3 6210 6217 1580
3 6215 6217 6210
3 113 6610 6552
3 6610 1675 6612
3 6552 6612 1661
3 6610 6612 6552
3 1675 6611 6628
3 6611 430 6625
3 6628 6625 1678
3 6611 6625 6628
3 1661 6626 6553
3 6626 1678 6624
3 6553 6624 427
3 6626 6624 6553
3 1675 6628 6612
3 6628 1678 6626
3 6612 6626 1661
3 6628 6626 6612
3 430 6607 6615
3 6607 1674 6618
3 6615 6618 1676
3 6607 6618 6615
3 1674 6606 6608
3 6606 109 6182
3 6608 6182 1573
3 6606 6182 6608
3 1676 6616 6614
3 6616 1573 6183
3 6614 6183 407
3 6616 6183 6614
3 1674 6608 6618
3 6608 1573 6616
3 6618 6616 1676
3 6608 6616 6618
3 427 6555 6549
3 6555 1662 6557
3 6549 6557 1660
3 6555 6557 6549
3 1662 6554 6556
3 6554 407 6181
3 6556 6181 1572
3 6554 6181 6556
3 1660 6550 6548
3 6550 1572 6180
3 6548 6180 31
3 6550 6180 6548
3 1662 6556 6557
3 6556 1572 6550
3 6557 6550 1660
3 6556 6550 6557
3 430 6615 6625
3 6615 1676 6629
3 6625 6629 1678
3 6615 6629 6625
3 1676 6614 6617
3 6614 407 6554
3 6617 6554 1662
3 6614 6554 6617
3 1678 6627 6624
3 6627 1662 6555
3 6624 6555 427
3 6627 6555 6624
3 1676 6617 6629
3 6617 1662 6627
3 6629 6627 1678
3 6617 6627 6629
3 104 6201 6562
3 6201 1578 6565
3 6562 6565 1664
3 6201 6565 6562
3 1578 6202 6576
3 6202 409 6574
3 6576 6574 1667
3 6202 6574 6576
3 1664 6577 6563
3 6577 1667 6575
3 6563 6575 428
3 6577 6575 6563
3 1578 6576 6565
3 6576 1667 6577
3 6565 6577 1664
3 6576 6577 6565
3 409 6205 6619
3 6205 1579 6621
3 6619 6621 1677
3 6205 6621 6619
3 1579 6204 6609
3 6204 109 6606
3 6609 6606 1674
3 6204 6606 6609
3 1677 6623 6620
3 6623 1674 6607
3 6620 6607 430
3 6623 6607 6620
3 1579 6609 6621
3 6609 1674 6623
3 6621 6623 1677
3 6609 6623 6621
3 428 6630 6567
3 6630 1679 6632
3 6567 6632 1665
3 6630 6632 6567
3 1679 6631 6634
3 6631 430 6611
3 6634 6611 1675
3 6631 6611 6634
3 1665 6613 6566
3 6613 1675 6610
3 6566 6610 113
3 6613 6610 6566
3 1679 6634 6632
3 6634 1675 6613
3 6632 6613 1665
3 6634 6613 6632
3 409 6619 6574
3 6619 1677 6622
3 6574 6622 1667
3 6619 6622 6574
3 1677 6620 6635
3 6620 430 6631
3 6635 6631 1679
3 6620 6631 6635
3 1667 6633 6575
3 6633 1679 6630
3 6575 6630 428
3 6633 6630 6575
3 1677 6635 6622
3 6635 1679 6633
3 6622 6633 1667
3 6635 6633 6622
3 18 6310 3390
3 6310 1604 6312
3 3390 6312 864
3 6310 6312 3390
3 1604 6311 6319
3 6311 415 6317
3 6319 6317 1606
3 6311 6317 6319
3 864 6318 3391
3 6318 1606 6316
3 3391 6316 225
3 6318 6316 3391
3 1604 6319 6312
3 6319 1606 6318
3 6312 6318 864
3 6319 6318 6312
3 415 6315 6349
3 6315 1605 6351
3 6349 6351 1615
3 6315 6351 6349
3 1605 6314 6339
3 6314 111 6337
3 6339 6337 1612
3 6314 6337 6339
3 1615 6353 6350
3 6353 1612 6338
3 6350 6338 417
3 6353 6338 6350
3 1605 6339 6351
3 6339 1612 6353
3 6351 6353 1615
3 6339 6353 6351
3 225 6340 3393
3 6340 1613 6342
3 3393 6342 865
3 6340 6342 3393
3 1613 6341 6344
3 6341 417 6334
3 6344 6334 1611
3 6341 6334 6344
3 865 6335 3392
3 6335 1611 6333
3 3392 6333 61
3 6335 6333 3392
3 1613 6344 6342
3 6344 1611 6335
3 6342 6335 865
3 6344 6335 6342
3 415 6349 6317
3 6349 1615 6352
3 6317 6352 1606
3 6349 6352 6317
3 1615 6350 6354
3 6350 417 6341
3 6354 6341 1613
3 6350 6341 6354
3 1606 6343 6316
3 6343 1613 6340
3 6316 6340 225
3 6343 6340 6316
3 1615 6354 6352
3 6354 1613 6343
3 6352 6343 1606
3 6354 6343 6352
3 111 6327 6376
3 6327 1609 6378
3 6376 6378 1621
3 6327 6378 6376
3 1609 6328 6392
3 6328 416 6390
3 6392 6390 1624
3 6328 6390 6392
3 1621 6394 6377
3 6394 1624 6391
3 6377 6391 419
3 6394 6391 6377
3 1609 6392 6378
3 6392 1624 6394
3 6378 6394 1621
3 6392 6394 6378
3 416 6325 6330
3 6325 1608 6332
3 6330 6332 1610
3 6325 6332 6330
3 1608 6324 6326
3 6324 31 6128
3 6326 6128 1558
3 6324 6128 6326
3 1610 6331 6329
3 6331 1558 6129
3 6329 6129 403
3 6331 6129 6329
3 1608 6326 6332
3 6326 1558 6331
3 6332 6331 1610
3 6326 6331 6332
3 419 6381 6373
3 6381 1622 6384
3 6373 6384 1620
3 6381 6384 6373
3 1622 6380 6382
3 6380 403 6131
3 6382 6131 1559
3 6380 6131 6382
3 1620 6374 6372
3 6374 1559 6130
3 6372 6130 108
3 6374 6130 6372
3 1622 6382 6384
3 6382 1559 6374
3 6384 6374 1620
3 6382 6374 6384
3 416 6330 6390
3 6330 1610 6393
3 6390 6393 1624
3 6330 6393 6390
3 1610 6329 6383
3 6329 403 6380
3 6383 6380 1622
3 6329 6380 6383
3 1624 6395 6391
3 6395 1622 6381
3 6391 6381 419
3 6395 6381 6391
3 1610 6383 6393
3 6383 1622 6395
3 6393 6395 1624
3 6383 6395 6393
3 61 6149 3388
3 6149 1564 6151
3 3388 6151 863
3 6149 6151 3388
3 1564 6150 6159
3 6150 405 6156
3 6159 6156 1566
3 6150 6156 6159
3 863 6157 3389
3 6157 1566 6155
3 3389 6155 224
3 6157 6155 3389
3 1564 6159 6151
3 6159 1566 6157
3 6151 6157 863
3 6159 6157 6151
3 405 6153 6161
3 6153 1565 6164
3 6161 6164 1567
3 6153 6164 6161
3 1565 6152 6154
3 6152 108 6118
3 6154 6118 1555
3 6152 6118 6154
3 1567 6162 6160
3 6162 1555 6119
3 6160 6119 402
3 6162 6119 6160
3 1565 6154 6164
3 6154 1555 6162
3 6164 6162 1567
3 6154 6162 6164
3 224 6124 3387
3 6124 1557 6126
3 3387 6126 862
3 6124 6126 3387
3 1557 6125 6127
3 6125 402 6115
3 6127 6115 1554
3 6125 6115 6127
3 862 6117 3386
3 6117 1554 6114
3 3386 6114 5
3 6117 6114 3386
3 1557 6127 6126
3 6127 1554 6117
3 6126 6117 862
3 6127 6117 6126
3 405 6161 6156
3 6161 1567 6165
3 6156 6165 1566
3 6161 6165 6156
3 1567 6160 6163
3 6160 402 6125
3 6163 6125 1557
3 6160 6125 6163
3 1566 6158 6155
3 6158 1557 6124
3 6155 6124 224
3 6158 6124 6155
3 1567 6163 6165
3 6163 1557 6158
3 6165 6158 1566
3 6163 6158 6165
3 111 6376 6337
3 6376 1621 6379
3 6337 6379 1612
3 6376 6379 6337
3 1621 6377 6400
3 6377 419 6397
3 6400 6397 1625
3 6377 6397 6400
3 1612 6398 6338
3 6398 1625 6396
3 6338 6396 417
3 6398 6396 6338
3 1621 6400 6379
3 6400 1625 6398
3 6379 6398 1612
3 6400 6398 6379
3 419 6373 6386
3 6373 1620 6389
3 6386 6389 1623
3 6373 6389 6386
3 1620 6372 6375
3 6372 108 6152
3 6375 6152 1565
3 6372 6152 6375
3 1623 6387 6385
3 6387 1565 6153
3 6385 6153 405
3 6387 6153 6385
3 1620 6375 6389
3 6375 1565 6387
3 6389 6387 1623
3 6375 6387 6389
3 417 6346 6334
3 6346 1614 6348
3 6334 6348 1611
3 6346 6348 6334
3 1614 6345 6347
3 6345 405 6150
3 6347 6150 1564
3 6345 6150 6347
3 1611 6336 6333
3 6336 1564 6149
3 6333 6149 61
3 6336 6149 6333
3 1614 6347 6348
3 6347 1564 6336
3 6348 6336 1611
3 6347 6336 6348
3 419 6386 6397
3 6386 1623 6401
3 6397 6401 1625
3 6386 6401 6397
3 1623 6385 6388
3 6385 405 6345
3 6388 6345 1614
3 6385 6345 6388
3 1625 6399 6396
3 6399 1614 6346
3 6396 6346 417
3 6399 6346 6396
3 1623 6388 6401
3 6388 1614 6399
3 6401 6399 1625
3 6388 6399 6401
3 30 6534 5921
3 6534 1656 6537
3 5921 6537 1510
3 6534 6537 5921
3 1656 6535 6547
3 6535 426 6545
3 6547 6545 1659
3 6535 6545 6547
3 1510 6546 5922
3 6546 1659 6544
3 5922 6544 393
3 6546 6544 5922
3 1656 6547 6537
3 6547 1659 6546
3 6537 6546 1510
3 6547 6546 6537
3 426 6539 6600
3 6539 1657 6602
3 6600 6602 1673
3 6539 6602 6600
3 1657 6538 6590
3 6538 113 6588
3 6590 6588 1670
3 6538 6588 6590
3 1673 6604 6601
3 6604 1670 6589
3 6601 6589 429
3 6604 6589 6601
3 1657 6590 6602
3 6590 1670 6604
3 6602 6604 1673
3 6590 6604 6602
3 393 6591 5925
3 6591 1671 6593
3 5925 6593 1511
3 6591 6593 5925
3 1671 6592 6595
3 6592 429 6585
3 6595 6585 1669
3 6592 6585 6595
3 1511 6586 5924
3 6586 1669 6584
3 5924 6584 106
3 6586 6584 5924
3 1671 6595 6593
3 6595 1669 6586
3 6593 6586 1511
3 6595 6586 6593
3 426 6600 6545
3 6600 1673 6603
3 6545 6603 1659
3 6600 6603 6545
3 1673 6601 6605
3 6601 429 6592
3 6605 6592 1671
3 6601 6592 6605
3 1659 6594 6544
3 6594 1671 6591
3 6544 6591 393
3 6594 6591 6544
3 1673 6605 6603
3 6605 1671 6594
3 6603 6594 1659
3 6605 6594 6603
3 113 6552 6640
3 6552 1661 6642
3 6640 6642 1681
3 6552 6642 6640
3 1661 6553 6656
3 6553 427 6654
3 6656 6654 1684
3 6553 6654 6656
3 1681 6658 6641
3 6658 1684 6655
3 6641 6655 431
3 6658 6655 6641
3 1661 6656 6642
3 6656 1684 6658
3 6642 6658 1681
3 6656 6658 6642
3 427 6549 6559
3 6549 1660 6561
3 6559 6561 1663
3 6549 6561 6559
3 1660 6548 6551
3 6548 31 6324
3 6551 6324 1608
3 6548 6324 6551
3 1663 6560 6558
3 6560 1608 6325
3 6558 6325 416
3 6560 6325 6558
3 1660 6551 6561
3 6551 1608 6560
3 6561 6560 1663
3 6551 6560 6561
3 431 6645 6637
3 6645 1682 6648
3 6637 6648 1680
3 6645 6648 6637
3 1682 6644 6646
3 6644 416 6328
3 6646 6328 1609
3 6644 6328 6646
3 1680 6638 6636
3 6638 1609 6327
3 6636 6327 111
3 6638 6327 6636
3 1682 6646 6648
3 6646 1609 6638
3 6648 6638 1680
3 6646 6638 6648
3 427 6559 6654
3 6559 1663 6657
3 6654 6657 1684
3 6559 6657 6654
3 1663 6558 6647
3 6558 416 6644
3 6647 6644 1682
3 6558 6644 6647
3 1684 6659 6655
3 6659 1682 6645
3 6655 6645 431
3 6659 6645 6655
3 1663 6647 6657
3 6647 1682 6659
3 6657 6659 1684
3 6647 6659 6657
3 106 6355 5915
3 6355 1616 6357
3 5915 6357 1508
3 6355 6357 5915
3 1616 6356 6365
3 6356 418 6362
3 6365 6362 1618
3 6356 6362 6365
3 1508 6363 5916
3 6363 1618 6361
3 5916 6361 392
3 6363 6361 5916
3 1616 6365 6357
3 6365 1618 6363
3 6357 6363 1508
3 6365 6363 6357
3 418 6359 6367
3 6359 1617 6370
3 6367 6370 1619
3 6359 6370 6367
3 1617 6358 6360
3 6358 111 6314
3 6360 6314 1605
3 6358 6314 6360
3 1619 6368 6366
3 6368 1605 6315
3 6366 6315 415
3 6368 6315 6366
3 1617 6360 6370
3 6360 1605 6368
3 6370 6368 1619
3 6360 6368 6370
3 392 6320 5913
3 6320 1607 6322
3 5913 6322 1507
3 6320 6322 5913
3 1607 6321 6323
3 6321 415 6311
3 6323 6311 1604
3 6321 6311 6323
3 1507 6313 5912
3 6313 1604 6310
3 5912 6310 18
3 6313 6310 5912
3 1607 6323 6322
3 6323 1604 6313
3 6322 6313 1507
3 6323 6313 6322
3 418 6367 6362
3 6367 1619 6371
3 6362 6371 1618
3 6367 6371 6362
3 1619 6366 6369
3 6366 415 6321
3 6369 6321 1607
3 6366 6321 6369
3 1618 6364 6361
3 6364 1607 6320
3 6361 6320 392
3 6364 6320 6361
3 1619 6369 6371
3 6369 1607 6364
3 6371 6364 1618
3 6369 6364 6371
3 113 6640 6588
3 6640 1681 6643
3 6588 6643 1670
3 6640 6643 6588
3 1681 6641 6664
3 6641 431 6661
3 6664 6661 1685
3 6641 6661 6664
3 1670 6662 6589
3 6662 1685 6660
3 6589 6660 429
3 6662 6660 6589
3 1681 6664 6643
3 6664 1685 6662
3 6643 6662 1670
3 6664 6662 6643
3 431 6637 6650
3 6637 1680 6653
3 6650 6653 1683
3 6637 6653 6650
3 1680 6636 6639
3 6636 111 6358
3 6639 6358 1617
3 6636 6358 6639
3 1683 6651 6649
3 6651 1617 6359
3 6649 6359 418
3 6651 6359 6649
3 1680 6639 6653
3 6639 1617 6651
3 6653 6651 1683
3 6639 6651 6653
3 429 6597 6585
3 6597 1672 6599
3 6585 6599 1669
3 6597 6599 6585
3 1672 6596 6598
3 6596 418 6356
3 6598 6356 1616
3 6596 6356 6598
3 1669 6587 6584
3 6587 1616 6355
3 6584 6355 106
3 6587 6355 6584
3 1672 6598 6599
3 6598 1616 6587
3 6599 6587 1669
3 6598 6587 6599
3 431 6650 6661
3 6650 1683 6665
3 6661 6665 1685
3 6650 6665 6661
3 1683 6649 6652
3 6649 418 6596
3 6652 6596 1672
3 6649 6596 6652
3 1685 6663 6660
3 6663 1672 6597
3 6660 6597 429
3 6663 6597 6660
3 1683 6652 6665
3 6652 1672 6663
3 6665 6663 1685
3 6652 6663 6665
3 2 2594 8562
3 2594 658 8564
3 8562 8564 2154
3 2594 8564 8562
3 658 2595 8570
3 2595 170 8568
3 8570 8568 2156
3 2595 8568 8570
3 2154 8571 8563
3 8571 2156 8569
3 8563 8569 546
3 8571 8569 8563
3 658 8570 8564
3 8570 2156 8571
3 8564 8571 2154
3 8570 8571 8564
3 170 2598 8586
3 2598 659 8588
3 8586 8588 2162
3 2598 8588 8586
3 659 2597 8582
3 2597 46 8580
3 8582 8580 2160
3 2597 8580 8582
3 2162 8590 8587
3 8590 2160 8581
3 8587 8581 548
3 8590 8581 8587
3 659 8582 8588
3 8582 2160 8590
3 8588 8590 2162
3 8582 8590 8588
3 546 8591 8567
3 8591 2163 8593
3 8567 8593 2155
3 8591 8593 8567
3 2163 8592 8595
3 8592 548 8584
3 8595 8584 2161
3 8592 8584 8595
3 2155 8585 8566
3 8585 2161 8583
3 8566 8583 141
3 8585 8583 8566
3 2163 8595 8593
3 8595 2161 8585
3 8593 8585 2155
3 8595 8585 8593
3 170 8586 8568
3 8586 2162 8589
3 8568 8589 2156
3 8586 8589 8568
3 2162 8587 8596
3 8587 548 8592
3 8596 8592 2163
3 8587 8592 8596
3 2156 8594 8569
3 8594 2163 8591
3 8569 8591 546
3 8594 8591 8569
3 2162 8596 8589
3 8596 2163 8594
3 8589 8594 2156
3 8596 8594 8589
3 46 2605 8640
3 2605 662 8642
3 8640 8642 2178
3 2605 8642 8640
3 662 2606 8649
3 2606 171 8647
3 8649 8647 2180
3 2606 8647 8649
3 2178 8651 8641
3 8651 2180 8648
3 8641 8648 554
3 8651 8648 8641
3 662 8649 8642
3 8649 2180 8651
3 8642 8651 2178
3 8649 8651 8642
3 171 2604 8627
3 2604 661 8629
3 8627 8629 2174
3 2604 8629 8627
3 661 2603 8624
3 2603 14 8622
3 8624 8622 2172
3 2603 8622 8624
3 2174 8630 8628
3 8630 2172 8623
3 8628 8623 552
3 8630 8623 8628
3 661 8624 8629
3 8624 2172 8630
3 8629 8630 2174
3 8624 8630 8629
3 554 8657 8645
3 8657 2182 8660
3 8645 8660 2179
3 8657 8660 8645
3 2182 8656 8658
3 8656 552 8626
3 8658 8626 2173
3 8656 8626 8658
3 2179 8646 8644
3 8646 2173 8625
3 8644 8625 143
3 8646 8625 8644
3 2182 8658 8660
3 8658 2173 8646
3 8660 8646 2179
3 8658 8646 8660
3 171 8627 8647
3 8627 2174 8650
3 8647 8650 2180
3 8627 8650 8647
3 2174 8628 8659
3 8628 552 8656
3 8659 8656 2182
3 8628 8656 8659
3 2180 8661 8648
3 8661 2182 8657
3 8648 8657 554
3 8661 8657 8648
3 2174 8659 8650
3 8659 2182 8661
3 8650 8661 2180
3 8659 8661 8650
3 141 8662 8578
3 8662 2183 8664
3 8578 8664 2159
3 8662 8664 8578
3 2183 8663 8674
3 8663 555 8671
3 8674 8671 2185
3 8663 8671 8674
3 2159 8672 8579
3 8672 2185 8670
3 8579 8670 547
3 8672 8670 8579
3 2183 8674 8664
3 8674 2185 8672
3 8664 8672 2159
3 8674 8672 8664
3 555 8667 8681
3 8667 2184 8684
3 8681 8684 2187
3 8667 8684 8681
3 2184 8666 8668
3 8666 143 8634
3 8668 8634 2176
3 8666 8634 8668
3 2187 8682 8680
3 8682 2176 8635
3 8680 8635 553
3 8682 8635 8680
3 2184 8668 8684
3 8668 2176 8682
3 8684 8682 2187
3 8668 8682 8684
3 547 8636 8577
3 8636 2177 8638
3 8577 8638 2158
3 8636 8638 8577
3 2177 8637 8639
3 8637 553 8632
3 8639 8632 2175
3 8637 8632 8639
3 2158 8633 8576
3 8633 2175 8631
3 8576 8631 38
3 8633 8631 8576
3 2177 8639 8638
3 8639 2175 8633
3 8638 8633 2158
3 8639 8633 8638
3 555 8681 8671
3 8681 2187 8685
3 8671 8685 2185
3 8681 8685 8671
3 2187 8680 8683
3 8680 553 8637
3 8683 8637 2177
3 8680 8637 8683
3 2185 8673 8670
3 8673 2177 8636
3 8670 8636 547
3 8673 8636 8670
3 2187 8683 8685
3 8683 2177 8673
3 8685 8673 2185
3 8683 8673 8685
3 46 8640 8580
3 8640 2178 8643
3 8580 8643 2160
3 8640 8643 8580
3 2178 8641 8655
3 8641 554 8653
3 8655 8653 2181
3 8641 8653 8655
3 2160 8654 8581
3 8654 2181 8652
3 8581 8652 548
3 8654 8652 8581
3 2178 8655 8643
3 8655 2181 8654
3 8643 8654 2160
3 8655 8654 8643
3 554 8645 8686
3 8645 2179 8688
3 8686 8688 2188
3 8645 8688 8686
3 2179 8644 8669
3 8644 143 8666
3 8669 8666 2184
3 8644 8666 8669
3 2188 8690 8687
3 8690 2184 8667
3 8687 8667 555
3 8690 8667 8687
3 2179 8669 8688
3 8669 2184 8690
3 8688 8690 2188
3 8669 8690 8688
3 548 8675 8584
3 8675 2186 8677
3 8584 8677 2161
3 8675 8677 8584
3 2186 8676 8679
3 8676 555 8663
3 8679 8663 2183
3 8676 8663 8679
3 2161 8665 8583
3 8665 2183 8662
3 8583 8662 141
3 8665 8662 8583
3 2186 8679 8677
3 8679 2183 8665
3 8677 8665 2161
3 8679 8665 8677
3 554 8686 8653
3 8686 2188 8689
3 8653 8689 2181
3 8686 8689 8653
3 2188 8687 8691
3 8687 555 8676
3 8691 8676 2186
3 8687 8676 8691
3 2181 8678 8652
3 8678 2186 8675
3 8652 8675 548
3 8678 8675 8652
3 2188 8691 8689
3 8691 2186 8678
3 8689 8678 2181
3 8691 8678 8689
3 14 2628 8844
3 2628 669 8846
3 8844 8846 2229
3 2628 8846 8844
3 669 2629 8852
3 2629 174 8850
3 8852 8850 2231
3 2629 8850 8852
3 2229 8853 8845
3 8853 2231 8851
3 8845 8851 567
3 8853 8851 8845
3 669 8852 8846
3 8852 2231 8853
3 8846 8853 2229
3 8852 8853 8846
3 174 2631 8874
3 2631 670 8876
3 8874 8876 2238
3 2631 8876 8874
3 670 2630 8869
3 2630 47 8867
3 8869 8867 2236
3 2630 8867 8869
3 2238 8878 8875
3 8878 2236 8868
3 8875 8868 569
3 8878 8868 8875
3 670 8869 8876
3 8869 2236 8878
3 8876 8878 2238
3 8869 8878 8876
3 567 8883 8849
3 8883 2240 8885
3 8849 8885 2230
3 8883 8885 8849
3 2240 8884 8887
3 8884 569 8872
3 8887 8872 2237
3 8884 8872 8887
3 2230 8873 8848
3 8873 2237 8871
3 8848 8871 147
3 8873 8871 8848
3 2240 8887 8885
3 8887 2237 8873
3 8885 8873 2230
3 8887 8873 8885
3 174 8874 8850
3 8874 2238 8877
3 8850 8877 2231
3 8874 8877 8850
3 2238 8875 8888
3 8875 569 8884
3 8888 8884 2240
3 8875 8884 8888
3 2231 8886 8851
3 8886 2240 8883
3 8851 8883 567
3 8886 8883 8851
3 2238 8888 8877
3 8888 2240 8886
3 8877 8886 2231
3 8888 8886 8877
3 47 2626 8780
3 2626 668 8782
3 8780 8782 2212
3 2626 8782 8780
3 668 2627 8788
3 2627 173 8786
3 8788 8786 2214
3 2627 8786 8788
3 2212 8790 8781
3 8790 2214 8787
3 8781 8787 562
3 8790 8787 8781
3 668 8788 8782
3 8788 2214 8790
3 8782 8790 2212
3 8788 8790 8782
3 173 2625 8768
3 2625 667 8770
3 8768 8770 2208
3 2625 8770 8768
3 667 2624 8764
3 2624 4 8762
3 8764 8762 2206
3 2624 8762 8764
3 2208 8771 8769
3 8771 2206 8763
3 8769 8763 560
3 8771 8763 8769
3 667 8764 8770
3 8764 2206 8771
3 8770 8771 2208
3 8764 8771 8770
3 562 8792 8784
3 8792 2215 8795
3 8784 8795 2213
3 8792 8795 8784
3 2215 8791 8793
3 8791 560 8767
3 8793 8767 2207
3 8791 8767 8793
3 2213 8785 8783
3 8785 2207 8766
3 8783 8766 145
3 8785 8766 8783
3 2215 8793 8795
3 8793 2207 8785
3 8795 8785 2213
3 8793 8785 8795
3 173 8768 8786
3 8768 2208 8789
3 8786 8789 2214
3 8768 8789 8786
3 2208 8769 8794
3 8769 560 8791
3 8794 8791 2215
3 8769 8791 8794
3 2214 8796 8787
3 8796 2215 8792
3 8787 8792 562
3 8796 8792 8787
3 2208 8794 8789
3 8794 2215 8796
3 8789 8796 2214
3 8794 8796 8789
3 147 8910 8861
3 8910 2246 8912
3 8861 8912 2234
3 8910 8912 8861
3 2246 8911 8928
3 8911 571 8925
3 8928 8925 2249
3 8911 8925 8928
3 2234 8926 8862
3 8926 2249 8924
3 8862 8924 568
3 8926 8924 8862
3 2246 8928 8912
3 8928 2249 8926
3 8912 8926 2234
3 8928 8926 8912
3 571 8907 8915
3 8907 2245 8918
3 8915 8918 2247
3 8907 8918 8915
3 2245 8906 8908
3 8906 145 8778
3 8908 8778 2211
3 8906 8778 8908
3 2247 8916 8914
3 8916 2211 8779
3 8914 8779 561
3 8916 8779 8914
3 2245 8908 8918
3 8908 2211 8916
3 8918 8916 2247
3 8908 8916 8918
3 568 8864 8859
3 8864 2235 8866
3 8859 8866 2233
3 8864 8866 8859
3 2235 8863 8865
3 8863 561 8777
3 8865 8777 2210
3 8863 8777 8865
3 2233 8860 8858
3 8860 2210 8776
3 8858 8776 39
3 8860 8776 8858
3 2235 8865 8866
3 8865 2210 8860
3 8866 8860 2233
3 8865 8860 8866
3 571 8915 8925
3 8915 2247 8929
3 8925 8929 2249
3 8915 8929 8925
3 2247 8914 8917
3 8914 561 8863
3 8917 8863 2235
3 8914 8863 8917
3 2249 8927 8924
3 8927 2235 8864
3 8924 8864 568
3 8927 8864 8924
3 2247 8917 8929
3 8917 2235 8927
3 8929 8927 2249
3 8917 8927 8929
3 47 8780 8867
3 8780 2212 8870
3 8867 8870 2236
3 8780 8870 8867
3 2212 8781 8881
3 8781 562 8879
3 8881 8879 2239
3 8781 8879 8881
3 2236 8882 8868
3 8882 2239 8880
3 8868 8880 569
3 8882 8880 8868
3 2212 8881 8870
3 8881 2239 8882
3 8870 8882 2236
3 8881 8882 8870
3 562 8784 8919
3 8784 2213 8921
3 8919 8921 2248
3 8784 8921 8919
3 2213 8783 8909
3 8783 145 8906
3 8909 8906 2245
3 8783 8906 8909
3 2248 8923 8920
3 8923 2245 8907
3 8920 8907 571
3 8923 8907 8920
3 2213 8909 8921
3 8909 2245 8923
3 8921 8923 2248
3 8909 8923 8921
3 569 8930 8872
3 8930 2250 8932
3 8872 8932 2237
3 8930 8932 8872
3 2250 8931 8934
3 8931 571 8911
3 8934 8911 2246
3 8931 8911 8934
3 2237 8913 8871
3 8913 2246 8910
3 8871 8910 147
3 8913 8910 8871
3 2250 8934 8932
3 8934 2246 8913
3 8932 8913 2237
3 8934 8913 8932
3 562 8919 8879
3 8919 2248 8922
3 8879 8922 2239
3 8919 8922 8879
3 2248 8920 8935
3 8920 571 8931
3 8935 8931 2250
3 8920 8931 8935
3 2239 8933 8880
3 8933 2250 8930
3 8880 8930 569
3 8933 8930 8880
3 2248 8935 8922
3 8935 2250 8933
3 8922 8933 2239
3 8935 8933 8922
3 38 9006 8618
3 9006 2268 9008
3 8618 9008 2170
3 9006 9008 8618
3 2268 9007 9015
3 9007 576 9013
3 9015 9013 2270
3 9007 9013 9015
3 2170 9014 8619
3 9014 2270 9012
3 8619 9012 551
3 9014 9012 8619
3 2268 9015 9008
3 9015 2270 9014
3 9008 9014 2170
3 9015 9014 9008
3 576 9011 9050
3 9011 2269 9052
3 9050 9052 2280
3 9011 9052 9050
3 2269 9010 9040
3 9010 149 9038
3 9040 9038 2277
3 9010 9038 9040
3 2280 9054 9051
3 9054 2277 9039
3 9051 9039 578
3 9054 9039 9051
3 2269 9040 9052
3 9040 2277 9054
3 9052 9054 2280
3 9040 9054 9052
3 551 9041 8621
3 9041 2278 9043
3 8621 9043 2171
3 9041 9043 8621
3 2278 9042 9045
3 9042 578 9035
3 9045 9035 2276
3 9042 9035 9045
3 2171 9036 8620
3 9036 2276 9034
3 8620 9034 142
3 9036 9034 8620
3 2278 9045 9043
3 9045 2276 9036
3 9043 9036 2171
3 9045 9036 9043
3 576 9050 9013
3 9050 2280 9053
3 9013 9053 2270
3 9050 9053 9013
3 2280 9051 9055
3 9051 578 9042
3 9055 9042 2278
3 9051 9042 9055
3 2270 9044 9012
3 9044 2278 9041
3 9012 9041 551
3 9044 9041 9012
3 2280 9055 9053
3 9055 2278 9044
3 9053 9044 2270
3 9055 9044 9053
3 149 9024 9082
3 9024 2273 9084
3 9082 9084 2287
3 9024 9084 9082
3 2273 9025 9098
3 9025 577 9096
3 9098 9096 2290
3 9025 9096 9098
3 2287 9100 9083
3 9100 2290 9097
3 9083 9097 580
3 9100 9097 9083
3 2273 9098 9084
3 9098 2290 9100
3 9084 9100 2287
3 9098 9100 9084
3 577 9021 9027
3 9021 2272 9029
3 9027 9029 2274
3 9021 9029 9027
3 2272 9020 9022
3 9020 39 8823
3 9022 8823 2223
3 9020 8823 9022
3 2274 9028 9026
3 9028 2223 8824
3 9026 8824 565
3 9028 8824 9026
3 2272 9022 9029
3 9022 2223 9028
3 9029 9028 2274
3 9022 9028 9029
3 580 9087 9079
3 9087 2288 9090
3 9079 9090 2286
3 9087 9090 9079
3 2288 9086 9088
3 9086 565 8826
3 9088 8826 2224
3 9086 8826 9088
3 2286 9080 9078
3 9080 2224 8825
3 9078 8825 146
3 9080 8825 9078
3 2288 9088 9090
3 9088 2224 9080
3 9090 9080 2286
3 9088 9080 9090
3 577 9027 9096
3 9027 2274 9099
3 9096 9099 2290
3 9027 9099 9096
3 2274 9026 9089
3 9026 565 9086
3 9089 9086 2288
3 9026 9086 9089
3 2290 9101 9097
3 9101 2288 9087
3 9097 9087 580
3 9101 9087 9097
3 2274 9089 9099
3 9089 2288 9101
3 9099 9101 2290
3 9089 9101 9099
3 142 8827 8616
3 8827 2225 8829
3 8616 8829 2169
3 8827 8829 8616
3 2225 8828 8837
3 8828 566 8834
3 8837 8834 2227
3 8828 8834 8837
3 2169 8835 8617
3 8835 2227 8833
3 8617 8833 550
3 8835 8833 8617
3 2225 8837 8829
3 8837 2227 8835
3 8829 8835 2169
3 8837 8835 8829
3 566 8831 8839
3 8831 2226 8842
3 8839 8842 2228
3 8831 8842 8839
3 2226 8830 8832
3 8830 146 8817
3 8832 8817 2221
3 8830 8817 8832
3 2228 8840 8838
3 8840 2221 8818
3 8838 8818 564
3 8840 8818 8838
3 2226 8832 8842
3 8832 2221 8840
3 8842 8840 2228
3 8832 8840 8842
3 550 8819 8615
3 8819 2222 8821
3 8615 8821 2168
3 8819 8821 8615
3 2222 8820 8822
3 8820 564 8815
3 8822 8815 2220
3 8820 8815 8822
3 2168 8816 8614
3 8816 2220 8814
3 8614 8814 11
3 8816 8814 8614
3 2222 8822 8821
3 8822 2220 8816
3 8821 8816 2168
3 8822 8816 8821
3 566 8839 8834
3 8839 2228 8843
3 8834 8843 2227
3 8839 8843 8834
3 2228 8838 8841
3 8838 564 8820
3 8841 8820 2222
3 8838 8820 8841
3 2227 8836 8833
3 8836 2222 8819
3 8833 8819 550
3 8836 8819 8833
3 2228 8841 8843
3 8841 2222 8836
3 8843 8836 2227
3 8841 8836 8843
3 149 9082 9038
3 9082 2287 9085
3 9038 9085 2277
3 9082 9085 9038
3 2287 9083 9106
3 9083 580 9103
3 9106 9103 2291
3 9083 9103 9106
3 2277 9104 9039
3 9104 2291 9102
3 9039 9102 578
3 9104 9102 9039
3 2287 9106 9085
3 9106 2291 9104
3 9085 9104 2277
3 9106 9104 9085
3 580 9079 9092
3 9079 2286 9095
3 9092 9095 2289
3 9079 9095 9092
3 2286 9078 9081
3 9078 146 8830
3 9081 8830 2226
3 9078 8830 9081
3 2289 9093 9091
3 9093 2226 8831
3 9091 8831 566
3 9093 8831 9091
3 2286 9081 9095
3 9081 2226 9093
3 9095 9093 2289
3 9081 9093 9095
3 578 9047 9035
3 9047 2279 9049
3 9035 9049 2276
3 9047 9049 9035
3 2279 9046 9048
3 9046 566 8828
3 9048 8828 2225
3 9046 8828 9048
3 2276 9037 9034
3 9037 2225 8827
3 9034 8827 142
3 9037 8827 9034
3 2279 9048 9049
3 9048 2225 9037
3 9049 9037 2276
3 9048 9037 9049
3 580 9092 9103
3 9092 2289 9107
3 9103 9107 2291
3 9092 9107 9103
3 2289 9091 9094
3 9091 566 9046
3 9094 9046 2279
3 9091 9046 9094
3 2291 9105 9102
3 9105 2279 9047
3 9102 9047 578
3 9105 9047 9102
3 2289 9094 9107
3 9094 2279 9105
3 9107 9105 2291
3 9094 9105 9107
3 14 8844 8622
3 8844 2229 8847
3 8622 8847 2172
3 8844 8847 8622
3 2229 8845 8857
3 8845 567 8855
3 8857 8855 2232
3 8845 8855 8857
3 2172 8856 8623
3 8856 2232 8854
3 8623 8854 552
3 8856 8854 8623
3 2229 8857 8847
3 8857 2232 8856
3 8847 8856 2172
3 8857 8856 8847
3 567 8849 8900
3 8849 2230 8902
3 8900 8902 2244
3 8849 8902 8900
3 2230 8848 8894
3 8848 147 8892
3 8894 8892 2242
3 8848 8892 8894
3 2244 8904 8901
3 8904 2242 8893
3 8901 8893 570
3 8904 8893 8901
3 2230 8894 8902
3 8894 2242 8904
3 8902 8904 2244
3 8894 8904 8902
3 552 8895 8626
3 8895 2243 8897
3 8626 8897 2173
3 8895 8897 8626
3 2243 8896 8899
3 8896 570 8890
3 8899 8890 2241
3 8896 8890 8899
3 2173 8891 8625
3 8891 2241 8889
3 8625 8889 143
3 8891 8889 8625
3 2243 8899 8897
3 8899 2241 8891
3 8897 8891 2173
3 8899 8891 8897
3 567 8900 8855
3 8900 2244 8903
3 8855 8903 2232
3 8900 8903 8855
3 2244 8901 8905
3 8901 570 8896
3 8905 8896 2243
3 8901 8896 8905
3 2232 8898 8854
3 8898 2243 8895
3 8854 8895 552
3 8898 8895 8854
3 2244 8905 8903
3 8905 2243 8898
3 8903 8898 2232
3 8905 8898 8903
3 147 8861 9108
3 8861 2234 9110
3 9108 9110 2292
3 8861 9110 9108
3 2234 8862 9118
3 8862 568 9116
3 9118 9116 2294
3 8862 9116 9118
3 2292 9120 9109
3 9120 2294 9117
3 9109 9117 581
3 9120 9117 9109
3 2234 9118 9110
3 9118 2294 9120
3 9110 9120 2292
3 9118 9120 9110
3 568 8859 9030
3 8859 2233 9032
3 9030 9032 2275
3 8859 9032 9030
3 2233 8858 9023
3 8858 39 9020
3 9023 9020 2272
3 8858 9020 9023
3 2275 9033 9031
3 9033 2272 9021
3 9031 9021 577
3 9033 9021 9031
3 2233 9023 9032
3 9023 2272 9033
3 9032 9033 2275
3 9023 9033 9032
3 581 9127 9113
3 9127 2296 9130
3 9113 9130 2293
3 9127 9130 9113
3 2296 9126 9128
3 9126 577 9025
3 9128 9025 2273
3 9126 9025 9128
3 2293 9114 9112
3 9114 2273 9024
3 9112 9024 149
3 9114 9024 9112
3 2296 9128 9130
3 9128 2273 9114
3 9130 9114 2293
3 9128 9114 9130
3 568 9030 9116
3 9030 2275 9119
3 9116 9119 2294
3 9030 9119 9116
3 2275 9031 9129
3 9031 577 9126
3 9129 9126 2296
3 9031 9126 9129
3 2294 9131 9117
3 9131 2296 9127
3 9117 9127 581
3 9131 9127 9117
3 2275 9129 9119
3 9129 2296 9131
3 9119 9131 2294
3 9129 9131 9119
3 143 9056 8634
3 9056 2281 9058
3 8634 9058 2176
3 9056 9058 8634
3 2281 9057 9067
3 9057 579 9064
3 9067 9064 2283
3 9057 9064 9067
3 2176 9065 8635
3 9065 2283 9063
3 8635 9063 553
3 9065 9063 8635
3 2281 9067 9058
3 9067 2283 9065
3 9058 9065 2176
3 9067 9065 9058
3 579 9061 9073
3 9061 2282 9076
3 9073 9076 2285
3 9061 9076 9073
3 2282 9060 9062
3 9060 149 9010
3 9062 9010 2269
3 9060 9010 9062
3 2285 9074 9072
3 9074 2269 9011
3 9072 9011 576
3 9074 9011 9072
3 2282 9062 9076
3 9062 2269 9074
3 9076 9074 2285
3 9062 9074 9076
3 553 9016 8632
3 9016 2271 9018
3 8632 9018 2175
3 9016 9018 8632
3 2271 9017 9019
3 9017 576 9007
3 9019 9007 2268
3 9017 9007 9019
3 2175 9009 8631
3 9009 2268 9006
3 8631 9006 38
3 9009 9006 8631
3 2271 9019 9018
3 9019 2268 9009
3 9018 9009 2175
3 9019 9009 9018
3 579 9073 9064
3 9073 2285 9077
3 9064 9077 2283
3 9073 9077 9064
3 2285 9072 9075
3 9072 576 9017
3 9075 9017 2271
3 9072 9017 9075
3 2283 9066 9063
3 9066 2271 9016
3 9063 9016 553
3 9066 9016 9063
3 2285 9075 9077
3 9075 2271 9066
3 9077 9066 2283
3 9075 9066 9077
3 147 9108 8892
3 9108 2292 9111
3 8892 9111 2242
3 9108 9111 8892
3 2292 9109 9125
3 9109 581 9122
3 9125 9122 2295
3 9109 9122 9125
3 2242 9123 8893
3 9123 2295 9121
3 8893 9121 570
3 9123 9121 8893
3 2292 9125 9111
3 9125 2295 9123
3 9111 9123 2242
3 9125 9123 9111
3 581 9113 9133
3 9113 2293 9136
3 9133 9136 2297
3 9113 9136 9133
3 2293 9112 9115
3 9112 149 9060
3 9115 9060 2282
3 9112 9060 9115
3 2297 9134 9132
3 9134 2282 9061
3 9132 9061 579
3 9134 9061 9132
3 2293 9115 9136
3 9115 2282 9134
3 9136 9134 2297
3 9115 9134 9136
3 570 9068 8890
3 9068 2284 9070
3 8890 9070 2241
3 9068 9070 8890
3 2284 9069 9071
3 9069 579 9057
3 9071 9057 2281
3 9069 9057 9071
3 2241 9059 8889
3 9059 2281 9056
3 8889 9056 143
3 9059 9056 8889
3 2284 9071 9070
3 9071 2281 9059
3 9070 9059 2241
3 9071 9059 9070
3 581 9133 9122
3 9133 2297 9137
3 9122 9137 2295
3 9133 9137 9122
3 2297 9132 9135
3 9132 579 9069
3 9135 9069 2284
3 9132 9069 9135
3 2295 9124 9121
3 9124 2284 9068
3 9121 9068 570
3 9124 9068 9121
3 2297 9135 9137
3 9135 2284 9124
3 9137 9124 2295
3 9135 9124 9137
3 6 3424 7434
3 3424 875 7436
3 7434 7436 1878
3 3424 7436 7434
3 875 3425 7442
3 3425 229 7440
3 7442 7440 1880
3 3425 7440 7442
3 1878 7443 7435
3 7443 1880 7441
3 7435 7441 480
3 7443 7441 7435
3 875 7442 7436
3 7442 1880 7443
3 7436 7443 1878
3 7442 7443 7436
3 229 3427 7458
3 3427 876 7460
3 7458 7460 1886
3 3427 7460 7458
3 876 3426 7454
3 3426 63 7452
3 7454 7452 1884
3 3426 7452 7454
3 1886 7462 7459
3 7462 1884 7453
3 7459 7453 482
3 7462 7453 7459
3 876 7454 7460
3 7454 1884 7462
3 7460 7462 1886
3 7454 7462 7460
3 480 7463 7439
3 7463 1887 7465
3 7439 7465 1879
3 7463 7465 7439
3 1887 7464 7467
3 7464 482 7456
3 7467 7456 1885
3 7464 7456 7467
3 1879 7457 7438
3 7457 1885 7455
3 7438 7455 126
3 7457 7455 7438
3 1887 7467 7465
3 7467 1885 7457
3 7465 7457 1879
3 7467 7457 7465
3 229 7458 7440
3 7458 1886 7461
3 7440 7461 1880
3 7458 7461 7440
3 1886 7459 7468
3 7459 482 7464
3 7468 7464 1887
3 7459 7464 7468
3 1880 7466 7441
3 7466 1887 7463
3 7441 7463 480
3 7466 7463 7441
3 1886 7468 7461
3 7468 1887 7466
3 7461 7466 1880
3 7468 7466 7461
3 63 3430 7539
3 3430 878 7541
3 7539 7541 1908
3 3430 7541 7539
3 878 3431 7548
3 3431 230 7546
3 7548 7546 1910
3 3431 7546 7548
3 1908 7550 7540
3 7550 1910 7547
3 7540 7547 489
3 7550 7547 7540
3 878 7548 7541
3 7548 1910 7550
3 7541 7550 1908
3 7548 7550 7541
3 230 3429 7522
3 3429 877 7524
3 7522 7524 1903
3 3429 7524 7522
3 877 3428 7518
3 3428 19 7516
3 7518 7516 1901
3 3428 7516 7518
3 1903 7525 7523
3 7525 1901 7517
3 7523 7517 487
3 7525 7517 7523
3 877 7518 7524
3 7518 1901 7525
3 7524 7525 1903
3 7518 7525 7524
3 489 7556 7544
3 7556 1912 7559
3 7544 7559 1909
3 7556 7559 7544
3 1912 7555 7557
3 7555 487 7521
3 7557 7521 1902
3 7555 7521 7557
3 1909 7545 7543
3 7545 1902 7520
3 7543 7520 128
3 7545 7520 7543
3 1912 7557 7559
3 7557 1902 7545
3 7559 7545 1909
3 7557 7545 7559
3 230 7522 7546
3 7522 1903 7549
3 7546 7549 1910
3 7522 7549 7546
3 1903 7523 7558
3 7523 487 7555
3 7558 7555 1912
3 7523 7555 7558
3 1910 7560 7547
3 7560 1912 7556
3 7547 7556 489
3 7560 7556 7547
3 1903 7558 7549
3 7558 1912 7560
3 7549 7560 1910
3 7558 7560 7549
3 126 7578 7450
3 7578 1917 7580
3 7450 7580 1883
3 7578 7580 7450
3 1917 7579 7590
3 7579 491 7587
3 7590 7587 1919
3 7579 7587 7590
3 1883 7588 7451
3 7588 1919 7586
3 7451 7586 481
3 7588 7586 7451
3 1917 7590 7580
3 7590 1919 7588
3 7580 7588 1883
3 7590 7588 7580
3 491 7583 7597
3 7583 1918 7600
3 7597 7600 1921
3 7583 7600 7597
3 1918 7582 7584
3 7582 128 7533
3 7584 7533 1906
3 7582 7533 7584
3 1921 7598 7596
3 7598 1906 7534
3 7596 7534 488
3 7598 7534 7596
3 1918 7584 7600
3 7584 1906 7598
3 7600 7598 1921
3 7584 7598 7600
3 481 7535 7449
3 7535 1907 7537
3 7449 7537 1882
3 7535 7537 7449
3 1907 7536 7538
3 7536 488 7531
3 7538 7531 1905
3 7536 7531 7538
3 1882 7532 7448
3 7532 1905 7530
3 7448 7530 35
3 7532 7530 7448
3 1907 7538 7537
3 7538 1905 7532
3 7537 7532 1882
3 7538 7532 7537
3 491 7597 7587
3 7597 1921 7601
3 7587 7601 1919
3 7597 7601 7587
3 1921 7596 7599
3 7596 488 7536
3 7599 7536 1907
3 7596 7536 7599
3 1919 7589 7586
3 7589 1907 7535
3 7586 7535 481
3 7589 7535 7586
3 1921 7599 7601
3 7599 1907 7589
3 7601 7589 1919
3 7599 7589 7601
3 63 7539 7452
3 7539 1908 7542
3 7452 7542 1884
3 7539 7542 7452
3 1908 7540 7554
3 7540 489 7552
3 7554 7552 1911
3 7540 7552 7554
3 1884 7553 7453
3 7553 1911 7551
3 7453 7551 482
3 7553 7551 7453
3 1908 7554 7542
3 7554 1911 7553
3 7542 7553 1884
3 7554 7553 7542
3 489 7544 7602
3 7544 1909 7604
3 7602 7604 1922
3 7544 7604 7602
3 1909 7543 7585
3 7543 128 7582
3 7585 7582 1918
3 7543 7582 7585
3 1922 7606 7603
3 7606 1918 7583
3 7603 7583 491
3 7606 7583 7603
3 1909 7585 7604
3 7585 1918 7606
3 7604 7606 1922
3 7585 7606 7604
3 482 7591 7456
3 7591 1920 7593
3 7456 7593 1885
3 7591 7593 7456
3 1920 7592 7595
3 7592 491 7579
3 7595 7579 1917
3 7592 7579 7595
3 1885 7581 7455
3 7581 1917 7578
3 7455 7578 126
3 7581 7578 7455
3 1920 7595 7593
3 7595 1917 7581
3 7593 7581 1885
3 7595 7581 7593
3 489 7602 7552
3 7602 1922 7605
3 7552 7605 1911
3 7602 7605 7552
3 1922 7603 7607
3 7603 491 7592
3 7607 7592 1920
3 7603 7592 7607
3 1911 7594 7551
3 7594 1920 7591
3 7551 7591 482
3 7594 7591 7551
3 1922 7607 7605
3 7607 1920 7594
3 7605 7594 1911
3 7607 7594 7605
3 19 3403 7364
3 3403 869 7366
3 7364 7366 1861
3 3403 7366 7364
3 869 3404 7371
3 3404 227 7369
3 7371 7369 1863
3 3404 7369 7371
3 1861 7372 7365
3 7372 1863 7370
3 7365 7370 476
3 7372 7370 7365
3 869 7371 7366
3 7371 1863 7372
3 7366 7372 1861
3 7371 7372 7366
3 227 3406 7389
3 3406 870 7391
3 7389 7391 1869
3 3406 7391 7389
3 870 3405 7384
3 3405 62 7382
3 7384 7382 1867
3 3405 7382 7384
3 1869 7393 7390
3 7393 1867 7383
3 7390 7383 478
3 7393 7383 7390
3 870 7384 7391
3 7384 1867 7393
3 7391 7393 1869
3 7384 7393 7391
3 476 7398 7368
3 7398 1871 7400
3 7368 7400 1862
3 7398 7400 7368
3 1871 7399 7402
3 7399 478 7387
3 7402 7387 1868
3 7399 7387 7402
3 1862 7388 7367
3 7388 1868 7386
3 7367 7386 125
3 7388 7386 7367
3 1871 7402 7400
3 7402 1868 7388
3 7400 7388 1862
3 7402 7388 7400
3 227 7389 7369
3 7389 1869 7392
3 7369 7392 1863
3 7389 7392 7369
3 1869 7390 7403
3 7390 478 7399
3 7403 7399 1871
3 7390 7399 7403
3 1863 7401 7370
3 7401 1871 7398
3 7370 7398 476
3 7401 7398 7370
3 1869 7403 7392
3 7403 1871 7401
3 7392 7401 1863
3 7403 7401 7392
3 62 3397 7339
3 3397 867 7341
3 7339 7341 1853
3 3397 7341 7339
3 867 3398 7347
3 3398 226 7345
3 7347 7345 1855
3 3398 7345 7347
3 1853 7349 7340
3 7349 1855 7346
3 7340 7346 473
3 7349 7346 7340
3 867 7347 7341
3 7347 1855 7349
3 7341 7349 1853
3 7347 7349 7341
3 226 3395 7331
3 3395 866 7333
3 7331 7333 1850
3 3395 7333 7331
3 866 3394 7328
3 3394 2 7326
3 7328 7326 1848
3 3394 7326 7328
3 1850 7334 7332
3 7334 1848 7327
3 7332 7327 471
3 7334 7327 7332
3 866 7328 7333
3 7328 1848 7334
3 7333 7334 1850
3 7328 7334 7333
3 473 7351 7343
3 7351 1856 7354
3 7343 7354 1854
3 7351 7354 7343
3 1856 7350 7352
3 7350 471 7330
3 7352 7330 1849
3 7350 7330 7352
3 1854 7344 7342
3 7344 1849 7329
3 7342 7329 123
3 7344 7329 7342
3 1856 7352 7354
3 7352 1849 7344
3 7354 7344 1854
3 7352 7344 7354
3 226 7331 7345
3 7331 1850 7348
3 7345 7348 1855
3 7331 7348 7345
3 1850 7332 7353
3 7332 471 7350
3 7353 7350 1856
3 7332 7350 7353
3 1855 7355 7346
3 7355 1856 7351
3 7346 7351 473
3 7355 7351 7346
3 1850 7353 7348
3 7353 1856 7355
3 7348 7355 1855
3 7353 7355 7348
3 125 7408 7376
3 7408 1873 7410
3 7376 7410 1865
3 7408 7410 7376
3 1873 7409 7426
3 7409 479 7423
3 7426 7423 1876
3 7409 7423 7426
3 1865 7424 7377
3 7424 1876 7422
3 7377 7422 477
3 7424 7422 7377
3 1873 7426 7410
3 7426 1876 7424
3 7410 7424 1865
3 7426 7424 7410
3 479 7405 7413
3 7405 1872 7416
3 7413 7416 1874
3 7405 7416 7413
3 1872 7404 7406
3 7404 123 7337
3 7406 7337 1852
3 7404 7337 7406
3 1874 7414 7412
3 7414 1852 7338
3 7412 7338 472
3 7414 7338 7412
3 1872 7406 7416
3 7406 1852 7414
3 7416 7414 1874
3 7406 7414 7416
3 477 7379 7374
3 7379 1866 7381
3 7374 7381 1864
3 7379 7381 7374
3 1866 7378 7380
3 7378 472 7336
3 7380 7336 1851
3 7378 7336 7380
3 1864 7375 7373
3 7375 1851 7335
3 7373 7335 34
3 7375 7335 7373
3 1866 7380 7381
3 7380 1851 7375
3 7381 7375 1864
3 7380 7375 7381
3 479 7413 7423
3 7413 1874 7427
3 7423 7427 1876
3 7413 7427 7423
3 1874 7412 7415
3 7412 472 7378
3 7415 7378 1866
3 7412 7378 7415
3 1876 7425 7422
3 7425 1866 7379
3 7422 7379 477
3 7425 7379 7422
3 1874 7415 7427
3 7415 1866 7425
3 7427 7425 1876
3 7415 7425 7427
3 62 7339 7382
3 7339 1853 7385
3 7382 7385 1867
3 7339 7385 7382
3 1853 7340 7396
3 7340 473 7394
3 7396 7394 1870
3 7340 7394 7396
3 1867 7397 7383
3 7397 1870 7395
3 7383 7395 478
3 7397 7395 7383
3 1853 7396 7385
3 7396 1870 7397
3 7385 7397 1867
3 7396 7397 7385
3 473 7343 7417
3 7343 1854 7419
3 7417 7419 1875
3 7343 7419 7417
3 1854 7342 7407
3 7342 123 7404
3 7407 7404 1872
3 7342 7404 7407
3 1875 7421 7418
3 7421 1872 7405
3 7418 7405 479
3 7421 7405 7418
3 1854 7407 7419
3 7407 1872 7421
3 7419 7421 1875
3 7407 7421 7419
3 478 7428 7387
3 7428 1877 7430
3 7387 7430 1868
3 7428 7430 7387
3 1877 7429 7432
3 7429 479 7409
3 7432 7409 1873
3 7429 7409 7432
3 1868 7411 7386
3 7411 1873 7408
3 7386 7408 125
3 7411 7408 7386
3 1877 7432 7430
3 7432 1873 7411
3 7430 7411 1868
3 7432 7411 7430
3 473 7417 7394
3 7417 1875 7420
3 7394 7420 1870
3 7417 7420 7394
3 1875 7418 7433
3 7418 479 7429
3 7433 7429 1877
3 7418 7429 7433
3 1870 7431 7395
3 7431 1877 7428
3 7395 7428 478
3 7431 7428 7395
3 1875 7433 7420
3 7433 1877 7431
3 7420 7431 1870
3 7433 7431 7420
3 35 7692 7495
3 7692 1944 7694
3 7495 7694 1895
3 7692 7694 7495
3 1944 7693 7701
3 7693 497 7699
3 7701 7699 1946
3 7693 7699 7701
3 1895 7700 7496
3 7700 1946 7698
3 7496 7698 485
3 7700 7698 7496
3 1944 7701 7694
3 7701 1946 7700
3 7694 7700 1895
3 7701 7700 7694
3 497 7697 7768
3 7697 1945 7770
3 7768 7770 1962
3 7697 7770 7768
3 1945 7696 7756
3 7696 130 7754
3 7756 7754 1959
3 7696 7754 7756
3 1962 7772 7769
3 7772 1959 7755
3 7769 7755 500
3 7772 7755 7769
3 1945 7756 7770
3 7756 1959 7772
3 7770 7772 1962
3 7756 7772 7770
3 485 7758 7498
3 7758 1960 7760
3 7498 7760 1896
3 7758 7760 7498
3 1960 7759 7762
3 7759 500 7751
3 7762 7751 1958
3 7759 7751 7762
3 1896 7752 7497
3 7752 1958 7750
3 7497 7750 127
3 7752 7750 7497
3 1960 7762 7760
3 7762 1958 7752
3 7760 7752 1896
3 7762 7752 7760
3 497 7768 7699
3 7768 1962 7771
3 7699 7771 1946
3 7768 7771 7699
3 1962 7769 7773
3 7769 500 7759
3 7773 7759 1960
3 7769 7759 7773
3 1946 7761 7698
3 7761 1960 7758
3 7698 7758 485
3 7761 7758 7698
3 1962 7773 7771
3 7773 1960 7761
3 7771 7761 1946
3 7773 7761 7771
3 130 7682 7710
3 7682 1941 7712
3 7710 7712 1949
3 7682 7712 7710
3 1941 7683 7724
3 7683 496 7722
3 7724 7722 1952
3 7683 7722 7724
3 1949 7726 7711
3 7726 1952 7723
3 7711 7723 498
3 7726 7723 7711
3 1941 7724 7712
3 7724 1952 7726
3 7712 7726 1949
3 7724 7726 7712
3 496 7679 7685
3 7679 1940 7687
3 7685 7687 1942
3 7679 7687 7685
3 1940 7678 7680
3 7678 34 7360
3 7680 7360 1859
3 7678 7360 7680
3 1942 7686 7684
3 7686 1859 7361
3 7684 7361 475
3 7686 7361 7684
3 1940 7680 7687
3 7680 1859 7686
3 7687 7686 1942
3 7680 7686 7687
3 498 7714 7707
3 7714 1950 7717
3 7707 7717 1948
3 7714 7717 7707
3 1950 7713 7715
3 7713 475 7363
3 7715 7363 1860
3 7713 7363 7715
3 1948 7708 7706
3 7708 1860 7362
3 7706 7362 124
3 7708 7362 7706
3 1950 7715 7717
3 7715 1860 7708
3 7717 7708 1948
3 7715 7708 7717
3 496 7685 7722
3 7685 1942 7725
3 7722 7725 1952
3 7685 7725 7722
3 1942 7684 7716
3 7684 475 7713
3 7716 7713 1950
3 7684 7713 7716
3 1952 7727 7723
3 7727 1950 7714
3 7723 7714 498
3 7727 7714 7723
3 1942 7716 7725
3 7716 1950 7727
3 7725 7727 1952
3 7716 7727 7725
3 127 7502 7489
3 7502 1898 7504
3 7489 7504 1893
3 7502 7504 7489
3 1898 7503 7514
3 7503 486 7511
3 7514 7511 1900
3 7503 7511 7514
3 1893 7512 7490
3 7512 1900 7510
3 7490 7510 484
3 7512 7510 7490
3 1898 7514 7504
3 7514 1900 7512
3 7504 7512 1893
3 7514 7512 7504
3 486 7500 7506
3 7500 1897 7509
3 7506 7509 1899
3 7500 7509 7506
3 1897 7499 7501
3 7499 124 7358
3 7501 7358 1858
3 7499 7358 7501
3 1899 7507 7505
3 7507 1858 7359
3 7505 7359 474
3 7507 7359 7505
3 1897 7501 7509
3 7501 1858 7507
3 7509 7507 1899
3 7501 7507 7509
3 484 7492 7487
3 7492 1894 7494
3 7487 7494 1892
3 7492 7494 7487
3 1894 7491 7493
3 7491 474 7357
3 7493 7357 1857
3 7491 7357 7493
3 1892 7488 7486
3 7488 1857 7356
3 7486 7356 10
3 7488 7356 7486
3 1894 7493 7494
3 7493 1857 7488
3 7494 7488 1892
3 7493 7488 7494
3 486 7506 7511
3 7506 1899 7515
3 7511 7515 1900
3 7506 7515 7511
3 1899 7505 7508
3 7505 474 7491
3 7508 7491 1894
3 7505 7491 7508
3 1900 7513 7510
3 7513 1894 7492
3 7510 7492 484
3 7513 7492 7510
3 1899 7508 7515
3 7508 1894 7513
3 7515 7513 1900
3 7508 7513 7515
3 130 7710 7754
3 7710 1949 7757
3 7754 7757 1959
3 7710 7757 7754
3 1949 7711 7776
3 7711 498 7774
3 7776 7774 1963
3 7711 7774 7776
3 1959 7778 7755
3 7778 1963 7775
3 7755 7775 500
3 7778 7775 7755
3 1949 7776 7757
3 7776 1963 7778
3 7757 7778 1959
3 7776 7778 7757
3 498 7707 7719
3 7707 1948 7721
3 7719 7721 1951
3 7707 7721 7719
3 1948 7706 7709
3 7706 124 7499
3 7709 7499 1897
3 7706 7499 7709
3 1951 7720 7718
3 7720 1897 7500
3 7718 7500 486
3 7720 7500 7718
3 1948 7709 7721
3 7709 1897 7720
3 7721 7720 1951
3 7709 7720 7721
3 500 7764 7751
3 7764 1961 7767
3 7751 7767 1958
3 7764 7767 7751
3 1961 7763 7765
3 7763 486 7503
3 7765 7503 1898
3 7763 7503 7765
3 1958 7753 7750
3 7753 1898 7502
3 7750 7502 127
3 7753 7502 7750
3 1961 7765 7767
3 7765 1898 7753
3 7767 7753 1958
3 7765 7753 7767
3 498 7719 7774
3 7719 1951 7777
3 7774 7777 1963
3 7719 7777 7774
3 1951 7718 7766
3 7718 486 7763
3 7766 7763 1961
3 7718 7763 7766
3 1963 7779 7775
3 7779 1961 7764
3 7775 7764 500
3 7779 7764 7775
3 1951 7766 7777
3 7766 1961 7779
3 7777 7779 1963
3 7766 7779 7777
3 19 7364 7516
3 7364 1861 7519
3 7516 7519 1901
3 7364 7519 7516
3 1861 7365 7528
3 7365 476 7526
3 7528 7526 1904
3 7365 7526 7528
3 1901 7529 7517
3 7529 1904 7527
3 7517 7527 487
3 7529 7527 7517
3 1861 7528 7519
3 7528 1904 7529
3 7519 7529 1901
3 7528 7529 7519
3 476 7368 7567
3 7368 1862 7569
3 7567 7569 1915
3 7368 7569 7567
3 1862 7367 7563
3 7367 125 7561
3 7563 7561 1913
3 7367 7561 7563
3 1915 7571 7568
3 7571 1913 7562
3 7568 7562 490
3 7571 7562 7568
3 1862 7563 7569
3 7563 1913 7571
3 7569 7571 1915
3 7563 7571 7569
3 487 7572 7521
3 7572 1916 7574
3 7521 7574 1902
3 7572 7574 7521
3 1916 7573 7576
3 7573 490 7565
3 7576 7565 1914
3 7573 7565 7576
3 1902 7566 7520
3 7566 1914 7564
3 7520 7564 128
3 7566 7564 7520
3 1916 7576 7574
3 7576 1914 7566
3 7574 7566 1902
3 7576 7566 7574
3 476 7567 7526
3 7567 1915 7570
3 7526 7570 1904
3 7567 7570 7526
3 1915 7568 7577
3 7568 490 7573
3 7577 7573 1916
3 7568 7573 7577
3 1904 7575 7527
3 7575 1916 7572
3 7527 7572 487
3 7575 7572 7527
3 1915 7577 7570
3 7577 1916 7575
3 7570 7575 1904
3 7577 7575 7570
3 125 7376 7728
3 7376 1865 7730
3 7728 7730 1953
3 7376 7730 7728
3 1865 7377 7737
3 7377 477 7735
3 7737 7735 1955
3 7377 7735 7737
3 1953 7739 7729
3 7739 1955 7736
3 7729 7736 499
3 7739 7736 7729
3 1865 7737 7730
3 7737 1955 7739
3 7730 7739 1953
3 7737 7739 7730
3 477 7374 7688
3 7374 1864 7690
3 7688 7690 1943
3 7374 7690 7688
3 1864 7373 7681
3 7373 34 7678
3 7681 7678 1940
3 7373 7678 7681
3 1943 7691 7689
3 7691 1940 7679
3 7689 7679 496
3 7691 7679 7689
3 1864 7681 7690
3 7681 1940 7691
3 7690 7691 1943
3 7681 7691 7690
3 499 7745 7733
3 7745 1957 7748
3 7733 7748 1954
3 7745 7748 7733
3 1957 7744 7746
3 7744 496 7683
3 7746 7683 1941
3 7744 7683 7746
3 1954 7734 7732
3 7734 1941 7682
3 7732 7682 130
3 7734 7682 7732
3 1957 7746 7748
3 7746 1941 7734
3 7748 7734 1954
3 7746 7734 7748
3 477 7688 7735
3 7688 1943 7738
3 7735 7738 1955
3 7688 7738 7735
3 1943 7689 7747
3 7689 496 7744
3 7747 7744 1957
3 7689 7744 7747
3 1955 7749 7736
3 7749 1957 7745
3 7736 7745 499
3 7749 7745 7736
3 1943 7747 7738
3 7747 1957 7749
3 7738 7749 1955
3 7747 7749 7738
3 128 7780 7533
3 7780 1964 7782
3 7533 7782 1906
3 7780 7782 7533
3 1964 7781 7792
3 7781 501 7789
3 7792 7789 1966
3 7781 7789 7792
3 1906 7790 7534
3 7790 1966 7788
3 7534 7788 488
3 7790 7788 7534
3 1964 7792 7782
3 7792 1966 7790
3 7782 7790 1906
3 7792 7790 7782
3 501 7785 7799
3 7785 1965 7802
3 7799 7802 1968
3 7785 7802 7799
3 1965 7784 7786
3 7784 130 7696
3 7786 7696 1945
3 7784 7696 7786
3 1968 7800 7798
3 7800 1945 7697
3 7798 7697 497
3 7800 7697 7798
3 1965 7786 7802
3 7786 1945 7800
3 7802 7800 1968
3 7786 7800 7802
3 488 7702 7531
3 7702 1947 7704
3 7531 7704 1905
3 7702 7704 7531
3 1947 7703 7705
3 7703 497 7693
3 7705 7693 1944
3 7703 7693 7705
3 1905 7695 7530
3 7695 1944 7692
3 7530 7692 35
3 7695 7692 7530
3 1947 7705 7704
3 7705 1944 7695
3 7704 7695 1905
3 7705 7695 7704
3 501 7799 7789
3 7799 1968 7803
3 7789 7803 1966
3 7799 7803 7789
3 1968 7798 7801
3 7798 497 7703
3 7801 7703 1947
3 7798 7703 7801
3 1966 7791 7788
3 7791 1947 7702
3 7788 7702 488
3 7791 7702 7788
3 1968 7801 7803
3 7801 1947 7791
3 7803 7791 1966
3 7801 7791 7803
3 125 7728 7561
3 7728 1953 7731
3 7561 7731 1913
3 7728 7731 7561
3 1953 7729 7743
3 7729 499 7741
3 7743 7741 1956
3 7729 7741 7743
3 1913 7742 7562
3 7742 1956 7740
3 7562 7740 490
3 7742 7740 7562
3 1953 7743 7731
3 7743 1956 7742
3 7731 7742 1913
3 7743 7742 7731
3 499 7733 7804
3 7733 1954 7806
3 7804 7806 1969
3 7733 7806 7804
3 1954 7732 7787
3 7732 130 7784
3 7787 7784 1965
3 7732 7784 7787
3 1969 7808 7805
3 7808 1965 7785
3 7805 7785 501
3 7808 7785 7805
3 1954 7787 7806
3 7787 1965 7808
3 7806 7808 1969
3 7787 7808 7806
3 490 7793 7565
3 7793 1967 7795
3 7565 7795 1914
3 7793 7795 7565
3 1967 7794 7797
3 7794 501 7781
3 7797 7781 1964
3 7794 7781 7797
3 1914 7783 7564
3 7783 1964 7780
3 7564 7780 128
3 7783 7780 7564
3 1967 7797 7795
3 7797 1964 7783
3 7795 7783 1914
3 7797 7783 7795
3 499 7804 7741
3 7804 1969 7807
3 7741 7807 1956
3 7804 7807 7741
3 1969 7805 7809
3 7805 501 7794
3 7809 7794 1967
3 7805 7794 7809
3 1956 7796 7740
3 7796 1967 7793
3 7740 7793 490
3 7796 7793 7740
3 1969 7809 7807
3 7809 1967 7796
3 7807 7796 1956
3 7809 7796 7807
3 8 4462 4838
3 4462 1148 4841
3 4838 4841 1240
3 4462 4841 4838
3 1148 4463 4850
3 4463 304 4848
3 4850 4848 1243
3 4463 4848 4850
3 1240 4851 4839
3 4851 1243 4849
3 4839 4849 326
3 4851 4849 4839
3 1148 4850 4841
3 4850 1243 4851
3 4841 4851 1240
3 4850 4851 4841
3 304 4466 4879
3 4466 1149 4881
3 4879 4881 1252
3 4466 4881 4879
3 1149 4465 4875
3 4465 85 4873
3 4875 4873 1250
3 4465 4873 4875
3 1252 4883 4880
3 4883 1250 4874
3 4880 4874 329
3 4883 4874 4880
3 1149 4875 4881
3 4875 1250 4883
3 4881 4883 1252
3 4875 4883 4881
3 326 4884 4843
3 4884 1253 4886
3 4843 4886 1241
3 4884 4886 4843
3 1253 4885 4888
3 4885 329 4877
3 4888 4877 1251
3 4885 4877 4888
3 1241 4878 4842
3 4878 1251 4876
3 4842 4876 90
3 4878 4876 4842
3 1253 4888 4886
3 4888 1251 4878
3 4886 4878 1241
3 4888 4878 4886
3 304 4879 4848
3 4879 1252 4882
3 4848 4882 1243
3 4879 4882 4848
3 1252 4880 4889
3 4880 329 4885
3 4889 4885 1253
3 4880 4885 4889
3 1243 4887 4849
3 4887 1253 4884
3 4849 4884 326
3 4887 4884 4849
3 1252 4889 4882
3 4889 1253 4887
3 4882 4887 1243
3 4889 4887 4882
3 85 4473 5234
3 4473 1152 5236
3 5234 5236 1336
3 4473 5236 5234
3 1152 4474 5243
3 4474 305 5241
3 5243 5241 1338
3 4474 5241 5243
3 1336 5245 5235
3 5245 1338 5242
3 5235 5242 348
3 5245 5242 5235
3 1152 5243 5236
3 5243 1338 5245
3 5236 5245 1336
3 5243 5245 5236
3 305 4472 5212
3 4472 1151 5214
3 5212 5214 1330
3 4472 5214 5212
3 1151 4471 5208
3 4471 26 5206
3 5208 5206 1328
3 4471 5206 5208
3 1330 5215 5213
3 5215 1328 5207
3 5213 5207 346
3 5215 5207 5213
3 1151 5208 5214
3 5208 1328 5215
3 5214 5215 1330
3 5208 5215 5214
3 348 5251 5239
3 5251 1340 5254
3 5239 5254 1337
3 5251 5254 5239
3 1340 5250 5252
3 5250 346 5211
3 5252 5211 1329
3 5250 5211 5252
3 1337 5240 5238
3 5240 1329 5210
3 5238 5210 94
3 5240 5210 5238
3 1340 5252 5254
3 5252 1329 5240
3 5254 5240 1337
3 5252 5240 5254
3 305 5212 5241
3 5212 1330 5244
3 5241 5244 1338
3 5212 5244 5241
3 1330 5213 5253
3 5213 346 5250
3 5253 5250 1340
3 5213 5250 5253
3 1338 5255 5242
3 5255 1340 5251
3 5242 5251 348
3 5255 5251 5242
3 1330 5253 5244
3 5253 1340 5255
3 5244 5255 1338
3 5253 5255 5244
3 90 5278 4854
3 5278 1346 5280
3 4854 5280 1245
3 5278 5280 4854
3 1346 5279 5290
3 5279 350 5287
3 5290 5287 1348
3 5279 5287 5290
3 1245 5288 4855
3 5288 1348 5286
3 4855 5286 327
3 5288 5286 4855
3 1346 5290 5280
3 5290 1348 5288
3 5280 5288 1245
3 5290 5288 5280
3 350 5283 5297
3 5283 1347 5300
3 5297 5300 1350
3 5283 5300 5297
3 1347 5282 5284
3 5282 94 5224
3 5284 5224 1333
3 5282 5224 5284
3 1350 5298 5296
3 5298 1333 5225
3 5296 5225 347
3 5298 5225 5296
3 1347 5284 5300
3 5284 1333 5298
3 5300 5298 1350
3 5284 5298 5300
3 327 5226 4853
3 5226 1334 5228
3 4853 5228 1244
3 5226 5228 4853
3 1334 5227 5229
3 5227 347 5221
3 5229 5221 1332
3 5227 5221 5229
3 1244 5222 4852
3 5222 1332 5220
3 4852 5220 27
3 5222 5220 4852
3 1334 5229 5228
3 5229 1332 5222
3 5228 5222 1244
3 5229 5222 5228
3 350 5297 5287
3 5297 1350 5301
3 5287 5301 1348
3 5297 5301 5287
3 1350 5296 5299
3 5296 347 5227
3 5299 5227 1334
3 5296 5227 5299
3 1348 5289 5286
3 5289 1334 5226
3 5286 5226 327
3 5289 5226 5286
3 1350 5299 5301
3 5299 1334 5289
3 5301 5289 1348
3 5299 5289 5301
3 85 5234 4873
3 5234 1336 5237
3 4873 5237 1250
3 5234 5237 4873
3 1336 5235 5249
3 5235 348 5247
3 5249 5247 1339
3 5235 5247 5249
3 1250 5248 4874
3 5248 1339 5246
3 4874 5246 329
3 5248 5246 4874
3 1336 5249 5237
3 5249 1339 5248
3 5237 5248 1250
3 5249 5248 5237
3 348 5239 5302
3 5239 1337 5304
3 5302 5304 1351
3 5239 5304 5302
3 1337 5238 5285
3 5238 94 5282
3 5285 5282 1347
3 5238 5282 5285
3 1351 5306 5303
3 5306 1347 5283
3 5303 5283 350
3 5306 5283 5303
3 1337 5285 5304
3 5285 1347 5306
3 5304 5306 1351
3 5285 5306 5304
3 329 5291 4877
3 5291 1349 5293
3 4877 5293 1251
3 5291 5293 4877
3 1349 5292 5295
3 5292 350 5279
3 5295 5279 1346
3 5292 5279 5295
3 1251 5281 4876
3 5281 1346 5278
3 4876 5278 90
3 5281 5278 4876
3 1349 5295 5293
3 5295 1346 5281
3 5293 5281 1251
3 5295 5281 5293
3 348 5302 5247
3 5302 1351 5305
3 5247 5305 1339
3 5302 5305 5247
3 1351 5303 5307
3 5303 350 5292
3 5307 5292 1349
3 5303 5292 5307
3 1339 5294 5246
3 5294 1349 5291
3 5246 5291 329
3 5294 5291 5246
3 1351 5307 5305
3 5307 1349 5294
3 5305 5294 1339
3 5307 5294 5305
3 26 4424 4593
3 4424 1138 4595
3 4593 4595 1182
3 4424 4595 4593
3 1138 4425 4600
3 4425 301 4598
3 4600 4598 1184
3 4425 4598 4600
3 1182 4601 4594
3 4601 1184 4599
3 4594 4599 313
3 4601 4599 4594
3 1138 4600 4595
3 4600 1184 4601
3 4595 4601 1182
3 4600 4601 4595
3 301 4427 4632
3 4427 1139 4634
3 4632 4634 1192
3 4427 4634 4632
3 1139 4426 4626
3 4426 84 4624
3 4626 4624 1190
3 4426 4624 4626
3 1192 4636 4633
3 4636 1190 4625
3 4633 4625 315
3 4636 4625 4633
3 1139 4626 4634
3 4626 1190 4636
3 4634 4636 1192
3 4626 4636 4634
3 313 4642 4597
3 4642 1194 4644
3 4597 4644 1183
3 4642 4644 4597
3 1194 4643 4646
3 4643 315 4629
3 4646 4629 1191
3 4643 4629 4646
3 1183 4630 4596
3 4630 1191 4628
3 4596 4628 87
3 4630 4628 4596
3 1194 4646 4644
3 4646 1191 4630
3 4644 4630 1183
3 4646 4630 4644
3 301 4632 4598
3 4632 1192 4635
3 4598 4635 1184
3 4632 4635 4598
3 1192 4633 4647
3 4633 315 4643
3 4647 4643 1194
3 4633 4643 4647
3 1184 4645 4599
3 4645 1194 4642
3 4599 4642 313
3 4645 4642 4599
3 1192 4647 4635
3 4647 1194 4645
3 4635 4645 1184
3 4647 4645 4635
3 84 4414 4448
3 4414 1135 4450
3 4448 4450 1145
3 4414 4450 4448
3 1135 4415 4458
3 4415 300 4456
3 4458 4456 1147
3 4415 4456 4458
3 1145 4460 4449
3 4460 1147 4457
3 4449 4457 303
3 4460 4457 4449
3 1135 4458 4450
3 4458 1147 4460
3 4450 4460 1145
3 4458 4460 4450
3 300 4411 4421
3 4411 1134 4423
3 4421 4423 1137
3 4411 4423 4421
3 1134 4410 4413
3 4410 6 4178
3 4413 4178 1066
3 4410 4178 4413
3 1137 4422 4420
3 4422 1066 4179
3 4420 4179 278
3 4422 4179 4420
3 1134 4413 4423
3 4413 1066 4422
3 4423 4422 1137
3 4413 4422 4423
3 303 4452 4446
3 4452 1146 4455
3 4446 4455 1144
3 4452 4455 4446
3 1146 4451 4453
3 4451 278 4181
3 4453 4181 1067
3 4451 4181 4453
3 1144 4447 4445
3 4447 1067 4180
3 4445 4180 76
3 4447 4180 4445
3 1146 4453 4455
3 4453 1067 4447
3 4455 4447 1144
3 4453 4447 4455
3 300 4421 4456
3 4421 1137 4459
3 4456 4459 1147
3 4421 4459 4456
3 1137 4420 4454
3 4420 278 4451
3 4454 4451 1146
3 4420 4451 4454
3 1147 4461 4457
3 4461 1146 4452
3 4457 4452 303
3 4461 4452 4457
3 1137 4454 4459
3 4454 1146 4461
3 4459 4461 1147
3 4454 4461 4459
3 87 4606 4587
3 4606 1186 4608
3 4587 4608 1180
3 4606 4608 4587
3 1186 4607 4622
3 4607 314 4619
3 4622 4619 1189
3 4607 4619 4622
3 1180 4620 4588
3 4620 1189 4618
3 4588 4618 312
3 4620 4618 4588
3 1186 4622 4608
3 4622 1189 4620
3 4608 4620 1180
3 4622 4620 4608
3 314 4603 4610
3 4603 1185 4613
3 4610 4613 1187
3 4603 4613 4610
3 1185 4602 4604
3 4602 76 4184
3 4604 4184 1069
3 4602 4184 4604
3 1187 4611 4609
3 4611 1069 4185
3 4609 4185 279
3 4611 4185 4609
3 1185 4604 4613
3 4604 1069 4611
3 4613 4611 1187
3 4604 4611 4613
3 312 4590 4585
3 4590 1181 4592
3 4585 4592 1179
3 4590 4592 4585
3 1181 4589 4591
3 4589 279 4183
3 4591 4183 1068
3 4589 4183 4591
3 1179 4586 4584
3 4586 1068 4182
3 4584 4182 23
3 4586 4182 4584
3 1181 4591 4592
3 4591 1068 4586
3 4592 4586 1179
3 4591 4586 4592
3 314 4610 4619
3 4610 1187 4623
3 4619 4623 1189
3 4610 4623 4619
3 1187 4609 4612
3 4609 279 4589
3 4612 4589 1181
3 4609 4589 4612
3 1189 4621 4618
3 4621 1181 4590
3 4618 4590 312
3 4621 4590 4618
3 1187 4612 4623
3 4612 1181 4621
3 4623 4621 1189
3 4612 4621 4623
3 84 4448 4624
3 4448 1145 4627
3 4624 4627 1190
3 4448 4627 4624
3 1145 4449 4639
3 4449 303 4637
3 4639 4637 1193
3 4449 4637 4639
3 1190 4641 4625
3 4641 1193 4638
3 4625 4638 315
3 4641 4638 4625
3 1145 4639 4627
3 4639 1193 4641
3 4627 4641 1190
3 4639 4641 4627
3 303 4446 4614
3 4446 1144 4616
3 4614 4616 1188
3 4446 4616 4614
3 1144 4445 4605
3 4445 76 4602
3 4605 4602 1185
3 4445 4602 4605
3 1188 4617 4615
3 4617 1185 4603
3 4615 4603 314
3 4617 4603 4615
3 1144 4605 4616
3 4605 1185 4617
3 4616 4617 1188
3 4605 4617 4616
3 315 4649 4629
3 4649 1195 4652
3 4629 4652 1191
3 4649 4652 4629
3 1195 4648 4650
3 4648 314 4607
3 4650 4607 1186
3 4648 4607 4650
3 1191 4631 4628
3 4631 1186 4606
3 4628 4606 87
3 4631 4606 4628
3 1195 4650 4652
3 4650 1186 4631
3 4652 4631 1191
3 4650 4631 4652
3 303 4614 4637
3 4614 1188 4640
3 4637 4640 1193
3 4614 4640 4637
3 1188 4615 4651
3 4615 314 4648
3 4651 4648 1195
3 4615 4648 4651
3 1193 4653 4638
3 4653 1195 4649
3 4638 4649 315
3 4653 4649 4638
3 1188 4651 4640
3 4651 1195 4653
3 4640 4653 1193
3 4651 4653 4640
3 27 4996 4800
3 4996 1280 4998
3 4800 4998 1230
3 4996 4998 4800
3 1280 4997 5004
3 4997 336 5002
3 5004 5002 1282
3 4997 5002 5004
3 1230 5003 4801
3 5003 1282 5001
3 4801 5001 323
3 5003 5001 4801
3 1280 5004 4998
3 5004 1282 5003
3 4998 5003 1230
3 5004 5003 4998
3 336 5000 5062
3 5000 1281 5064
3 5062 5064 1296
3 5000 5064 5062
3 1281 4999 5050
3 4999 92 5048
3 5050 5048 1293
3 4999 5048 5050
3 1296 5066 5063
3 5066 1293 5049
3 5063 5049 339
3 5066 5049 5063
3 1281 5050 5064
3 5050 1293 5066
3 5064 5066 1296
3 5050 5066 5064
3 323 5052 4803
3 5052 1294 5054
3 4803 5054 1231
3 5052 5054 4803
3 1294 5053 5056
3 5053 339 5045
3 5056 5045 1292
3 5053 5045 5056
3 1231 5046 4802
3 5046 1292 5044
3 4802 5044 89
3 5046 5044 4802
3 1294 5056 5054
3 5056 1292 5046
3 5054 5046 1231
3 5056 5046 5054
3 336 5062 5002
3 5062 1296 5065
3 5002 5065 1282
3 5062 5065 5002
3 1296 5063 5067
3 5063 339 5053
3 5067 5053 1294
3 5063 5053 5067
3 1282 5055 5001
3 5055 1294 5052
3 5001 5052 323
3 5055 5052 5001
3 1296 5067 5065
3 5067 1294 5055
3 5065 5055 1282
3 5067 5055 5065
3 92 4986 5009
3 4986 1277 5011
3 5009 5011 1284
3 4986 5011 5009
3 1277 4987 5023
3 4987 335 5021
3 5023 5021 1287
3 4987 5021 5023
3 1284 5025 5010
3 5025 1287 5022
3 5010 5022 337
3 5025 5022 5010
3 1277 5023 5011
3 5023 1287 5025
3 5011 5025 1284
3 5023 5025 5011
3 335 4983 4989
3 4983 1276 4991
3 4989 4991 1278
3 4983 4991 4989
3 1276 4982 4984
3 4982 23 4190
3 4984 4190 1072
3 4982 4190 4984
3 1278 4990 4988
3 4990 1072 4191
3 4988 4191 281
3 4990 4191 4988
3 1276 4984 4991
3 4984 1072 4990
3 4991 4990 1278
3 4984 4990 4991
3 337 5013 5006
3 5013 1285 5016
3 5006 5016 1283
3 5013 5016 5006
3 1285 5012 5014
3 5012 281 4193
3 5014 4193 1073
3 5012 4193 5014
3 1283 5007 5005
3 5007 1073 4192
3 5005 4192 77
3 5007 4192 5005
3 1285 5014 5016
3 5014 1073 5007
3 5016 5007 1283
3 5014 5007 5016
3 335 4989 5021
3 4989 1278 5024
3 5021 5024 1287
3 4989 5024 5021
3 1278 4988 5015
3 4988 281 5012
3 5015 5012 1285
3 4988 5012 5015
3 1287 5026 5022
3 5026 1285 5013
3 5022 5013 337
3 5026 5013 5022
3 1278 5015 5024
3 5015 1285 5026
3 5024 5026 1287
3 5015 5026 5024
3 89 4824 4790
3 4824 1237 4826
3 4790 4826 1227
3 4824 4826 4790
3 1237 4825 4836
3 4825 325 4833
3 4836 4833 1239
3 4825 4833 4836
3 1227 4834 4791
3 4834 1239 4832
3 4791 4832 322
3 4834 4832 4791
3 1237 4836 4826
3 4836 1239 4834
3 4826 4834 1227
3 4836 4834 4826
3 325 4822 4828
3 4822 1236 4831
3 4828 4831 1238
3 4822 4831 4828
3 1236 4821 4823
3 4821 77 4188
3 4823 4188 1071
3 4821 4188 4823
3 1238 4829 4827
3 4829 1071 4189
3 4827 4189 280
3 4829 4189 4827
3 1236 4823 4831
3 4823 1071 4829
3 4831 4829 1238
3 4823 4829 4831
3 322 4797 4787
3 4797 1229 4799
3 4787 4799 1226
3 4797 4799 4787
3 1229 4796 4798
3 4796 280 4187
3 4798 4187 1070
3 4796 4187 4798
3 1226 4789 4786
3 4789 1070 4186
3 4786 4186 7
3 4789 4186 4786
3 1229 4798 4799
3 4798 1070 4789
3 4799 4789 1226
3 4798 4789 4799
3 325 4828 4833
3 4828 1238 4837
3 4833 4837 1239
3 4828 4837 4833
3 1238 4827 4830
3 4827 280 4796
3 4830 4796 1229
3 4827 4796 4830
3 1239 4835 4832
3 4835 1229 4797
3 4832 4797 322
3 4835 4797 4832
3 1238 4830 4837
3 4830 1229 4835
3 4837 4835 1239
3 4830 4835 4837
3 92 5009 5048
3 5009 1284 5051
3 5048 5051 1293
3 5009 5051 5048
3 1284 5010 5070
3 5010 337 5068
3 5070 5068 1297
3 5010 5068 5070
3 1293 5072 5049
3 5072 1297 5069
3 5049 5069 339
3 5072 5069 5049
3 1284 5070 5051
3 5070 1297 5072
3 5051 5072 1293
3 5070 5072 5051
3 337 5006 5018
3 5006 1283 5020
3 5018 5020 1286
3 5006 5020 5018
3 1283 5005 5008
3 5005 77 4821
3 5008 4821 1236
3 5005 4821 5008
3 1286 5019 5017
3 5019 1236 4822
3 5017 4822 325
3 5019 4822 5017
3 1283 5008 5020
3 5008 1236 5019
3 5020 5019 1286
3 5008 5019 5020
3 339 5058 5045
3 5058 1295 5061
3 5045 5061 1292
3 5058 5061 5045
3 1295 5057 5059
3 5057 325 4825
3 5059 4825 1237
3 5057 4825 5059
3 1292 5047 5044
3 5047 1237 4824
3 5044 4824 89
3 5047 4824 5044
3 1295 5059 5061
3 5059 1237 5047
3 5061 5047 1292
3 5059 5047 5061
3 337 5018 5068
3 5018 1286 5071
3 5068 5071 1297
3 5018 5071 5068
3 1286 5017 5060
3 5017 325 5057
3 5060 5057 1295
3 5017 5057 5060
3 1297 5073 5069
3 5073 1295 5058
3 5069 5058 339
3 5073 5058 5069
3 1286 5060 5071
3 5060 1295 5073
3 5071 5073 1297
3 5060 5073 5071
3 26 4593 5206
3 4593 1182 5209
3 5206 5209 1328
3 4593 5209 5206
3 1182 4594 5218
3 4594 313 5216
3 5218 5216 1331
3 4594 5216 5218
3 1328 5219 5207
3 5219 1331 5217
3 5207 5217 346
3 5219 5217 5207
3 1182 5218 5209
3 5218 1331 5219
3 5209 5219 1328
3 5218 5219 5209
3 313 4597 5263
3 4597 1183 5265
3 5263 5265 1343
3 4597 5265 5263
3 1183 4596 5258
3 4596 87 5256
3 5258 5256 1341
3 4596 5256 5258
3 1343 5267 5264
3 5267 1341 5257
3 5264 5257 349
3 5267 5257 5264
3 1183 5258 5265
3 5258 1341 5267
3 5265 5267 1343
3 5258 5267 5265
3 346 5272 5211
3 5272 1345 5274
3 5211 5274 1329
3 5272 5274 5211
3 1345 5273 5276
3 5273 349 5261
3 5276 5261 1342
3 5273 5261 5276
3 1329 5262 5210
3 5262 1342 5260
3 5210 5260 94
3 5262 5260 5210
3 1345 5276 5274
3 5276 1342 5262
3 5274 5262 1329
3 5276 5262 5274
3 313 5263 5216
3 5263 1343 5266
3 5216 5266 1331
3 5263 5266 5216
3 1343 5264 5277
3 5264 349 5273
3 5277 5273 1345
3 5264 5273 5277
3 1331 5275 5217
3 5275 1345 5272
3 5217 5272 346
3 5275 5272 5217
3 1343 5277 5266
3 5277 1345 5275
3 5266 5275 1331
3 5277 5275 5266
3 87 4587 5027
3 4587 1180 5029
3 5027 5029 1288
3 4587 5029 5027
3 1180 4588 5035
3 4588 312 5033
3 5035 5033 1290
3 4588 5033 5035
3 1288 5037 5028
3 5037 1290 5034
3 5028 5034 338
3 5037 5034 5028
3 1180 5035 5029
3 5035 1290 5037
3 5029 5037 1288
3 5035 5037 5029
3 312 4585 4992
3 4585 1179 4994
3 4992 4994 1279
3 4585 4994 4992
3 1179 4584 4985
3 4584 23 4982
3 4985 4982 1276
3 4584 4982 4985
3 1279 4995 4993
3 4995 1276 4983
3 4993 4983 335
3 4995 4983 4993
3 1179 4985 4994
3 4985 1276 4995
3 4994 4995 1279
3 4985 4995 4994
3 338 5039 5031
3 5039 1291 5042
3 5031 5042 1289
3 5039 5042 5031
3 1291 5038 5040
3 5038 335 4987
3 5040 4987 1277
3 5038 4987 5040
3 1289 5032 5030
3 5032 1277 4986
3 5030 4986 92
3 5032 4986 5030
3 1291 5040 5042
3 5040 1277 5032
3 5042 5032 1289
3 5040 5032 5042
3 312 4992 5033
3 4992 1279 5036
3 5033 5036 1290
3 4992 5036 5033
3 1279 4993 5041
3 4993 335 5038
3 5041 5038 1291
3 4993 5038 5041
3 1290 5043 5034
3 5043 1291 5039
3 5034 5039 338
3 5043 5039 5034
3 1279 5041 5036
3 5041 1291 5043
3 5036 5043 1290
3 5041 5043 5036
3 94 5312 5224
3 5312 1353 5314
3 5224 5314 1333
3 5312 5314 5224
3 1353 5313 5330
3 5313 351 5327
3 5330 5327 1356
3 5313 5327 5330
3 1333 5328 5225
3 5328 1356 5326
3 5225 5326 347
3 5328 5326 5225
3 1353 5330 5314
3 5330 1356 5328
3 5314 5328 1333
3 5330 5328 5314
3 351 5309 5317
3 5309 1352 5320
3 5317 5320 1354
3 5309 5320 5317
3 1352 5308 5310
3 5308 92 4999
3 5310 4999 1281
3 5308 4999 5310
3 1354 5318 5316
3 5318 1281 5000
3 5316 5000 336
3 5318 5000 5316
3 1352 5310 5320
3 5310 1281 5318
3 5320 5318 1354
3 5310 5318 5320
3 347 5231 5221
3 5231 1335 5233
3 5221 5233 1332
3 5231 5233 5221
3 1335 5230 5232
3 5230 336 4997
3 5232 4997 1280
3 5230 4997 5232
3 1332 5223 5220
3 5223 1280 4996
3 5220 4996 27
3 5223 4996 5220
3 1335 5232 5233
3 5232 1280 5223
3 5233 5223 1332
3 5232 5223 5233
3 351 5317 5327
3 5317 1354 5331
3 5327 5331 1356
3 5317 5331 5327
3 1354 5316 5319
3 5316 336 5230
3 5319 5230 1335
3 5316 5230 5319
3 1356 5329 5326
3 5329 1335 5231
3 5326 5231 347
3 5329 5231 5326
3 1354 5319 5331
3 5319 1335 5329
3 5331 5329 1356
3 5319 5329 5331
3 87 5027 5256
3 5027 1288 5259
3 5256 5259 1341
3 5027 5259 5256
3 1288 5028 5270
3 5028 338 5268
3 5270 5268 1344
3 5028 5268 5270
3 1341 5271 5257
3 5271 1344 5269
3 5257 5269 349
3 5271 5269 5257
3 1288 5270 5259
3 5270 1344 5271
3 5259 5271 1341
3 5270 5271 5259
3 338 5031 5321
3 5031 1289 5323
3 5321 5323 1355
3 5031 5323 5321
3 1289 5030 5311
3 5030 92 5308
3 5311 5308 1352
3 5030 5308 5311
3 1355 5325 5322
3 5325 1352 5309
3 5322 5309 351
3 5325 5309 5322
3 1289 5311 5323
3 5311 1352 5325
3 5323 5325 1355
3 5311 5325 5323
3 349 5332 5261
3 5332 1357 5334
3 5261 5334 1342
3 5332 5334 5261
3 1357 5333 5336
3 5333 351 5313
3 5336 5313 1353
3 5333 5313 5336
3 1342 5315 5260
3 5315 1353 5312
3 5260 5312 94
3 5315 5312 5260
3 1357 5336 5334
3 5336 1353 5315
3 5334 5315 1342
3 5336 5315 5334
3 338 5321 5268
3 5321 1355 5324
3 5268 5324 1344
3 5321 5324 5268
3 1355 5322 5337
3 5322 351 5333
3 5337 5333 1357
3 5322 5333 5337
3 1344 5335 5269
3 5335 1357 5332
3 5269 5332 349
3 5335 5332 5269
3 1355 5337 5324
3 5337 1357 5335
3 5324 5335 1344
3 5337 5335 5324
3 9 6718 5390
3 6718 1700 6720
3 5390 6720 1372
3 6718 6720 5390
3 1700 6719 6727
3 6719 436 6725
3 6727 6725 1702
3 6719 6725 6727
3 1372 6726 5391
3 6726 1702 6724
3 5391 6724 356
3 6726 6724 5391
3 1700 6727 6720
3 6727 1702 6726
3 6720 6726 1372
3 6727 6726 6720
3 436 6723 6747
3 6723 1701 6749
3 6747 6749 1709
3 6723 6749 6747
3 1701 6722 6741
3 6722 115 6739
3 6741 6739 1707
3 6722 6739 6741
3 1709 6751 6748
3 6751 1707 6740
3 6748 6740 438
3 6751 6740 6748
3 1701 6741 6749
3 6741 1707 6751
3 6749 6751 1709
3 6741 6751 6749
3 356 6742 5393
3 6742 1708 6744
3 5393 6744 1373
3 6742 6744 5393
3 1708 6743 6746
3 6743 438 6737
3 6746 6737 1706
3 6743 6737 6746
3 1373 6738 5392
3 6738 1706 6736
3 5392 6736 96
3 6738 6736 5392
3 1708 6746 6744
3 6746 1706 6738
3 6744 6738 1373
3 6746 6738 6744
3 436 6747 6725
3 6747 1709 6750
3 6725 6750 1702
3 6747 6750 6725
3 1709 6748 6752
3 6748 438 6743
3 6752 6743 1708
3 6748 6743 6752
3 1702 6745 6724
3 6745 1708 6742
3 6724 6742 356
3 6745 6742 6724
3 1709 6752 6750
3 6752 1708 6745
3 6750 6745 1702
3 6752 6745 6750
3 115 6734 7026
3 6734 1705 7028
3 7026 7028 1776
3 6734 7028 7026
3 1705 6735 7036
3 6735 437 7034
3 7036 7034 1778
3 6735 7034 7036
3 1776 7038 7027
3 7038 1778 7035
3 7027 7035 454
3 7038 7035 7027
3 1705 7036 7028
3 7036 1778 7038
3 7028 7038 1776
3 7036 7038 7028
3 437 6733 6974
3 6733 1704 6976
3 6974 6976 1764
3 6733 6976 6974
3 1704 6732 6970
3 6732 32 6968
3 6970 6968 1762
3 6732 6968 6970
3 1764 6977 6975
3 6977 1762 6969
3 6975 6969 451
3 6977 6969 6975
3 1704 6970 6976
3 6970 1762 6977
3 6976 6977 1764
3 6970 6977 6976
3 454 7045 7031
3 7045 1780 7048
3 7031 7048 1777
3 7045 7048 7031
3 1780 7044 7046
3 7044 451 6973
3 7046 6973 1763
3 7044 6973 7046
3 1777 7032 7030
3 7032 1763 6972
3 7030 6972 118
3 7032 6972 7030
3 1780 7046 7048
3 7046 1763 7032
3 7048 7032 1777
3 7046 7032 7048
3 437 6974 7034
3 6974 1764 7037
3 7034 7037 1778
3 6974 7037 7034
3 1764 6975 7047
3 6975 451 7044
3 7047 7044 1780
3 6975 7044 7047
3 1778 7049 7035
3 7049 1780 7045
3 7035 7045 454
3 7049 7045 7035
3 1764 7047 7037
3 7047 1780 7049
3 7037 7049 1778
3 7047 7049 7037
3 96 6982 5396
3 6982 1766 6984
3 5396 6984 1375
3 6982 6984 5396
3 1766 6983 6993
3 6983 452 6990
3 6993 6990 1768
3 6983 6990 6993
3 1375 6991 5397
3 6991 1768 6989
3 5397 6989 357
3 6991 6989 5397
3 1766 6993 6984
3 6993 1768 6991
3 6984 6991 1375
3 6993 6991 6984
3 452 6987 6999
3 6987 1767 7002
3 6999 7002 1770
3 6987 7002 6999
3 1767 6986 6988
3 6986 118 6958
3 6988 6958 1759
3 6986 6958 6988
3 1770 7000 6998
3 7000 1759 6959
3 6998 6959 450
3 7000 6959 6998
3 1767 6988 7002
3 6988 1759 7000
3 7002 7000 1770
3 6988 7000 7002
3 357 6960 5395
3 6960 1760 6962
3 5395 6962 1374
3 6960 6962 5395
3 1760 6961 6963
3 6961 450 6955
3 6963 6955 1758
3 6961 6955 6963
3 1374 6956 5394
3 6956 1758 6954
3 5394 6954 28
3 6956 6954 5394
3 1760 6963 6962
3 6963 1758 6956
3 6962 6956 1374
3 6963 6956 6962
3 452 6999 6990
3 6999 1770 7003
3 6990 7003 1768
3 6999 7003 6990
3 1770 6998 7001
3 6998 450 6961
3 7001 6961 1760
3 6998 6961 7001
3 1768 6992 6989
3 6992 1760 6960
3 6989 6960 357
3 6992 6960 6989
3 1770 7001 7003
3 7001 1760 6992
3 7003 6992 1768
3 7001 6992 7003
3 115 7026 6739
3 7026 1776 7029
3 6739 7029 1707
3 7026 7029 6739
3 1776 7027 7043
3 7027 454 7040
3 7043 7040 1779
3 7027 7040 7043
3 1707 7041 6740
3 7041 1779 7039
3 6740 7039 438
3 7041 7039 6740
3 1776 7043 7029
3 7043 1779 7041
3 7029 7041 1707
3 7043 7041 7029
3 454 7031 7051
3 7031 1777 7054
3 7051 7054 1781
3 7031 7054 7051
3 1777 7030 7033
3 7030 118 6986
3 7033 6986 1767
3 7030 6986 7033
3 1781 7052 7050
3 7052 1767 6987
3 7050 6987 452
3 7052 6987 7050
3 1777 7033 7054
3 7033 1767 7052
3 7054 7052 1781
3 7033 7052 7054
3 438 6994 6737
3 6994 1769 6996
3 6737 6996 1706
3 6994 6996 6737
3 1769 6995 6997
3 6995 452 6983
3 6997 6983 1766
3 6995 6983 6997
3 1706 6985 6736
3 6985 1766 6982
3 6736 6982 96
3 6985 6982 6736
3 1769 6997 6996
3 6997 1766 6985
3 6996 6985 1706
3 6997 6985 6996
3 454 7051 7040
3 7051 1781 7055
3 7040 7055 1779
3 7051 7055 7040
3 1781 7050 7053
3 7050 452 6995
3 7053 6995 1769
3 7050 6995 7053
3 1779 7042 7039
3 7042 1769 6994
3 7039 6994 438
3 7042 6994 7039
3 1781 7053 7055
3 7053 1769 7042
3 7055 7042 1779
3 7053 7042 7055
3 32 6680 6784
3 6680 1690 6786
3 6784 6786 1718
3 6680 6786 6784
3 1690 6681 6791
3 6681 433 6789
3 6791 6789 1720
3 6681 6789 6791
3 1718 6792 6785
3 6792 1720 6790
3 6785 6790 441
3 6792 6790 6785
3 1690 6791 6786
3 6791 1720 6792
3 6786 6792 1718
3 6791 6792 6786
3 433 6683 6840
3 6683 1691 6842
3 6840 6842 1732
3 6683 6842 6840
3 1691 6682 6834
3 6682 114 6832
3 6834 6832 1730
3 6682 6832 6834
3 1732 6844 6841
3 6844 1730 6833
3 6841 6833 444
3 6844 6833 6841
3 1691 6834 6842
3 6834 1730 6844
3 6842 6844 1732
3 6834 6844 6842
3 441 6850 6788
3 6850 1734 6852
3 6788 6852 1719
3 6850 6852 6788
3 1734 6851 6854
3 6851 444 6837
3 6854 6837 1731
3 6851 6837 6854
3 1719 6838 6787
3 6838 1731 6836
3 6787 6836 116
3 6838 6836 6787
3 1734 6854 6852
3 6854 1731 6838
3 6852 6838 1719
3 6854 6838 6852
3 433 6840 6789
3 6840 1732 6843
3 6789 6843 1720
3 6840 6843 6789
3 1732 6841 6855
3 6841 444 6851
3 6855 6851 1734
3 6841 6851 6855
3 1720 6853 6790
3 6853 1734 6850
3 6790 6850 441
3 6853 6850 6790
3 1732 6855 6843
3 6855 1734 6853
3 6843 6853 1720
3 6855 6853 6843
3 114 6670 6687
3 6670 1687 6689
3 6687 6689 1693
3 6670 6689 6687
3 1687 6671 6697
3 6671 432 6695
3 6697 6695 1695
3 6671 6695 6697
3 1693 6699 6688
3 6699 1695 6696
3 6688 6696 434
3 6699 6696 6688
3 1687 6697 6689
3 6697 1695 6699
3 6689 6699 1693
3 6697 6699 6689
3 432 6667 6673
3 6667 1686 6675
3 6673 6675 1688
3 6667 6675 6673
3 1686 6666 6668
3 6666 8 4224
3 6668 4224 1083
3 6666 4224 6668
3 1688 6674 6672
3 6674 1083 4225
3 6672 4225 285
3 6674 4225 6672
3 1686 6668 6675
3 6668 1083 6674
3 6675 6674 1688
3 6668 6674 6675
3 434 6691 6685
3 6691 1694 6694
3 6685 6694 1692
3 6691 6694 6685
3 1694 6690 6692
3 6690 285 4227
3 6692 4227 1084
3 6690 4227 6692
3 1692 6686 6684
3 6686 1084 4226
3 6684 4226 79
3 6686 4226 6684
3 1694 6692 6694
3 6692 1084 6686
3 6694 6686 1692
3 6692 6686 6694
3 432 6673 6695
3 6673 1688 6698
3 6695 6698 1695
3 6673 6698 6695
3 1688 6672 6693
3 6672 285 6690
3 6693 6690 1694
3 6672 6690 6693
3 1695 6700 6696
3 6700 1694 6691
3 6696 6691 434
3 6700 6691 6696
3 1688 6693 6698
3 6693 1694 6700
3 6698 6700 1695
3 6693 6700 6698
3 116 6797 6774
3 6797 1722 6799
3 6774 6799 1715
3 6797 6799 6774
3 1722 6798 6813
3 6798 442 6810
3 6813 6810 1725
3 6798 6810 6813
3 1715 6811 6775
3 6811 1725 6809
3 6775 6809 440
3 6811 6809 6775
3 1722 6813 6799
3 6813 1725 6811
3 6799 6811 1715
3 6813 6811 6799
3 442 6794 6801
3 6794 1721 6804
3 6801 6804 1723
3 6794 6804 6801
3 1721 6793 6795
3 6793 79 4230
3 6795 4230 1086
3 6793 4230 6795
3 1723 6802 6800
3 6802 1086 4231
3 6800 4231 286
3 6802 4231 6800
3 1721 6795 6804
3 6795 1086 6802
3 6804 6802 1723
3 6795 6802 6804
3 440 6777 6771
3 6777 1716 6779
3 6771 6779 1714
3 6777 6779 6771
3 1716 6776 6778
3 6776 286 4229
3 6778 4229 1085
3 6776 4229 6778
3 1714 6772 6770
3 6772 1085 4228
3 6770 4228 24
3 6772 4228 6770
3 1716 6778 6779
3 6778 1085 6772
3 6779 6772 1714
3 6778 6772 6779
3 442 6801 6810
3 6801 1723 6814
3 6810 6814 1725
3 6801 6814 6810
3 1723 6800 6803
3 6800 286 6776
3 6803 6776 1716
3 6800 6776 6803
3 1725 6812 6809
3 6812 1716 6777
3 6809 6777 440
3 6812 6777 6809
3 1723 6803 6814
3 6803 1716 6812
3 6814 6812 1725
3 6803 6812 6814
3 114 6687 6832
3 6687 1693 6835
3 6832 6835 1730
3 6687 6835 6832
3 1693 6688 6847
3 6688 434 6845
3 6847 6845 1733
3 6688 6845 6847
3 1730 6849 6833
3 6849 1733 6846
3 6833 6846 444
3 6849 6846 6833
3 1693 6847 6835
3 6847 1733 6849
3 6835 6849 1730
3 6847 6849 6835
3 434 6685 6805
3 6685 1692 6807
3 6805 6807 1724
3 6685 6807 6805
3 1692 6684 6796
3 6684 79 6793
3 6796 6793 1721
3 6684 6793 6796
3 1724 6808 6806
3 6808 1721 6794
3 6806 6794 442
3 6808 6794 6806
3 1692 6796 6807
3 6796 1721 6808
3 6807 6808 1724
3 6796 6808 6807
3 444 6857 6837
3 6857 1735 6860
3 6837 6860 1731
3 6857 6860 6837
3 1735 6856 6858
3 6856 442 6798
3 6858 6798 1722
3 6856 6798 6858
3 1731 6839 6836
3 6839 1722 6797
3 6836 6797 116
3 6839 6797 6836
3 1735 6858 6860
3 6858 1722 6839
3 6860 6839 1731
3 6858 6839 6860
3 434 6805 6845
3 6805 1724 6848
3 6845 6848 1733
3 6805 6848 6845
3 1724 6806 6859
3 6806 442 6856
3 6859 6856 1735
3 6806 6856 6859
3 1733 6861 6846
3 6861 1735 6857
3 6846 6857 444
3 6861 6857 6846
3 1724 6859 6848
3 6859 1735 6861
3 6848 6861 1733
3 6859 6861 6848
3 28 5477 5352
3 5477 1396 5479
3 5352 5479 1362
3 5477 5479 5352
3 1396 5478 5485
3 5478 363 5483
3 5485 5483 1398
3 5478 5483 5485
3 1362 5484 5353
3 5484 1398 5482
3 5353 5482 353
3 5484 5482 5353
3 1396 5485 5479
3 5485 1398 5484
3 5479 5484 1362
3 5485 5484 5479
3 363 5481 5526
3 5481 1397 5528
3 5526 5528 1408
3 5481 5528 5526
3 1397 5480 5514
3 5480 98 5512
3 5514 5512 1405
3 5480 5512 5514
3 1408 5530 5527
3 5530 1405 5513
3 5527 5513 365
3 5530 5513 5527
3 1397 5514 5528
3 5514 1405 5530
3 5528 5530 1408
3 5514 5530 5528
3 353 5516 5355
3 5516 1406 5518
3 5355 5518 1363
3 5516 5518 5355
3 1406 5517 5520
3 5517 365 5509
3 5520 5509 1404
3 5517 5509 5520
3 1363 5510 5354
3 5510 1404 5508
3 5354 5508 95
3 5510 5508 5354
3 1406 5520 5518
3 5520 1404 5510
3 5518 5510 1363
3 5520 5510 5518
3 363 5526 5483
3 5526 1408 5529
3 5483 5529 1398
3 5526 5529 5483
3 1408 5527 5531
3 5527 365 5517
3 5531 5517 1406
3 5527 5517 5531
3 1398 5519 5482
3 5519 1406 5516
3 5482 5516 353
3 5519 5516 5482
3 1408 5531 5529
3 5531 1406 5519
3 5529 5519 1398
3 5531 5519 5529
3 98 5471 5490
3 5471 1394 5492
3 5490 5492 1400
3 5471 5492 5490
3 1394 5472 5504
3 5472 362 5502
3 5504 5502 1403
3 5472 5502 5504
3 1400 5506 5491
3 5506 1403 5503
3 5491 5503 364
3 5506 5503 5491
3 1394 5504 5492
3 5504 1403 5506
3 5492 5506 1400
3 5504 5506 5492
3 362 5469 5474
3 5469 1393 5476
3 5474 5476 1395
3 5469 5476 5474
3 1393 5468 5470
3 5468 24 4203
3 5470 4203 1077
3 5468 4203 5470
3 1395 5475 5473
3 5475 1077 4204
3 5473 4204 283
3 5475 4204 5473
3 1393 5470 5476
3 5470 1077 5475
3 5476 5475 1395
3 5470 5475 5476
3 364 5494 5487
3 5494 1401 5497
3 5487 5497 1399
3 5494 5497 5487
3 1401 5493 5495
3 5493 283 4206
3 5495 4206 1078
3 5493 4206 5495
3 1399 5488 5486
3 5488 1078 4205
3 5486 4205 78
3 5488 4205 5486
3 1401 5495 5497
3 5495 1078 5488
3 5497 5488 1399
3 5495 5488 5497
3 362 5474 5502
3 5474 1395 5505
3 5502 5505 1403
3 5474 5505 5502
3 1395 5473 5496
3 5473 283 5493
3 5496 5493 1401
3 5473 5493 5496
3 1403 5507 5503
3 5507 1401 5494
3 5503 5494 364
3 5507 5494 5503
3 1395 5496 5505
3 5496 1401 5507
3 5505 5507 1403
3 5496 5507 5505
3 95 5376 5342
3 5376 1369 5378
3 5342 5378 1359
3 5376 5378 5342
3 1369 5377 5388
3 5377 355 5385
3 5388 5385 1371
3 5377 5385 5388
3 1359 5386 5343
3 5386 1371 5384
3 5343 5384 352
3 5386 5384 5343
3 1369 5388 5378
3 5388 1371 5386
3 5378 5386 1359
3 5388 5386 5378
3 355 5374 5380
3 5374 1368 5383
3 5380 5383 1370
3 5374 5383 5380
3 1368 5373 5375
3 5373 78 4197
3 5375 4197 1075
3 5373 4197 5375
3 1370 5381 5379
3 5381 1075 4198
3 5379 4198 282
3 5381 4198 5379
3 1368 5375 5383
3 5375 1075 5381
3 5383 5381 1370
3 5375 5381 5383
3 352 5349 5339
3 5349 1361 5351
3 5339 5351 1358
3 5349 5351 5339
3 1361 5348 5350
3 5348 282 4195
3 5350 4195 1074
3 5348 4195 5350
3 1358 5341 5338
3 5341 1074 4194
3 5338 4194 1
3 5341 4194 5338
3 1361 5350 5351
3 5350 1074 5341
3 5351 5341 1358
3 5350 5341 5351
3 355 5380 5385
3 5380 1370 5389
3 5385 5389 1371
3 5380 5389 5385
3 1370 5379 5382
3 5379 282 5348
3 5382 5348 1361
3 5379 5348 5382
3 1371 5387 5384
3 5387 1361 5349
3 5384 5349 352
3 5387 5349 5384
3 1370 5382 5389
3 5382 1361 5387
3 5389 5387 1371
3 5382 5387 5389
3 98 5490 5512
3 5490 1400 5515
3 5512 5515 1405
3 5490 5515 5512
3 1400 5491 5534
3 5491 364 5532
3 5534 5532 1409
3 5491 5532 5534
3 1405 5536 5513
3 5536 1409 5533
3 5513 5533 365
3 5536 5533 5513
3 1400 5534 5515
3 5534 1409 5536
3 5515 5536 1405
3 5534 5536 5515
3 364 5487 5499
3 5487 1399 5501
3 5499 5501 1402
3 5487 5501 5499
3 1399 5486 5489
3 5486 78 5373
3 5489 5373 1368
3 5486 5373 5489
3 1402 5500 5498
3 5500 1368 5374
3 5498 5374 355
3 5500 5374 5498
3 1399 5489 5501
3 5489 1368 5500
3 5501 5500 1402
3 5489 5500 5501
3 365 5522 5509
3 5522 1407 5525
3 5509 5525 1404
3 5522 5525 5509
3 1407 5521 5523
3 5521 355 5377
3 5523 5377 1369
3 5521 5377 5523
3 1404 5511 5508
3 5511 1369 5376
3 5508 5376 95
3 5511 5376 5508
3 1407 5523 5525
3 5523 1369 5511
3 5525 5511 1404
3 5523 5511 5525
3 364 5499 5532
3 5499 1402 5535
3 5532 5535 1409
3 5499 5535 5532
3 1402 5498 5524
3 5498 355 5521
3 5524 5521 1407
3 5498 5521 5524
3 1409 5537 5533
3 5537 1407 5522
3 5533 5522 365
3 5537 5522 5533
3 1402 5524 5535
3 5524 1407 5537
3 5535 5537 1409
3 5524 5537 5535
3 32 6784 6968
3 6784 1718 6971
3 6968 6971 1762
3 6784 6971 6968
3 1718 6785 6980
3 6785 441 6978
3 6980 6978 1765
3 6785 6978 6980
3 1762 6981 6969
3 6981 1765 6979
3 6969 6979 451
3 6981 6979 6969
3 1718 6980 6971
3 6980 1765 6981
3 6971 6981 1762
3 6980 6981 6971
3 441 6788 7064
3 6788 1719 7066
3 7064 7066 1784
3 6788 7066 7064
3 1719 6787 7058
3 6787 116 7056
3 7058 7056 1782
3 6787 7056 7058
3 1784 7068 7065
3 7068 1782 7057
3 7065 7057 455
3 7068 7057 7065
3 1719 7058 7066
3 7058 1782 7068
3 7066 7068 1784
3 7058 7068 7066
3 451 7074 6973
3 7074 1786 7076
3 6973 7076 1763
3 7074 7076 6973
3 1786 7075 7078
3 7075 455 7061
3 7078 7061 1783
3 7075 7061 7078
3 1763 7062 6972
3 7062 1783 7060
3 6972 7060 118
3 7062 7060 6972
3 1786 7078 7076
3 7078 1783 7062
3 7076 7062 1763
3 7078 7062 7076
3 441 7064 6978
3 7064 1784 7067
3 6978 7067 1765
3 7064 7067 6978
3 1784 7065 7079
3 7065 455 7075
3 7079 7075 1786
3 7065 7075 7079
3 1765 7077 6979
3 7077 1786 7074
3 6979 7074 451
3 7077 7074 6979
3 1784 7079 7067
3 7079 1786 7077
3 7067 7077 1765
3 7079 7077 7067
3 116 6774 6818
3 6774 1715 6820
3 6818 6820 1727
3 6774 6820 6818
3 1715 6775 6828
3 6775 440 6826
3 6828 6826 1729
3 6775 6826 6828
3 1727 6830 6819
3 6830 1729 6827
3 6819 6827 443
3 6830 6827 6819
3 1715 6828 6820
3 6828 1729 6830
3 6820 6830 1727
3 6828 6830 6820
3 440 6771 6781
3 6771 1714 6783
3 6781 6783 1717
3 6771 6783 6781
3 1714 6770 6773
3 6770 24 5468
3 6773 5468 1393
3 6770 5468 6773
3 1717 6782 6780
3 6782 1393 5469
3 6780 5469 362
3 6782 5469 6780
3 1714 6773 6783
3 6773 1393 6782
3 6783 6782 1717
3 6773 6782 6783
3 443 6822 6816
3 6822 1728 6825
3 6816 6825 1726
3 6822 6825 6816
3 1728 6821 6823
3 6821 362 5472
3 6823 5472 1394
3 6821 5472 6823
3 1726 6817 6815
3 6817 1394 5471
3 6815 5471 98
3 6817 5471 6815
3 1728 6823 6825
3 6823 1394 6817
3 6825 6817 1726
3 6823 6817 6825
3 440 6781 6826
3 6781 1717 6829
3 6826 6829 1729
3 6781 6829 6826
3 1717 6780 6824
3 6780 362 6821
3 6824 6821 1728
3 6780 6821 6824
3 1729 6831 6827
3 6831 1728 6822
3 6827 6822 443
3 6831 6822 6827
3 1717 6824 6829
3 6824 1728 6831
3 6829 6831 1729
3 6824 6831 6829
3 118 7008 6958
3 7008 1772 7010
3 6958 7010 1759
3 7008 7010 6958
3 1772 7009 7024
3 7009 453 7021
3 7024 7021 1775
3 7009 7021 7024
3 1759 7022 6959
3 7022 1775 7020
3 6959 7020 450
3 7022 7020 6959
3 1772 7024 7010
3 7024 1775 7022
3 7010 7022 1759
3 7024 7022 7010
3 453 7005 7012
3 7005 1771 7015
3 7012 7015 1773
3 7005 7015 7012
3 1771 7004 7006
3 7004 98 5480
3 7006 5480 1397
3 7004 5480 7006
3 1773 7013 7011
3 7013 1397 5481
3 7011 5481 363
3 7013 5481 7011
3 1771 7006 7015
3 7006 1397 7013
3 7015 7013 1773
3 7006 7013 7015
3 450 6965 6955
3 6965 1761 6967
3 6955 6967 1758
3 6965 6967 6955
3 1761 6964 6966
3 6964 363 5478
3 6966 5478 1396
3 6964 5478 6966
3 1758 6957 6954
3 6957 1396 5477
3 6954 5477 28
3 6957 5477 6954
3 1761 6966 6967
3 6966 1396 6957
3 6967 6957 1758
3 6966 6957 6967
3 453 7012 7021
3 7012 1773 7025
3 7021 7025 1775
3 7012 7025 7021
3 1773 7011 7014
3 7011 363 6964
3 7014 6964 1761
3 7011 6964 7014
3 1775 7023 7020
3 7023 1761 6965
3 7020 6965 450
3 7023 6965 7020
3 1773 7014 7025
3 7014 1761 7023
3 7025 7023 1775
3 7014 7023 7025
3 116 6818 7056
3 6818 1727 7059
3 7056 7059 1782
3 6818 7059 7056
3 1727 6819 7071
3 6819 443 7069
3 7071 7069 1785
3 6819 7069 7071
3 1782 7073 7057
3 7073 1785 7070
3 7057 7070 455
3 7073 7070 7057
3 1727 7071 7059
3 7071 1785 7073
3 7059 7073 1782
3 7071 7073 7059
3 443 6816 7016
3 6816 1726 7018
3 7016 7018 1774
3 6816 7018 7016
3 1726 6815 7007
3 6815 98 7004
3 7007 7004 1771
3 6815 7004 7007
3 1774 7019 7017
3 7019 1771 7005
3 7017 7005 453
3 7019 7005 7017
3 1726 7007 7018
3 7007 1771 7019
3 7018 7019 1774
3 7007 7019 7018
3 455 7081 7061
3 7081 1787 7084
3 7061 7084 1783
3 7081 7084 7061
3 1787 7080 7082
3 7080 453 7009
3 7082 7009 1772
3 7080 7009 7082
3 1783 7063 7060
3 7063 1772 7008
3 7060 7008 118
3 7063 7008 7060
3 1787 7082 7084
3 7082 1772 7063
3 7084 7063 1783
3 7082 7063 7084
3 443 7016 7069
3 7016 1774 7072
3 7069 7072 1785
3 7016 7072 7069
3 1774 7017 7083
3 7017 453 7080
3 7083 7080 1787
3 7017 7080 7083
3 1785 7085 7070
3 7085 1787 7081
3 7070 7081 455
3 7085 7081 7070
3 1774 7083 7072
3 7083 1787 7085
3 7072 7085 1785
3 7083 7085 7072
