OFF
11010 22016 0
-0.224015633513463 -0.00775898237359103 -1.78845696996926
-0.172831616415811 -0.147832324697894 -1.78667807820449
-0.295271042729302 -0.118325585105731 -1.73115483965317
-0.0340171625821466 -0.199470112393594 -1.79794276976124
-0.142221584590076 -0.273923247214898 -1.73785237685241
-0.0290749635672538 -0.339685674518301 -1.7125086021737
-0.161353941038738 -0.378840982895282 -1.64158990323817
-0.359040528703352 -0.00537750455728049 -1.69721259059595
-0.279248717093021 -0.259487035695294 -1.67540228566641
-0.284593187029674 -0.383301618084818 -1.54744870285552
-0.394817039930057 -0.140352426447905 -1.63334023176965
-0.0396154899214831 -0.0121009321295725 -1.83773604435343
-0.0236869409719686 -0.444969183734501 -1.59749907827496
-0.154904360299687 -0.472095737645559 -1.51080795185604
-0.458555180921891 -0.00372698497120433 -1.57917948750091
-0.396011039870191 -0.267993735226726 -1.54639208023616
-0.269178840749421 -0.4673575581069 -1.4048487406747
-0.38164311596247 -0.36996834870339 -1.42845812503579
-0.482012517949892 -0.137506059388951 -1.50259203167641
-0.0159193377757789 -0.521069697353787 -1.45581673348664
-0.138952260251001 -0.534629919763934 -1.35905658369443
-0.529104934844836 -0.00247538878690843 -1.43631053326791
-0.248863750703736 -0.515995508674689 -1.25066077607144
-0.474755057721363 -0.253475982747344 -1.40903055423454
-0.364611402693279 -0.435029559101099 -1.28602233719019
-0.447868938377828 -0.341062378060674 -1.31212864017091
-0.539125425289605 -0.129649999581694 -1.35149563249846
-0.00245229555217968 -0.565954395963847 -1.29691893878667
-0.118075415833266 -0.566236306122163 -1.19898705892127
-0.569257718294111 -0.00144309192665006 -1.27781452142428
-0.224003056448024 -0.537235222338533 -1.09425227682281
-0.342756750013776 -0.469747210249549 -1.13670813291465
-0.516723866416182 -0.245294826385448 -1.25782598523827
-0.453333580900186 -0.362225135949547 -1.16786046829377
-0.565328926306582 -0.124819825856319 -1.19129355644844
0.0181741264629825 -0.581855137193516 -1.1318346633637
-0.0969093725334815 -0.572878612454184 -1.04004353829423
-0.198981650641711 -0.537912722805231 -0.937880815038787
-0.582050650802708 -0.000578963434237993 -1.11504199733937
-0.311652350813454 -0.485855765684395 -0.982483311447056
-0.409335092195515 -0.410299613044053 -1.02012378618066
-0.531519032827249 -0.23693999275575 -1.1039862913067
-0.483419346644417 -0.320868257263606 -1.03282905826279
-0.56733948250334 -0.120788292565009 -1.02833829396712
-0.279953146041057 -0.486783252969392 -0.838309141592391
0.0306922044749116 -0.57631278718252 -0.971173609233399
-0.0826775817885718 -0.562191351719702 -0.886361463376336
-0.174616521284152 -0.525310783208891 -0.781531830485478
-0.57490223791002 0.000133233014306585 -0.955531389046119
-0.382118519883182 -0.414127571359494 -0.854514504115751
-0.457599708011254 -0.342633918570967 -0.923263102055825
-0.521825116029744 -0.234722849736887 -0.92897817223746
-0.460026150800842 -0.310123589470557 -0.794011622453619
-0.553960572175261 -0.112377184269737 -0.869041186015501
-0.322965947655863 -0.436439506698549 -0.717276890496354
-0.245936493357282 -0.473637764703839 -0.660413929932234
0.0258283582851824 -0.558851900913309 -0.816438432002088
-0.0811485570008667 -0.538090780311747 -0.719828652205475
-0.156561513495149 -0.499860343784931 -0.600074101147157
-0.555817219315487 0.00121487451574081 -0.801313456881846
-0.388499914079126 -0.36656548193181 -0.665774405519956
-0.510621278072461 -0.202345271334108 -0.758918364318248
-0.449816473560111 -0.276574341484528 -0.631419555443352
-0.534729932788939 -0.0955880682394118 -0.721766067731461
-0.314606468898854 -0.403059607534961 -0.529763764388897
-0.221638496536369 -0.451835078080901 -0.477406553857494
0.0181789472937895 -0.538134860232341 -0.682049074924757
-0.0429665242710228 -0.518057251383416 -0.573253340636229
-0.110648582255249 -0.488016006248703 -0.455081535136582
-0.533247115483716 0.00219742454655284 -0.662737854133516
-0.387061476424087 -0.32224780060433 -0.484905976985367
-0.497759459554179 -0.161137084787804 -0.604127379246534
-0.450197543871014 -0.22161935409327 -0.475395120689198
-0.510533360766438 -0.0592314384671578 -0.550629576771617
-0.329214989867264 -0.352992334868403 -0.338595989016568
-0.265425296884572 -0.403535524533395 -0.337899269117939
-0.1706425530894 -0.451302764714197 -0.328886630074953
0.0123199593143231 -0.497059568886763 -0.428736768721933
-0.0712799366396288 -0.475659855809762 -0.310523356423666
-0.490829715448194 0.00158773282334327 -0.40573647325357
-0.399980668178548 -0.268500278228067 -0.334888201775826
-0.478048692968275 -0.124938181772284 -0.427110966987237
-0.439486825103242 -0.18375199942291 -0.292712083462063
-0.467939851952029 -0.0826630819858352 -0.284558080246702
-0.35295487147235 -0.305589497041897 -0.185844909853713
-0.282853110373439 -0.368905236086667 -0.148100776542808
-0.2121297253268 -0.414338296945647 -0.149178250359134
-0.130836677569459 -0.447033182778071 -0.143355891705746
0.0105108367201371 -0.475934092224966 -0.25906426396561
-0.0463988125621741 -0.463551509936461 -0.132323822393392
-0.470590183927199 0.00167925390031725 -0.24100518161163
-0.403022583211154 -0.22945481320706 -0.147025365609148
-0.442817214664173 -0.136060651547335 -0.144981984792419
-0.45891068579094 -0.0494552985840535 -0.117505701676398
-0.243451847016736 -0.390918148261282 0.00429998386838612
-0.372212506240535 -0.269289194411094 0.00426312781026399
-0.312344276369403 -0.337617825543776 0.00427957050560372
-0.167861463748852 -0.429523937127384 0.00432289476008165
-0.0850885522420473 -0.453962437175031 0.00434838750093128
0.00948602493997406 -0.462617498536287 0.00437923077279415
-0.458535137564374 0.00171320053590194 0.0042558786372085
-0.421212774877356 -0.182189671662035 0.00425189277689328
-0.449747360527092 -0.0896624092517609 0.00424952167657707
-0.212199861248484 -0.414489588712679 0.157782061190116
-0.282938554406475 -0.369025293184276 0.156663886485618
-0.403124708975883 -0.229517297920959 0.155524668894382
-0.353065089966383 -0.30569091775671 0.194363713644938
-0.130880662160575 -0.447211333713234 0.152008785517158
-0.046409413068719 -0.46374450455936 0.141030398008264
-0.45900586811701 -0.0494693042122215 0.125999854589807
0.0105282621850433 -0.47623611550005 0.267779212899128
-0.470730976211335 0.00167002689018959 0.249489091162182
-0.442923809125612 -0.136097343220561 0.153468058955508
-0.439616886275618 -0.183811021714166 0.30117713627194
-0.170720232289158 -0.451519568909486 0.337482937945827
-0.265529477564414 -0.403695717762579 0.346443623486269
-0.329329818405059 -0.353115007813685 0.347107244836582
-0.400102460179939 -0.268582454591086 0.343364854110159
-0.0713134892731232 -0.475931446362071 0.319178798284178
-0.468075533260565 -0.0826952991804589 0.293021833294823
0.0123218685750508 -0.497312119888934 0.437429173478907
-0.490953548292989 0.00157044523291613 0.414193984499319
-0.478166779008273 -0.124973405790371 0.435550359544747
-0.110702781402575 -0.488209552790488 0.463699836720314
-0.450322986062572 -0.221669667268578 0.483834187201905
-0.221725402260079 -0.451977839931927 0.485961585837369
-0.31472892759081 -0.403174256052321 0.538260894426077
-0.387181893684113 -0.322324262238128 0.493373458657246
-0.0430187234144095 -0.518247927924374 0.581899895912902
-0.510739829562328 -0.0592663732423387 0.55903301406967
0.0181187656628977 -0.538448101339698 0.690702003857426
-0.533772110500305 0.0021694931942344 0.671065931650653
-0.498062826553088 -0.161215223267869 0.612498894867352
-0.156664764119368 -0.500057496578906 0.608643616847435
-0.450150926064582 -0.276725393094098 0.639796465206318
-0.24614313357669 -0.473930774235987 0.668898368254601
-0.323374113831274 -0.436891357215811 0.725655072896669
-0.388858387372539 -0.366827641880382 0.674159149641965
-0.0812897180809702 -0.538538125859013 0.728385188957455
-0.535545299263803 -0.0957181497837064 0.730006782118951
0.0257486055471881 -0.559708009185118 0.824988560446017
-0.557252129236917 0.00118527315189288 0.809430468315735
-0.511610661403017 -0.20266611862898 0.76711453498045
-0.174951916844967 -0.52606785663828 0.789954526908962
-0.461092688436833 -0.310738282223064 0.80217008343714
-0.280698466762777 -0.487912690157838 0.846550480058905
-0.383287918787373 -0.415284357790517 0.86262921616128
-0.459697522443917 -0.344087649473174 0.931127049083605
-0.0830182865534909 -0.563674361944776 0.894711041789148
-0.55604663185366 -0.112756756464019 0.876994914783726
0.0306394586675648 -0.578567746946308 0.979508674062652
-0.57819810703836 0.000106275412929352 0.963285867095216
-0.524403537331347 -0.235776565958578 0.936807161934023
-0.199864469086918 -0.539976666279402 0.946021511264675
-0.486989385240093 -0.323137881175968 1.04039833810854
-0.313378686524794 -0.48835504904394 0.990402288285211
-0.412111456864352 -0.412928033050305 1.02782731186032
-0.0976361254312367 -0.576225589268878 1.04811955799895
-0.571685861509037 -0.121657323152029 1.03589337766659
0.0181439746336338 -0.586498852825264 1.13996329218824
-0.588100632521194 -0.000597033870994805 1.12244254665208
-0.536702175863295 -0.239175548061575 1.11137378189122
-0.225885718405038 -0.541409595506847 1.10207845320378
-0.458517515053791 -0.366237683802166 1.17522424439723
-0.346172898177333 -0.474232327107597 1.14428910346761
-0.119457423189808 -0.57223522841405 1.20689532480109
-0.572600623269962 -0.126368886367558 1.1985493531372
-0.00252309416039293 -0.573546971690499 1.30507472158137
-0.578309779147467 -0.00144623618228003 1.2850572508964
-0.524393415597556 -0.24883794575922 1.26503666262843
-0.455131518116944 -0.346501914464499 1.31939654236577
-0.252167755685522 -0.522651173831583 1.25833814906111
-0.370041383876626 -0.441410606868795 1.29346685902232
-0.141174380118819 -0.543214016427202 1.36700987136163
-0.548871444203736 -0.131931094788224 1.35863707079832
-0.0160235992141352 -0.530694859247895 1.4640628750683
-0.539854822026172 -0.00245096933018574 1.44328624055033
-0.483867523671638 -0.258288558845945 1.416104783951
-0.388922359472398 -0.377020106372234 1.43566915725929
-0.273992446396574 -0.475767082048637 1.41244728506408
-0.157743594469934 -0.481489726100111 1.51832080576172
-0.492010638472408 -0.140276325009643 1.50893518165353
-0.0236783026714744 -0.453823848106848 1.60433038139275
-0.467702285469483 -0.00363211539447959 1.58390316751559
-0.40395704372698 -0.273415545913806 1.55218240101054
-0.290113467921281 -0.391092777750432 1.55378444384696
-0.163700647735607 -0.385636916318618 1.6456024896651
-0.401338724838244 -0.142616627552687 1.6354019348351
-0.0285169576874388 -0.344071825053396 1.71247341287885
-0.362289109934257 -0.00507950398505268 1.6929388388298
-0.282776464408549 -0.263217182653421 1.6750755209612
-0.142194669586254 -0.275414908380238 1.73133528633407
-0.29539058327938 -0.118433852292316 1.72087702190752
-0.0315849947641117 -0.196709878387001 1.77604502266499
-0.217104198697033 -0.00669591835307716 1.75323612514992
-0.168713254230939 -0.145040494615254 1.7604167795007
-0.0323024511361464 -0.00991616420416346 1.76835909663221
-0.294302283229321 0.106242038453824 -1.73531442468882
-0.171449097739258 0.132478078659069 -1.79208780198508
-0.394094244359188 0.131725695615981 -1.63800270602042
-0.136513795283021 0.261664038044903 -1.7480196275255
-0.276589853236396 0.249965153079263 -1.68447930374473
-0.0308071581065299 0.181581893027586 -1.8057301854204
-0.395274986009629 0.261567029512175 -1.55462980520252
-0.481937505849438 0.131582554448867 -1.50661446512785
-0.0174122244598517 0.327044064130414 -1.7244447933359
-0.155981306849938 0.37049856143912 -1.65411706730791
-0.282918893012698 0.377209883591072 -1.55903115268217
-0.382005466249372 0.365636452349495 -1.43824965013964
-0.475144040059866 0.249142862105312 -1.41568552584565
-0.539448706428344 0.125906658975381 -1.35468408250731
-0.0180049287193466 0.438772822260176 -1.60835327959437
-0.153118536358083 0.467232086113151 -1.52333524854587
-0.270008048006002 0.463693162981707 -1.41650532092387
-0.448984226210386 0.338065692626854 -1.31995972278909
-0.366425998285354 0.432498185410237 -1.29550979825074
-0.517578891637736 0.242771855081144 -1.26314913831785
-0.565765415680936 0.122924697033806 -1.19384462881736
-0.0151276997061849 0.518572847224299 -1.46548363985146
-0.141128305350429 0.532175888113857 -1.37079016547479
-0.252058914761411 0.514077540421141 -1.26110826308284
-0.45487650757647 0.360729174262868 -1.17466318333539
-0.34534608074627 0.468653531677055 -1.14487690809805
-0.532358761656316 0.235981126619121 -1.10822454444182
-0.567698373630174 0.120504337186473 -1.03051109102605
-0.00657245729631886 0.565396970066914 -1.30726904435016
-0.123896822778976 0.565337261994983 -1.20968559651806
-0.228028389157155 0.536729582186075 -1.1027161490331
-0.484535147378591 0.320550493403348 -1.03785416473189
-0.410963232146164 0.410126090563927 -1.02622975100208
-0.313786089853909 0.486104769401686 -0.989067224062238
-0.52233318426323 0.235242171079534 -0.932243517558186
-0.554176806823156 0.113575104339673 -0.87138863614435
0.00685100495276481 0.58307933822851 -1.14392484420876
-0.102911297573792 0.573375120306188 -1.0482416576159
-0.201256552839764 0.538819512888304 -0.944330556087896
-0.460238522725475 0.311451555261819 -0.797381020056211
-0.458454638324747 0.343158852311764 -0.927765251266244
-0.382852471088075 0.415186703309256 -0.859348307465592
-0.280717284865738 0.488137163868468 -0.843754442599614
-0.535715603309394 0.0909028708338892 -0.722272880655326
-0.510733984061669 0.203583978039985 -0.760956415722538
-0.449261200083706 0.278790419763252 -0.633829827634388
0.0244431106870431 0.578604671633059 -0.980607097758473
-0.0832827123305244 0.563869363011767 -0.891720459436622
-0.174664103874236 0.527173607627842 -0.78731157891731
-0.387898333684458 0.368676371003305 -0.669179660974126
-0.322539888539852 0.438395547757865 -0.72159753082177
-0.244536322829383 0.475991325039603 -0.665027429390648
-0.510121815207974 0.0622574330431652 -0.550070844625187
-0.497201080343259 0.163758241463149 -0.604969169489338
-0.385610874709623 0.324950735583678 -0.487274344208486
-0.449137923627151 0.224535226686594 -0.476717225706172
0.0319231280923956 0.560981985875743 -0.825505597200968
-0.0768694601928891 0.541803220511807 -0.732844838114384
-0.153287067190111 0.502624873715538 -0.60573668378985
-0.3128236070519 0.405660839871213 -0.533140513246787
-0.218820060851148 0.454432738907615 -0.481458026395735
-0.327059609004003 0.355596611908885 -0.340747332857481
-0.467375829062336 0.085960725800875 -0.284747336638491
-0.477319735627238 0.128099875016645 -0.427447840960744
-0.398337020793419 0.271410010915046 -0.336264911763366
-0.438273467413075 0.186902809471263 -0.293368581071116
0.0254200490763162 0.540051069702434 -0.689335213907775
-0.0377726399772759 0.520339406829272 -0.579687391289168
-0.106654176987881 0.490233836950474 -0.45990478758633
-0.262868837076415 0.405904403530144 -0.340628256781396
-0.167539055327214 0.453260377216323 -0.33227200748922
-0.350826914991563 0.308213562822082 -0.186871492305513
-0.280355198115865 0.370992247578623 -0.149264004258037
-0.458527298227872 0.0528513003064725 -0.117558626295462
-0.441802675107297 0.139327751264633 -0.145205196243271
-0.401346925885851 0.232434243192419 -0.147534481831515
0.0173146582295295 0.49809944814588 -0.432624171554289
-0.0677907156343867 0.476972572138993 -0.313940160421971
-0.209515272560891 0.415916824157469 -0.1506749215039
-0.128379107289158 0.448046441592614 -0.14505152153132
-0.370208646721839 0.272023008964396 0.00432525102159254
-0.24090147344367 0.392578225876987 0.00438980776663321
-0.309949749581474 0.339849888546719 0.00435736896958303
-0.449048567570189 0.0930193555405486 0.00427035117136567
-0.419818728369535 0.185324014896416 0.00429395448684798
0.0138146713096617 0.476468139614041 -0.261359885965785
-0.0444908112156797 0.464062955665888 -0.13388918030162
-0.165465567828084 0.430586512346803 0.00442097184132166
-0.0832894323785294 0.454477943777504 0.00445089421493741
0.0100265752683937 0.46283509111728 0.00448216616677489
-0.458625584261044 0.052857043463069 0.126075994879271
-0.401466497831238 0.232491466297771 0.156139047535003
-0.350965385621575 0.308313818560288 0.195529843510374
-0.209615230036299 0.416084183817008 0.159466688431205
-0.280468335335843 0.37112002567168 0.157995391673293
-0.441919410028419 0.139355604538486 0.153753916059512
-0.467521307042063 0.0859712202966517 0.293249428233185
-0.438425911382507 0.186942465638662 0.301918036460452
-0.398494554102747 0.271473401906914 0.34486485308516
-0.12845127309853 0.448249351191477 0.153905471179825
-0.0445245988162303 0.464287111126006 0.142802008876321
-0.167677506484792 0.453498303252815 0.341070574031603
-0.327223562631014 0.355710279574815 0.349419697515835
-0.263029815884123 0.406066639725785 0.3493556556214
-0.477453751277401 0.128098816172459 0.435946598386686
-0.510333251504045 0.0622429467468082 0.558504912349008
-0.449292833356081 0.224543935677465 0.485262610038549
0.0137923102816634 0.47682443932625 0.270282923724664
-0.385779310396262 0.324987132368374 0.495895394716857
-0.0678799522445364 0.477285719788013 0.322805723414721
-0.106791182163122 0.490439106526894 0.468744438811249
-0.218985593808473 0.454559249307352 0.490222932391343
-0.313014179305798 0.405731679759177 0.541831406457624
-0.497520773925554 0.163778877290147 0.613424370289701
-0.536538239980815 0.0909634016652691 0.730563840293172
-0.44963115391482 0.278873822485447 0.6423505827893
0.017243936262034 0.498396495368378 0.441535679765078
-0.38831386198557 0.368857755770381 0.677757549732647
-0.0379340382449731 0.520519854787605 0.588576811639681
-0.153496285550365 0.50277875369317 0.614548477882677
-0.244841037438017 0.476205561008692 0.673753514215617
-0.323030580068424 0.438748073850997 0.730211242553888
-0.511744482035088 0.203830923925763 0.769269149959438
-0.556286582863184 0.113892380693549 0.879411073426778
-0.461347717273027 0.311973088892461 0.805721788549609
-0.460615341034518 0.34450699382359 0.935855233612862
0.0252212148178409 0.540321723433106 0.698252056608439
-0.384100840600316 0.416219166229106 0.8677156246254
-0.077158098132427 0.542188860541893 0.74167416983936
-0.17513648101982 0.527807947222582 0.796019579200911
-0.281575716707833 0.489125668609898 0.852280661729997
-0.524950680018582 0.23621742888316 0.94023035934412
-0.572077362534594 0.121321599720956 1.03815665106168
-0.488185420385899 0.3227308610648 1.04566304745962
-0.413843676352947 0.412629535433756 1.03422859602353
0.0316637758833772 0.5617310009309 0.834350218304853
-0.31564277891813 0.488438760099882 0.997312614833683
-0.0838084986594422 0.56516949071444 0.900395220499533
-0.202301792474706 0.540694869216695 0.952806447411095
-0.537620483527236 0.238160712022091 1.11580996417463
-0.573098462484283 0.124447745682844 1.20122305428039
-0.460201570822388 0.36466700195084 1.18234939862252
-0.348927637163757 0.472993992328466 1.15283766137156
0.0241291406264568 0.580672015220013 0.989276161213189
-0.230107438213054 0.540692866052991 1.11093395677658
-0.103876392759144 0.576484126591964 1.05669323651649
-0.525392405753263 0.246299529761515 1.27062958112323
-0.549310750966069 0.128207598817097 1.36201018337599
-0.456461787579028 0.343496778332797 1.32763261555761
-0.372078300691926 0.438806345510798 1.30341292002084
-0.255599601290736 0.520554751837287 1.26925397475138
0.0064778520764199 0.587478424371207 1.15243293968832
-0.125559506871035 0.571071697885925 1.21802980138639
-0.48450389428319 0.254018563516931 1.42316624098776
-0.49214622136413 0.134472566928433 1.51327110315747
-0.389592853870541 0.372747895987273 1.44603315236216
-0.275112323872491 0.47203701799111 1.4247032468709
-0.143652900039285 0.540508442308822 1.37927984497247
-0.00701751482063593 0.57261134309341 1.31587285812543
-0.403619103416741 0.267219947945878 1.56109118951677
-0.400982441945295 0.134369199969038 1.6406416219273
-0.288836167645778 0.385190294257805 1.56618937909523
-0.156284268656801 0.476553439916297 1.53157510996206
-0.0156046036623752 0.527829914939045 1.47429455529553
-0.294970715711194 0.10732622416906 1.72608964511069
-0.280711481053736 0.254357536726172 1.68536621383947
-0.158738075375493 0.377644305169189 1.65922411481229
-0.0183275990083126 0.447550820268966 1.61601181879384
-0.168195815343839 0.131639148144303 1.76839447714076
-0.137091849733189 0.264217891239239 1.74330103493096
-0.0171891020064193 0.331920522461916 1.72575882188895
-0.0290084959760796 0.180635757700451 1.78664255245453
0.106484287284684 -0.145734656722113 -1.80662563836085
0.0816667349445565 -0.272138945936474 -1.75450498977803
0.110363729846808 -0.376734750373672 -1.66323212881657
0.115253435836633 -0.470117749205764 -1.53562540387992
0.155736680058293 -0.00366970672513644 -1.8153069169298
0.23840262593709 -0.111504403606589 -1.76750788369033
0.228326071023797 -0.25538872639961 -1.71111737151552
0.244416946226314 -0.380178504445396 -1.58843172513582
0.11756459138827 -0.53246189963958 -1.38606740598196
0.237593656039998 -0.465241059385546 -1.45374815074101
0.305753097028302 0.0077264154051917 -1.74015957181001
0.351847622627503 -0.13404298617903 -1.68021426121072
0.361326991464898 -0.266161403054002 -1.59338397469146
0.353545186096744 -0.371049919166056 -1.4780742626204
0.128245782079337 -0.561909629937832 -1.22532881923659
0.238716568854791 -0.511626524784854 -1.3065410082996
0.330366760726131 -0.442448517429614 -1.36236453008127
0.423253211368326 0.00378464753233293 -1.62844038412472
0.454177702107868 -0.136159165023598 -1.55413447935944
0.453017232034329 -0.259511646363361 -1.45566069075378
0.424552737330325 -0.362393801705914 -1.33875670283454
0.16070092327383 -0.559405240614448 -1.04943988148179
0.240525819758975 -0.528917085766554 -1.17144980208172
0.355755039437869 -0.455395511934154 -1.21569921607941
0.508842920355809 0.000876202752286946 -1.48794766249959
0.524220551759357 -0.131765956023028 -1.40484698654898
0.507422694662674 -0.249887490934923 -1.30479783471138
0.463397198456173 -0.349305495817539 -1.19186476809008
0.141520905733826 -0.549883335574534 -0.87607411183159
0.257906898558941 -0.511145961667598 -0.913177270573578
0.300490782257375 -0.499417753057339 -1.06230490437212
0.407498874906326 -0.417414707120445 -1.06822646282499
0.560843374852843 -0.000553133534954199 -1.33027798536684
0.561518056319497 -0.124895463894445 -1.24613683753632
0.533558644230913 -0.234722123868745 -1.15399049258606
0.487874035134786 -0.319173092142931 -1.04369321959355
0.230233661046012 -0.5012764156459 -0.757104110677766
0.117905335489275 -0.532336478352539 -0.720598221837508
0.34854377270627 -0.435290028007523 -0.792953511268068
0.353444437347437 -0.455380755468925 -0.949223186934769
0.431942409855809 -0.377800438623246 -0.918393127721951
0.292982714339601 -0.443030994448156 -0.628421938877807
0.582809399770553 -0.00220692721454834 -1.16516927960002
0.572083387813811 -0.119272592229597 -1.08347515065828
0.539831182506868 -0.21790784469377 -1.01722589305754
0.503910824629903 -0.271499992920063 -0.9009202247668
0.186073501896366 -0.492174127542514 -0.602887345467824
0.0732046496278864 -0.515375132665892 -0.573508334743209
0.240068877406406 -0.44533095361316 -0.475340167065919
0.38598220766235 -0.368021913982109 -0.637676535585372
0.445945283665182 -0.331380461878966 -0.775141454006861
0.333976990331149 -0.383171031824717 -0.485865980585593
0.581525225523302 -0.00734993370630692 -0.99936638336157
0.557129582680502 -0.136055088515827 -0.907993979833134
0.509795269454308 -0.218165620783082 -0.765345509834213
0.457043971389211 -0.27491500166734 -0.635039474624263
0.134276935819434 -0.483716949048508 -0.455005480477703
0.0926724902188392 -0.473145672608486 -0.309702423510646
0.189945262821404 -0.446176866503046 -0.326459500912019
0.280141956434696 -0.39805620264921 -0.334963735619897
0.413570185254469 -0.296320269222779 -0.484862490665787
0.36063938150716 -0.328260056227425 -0.336413034516793
0.566287603905838 -0.00784101498916991 -0.845636922923004
0.542112381308583 -0.103608966425255 -0.746658572276418
0.503491784302394 -0.169618532397582 -0.620326297127482
0.459491253951544 -0.21599176446988 -0.47568934792511
0.0657616520869491 -0.462167793357579 -0.131961092047473
0.149396061864412 -0.443665432207195 -0.142155075744013
0.228076327376625 -0.410021236158453 -0.147178896230386
0.309190360956698 -0.357164220592891 -0.184518964841608
0.413431380414534 -0.250309041995441 -0.294102370931032
0.371306310983482 -0.289128693167546 -0.147005533067622
0.546845945423011 -0.00206860277547151 -0.713199110890843
0.525538734478407 -0.057018597940874 -0.602726084203392
0.495051344660118 -0.117222750598992 -0.48004296612365
0.457653494969678 -0.164610949321265 -0.317731290028158
0.10373554585238 -0.451820032155583 0.004411862979754
0.186250302344748 -0.42538826951528 0.00444239007613273
0.263554774118055 -0.383289649271686 0.00447126139349532
0.334320754423375 -0.324490638730794 0.00449788919072391
0.426106748183552 -0.200442373775217 -0.142502655543047
0.396676867122738 -0.245594055567777 0.00452077203910726
0.506574445055327 0.00226689014692391 -0.4647222799287
0.483946926097634 -0.0714394369928774 -0.339459838396875
0.45943293577208 -0.11209865694646 -0.170040983066023
0.439417504577305 -0.158076286490197 0.00453728823526211
0.481077167994951 0.00644068106360755 -0.266273073307464
0.468748709864915 -0.0443361243252713 -0.132828802806545
0.460585307463377 -0.0784079455601693 0.00454801076675486
0.467172958504218 0.0119290621291324 0.00455898905893293
0.0658024667342934 -0.462382303779246 0.14074148359675
0.149486342484389 -0.443898797317702 0.150992430699653
0.0927462937885291 -0.47347358401152 0.318459713990092
0.228220132165169 -0.410255679872558 0.156071972960115
0.309427390627569 -0.357415767250776 0.193459182003695
0.371560609092681 -0.289309611938443 0.156001558721594
0.426404582951456 -0.200566435409154 0.151539269205079
0.190098770293484 -0.446511976316427 0.335277959345548
0.134342479464552 -0.483979739269679 0.463774099449784
0.0731956559147983 -0.51557617850106 0.58223156616518
0.280383072986937 -0.398375988584982 0.343840125318804
0.360973232528199 -0.328538458889404 0.345340292709937
0.413840918217078 -0.250529959854696 0.303075318695985
0.459809658656309 -0.112172935178212 0.179096048726151
0.458127589143555 -0.164751875410907 0.326726951680525
0.469072853140215 -0.0443531312254719 0.141911243773591
0.240198593928854 -0.445583267378278 0.484176200982378
0.186104935488943 -0.492377368591131 0.611685033070191
0.117895830568934 -0.532713619742754 0.729309490692611
0.334178655294013 -0.383396701184247 0.494758890420935
0.41385393424145 -0.296501059438878 0.49380008368411
0.459840311538464 -0.216124549998484 0.484654217686726
0.495442104262457 -0.117278160344994 0.489034814655696
0.484459345453384 -0.0714831791305885 0.348473945606107
0.481585813688312 0.00647423319758 0.275323356922444
0.293064733436113 -0.443219996310747 0.637286882875984
0.230318999522268 -0.501700857858653 0.765879405995692
0.141653738589118 -0.551035301860561 0.884663004986771
0.38612257469233 -0.368173099307083 0.646593234789376
0.446246045718558 -0.331612431062596 0.784037142574416
0.457237279237729 -0.275014211645833 0.643994868876697
0.503728774643076 -0.169662867660773 0.629314439190401
0.525806107260696 -0.0570036261759142 0.611741398531209
0.507003383474164 0.00230993426744946 0.473739968266705
0.161377681518739 -0.562376434475281 1.05781016181166
0.348794222877027 -0.43571005480114 0.801783162921974
0.25836948449103 -0.512384641701105 0.921812503990644
0.354320819401558 -0.456630569818928 0.957870784794988
0.432804858307938 -0.378583642680385 0.927143355829496
0.504774263984155 -0.271943808940142 0.909739350654419
0.510120282624946 -0.218270189311683 0.774293526631583
0.542414206551761 -0.103620205715604 0.755651505621598
0.547099369758973 -0.00202060795517632 0.722224637058011
0.129516203518569 -0.567800833753483 1.23358446024798
0.242479069509246 -0.533327788585113 1.17976728901677
0.301965877025392 -0.501989464118917 1.07075437543399
0.409496185193487 -0.419476905980242 1.07676755342909
0.489909656267689 -0.32048292466719 1.05233013133426
0.541721439545816 -0.218634913289085 1.02594246904864
0.55809557389429 -0.136234675401447 0.916877158903329
0.566882588944061 -0.0078004266347376 0.854606833742849
0.241816633465138 -0.518175595566144 1.31498940280563
0.119566771124252 -0.540958612672242 1.39454615549723
0.359096449946716 -0.459611750679154 1.22414819903117
0.467236532424224 -0.352119530184707 1.20039590500921
0.537221807943796 -0.236286189141106 1.16259717455967
0.574852659813369 -0.119812233270111 1.09219985897044
0.583267630537738 -0.00732278480384938 1.0082110686306
0.335277469455687 -0.448816909317702 1.37102986588045
0.242073543012266 -0.473490239571303 1.46251031833931
0.117927718196792 -0.479461904900457 1.54396778665945
0.430334898767531 -0.367156592786616 1.34747463109317
0.51349162344989 -0.252783602772413 1.31353079050738
0.566899420877747 -0.126061162793185 1.25486423529975
0.586804495602994 -0.00219132827356197 1.1739214828269
0.360296333477703 -0.3778043881459 1.48703535236607
0.249990359719199 -0.387981936315377 1.59665402183964
0.113206624742988 -0.383760856434391 1.66865918202391
0.461089851351527 -0.263966645601178 1.46474193784001
0.532335840536718 -0.133746729205523 1.41390697742598
0.567766187325195 -0.000538675688366098 1.33921401142694
0.369409491192865 -0.271644232260524 1.60189841867152
0.0839252924746691 -0.274333381629689 1.75033072005255
0.233540567563211 -0.259789921566903 1.71437347320608
0.463653361362517 -0.138841175491366 1.56322348639954
0.518128366451744 0.000921432397168681 1.49723673630063
0.359763480977319 -0.136615238113682 1.68647345158868
0.10846112322966 -0.144275463024641 1.78680083081217
0.242633532524851 -0.112495834850203 1.76389936305432
0.432568639493013 0.00391888765829312 1.63672530823195
0.311841489188154 0.00799458358970173 1.7418837791157
0.157199975025878 -0.0031256251633553 1.7939701892682
0.0840688641149625 0.111045205780938 -1.82040943796486
0.109894343172634 0.245111462062489 -1.76492203794006
0.221243028239028 0.135467890393771 -1.77011280833979
0.120521110774913 0.371370780089572 -1.66697696166321
0.248578731628784 0.270013917550052 -1.69031747004527
0.35299469096181 0.143854413490355 -1.67619097351302
0.250916734428074 0.3836543217322 -1.58084719576339
0.118932982011848 0.468974703476569 -1.53867066589588
0.368239952469206 0.270517160712372 -1.58294272826769
0.456756806126583 0.139361540624911 -1.54929221932812
0.358043474434228 0.373106369006688 -1.47040882182838
0.240503086143618 0.467088943484083 -1.44991608602857
0.118013026517863 0.532833555127124 -1.38957225254828
0.333232013957229 0.443687725456413 -1.35727578195159
0.457132972224693 0.259939254109376 -1.44843622217916
0.526394441453668 0.131371621262371 -1.40001328163736
0.428435633774282 0.361203453064276 -1.33442006657708
0.240218475739783 0.513571952221706 -1.30165928485813
0.123101876244899 0.563835531179693 -1.2317015369969
0.360584591179863 0.453522784960899 -1.21403755315117
0.511076859991712 0.247230831023468 -1.29802866358803
0.563333834227583 0.12256756478917 -1.2393809091254
0.468096046879996 0.344873855282122 -1.19152037197947
0.241479114027681 0.531101240772367 -1.15208221802586
0.130179933193026 0.569185727567202 -1.07056583557281
0.416775782674171 0.410256690721962 -1.08813377081578
0.331794908498013 0.48049721911434 -1.05133903443705
0.536123469020296 0.231956043760663 -1.14133776864162
0.573474163269477 0.113843337518041 -1.07462553565406
0.48493054157703 0.325237718740088 -1.04228069511492
0.232942965236135 0.533333804210062 -1.0132249107254
0.156152841103226 0.549672105968168 -0.895823821997434
0.406426658291218 0.408690846436215 -0.934379404716311
0.291940004877451 0.492682518690421 -0.902161276776092
0.5638015574639 0.109123630876652 -0.911530085065434
0.537480925248876 0.219291832655415 -0.980653637414774
0.484537364297139 0.307537767287258 -0.908042111475957
0.440845703635298 0.34272131584588 -0.788886965582148
0.239928985739347 0.498094557540381 -0.758154259689825
0.127002823968331 0.532657891549477 -0.728519898795515
0.349449578404788 0.433644628010804 -0.78140443231357
0.299951121623333 0.44210303795781 -0.641628369503748
0.544932986365908 0.0985150487387953 -0.756903340984577
0.515240374979636 0.22135395051394 -0.804318318081129
0.50602647150142 0.172908245640625 -0.639087283218271
0.458016499759845 0.280288733702456 -0.653415972515395
0.387401193172787 0.370915640642705 -0.651489874545815
0.194460218612234 0.48996802202799 -0.603298347446903
0.0802577798917138 0.516000169139053 -0.578262322214305
0.247130734896556 0.441157805526493 -0.469149042745168
0.333139212641279 0.389387307784813 -0.508497071825765
0.526351636634384 0.0592806842381358 -0.608417114487878
0.495580091072642 0.121969501415598 -0.489410441914418
0.459003884858396 0.228904250016179 -0.506653701275387
0.400591338231563 0.312243894235642 -0.476758810751331
0.140627866733815 0.482759047403233 -0.455803263383605
0.194367643411564 0.44431284924497 -0.322478115254207
0.0968843060910276 0.47289472577226 -0.310524004716197
0.287197551022634 0.3923905128741 -0.326650154043612
0.348881022681821 0.339849486781709 -0.32891718373326
0.483625299723635 0.078231138649622 -0.344727000436977
0.458489919767277 0.17750765852626 -0.359642553808077
0.414368814566986 0.257477223669046 -0.331369336250979
0.23517290541877 0.408749057905166 -0.178213264484633
0.146765347859459 0.444731679457451 -0.140262828954594
0.06619507496499 0.462417602577106 -0.132468014032791
0.310494842103414 0.353008531105597 -0.144141099066016
0.376442109265029 0.286610664355418 -0.181609007258118
0.466294375877307 0.0664856898350658 -0.135448604141272
0.453741167058192 0.135188774208805 -0.177022600232874
0.425697746221242 0.202046999058842 -0.144815055296188
0.268222080121977 0.380473515124975 0.00455490746907964
0.187374985040335 0.425232940863475 0.00453507556683293
0.103151878762854 0.452228409674688 0.00451098669220803
0.344661947558982 0.314031797219261 0.00456841797217107
0.400274458756333 0.240128739617308 0.00457286360177651
0.456072973431519 0.101563215853896 0.00456716625056749
0.437325993994823 0.164057864943262 0.00457149595365824
0.0662189419442984 0.462670020817304 0.141450797526831
0.235335840673955 0.409073250194551 0.187275725726512
0.31069858874557 0.353265014875265 0.153242809071518
0.146840953187512 0.445006364772435 0.149291072464453
0.0969202336793241 0.473290667048357 0.319485510983974
0.466624221667525 0.0665477297038014 0.144553256882303
0.376749833620916 0.286870930555108 0.190715485712841
0.426007261342405 0.202211523393017 0.153934874689393
0.45412911953758 0.135324332517245 0.186125735214903
0.194498190346675 0.444727115079148 0.331485877579774
0.349201258547616 0.340220935420274 0.337976086995977
0.287436569638169 0.392793153517898 0.335693142485864
0.140632270715923 0.483087422129033 0.464780531550631
0.0801437952083779 0.516217775076078 0.587220986374737
0.484140401328768 0.0783497573347019 0.353770388357438
0.414783161822303 0.257780586611088 0.340435129514066
0.458958257894009 0.177730856209547 0.368698109868362
0.495957094019481 0.1221121314926 0.498452529852327
0.400851924946994 0.312530941303268 0.485815781720554
0.247221296309227 0.441493573464086 0.478171503905905
0.333279324198903 0.389683378981362 0.517547689859908
0.38745911463377 0.371131992057475 0.660564922393176
0.194393548729891 0.490202914996829 0.612315784605917
0.126844710676092 0.532996299437914 0.737490780123518
0.526606802226392 0.0593603804115999 0.61745932266451
0.459302927907989 0.229120251257877 0.51571165849298
0.506224804610124 0.173043162750116 0.648154692915462
0.458147873997456 0.280470660528788 0.662495123333045
0.299936956152014 0.442336802009057 0.650685056457755
0.349515997644108 0.434014247190937 0.790444649272796
0.441032119466148 0.343030403701887 0.797938317558566
0.239862251548781 0.498470002602195 0.767169351668064
0.156113240382685 0.550765538077338 0.904695249772302
0.545219272663125 0.0986217502401877 0.765945053087692
0.515574277963429 0.221577646646953 0.813366530985489
0.48521921969259 0.308104724600312 0.917007705721728
0.292193070599407 0.493619757873296 0.911085087794473
0.407064156014078 0.409592008673507 0.943316717590233
0.233452157062479 0.535324946515336 1.02199587522586
0.130454293576234 0.572154096436872 1.07922668626986
0.5647205209024 0.109346689123683 0.920485441765127
0.53882110650637 0.219913525789188 0.989560792171941
0.486623246217865 0.326509161342412 1.05111386942664
0.332901834110091 0.482571886306391 1.06012924746245
0.418585702538933 0.412298730875019 1.09691110798888
0.242798430862664 0.534802774969458 1.16075050420523
0.123913831972299 0.569311789275542 1.24033006698775
0.575997819399846 0.114389730987055 1.08344200860454
0.539287306738998 0.233404345017751 1.15012338397314
0.471448319935905 0.34749755658027 1.200279462337
0.363349405660236 0.457344186218159 1.22277938201415
0.24267031549937 0.519497456690149 1.31045510788321
0.119503194903825 0.54076857088544 1.39847992592628
0.568378021951746 0.123704126143203 1.24820119612714
0.516557474086699 0.24995000940196 1.30692982119726
0.43350383107294 0.365602469621108 1.34337303041825
0.337390967524734 0.449507264546557 1.36623827132714
0.244286382165111 0.474728503447174 1.45906246217115
0.121124530988167 0.47788681381065 1.54759419954265
0.534105962926215 0.133319989982127 1.40915902656213
0.46449051931495 0.264160263910115 1.45770570987252
0.36398257448902 0.379387246244286 1.47967767339734
0.123049379395045 0.378426259776642 1.67352268400014
0.255867951497332 0.391121999746384 1.58974702860319
0.465799246893422 0.142092139192027 1.55853952233888
0.375654734727092 0.275858213506107 1.59196611350357
0.111962978127986 0.247729575326125 1.76230760770793
0.25368176028657 0.275063079463384 1.69632904667678
0.360572867512079 0.146748475637523 1.68303728442932
0.0854074025086253 0.110121433297525 1.79685005902039
0.224898714582484 0.137108077998927 1.76737247056996
-0.191331445733468 -0.0753471027194924 -1.79676091081354
-0.240227721852973 -0.135108288343405 -1.76021009316225
-0.262738860378617 -0.0673346778939775 -1.76299864630685
-0.0925973952253096 -0.239708636313078 -1.77103454819352
-0.159574287889009 -0.217000376104043 -1.76387507453598
-0.101442256853826 -0.166210012179333 -1.80116804283344
-0.0315910769528587 -0.274021548979953 -1.75979906105018
-0.0902483223398751 -0.307082110825232 -1.72929525368746
-0.0937425790194271 -0.365450713195539 -1.67914666347754
-0.155644751790958 -0.325360766906305 -1.69517196098189
-0.327525979214502 -0.0661960350663699 -1.71864915439139
-0.296130764211875 -0.00646200765980759 -1.74703152264907
-0.204486154524599 -0.270755708829287 -1.71402827019578
-0.2283723847328 -0.205643179969591 -1.73893102094632
-0.291410449462514 -0.18210305107969 -1.71055196432157
-0.223787945916029 -0.327053999228361 -1.65933704165573
-0.226034325709609 -0.383128579911636 -1.59867466644869
-0.286674104775935 -0.32733651272348 -1.6122064764335
-0.344269451860801 -0.13312242533666 -1.68761725536025
-0.383077485873753 -0.0711758973543634 -1.66702870450511
-0.344695826663586 -0.203268435012911 -1.65531048981297
-0.112114832116703 -0.0855184479075892 -1.81969671851351
-0.0365062497160757 -0.11568668420507 -1.82480335614676
-0.142116404857933 -0.00944674225855813 -1.81939402862519
-0.0265022127152241 -0.396008272493958 -1.65853175978602
-0.0938465800669248 -0.417468393132803 -1.62157664168594
-0.0907439468618128 -0.463175331502377 -1.55662630689312
-0.1600309968332 -0.42879874148446 -1.57962264328567
-0.221843260258006 -0.432363480803954 -1.53196157697566
-0.432141141212721 -0.072978101257524 -1.60852235402852
-0.412501140988304 -0.00448237225073197 -1.64143407836286
-0.343495935297257 -0.268818565822556 -1.61091409067504
-0.397472698576006 -0.207034038021615 -1.5943098240566
-0.342437672793522 -0.327767594737151 -1.55341446581673
-0.214583634898288 -0.473178908187864 -1.46005445232653
-0.277923377643851 -0.429953530023264 -1.47830810996967
-0.336621890142612 -0.379182236340591 -1.48949577079266
-0.327966493746541 -0.421850360814816 -1.42018100422298
-0.390665901940423 -0.322628660649599 -1.49048015962664
-0.441685193753298 -0.140644849166221 -1.5711374026181
-0.474883203790296 -0.0719893460531338 -1.54308219194378
-0.443522794490094 -0.204138959586662 -1.52822785751441
-0.0202996468257412 -0.486823929460413 -1.52955284291986
-0.0855978885643288 -0.501610361851876 -1.48531872132691
-0.0788848451067599 -0.532185827674872 -1.4091717267504
-0.147658799202473 -0.507454472197358 -1.43673604625679
-0.205698922759711 -0.505291418713247 -1.38421890657429
-0.510479643163897 -0.0697995361587899 -1.47161242974089
-0.497558600392999 -0.0030671366540315 -1.51046407728776
-0.195687837482311 -0.529064528690039 -1.30601521653458
-0.2595218989101 -0.495708432820494 -1.32841465919064
-0.481537543533017 -0.19837968000362 -1.45765469609762
-0.439641056446136 -0.261847209650276 -1.47931796947569
-0.430900071986325 -0.313003240198548 -1.42561622223194
-0.318830281196676 -0.45486498528722 -1.34633775123376
-0.309443400123764 -0.478809369592101 -1.27034154280667
-0.372076513505636 -0.408022402639192 -1.35977313312504
-0.462793384039829 -0.301843107794733 -1.35881323412446
-0.41913226314592 -0.356518847820829 -1.36744289536634
-0.411756299896853 -0.387325094270188 -1.29946963240239
-0.514622665284113 -0.133317095943046 -1.42894293027152
-0.538382668350157 -0.0674776612516462 -1.3954683624026
-0.511094901032117 -0.192523868860349 -1.38292097487299
-0.070660455135597 -0.554864366317322 -1.32980207386454
-0.0100974407626134 -0.547404795796615 -1.3777896437526
-0.0609522258733189 -0.570056030171287 -1.24871695232185
-0.128997107751025 -0.553986375145539 -1.27935657717288
-0.184633434445015 -0.545330155752257 -1.22681509575385
-0.558522904389971 -0.0655520014072421 -1.31623527465449
-0.552943378506545 -0.00193654194075041 -1.35822711656002
-0.23688205652467 -0.529526986170164 -1.17250710242999
-0.172845871809688 -0.555038176185973 -1.14752471070351
-0.284767434627299 -0.507485628541159 -1.1168734132626
-0.298217685189126 -0.495873159049376 -1.19388642353321
-0.356012918677658 -0.454263786740677 -1.21155565524919
-0.500659101031849 -0.247105680017144 -1.33461091338992
-0.531950134817491 -0.18862117084559 -1.3051325868651
-0.482806888285619 -0.298539873325706 -1.28628359898557
-0.452250081548331 -0.352376657604883 -1.24718447002217
-0.491551123260023 -0.302403648876409 -1.21234377425299
-0.398180524752012 -0.422982949018062 -1.15380624868075
-0.408917878438121 -0.405248881876353 -1.22627730500062
-0.555739133277404 -0.127006256886982 -1.27186737521957
-0.571343943318181 -0.0640429556386794 -1.23541261430943
-0.544901803575981 -0.186149470944385 -1.22627434559236
-0.0502444790784092 -0.578458351074993 -1.16730646461838
0.00720519960783129 -0.577194845848283 -1.21446411470505
-0.0400391227826834 -0.580962236977631 -1.08682439019431
-0.106969348806941 -0.572229796317802 -1.11899630993999
-0.161110116356596 -0.559054921555212 -1.0686711578864
-0.211121972749497 -0.539797130212514 -1.01610208772836
-0.150335212223252 -0.558217363490906 -0.990482226969765
-0.578663556999812 -0.000991205495079237 -1.19642019340376
-0.577666042186512 -0.0627540881608235 -1.1540445806086
-0.256091178634729 -0.515524432264293 -0.961820020323067
-0.270424945301909 -0.513855103845113 -1.03929395339754
-0.327023085508418 -0.480641751251414 -1.05998062312289
-0.36299156953898 -0.450400240622913 -1.0010774830262
-0.380008084154384 -0.440463519147085 -1.07902020566208
-0.429141592205299 -0.392971677996596 -1.09450688748583
-0.525998520175228 -0.243255835677517 -1.18158546404277
-0.551690143566272 -0.182980504539343 -1.14675490508199
-0.499728089011817 -0.297185674046589 -1.13968968794896
-0.472327935534946 -0.339852859475169 -1.09378766734857
-0.507431243822262 -0.28384138981469 -1.06552846672715
-0.45055770849389 -0.365554664011811 -1.03270109455707
-0.568919662242192 -0.122662086488554 -1.11002424123061
-0.578449654172619 -0.0615944602009926 -1.07286062824136
-0.553067383265557 -0.179432659456986 -1.06500379010127
-0.296120244959411 -0.487189048575578 -0.907244109506476
-0.2421958369572 -0.513156561093234 -0.883450876109293
-0.0323769312590413 -0.578630776970233 -1.00787790289788
0.0271623208623025 -0.581080454581293 -1.05072166426449
-0.0280405891559097 -0.572560958406733 -0.930309910514153
-0.08883384237594 -0.56917040569154 -0.962394408562032
-0.140947001156466 -0.553452726617097 -0.91308084645546
-0.187804222482283 -0.532399063493965 -0.859306614782369
-0.132003711790835 -0.545992912013115 -0.836867413983628
-0.230184133023931 -0.506688116612916 -0.802376165717884
-0.574753642100369 -0.0602568522967584 -0.9927054344449
-0.580438853039389 -0.000206044546168482 -1.03453215700431
-0.329329152655554 -0.456296171139152 -0.847966261661715
-0.348160291698008 -0.453376074786018 -0.921986325029484
-0.394079222065507 -0.416694299344377 -0.94138327607866
-0.472132675108343 -0.331140476247266 -0.977388501714517
-0.434751933172459 -0.377375526319906 -0.965338286064397
-0.425238615794475 -0.376914689347731 -0.892597508275181
-0.548931997125683 -0.177628402344731 -0.980872450114583
-0.53131286955161 -0.231601086351986 -1.02102165705265
-0.504880298177767 -0.280519004034997 -0.989350738733792
-0.488992912959065 -0.295693567814485 -0.921539876168522
-0.492824590428114 -0.272885209252113 -0.854325250705492
-0.460411505817055 -0.327003677323508 -0.864509428903817
-0.567723696173827 -0.0579342236379755 -0.914141678742262
-0.561837194455618 -0.11807548448466 -0.947757331652107
-0.542172630943713 -0.17219900715188 -0.89859524481309
-0.350921215247929 -0.427524697351358 -0.781572116729042
-0.301397801371303 -0.463516957878789 -0.779388781388717
-0.211847421180561 -0.501228331417525 -0.722697638293538
-0.263175514278771 -0.479226517565645 -0.73961359234945
-0.291600887896757 -0.450511926550416 -0.678929347325848
0.0297314316854136 -0.568588600366873 -0.892774569360747
-0.0265313663122075 -0.563712862469088 -0.853781498910281
-0.0777042403304278 -0.553175514943829 -0.813259602247049
-0.0298064829234813 -0.552503948189791 -0.776300711082416
-0.119394140745552 -0.537619566287941 -0.761749658730664
-0.157696697626525 -0.517947880009844 -0.704827868477095
-0.120507641755694 -0.520294123134455 -0.659855220796783
-0.193918566325862 -0.494582773243176 -0.644856391877862
-0.566433324458038 0.00048981912967633 -0.878027778235039
-0.558317345983819 -0.0541734096380714 -0.836861558601053
-0.425608004615608 -0.361925513638442 -0.820068137606373
-0.364038318649564 -0.40031111137686 -0.706701374789425
-0.392664924745246 -0.38722110642106 -0.771613248949659
-0.422370462093959 -0.346081627316715 -0.737905259692665
-0.517610133213414 -0.217568237207041 -0.840910008672724
-0.534514517914235 -0.160929600203616 -0.817850470977102
-0.488949573741649 -0.256494519006557 -0.777052852430516
-0.457349180686724 -0.292144501882594 -0.717819869014583
-0.482951410198055 -0.239431869076876 -0.696339425482855
-0.425678790807346 -0.320798074849816 -0.659860089242953
-0.547076061929664 -0.0501145264081578 -0.759818277422461
-0.544548225335988 -0.104284002131274 -0.792398469922367
-0.525823211756056 -0.147442804908355 -0.73949704711381
-0.283318537289018 -0.439918931180909 -0.599753664101014
-0.32879450452482 -0.416218769133027 -0.642789120431407
-0.352142104065873 -0.386190934640759 -0.59764759899651
-0.190939287266084 -0.476691479093419 -0.539614535965208
-0.229437860828318 -0.46742315875507 -0.58348137810815
-0.261976953020734 -0.437789558756281 -0.521501568420575
0.0209406850981195 -0.54822540408921 -0.744673668023801
-0.02757348767188 -0.5407950125217 -0.702059860142853
-0.0652183939860562 -0.527861186083311 -0.645408254145411
-0.0111113390843641 -0.529657118214868 -0.631322849866227
-0.10008684139166 -0.512028290854058 -0.586190253391232
-0.13433605745749 -0.493726796585562 -0.526845886445363
-0.0762557142606314 -0.504169232546903 -0.514099485358414
-0.166967033380991 -0.473239363010465 -0.466390676787595
-0.544073412416378 0.00280370935251654 -0.726929873834507
-0.534541003278622 -0.0475501064159095 -0.682893160626268
-0.395206598893716 -0.340296106860103 -0.592105191421678
-0.361834244666745 -0.359577828831878 -0.52375349496895
-0.418053715538857 -0.301065577352222 -0.555436828317007
-0.518401385823517 -0.126415332677202 -0.664821014953565
-0.503569856509429 -0.184117043318995 -0.679704846747564
-0.477768827129322 -0.218933833407839 -0.617326733553872
-0.474733428632469 -0.193192283308132 -0.541328703287674
-0.450172973741083 -0.248769016015054 -0.551327726990447
-0.422003460603031 -0.273512462811556 -0.481297298594417
-0.519496997314538 -0.0852331600142832 -0.623379343140606
-0.523507504081773 -0.0277431149557613 -0.610642563877442
-0.501949913575164 -0.118891363085261 -0.561452213182839
-0.330529951224087 -0.373573856348798 -0.452436832110452
-0.357383889658238 -0.33922363976827 -0.413158940846045
-0.284650559650443 -0.409774445626771 -0.451772950681451
-0.301549944476726 -0.383572580747115 -0.376863950709661
-0.24622659344379 -0.427077172202435 -0.410462184434382
-0.195614331195018 -0.451642540378328 -0.402945345345659
-0.21921597469075 -0.430356007955524 -0.335332825494834
-0.143021121034749 -0.469934452134743 -0.393851715819343
0.0443996676749329 -0.528161325053288 -0.631028265691163
0.0150635845635719 -0.518909351949002 -0.567039044687369
-0.0892140753371694 -0.481978539814268 -0.383812733035672
-0.0519537552390725 -0.496267372234438 -0.443319836620205
-0.0358483922891747 -0.487593920789722 -0.371839022330431
-0.0163908026618355 -0.508223971881171 -0.503193395063878
-0.121074939800668 -0.466419004884477 -0.321112914873698
-0.501193667059267 0.0327530648168745 -0.479947284145274
-0.513000319522421 0.00149571712872188 -0.544966222515156
-0.501384930096602 -0.0296945583988454 -0.480055508243477
-0.394042135741069 -0.294779814650413 -0.410227146738247
-0.367020837215073 -0.312851662915012 -0.337231466862032
-0.424970411833444 -0.246621841462853 -0.406352039685207
-0.495368197280882 -0.0916684332718016 -0.489194945505198
-0.482369896596593 -0.151100500204545 -0.499206762889356
-0.4609911590878 -0.181281019284169 -0.43465969279795
-0.438654089999189 -0.20845797606993 -0.366763651062077
-0.41644515107117 -0.23239224285026 -0.295853088008602
-0.45896660885715 -0.15629105645802 -0.361795684393809
-0.48845671686827 -0.0650342339097342 -0.418592624963721
-0.480549831254481 -0.0473405436060027 -0.348205301034555
-0.473105750705124 -0.102047844751997 -0.356169556968078
-0.341089039698956 -0.328833370298056 -0.262089214524642
-0.375885837095359 -0.287841286728536 -0.261245596733766
-0.301896425671325 -0.36552160785589 -0.262151250767149
-0.316064923529716 -0.343998849972547 -0.185704003679041
-0.280919184806732 -0.382031314874234 -0.261900936200264
-0.237412244375899 -0.410832420022903 -0.261864438561694
-0.251744819456754 -0.394096456588326 -0.185438293525524
-0.193269597322024 -0.433669535808222 -0.261762307278765
-0.147541410472344 -0.450734968673144 -0.253218629597287
-0.172854307352065 -0.434957171026766 -0.18259109468173
-0.100773201347399 -0.463314025337972 -0.248519743560931
0.0113159592850739 -0.486165286170044 -0.349084077330766
-0.0238946702868058 -0.479189947971853 -0.297061041675879
-0.0533169059128311 -0.470262817330744 -0.235276818179136
-0.016680203186042 -0.470004024305464 -0.196419768492822
-0.0866741147894168 -0.459872241496289 -0.172037504423147
-0.473005543590191 -0.0338294164020949 -0.276238798101111
-0.480225460888694 0.00164106017069314 -0.327556217192466
-0.375184213043229 -0.273144375135589 -0.148053973557256
-0.39514138903049 -0.253676307895825 -0.222687152076407
-0.420658433285597 -0.207767949678195 -0.220784357998542
-0.425573391964623 -0.183532803667003 -0.145633585333511
-0.440659183172177 -0.159971253672211 -0.218648685743697
-0.456721617533717 -0.133402713796231 -0.289173330210628
-0.455121977387654 -0.111109840044368 -0.216718401637632
-0.464825848115611 -0.0241144559840353 -0.180716539010672
-0.464102602040306 -0.0616303248907833 -0.214188255962035
-0.454905707553878 -0.0874884652676947 -0.146925736785652
-0.258459572605618 -0.382484599129703 -0.0731726037806976
-0.234504152185848 -0.397706402070864 -0.069392694957429
-0.357205314626569 -0.291022109983373 -0.0727144320992045
-0.386854971164653 -0.249711804824927 -0.0720757338838455
-0.33130051238811 -0.322510193937704 -0.108713520608014
-0.342651426830956 -0.306421283293216 0.00427110699721272
-0.279112027136581 -0.365938199437872 0.0042895580814829
-0.300427167165246 -0.350000361694701 -0.072701571523005
-0.184862668252446 -0.423655831650402 -0.0731454203376791
-0.206495413735993 -0.411988342530276 0.00431135665851366
-0.158049307066048 -0.434436946889298 -0.0682485900503095
-0.103504921388994 -0.451061968952153 -0.0690181015753456
-0.127424266438905 -0.443565664738188 0.00433549983402563
-0.0746664715272179 -0.456796395207625 -0.0632476868135101
-0.0177336237594206 -0.463055134928082 -0.0647396412583225
-0.0403240447539963 -0.460506027384688 0.00436281027120157
0.0368168170080759 -0.4692903537153 -0.196206539169095
0.00974533293172162 -0.466146736424339 -0.130436874889809
-0.458588266128124 0.0259441084114012 -0.0577407552418587
-0.46162796997675 0.00170759520281069 -0.119356516735729
-0.458773169647565 -0.0225234864360699 -0.0577302364048783
-0.398923352540133 -0.227340497425261 0.00425650167374339
-0.411687885042892 -0.205613026154743 -0.0712220458200965
-0.431553806322558 -0.159124338483251 -0.0706809219714311
-0.453661554124405 -0.0716203906233973 -0.0519926896061799
-0.456454046388499 -0.0439860424712505 0.00425167544073285
-0.438489183814894 -0.134760855122503 0.00424961260151819
-0.446272348003034 -0.110942247739671 -0.0725609731391561
-0.234544670745166 -0.397782098844111 0.0779945188809072
-0.184897726476998 -0.423746366201171 0.0817764706400003
-0.300477173314944 -0.350063224321082 0.0812641379344286
-0.25850503665959 -0.382558183014723 0.0817596931922044
-0.251835975825197 -0.394250687948767 0.194012968917988
-0.411746144821648 -0.205644504640349 0.0797261762298667
-0.386911870993133 -0.249751395294078 0.0805911419302469
-0.357260229112833 -0.291070428141917 0.0812451274129125
-0.331374697945406 -0.322587771517895 0.117254762597985
-0.375283406140946 -0.273221590298405 0.15656657975407
-0.31616934789038 -0.344119983904846 0.194242732506574
-0.158078035934182 -0.434527586641033 0.0768965343210857
-0.103523799349568 -0.451163773629498 0.0776991002846205
-0.17292159345364 -0.43514803829858 0.191211606426841
-0.0746784241924501 -0.456895207535653 0.0719474015487116
-0.0177329439856528 -0.463163910102844 0.0734754185408381
-0.0867056870533724 -0.460091321377552 0.18071129148414
-0.458826035485724 -0.0225281713012313 0.0662347149859115
-0.453708899040041 -0.0716292858701369 0.0604910254467862
0.0368105151500502 -0.462530136539682 0.0734007293284389
0.00975903795432499 -0.466350311425295 0.139179796166012
-0.464767702103591 0.0275033881675187 0.189256491009446
-0.461725966287619 0.00170330603671061 0.127859594691531
-0.464952759522896 -0.0241275508989379 0.189205247301643
-0.43161335910606 -0.159148382006244 0.0791781727027631
-0.446334804370633 -0.110959713400267 0.0810559048975288
-0.455015599888688 -0.0875138750854434 0.15541201354728
-0.425677734706067 -0.183581797144112 0.154123991800151
-0.440788429038948 -0.160023371354401 0.227123853121934
-0.420785226039243 -0.207835400435866 0.229265766083509
-0.193355123014557 -0.433878165897065 0.270356311518485
-0.147608838183041 -0.450967089243038 0.261840067503579
-0.237511581869134 -0.411015649242595 0.270434069053773
-0.281029203758085 -0.382188836580971 0.270446922100762
-0.219308924305886 -0.430543738306443 0.343901959059592
-0.341209673382802 -0.328954705288606 0.27060325266586
-0.302010656258223 -0.365666590348114 0.270685952331578
-0.301656387741558 -0.383702621421494 0.385385862783268
-0.395265383654648 -0.253760780439729 0.231179424977562
-0.376010846140341 -0.287941303055312 0.269742015051669
-0.416572809456036 -0.232466805819018 0.304326454683559
-0.367139840372166 -0.312952620700951 0.345723808052003
-0.0166784128279554 -0.47026602314086 0.20513148600584
-0.0239006954823266 -0.479483387590032 0.305747148034894
-0.0533371166783715 -0.470533669942205 0.24395735261429
-0.100819036787955 -0.463568440753878 0.257169130085106
-0.121132825010596 -0.466664145510448 0.32973799292663
-0.464236522421228 -0.0616549705096888 0.222665789407328
-0.473144579028905 -0.0338492416483984 0.284709827617651
-0.455253632400047 -0.111147888884023 0.225192213651378
-0.0358658036077708 -0.487861364626265 0.380507254811938
0.0113281982031226 -0.486460497668828 0.3577835753823
-0.480678196670681 -0.0473648250867035 0.35666304596248
-0.480360228400411 0.00162775065939364 0.336026241862737
-0.456854282382651 -0.133447833693471 0.297635071700475
-0.473230072320129 -0.102082657265303 0.364621167878892
-0.459088030074387 -0.15633661144201 0.370247226518879
-0.143086240237831 -0.470142686546018 0.402456357667903
-0.0892579317977419 -0.482217030204592 0.392448640939641
-0.42508487251756 -0.246683124824189 0.414810886643593
-0.438773352434425 -0.208515358631075 0.375220759668109
-0.46110811286697 -0.181324819713182 0.443101260270307
-0.246319661711561 -0.427226871681472 0.41900993109426
-0.195695580749261 -0.451820679434945 0.411520522907522
-0.167039290369829 -0.473406375709165 0.474976519078398
-0.284749439786365 -0.409895057724531 0.460297246517899
-0.330636197240928 -0.373673929557275 0.460937424294931
-0.262081612336935 -0.437918846453919 0.530028879281333
-0.357493424502418 -0.339316658700361 0.421649591647201
-0.394154703338751 -0.294855459326437 0.418699993910703
-0.422127732624599 -0.273574517834252 0.489748137738639
-0.361966848787413 -0.359673283017067 0.53222631950414
-0.0763051239106618 -0.50435247000511 0.522733239290536
-0.051984479002832 -0.496489088629734 0.451972932839847
-0.0164163885504536 -0.508425894869678 0.511864273144055
-0.488576858943099 -0.0650612417773696 0.427036614158556
-0.501522111681911 -0.0297191012606609 0.488490164604875
-0.495507535827499 -0.091700574243117 0.497619995131932
0.0436258676491986 -0.507220196078201 0.511990643161243
0.0150339693516723 -0.519105066957054 0.575724009498732
-0.523582514668658 0.0309654983357739 0.618398866860878
-0.513201678244695 0.0014714310603877 0.553383178017036
-0.523846649583426 -0.0277798792561729 0.619012594575086
-0.482512703185215 -0.151141214083578 0.507629359204968
-0.502169166217826 -0.118939638609284 0.569847483912093
-0.474913963629578 -0.19324887160379 0.54974041107658
-0.100163053520339 -0.512219190109495 0.594798429082924
-0.134406298406098 -0.493893589909345 0.535444079574757
-0.191029349701312 -0.476845681336526 0.548178201053989
-0.450357748531981 -0.248842003201354 0.55974697191506
-0.478090840468961 -0.219043371623622 0.625698440059831
-0.418231492316708 -0.301155289124591 0.563870638715276
-0.229560344523013 -0.467594728330867 0.592012112131906
-0.194072157532229 -0.4948438193168 0.653384055646061
-0.283478476162973 -0.440098033279637 0.608246285512161
-0.329043349365288 -0.416456245302834 0.651229625006363
-0.291879476146575 -0.450847076296474 0.687367882968192
-0.352339492669797 -0.386346761774769 0.606099946668854
-0.395421724907745 -0.340428300621086 0.600535412511386
-0.364477652515124 -0.400706435164938 0.715061990465111
-0.426065042320512 -0.321020682287446 0.668226708687118
-0.0111697077656639 -0.529890380797162 0.639976073137553
-0.0276657290303517 -0.5411699520289 0.710668383541782
-0.0653052938938451 -0.528117911088221 0.654020023935119
-0.120631159733046 -0.520582548346729 0.668423172575244
-0.535154351965477 -0.0476130272471976 0.691189696778492
-0.519868701332773 -0.0852936582979856 0.63173332963703
-0.518916055781541 -0.126521206181635 0.673135362622546
-0.0299374107519588 -0.553170829182784 0.784846270662622
0.0208674230424809 -0.548725160843876 0.753288601644361
-0.548161216059186 -0.0502170831960582 0.768001954593974
-0.544937040148311 0.00277547178627989 0.735176551037718
-0.504126697494623 -0.184277461835115 0.68800987928169
-0.526725654014857 -0.147653446302264 0.74771504223915
-0.483548959655086 -0.239662759700471 0.704636866753412
-0.119618159650974 -0.538254925832508 0.770238099558718
-0.157889275080952 -0.518361784480883 0.713341073991304
-0.212121479701116 -0.50171357390616 0.731156813115266
-0.457995195990843 -0.292476023199042 0.726103697423406
-0.489997601474222 -0.256949683431864 0.785228441274784
-0.4230325188938 -0.346534638590921 0.746184912440608
-0.263553677942939 -0.479781847880311 0.748015121111269
-0.230675004684465 -0.507578498451872 0.810724325534137
-0.301965609863111 -0.464259786535492 0.787704857245018
-0.330272629837397 -0.457468632007143 0.856143291905942
-0.351608384929161 -0.428253842069979 0.789844050102064
-0.393408032063298 -0.387860570789868 0.77986487676933
-0.426718444409399 -0.362769688010982 0.82820145413754
-0.461995253530494 -0.328012480648529 0.872514437809849
-0.426878805494486 -0.378254812058254 0.900575087155786
-0.026708833421288 -0.564872910325757 0.862235229011505
-0.0779328824096242 -0.554083324505022 0.821720811356334
-0.132370375137355 -0.547095219243088 0.845249057712046
-0.54587403477231 -0.104508505575465 0.800518803915996
-0.560089420580773 -0.0543415974712212 0.844891336359494
-0.536020568107497 -0.161318570090799 0.82592610210198
-0.0282806514927507 -0.574430140204504 0.93864433483658
0.0296578990305965 -0.570020900197856 0.90122858818875
-0.570414053828354 -0.0581963645149242 0.921986313217288
-0.568679268936009 0.000460675642607842 0.885974452495469
-0.519253847204683 -0.218162852324684 0.848947905078368
-0.5445256790931 -0.172866194126854 0.906485798107102
-0.494477657202573 -0.273683301232567 0.862340688162254
-0.141520451313349 -0.555234356029063 0.921327740262185
-0.188362959076974 -0.533699361203631 0.867602947828132
-0.243013380137977 -0.514667897961779 0.891650902839964
-0.491271005603901 -0.296954815756865 0.929388884654752
-0.508069041674918 -0.282193810739709 0.997019846118081
-0.474909983103276 -0.332978705686194 0.98510367638963
-0.257364677678498 -0.51784421309081 0.969848214122454
-0.297265409345227 -0.488897075845241 0.915338780134985
-0.349640113338008 -0.455162609381375 0.929995284576114
-0.395966161287141 -0.418557666211798 0.949293012764734
-0.365218187456011 -0.452995582865826 1.00889111168097
-0.437128249900053 -0.379311167341845 0.973130952396175
-0.45382969881106 -0.368081189353767 1.04031294449818
-0.0893367435495614 -0.571466753786107 0.970608441325958
-0.0327040472623378 -0.581449170156967 1.01608167923301
-0.151198834419723 -0.560906870426784 0.998577313306564
-0.564932029447053 -0.118671416990859 0.955514830524173
-0.578603524804964 -0.0606413256306583 1.00035165776705
-0.552386858070005 -0.178661941032406 0.988553186042922
0.027130855901199 -0.584410777421072 1.05893744927477
-0.0404913375288321 -0.584967294632107 1.09491245536129
-0.585018637580495 -0.000229276278019132 1.0420951051588
-0.583676603535898 -0.0621279600456184 1.08032099425554
-0.535182716402335 -0.233203038452874 1.02860628240639
-0.557861889301765 -0.180915666546437 1.07247434980257
-0.511711720708367 -0.286155132329316 1.07300836210975
-0.162358233986188 -0.562864393832907 1.07662183343927
-0.212444267216626 -0.542830292453183 1.02407703969244
-0.272296147859604 -0.517153173605929 1.04714859787259
-0.476644214626383 -0.34284573720349 1.10123919905144
-0.505090422580904 -0.30028053494756 1.14702837885997
-0.433003494295205 -0.396350952139911 1.10202145856217
-0.32951644297758 -0.484097046135679 1.0677173138086
-0.28738033243371 -0.511894167548809 1.12457609031016
-0.38318194392656 -0.443957908053423 1.08664053814356
-0.402452359886781 -0.427358374311085 1.16127092571427
-0.107989853244418 -0.576835832691959 1.12696108515784
-0.050866554285496 -0.583843343783573 1.17532460346611
-0.17457385724703 -0.560129056527074 1.15536795382293
-0.584406184987256 -0.0634582481237736 1.16136164149629
-0.574701198825122 -0.123855014797101 1.11740085404435
-0.557905538332153 -0.184970977702177 1.15406273840025
0.00715856337938718 -0.583314397143713 1.22256831763124
-0.0617825004677654 -0.576905470457397 1.25673300347042
-0.579591518106539 -0.0649307165044564 1.24264757870155
-0.586260605909995 -0.00100268776223789 1.20371373846859
-0.552496371007779 -0.188665496870895 1.23349270152184
-0.532460831430122 -0.246153896425703 1.18884910493306
-0.498010124516613 -0.306260709523051 1.21960606066946
-0.490334014850338 -0.303090967175931 1.29351466795851
-0.458621900263948 -0.357228629752361 1.25447865086825
-0.186922555090842 -0.551765878921202 1.23461023786093
-0.239435834773772 -0.534947226472322 1.18022893356578
-0.301681999532552 -0.501433807270609 1.20148739265192
-0.360430265746786 -0.459753186839645 1.21904013561948
-0.313815625977625 -0.485445193054331 1.27789950089734
-0.414290497380763 -0.410457555671494 1.2336582315109
-0.418174809292784 -0.393273004405207 1.30681465628625
-0.130791488336468 -0.56137679128528 1.28727295293404
-0.071719710888649 -0.563081090291552 1.33787469795081
-0.198586563029689 -0.536755930752744 1.31381560288172
-0.568079765401162 -0.0666256032211974 1.32342499872511
-0.564399848602564 -0.128924688116246 1.27906376302425
-0.540745731603637 -0.191664998838342 1.31231089458643
-0.0101918600137518 -0.556248822128983 1.38603499732534
-0.0801630713197117 -0.541437486241781 1.41728328279888
-0.563134998110223 -0.00192853901098414 1.36541622919805
-0.548806725219929 -0.0687202842625781 1.40254751210883
-0.520691313808736 -0.196075048777281 1.39002025878045
-0.509303814328724 -0.251295678960541 1.34179166795885
-0.471009202781075 -0.307133368416398 1.36601858671654
-0.426569279659101 -0.362779496333178 1.37471944734436
-0.439215174405552 -0.319010406171051 1.43271620576912
-0.378495544074033 -0.415002473217201 1.36716591838707
-0.26360628650316 -0.503430215782165 1.33608313958795
-0.209197067398934 -0.513944336005321 1.39201199160949
-0.324111498307025 -0.46234162833116 1.35386606919316
-0.334060926364669 -0.429716267695113 1.42757291128739
-0.150261432306531 -0.516790281179143 1.44463555701018
-0.0870352704359031 -0.511305601478385 1.49326851431094
-0.21857121845427 -0.482256584244066 1.46766396097071
-0.521060167966964 -0.0711580933555928 1.47829903992065
-0.524895979486115 -0.135909481112547 1.43588880015568
-0.491286537361884 -0.202338257530656 1.46446238966949
-0.0922097544804267 -0.472492423698724 1.56389124636115
-0.0203792464650625 -0.496513605508617 1.53746057724187
-0.484679634891602 -0.073355649398673 1.548726913206
-0.508023408430551 -0.00301636447198814 1.51677280379836
-0.448547507426386 -0.267128317589594 1.48603153582342
-0.452599541447587 -0.208272179772486 1.53423355870952
-0.398509566725739 -0.329147601355238 1.49722345423294
-0.226063046662507 -0.441103923836648 1.53891144049161
-0.283279074252318 -0.438444008911272 1.48557609412141
-0.343271554138658 -0.38679714255782 1.49644098095376
-0.349183063050694 -0.334415941699801 1.55929265584279
-0.162833454465363 -0.437363922678481 1.58602155883799
-0.0951226962332846 -0.425455193461619 1.62715750369994
-0.230037384639239 -0.390627379159689 1.60400815935009
-0.440092504629168 -0.0741765805095113 1.61193130094579
-0.450440472671646 -0.143346957472872 1.57604809971265
-0.404963057491596 -0.210940894330888 1.59853320436322
-0.0263021577037074 -0.403073547689593 1.6629872340941
-0.0945216326867182 -0.371187879323848 1.68141718988941
-0.388154738612935 -0.0719648353042625 1.66625661994455
-0.419236508352345 -0.0043130036141455 1.6429814147818
-0.226900939470736 -0.332416575067519 1.6613870332908
-0.291731531019066 -0.333566395115531 1.61643231042585
-0.349674445169394 -0.273841109707101 1.61471287301471
-0.34972394042273 -0.206356989077517 1.65607553917464
-0.157012168061825 -0.329632425275011 1.69493456648567
-0.0901416135068798 -0.309810608277103 1.72573510040984
-0.205800420054666 -0.273323988399144 1.71015559626143
-0.328790894641742 -0.0662707397814476 1.71057409905929
-0.347760172282009 -0.134489942252431 1.68472819144432
-0.293293642124051 -0.183554261398758 1.70501428258354
-0.030372452173262 -0.274936937325179 1.75171473479431
-0.0910758656994714 -0.238893990297916 1.75754244917142
-0.259342992069934 -0.066254709498379 1.74238332733536
-0.294713356391098 -0.00592187719786424 1.73213278182287
-0.0975731763922879 -0.162422343929013 1.7720522847031
-0.158153571300433 -0.216156721216709 1.74964044545434
-0.237888761604937 -0.134091205287639 1.74263831550089
-0.184079504035234 -0.072628966206906 1.75753680667421
-0.22841464050666 -0.206222177336039 1.729151434249
-0.031760394044578 -0.11107645999143 1.7790694072122
-0.104479702557262 -0.0815446656809591 1.76660097270469
-0.132462548143931 -0.00754489311707717 1.75724737356691
-0.262255724835645 0.0535300250663867 -1.76528059704451
-0.238986481751823 0.121562434662516 -1.76506259505389
-0.190944336083829 0.0590642874594778 -1.79935968616281
-0.327075737375303 0.0545945890481301 -1.72086018836424
-0.382683043289921 0.0614709965763182 -1.66936475736977
-0.343312786652525 0.122833548831171 -1.69221128005159
-0.156110445374593 0.203362697513102 -1.77194236105838
-0.225882217187494 0.193405951138431 -1.74640974041976
-0.200348097118331 0.259794787500213 -1.72385314967621
-0.289710326538332 0.171065476794028 -1.71701514243461
-0.343237553496685 0.194189766376791 -1.66226323460353
-0.112450106554095 0.0662319181071853 -1.82273939964229
-0.0999548738414185 0.149312684265902 -1.80737557803128
-0.086942331761073 0.22520482728936 -1.7800838436245
-0.0392141245107406 0.0939683962204177 -1.82938894184208
-0.431876777470881 0.0648763991960754 -1.61082848662624
-0.396594883783539 0.19949270004103 -1.6010054669121
-0.341880532876182 0.261069473152971 -1.61975967626065
-0.474773665439519 0.0652756753807559 -1.54523092155106
-0.441298090503801 0.133457338839184 -1.57555356340061
-0.44319450487787 0.197887804746137 -1.53439088503943
-0.081770714587581 0.29468206386369 -1.74064311716022
-0.0211343286937343 0.258658736315804 -1.77023575475048
-0.149476892313583 0.315061346004338 -1.70680211492442
-0.0856478138430657 0.355414007784832 -1.69161637176336
-0.219695088009264 0.318184094119408 -1.67060448931478
-0.284184101546103 0.319734200439373 -1.62294491635745
-0.222753916763252 0.375999403290666 -1.61085989006391
-0.341205029016602 0.321381412450714 -1.56350968581338
-0.390371862732877 0.317286806743734 -1.49973877127678
-0.33615201571206 0.374023794106395 -1.50025916755884
-0.510505501067969 0.0643190999177512 -1.47355087765985
-0.439569318909531 0.256527047901306 -1.48678415083196
-0.48163580091572 0.193261583733781 -1.46318919422295
-0.43124816582751 0.308569015283522 -1.43394294411017
-0.538507436604014 0.0631150718847458 -1.39719279215607
-0.514786919165696 0.128531062245915 -1.43253418928813
-0.511488154754054 0.188440768318526 -1.38783737088652
-0.087818333431402 0.409827063485633 -1.63411802360082
-0.0176411371958777 0.386834743714538 -1.67024497357883
-0.156299648542045 0.422299528033517 -1.5923719893673
-0.0871160935782945 0.457651040006372 -1.56872469335831
-0.219945102423857 0.426775105927204 -1.54443783724591
-0.277431406562674 0.425163739626381 -1.49014342336363
-0.214308274028219 0.468928060430749 -1.47238242845647
-0.328470166130848 0.417789741947865 -1.43110753698338
-0.420001498611983 0.35291576848279 -1.37621136868278
-0.463546104744159 0.298235977209639 -1.36621709946913
-0.373195270972993 0.40463479005067 -1.36962667902366
-0.32034311891101 0.451774253509442 -1.35700444421525
-0.41316105814089 0.384553429955766 -1.30815643678645
-0.558708829835352 0.0622129917429292 -1.31776763819174
-0.532522776921895 0.185500720798109 -1.30951007214958
-0.501345627683669 0.243703273365452 -1.34052825525284
-0.483826068434458 0.295764601765332 -1.29295095023438
-0.571558018307747 0.0616435971173529 -1.2367837918516
-0.556149371248856 0.124223798820135 -1.27470947947194
-0.545555267918452 0.183919212592795 -1.23019634848412
-0.08424898600228 0.497776572647099 -1.4969031516623
-0.0172576649871131 0.482802123900628 -1.53963620162597
-0.147858403476187 0.503939359221689 -1.44887250942992
-0.079725688158421 0.529629554451794 -1.42042065174017
-0.207086057028507 0.502153263043487 -1.39614308142634
-0.261632844535328 0.492992685805699 -1.33958240877264
-0.198654444768765 0.526829266721384 -1.31736815413739
-0.311834615362848 0.476550789012745 -1.28043411660225
-0.492719599398281 0.300419710323898 -1.21845958370356
-0.453635317292747 0.350092231704885 -1.25459120938688
-0.410714539079523 0.403245694696614 -1.23447046615169
-0.358336709323079 0.452477723214398 -1.22043466061241
-0.301224257033857 0.494345454041819 -1.20320791753889
-0.400222144542775 0.421670530141023 -1.16146618021341
-0.577881834726336 0.0612180821939772 -1.15529021936651
-0.552339477862763 0.181579273479097 -1.15026714292185
-0.526901139541146 0.241538309107637 -1.18637695525885
-0.50087818007316 0.295913625035066 -1.14515111858737
-0.578649052519879 0.0608516419274603 -1.07403336088923
-0.569334192645388 0.121595368878069 -1.11234227760035
-0.55364532266539 0.178827181821746 -1.0681524421573
-0.0115413347204114 0.54599540802007 -1.38751864546131
-0.0737896416767763 0.553271298742851 -1.34097526460215
-0.13311802468 0.552370899108488 -1.29066831762655
-0.0665819495582728 0.569245697033441 -1.25995627393687
-0.188933201979616 0.543850047181007 -1.23741336266716
-0.24078338723458 0.528322740365437 -1.18204005023998
-0.177934868926333 0.554253304984182 -1.15711710033192
-0.288007070504474 0.506653786066282 -1.12529597974841
-0.508430315394939 0.28324229436297 -1.0702615300229
-0.473670396901295 0.33901950134255 -1.09956577013431
-0.4308499712037 0.392160417787057 -1.10107970676964
-0.451923131054832 0.365250351160522 -1.03833109093317
-0.38211141849407 0.439828644893951 -1.08610691916148
-0.32955757995935 0.480231105962599 -1.06735841991914
-0.273425237891534 0.513715345838614 -1.04676558240585
-0.364871552295736 0.450425667579901 -1.00748483092979
-0.57493021099331 0.0602441554805836 -0.993901203424222
-0.532014278314551 0.231392718500416 -1.02474020209114
-0.549389361959098 0.177788020818953 -0.983728899149515
-0.505702347661284 0.280556178085455 -0.993534087788517
-0.562121302166933 0.118537700851839 -0.949913764012905
-0.567893115993407 0.0586246087288317 -0.915568321039633
-0.542470330362959 0.173025884122335 -0.9011463110077
-0.000411057096539123 0.577466247955615 -1.22586371622208
-0.0582343704978997 0.578381097481638 -1.1783429951931
-0.113663995071098 0.572021813588395 -1.12865564991732
-0.0489406896946026 0.581618492909036 -1.09684557105442
-0.166069096508729 0.558974546378014 -1.07701762602639
-0.154082957608169 0.558859602885932 -0.997548482815478
-0.214567250609396 0.540003699856182 -1.0234671033216
-0.258407163230427 0.51606236457073 -0.968428857017158
-0.460964144285695 0.327918897343689 -0.868448337861852
-0.489670208300072 0.296228719737319 -0.925469410924352
-0.493218770938515 0.273846318046501 -0.857590415887898
-0.435944471265247 0.377606982665137 -0.970569810812211
-0.473139220201792 0.331264815982945 -0.982137138814273
-0.349558778592219 0.454020559706307 -0.92771332930714
-0.395376552884028 0.417138129956814 -0.9468848539398
-0.426081232192923 0.377671486234158 -0.897286234731733
-0.243547020471525 0.514319748720298 -0.889402770464786
-0.297608449594304 0.488041811065415 -0.913163198571251
-0.330126708651407 0.457485764623134 -0.853176069816684
-0.558543065363947 0.0556695152701087 -0.839006762387912
-0.54476650660462 0.106032726720871 -0.795173041478286
-0.547333519854333 0.0530773368313386 -0.762879716693757
-0.534670709233934 0.162141043118718 -0.819922051534234
-0.526050205078441 0.148019789033069 -0.740790775994011
-0.517874063233289 0.218602041960442 -0.843512323931087
-0.489080408726339 0.257836315885785 -0.779762995372985
-0.482792053159502 0.241191959981561 -0.698597207836396
-0.457208421729223 0.293882373873449 -0.720683279873017
0.0153096250115454 0.583138420210108 -1.0618690964337
-0.0392292163929166 0.579932853992781 -1.0162249457333
-0.0924823082308113 0.570338319872719 -0.969104479019423
-0.0304730995975478 0.574334098294478 -0.937343077439654
-0.142752268062818 0.554773377172137 -0.919145146423875
-0.132032662498417 0.547826869138006 -0.842505408743515
-0.188750048250815 0.533904831923476 -0.865236077833114
-0.230508195518059 0.508361575798369 -0.80786333326181
-0.425169565471918 0.322892873179153 -0.662796628309602
-0.422281662994223 0.347780117369074 -0.741399688570007
-0.392778839236118 0.38877348807673 -0.775691873023207
-0.426011961636579 0.363145711674293 -0.824139059651033
-0.301524849042528 0.465178044412307 -0.784273967015485
-0.351102693415118 0.42908566057306 -0.786106622351266
-0.363641259498301 0.402256518167469 -0.71060877668055
-0.211025231798356 0.503345880251725 -0.727859099813386
-0.262786839618387 0.481171063109271 -0.74449829441243
-0.290696045672442 0.452700654925501 -0.683266898932675
-0.53401179053076 0.0519418797039763 -0.681952670754739
-0.518798701366719 0.0883305205458235 -0.621893284044088
-0.523243033652902 0.0309826635988279 -0.610013108000627
-0.518087711035548 0.128488349767836 -0.66523191053951
-0.501301422159698 0.121913344135154 -0.561369483399946
-0.503429807576757 0.18584011633033 -0.681328255305913
-0.477255444623683 0.221254845363206 -0.619090698083667
-0.417032247903296 0.303615824615534 -0.557824280578766
-0.394226779751691 0.342708644187887 -0.594995313943547
-0.4493000036612 0.251395647046923 -0.553175748778455
-0.473944022922783 0.196002336586525 -0.542478396851127
-0.420766256966725 0.276299977398643 -0.483172881102893
-0.0246649250527898 0.565793152180106 -0.860286031261477
0.0311473955168737 0.570764675262399 -0.90172947947885
-0.0233675424814699 0.555024300008346 -0.783738486789091
-0.0758544434451839 0.554809133986416 -0.815563016693567
-0.120379371885954 0.539387206879227 -0.76814439436705
-0.116945193764095 0.523196995119486 -0.666992924502083
-0.156143709414932 0.520276265289243 -0.710497202043974
-0.191752465557702 0.49713198555357 -0.649973305088398
-0.360357013350117 0.362186250510201 -0.526623828210456
-0.35096121744811 0.388612788219647 -0.601018711441548
-0.327781587134006 0.418503625695948 -0.64662299567564
-0.281681473634775 0.442416119251756 -0.603769077045545
-0.227139778507406 0.470050176692778 -0.587972628635231
-0.187903588084776 0.47937911040481 -0.544387307994967
-0.259698061306415 0.440426642639523 -0.525361120380625
-0.355546972987145 0.34194064408528 -0.415460543133412
-0.328600447068411 0.376231285263063 -0.45524155805706
-0.472458646649597 0.105283181962475 -0.356425023064892
-0.488058188750347 0.0682093494579601 -0.418650921769563
-0.480240307388705 0.0505971349656245 -0.348290575185473
-0.494830615821364 0.0947718723583504 -0.48915627692122
-0.481593695470426 0.154143913154728 -0.499731968071789
-0.460000295514846 0.184355610487526 -0.4354860434289
-0.365121422297741 0.315609278783049 -0.338996664927908
-0.392456154431585 0.297605742282256 -0.412084725071239
-0.423617307068335 0.24957297499138 -0.407746934888368
-0.414937351084001 0.235411610864977 -0.296836212297554
-0.437408597066815 0.211530199552035 -0.367728875076354
-0.458002464503942 0.159468619782223 -0.362357136736254
-0.0211631897988005 0.54330155384386 -0.709481446978012
0.0286134596442187 0.550263234440407 -0.752906654644273
-0.00500778116116556 0.531812383780645 -0.638178912623206
-0.0604087989103737 0.530676573696085 -0.653441791315566
-0.0957855560485865 0.514747689734041 -0.592742620706744
-0.0716911118289541 0.50644475490431 -0.519715696794534
-0.130502123610974 0.496330524093113 -0.532239918827212
-0.163551577326822 0.475722631528453 -0.470925678591521
-0.299262973813435 0.386127027275834 -0.379515871649351
-0.282369264232765 0.412382211317455 -0.455033830104463
-0.243566833800369 0.429564382515314 -0.41385348884646
-0.216379628366207 0.432545313765075 -0.338430202757902
-0.192535507596633 0.453984573753065 -0.40674625015573
-0.139527031841992 0.472043216434637 -0.397950076824885
-0.373978052614117 0.29063694799814 -0.262503882121773
-0.338930301712852 0.331430441613848 -0.263662107847476
-0.313714135226661 0.346367899812735 -0.186965257793309
-0.29950963768045 0.36790405936475 -0.264043723830598
-0.278427775533771 0.384301034120907 -0.26395424888972
-0.47276603165345 0.0371556745771754 -0.276306704868644
-0.463653805397214 0.0649830048445296 -0.214304611793701
-0.464638557700318 0.0275035546370017 -0.180756090751058
-0.454247309548336 0.0908379445269316 -0.14705148597344
-0.454325722595722 0.114409114944866 -0.216960060479316
-0.439524940905833 0.163182140003165 -0.219064213430773
-0.455826152296889 0.1366465267622 -0.289556412592287
-0.424217381289193 0.186677414748611 -0.14598601865552
-0.419202700632404 0.210850341388239 -0.221421037039735
-0.393387759977557 0.256591688224936 -0.223576704481399
-0.373219033721688 0.275916931245923 -0.148737821469569
0.0496376662538678 0.507890479454605 -0.507570058842428
0.0212222351152486 0.520473955059296 -0.57273964542721
-0.0111231909078308 0.509909640666184 -0.508381761867311
-0.0474280959236658 0.498025359670423 -0.447997230076666
-0.031683578059801 0.488898953514756 -0.375649990644715
-0.0853467083612841 0.483742133843015 -0.387956691148594
-0.117743614429507 0.46808738694446 -0.324637049548689
-0.249155716023022 0.396028441282468 -0.187073573858473
-0.23473406784556 0.412872021136168 -0.264238428907334
-0.190436138397791 0.435474739974906 -0.264422590888356
-0.170188095212979 0.436363928208854 -0.184588452493893
-0.144614932026556 0.452255090647506 -0.256025474134424
-0.0977979821857419 0.464541793674326 -0.251374580038725
-0.384994192042534 0.252568512625734 -0.0723518044547938
-0.355077177135497 0.293638697045243 -0.0730791745022688
-0.231940631270932 0.399325289663125 -0.0700281082735849
-0.255911229522995 0.38429855975622 -0.0737892812404455
-0.340419675574475 0.308907965618563 0.00434177437209107
-0.329006866332459 0.324931903125161 -0.109380472091297
-0.29798382781855 0.352153846625304 -0.0732094426000315
-0.276606265414251 0.367893917256074 0.00437381301894023
-0.456103945302607 0.0473954980049079 0.00426206756854813
-0.453102199082253 0.0750032442927861 -0.0520208456309697
-0.445418533370831 0.11426324508553 -0.0726382617139992
-0.43033962517969 0.16233405062057 -0.0708096617461752
-0.43744862922879 0.138031156420509 0.00428078221713891
-0.410134679687991 0.208667927707471 -0.0714181885342032
-0.39720406637898 0.230294693851436 0.00430895719527275
-0.0203268869969865 0.480105778659683 -0.300069220874775
0.0155653136279041 0.486936900519101 -0.352113661271066
-0.0142319132018468 0.470555490671962 -0.198514158669104
-0.0504122076724888 0.47115281502433 -0.237925269578356
-0.0842303134618091 0.460717012097055 -0.174098951303688
-0.203976145467175 0.41335063701498 0.00440580667761835
-0.182369174067457 0.424893040882507 -0.0739226205192199
-0.155658728627705 0.43546956706779 -0.0690160939568408
-0.125259401820061 0.444340948948232 0.00443631407651019
-0.101451805247033 0.451732833775093 -0.0698529016067953
-0.0728869742369351 0.45729762393512 -0.0640156245123885
-0.0390494097406284 0.460821533321555 0.00446609181947378
-0.0166165739250106 0.463337697763181 -0.0654332618643136
0.037051166427104 0.462649623821041 -0.0649557560343453
0.0110846181948249 0.46644873591107 -0.131702668708219
-0.453151683989265 0.0750085214498262 0.0605525407483656
-0.458641899420537 0.0259446152783063 0.0662562430547851
-0.38506116034061 0.252606641054653 0.080982209029725
-0.410201133532668 0.208696619043261 0.0800170660514253
-0.329099792490286 0.325011717019608 0.118069678092411
-0.35514387128787 0.293687250131635 0.0817438003989836
-0.373339160451302 0.275991658955698 0.157375582841888
-0.182419643707664 0.424994570303367 0.0827467466160611
-0.231995648193672 0.399408507372507 0.0788120459667039
-0.25597160344867 0.384378482758898 0.0825517021075721
-0.298047772675755 0.352220387818341 0.0819327874723541
-0.313850199460128 0.346492645368833 0.195660769576423
-0.249282180622688 0.396195048176542 0.195827042715252
-0.44548545667131 0.114276099398038 0.0811845302796876
-0.430405452551581 0.162354311679615 0.0793803278293717
-0.454363801785504 0.090853366673595 0.155578255609036
-0.424335507548283 0.18671907324381 0.154560737300165
-0.472909100253699 0.0371539486565051 0.284793856630878
-0.463793948849641 0.0649919392577505 0.222810844416152
-0.45446863841222 0.114432176842151 0.225485045531512
-0.419351082813595 0.210906359925829 0.229997553281598
-0.439670569060277 0.163220684186025 0.227612772549756
-0.374137021196606 0.290728441838459 0.271131604216756
-0.393538496789866 0.256667741961266 0.232184887317081
-0.415093900306125 0.235469267451208 0.305416070384811
-0.10148447759171 0.451849693542257 0.0787374628340823
-0.155701789599852 0.435572119861388 0.077861566426614
-0.170291401926703 0.436578006045142 0.193404804408622
-0.0166269696619499 0.463464453857123 0.074375400188432
-0.0729111323705793 0.457411739865623 0.0729207387330779
-0.0842937943454409 0.460969361258975 0.182977753064631
-0.144730630918071 0.452516510796562 0.264848312083156
-0.190571301182433 0.435704619048178 0.273211370026613
-0.299667474909635 0.368051720895401 0.272744300546151
-0.339090109944181 0.331548290839874 0.272325796748608
-0.365283104460376 0.315695648672815 0.347632250682713
-0.278583221282207 0.384464699381127 0.272673310737057
-0.234881616098644 0.413068784803897 0.272993449432746
-0.299426415767358 0.386247307826378 0.388213305136767
-0.216532508590252 0.432744045712935 0.347193465351901
-0.480374714817836 0.0505929383562666 0.356770762780697
-0.458144100193423 0.159486149272907 0.370881330538826
-0.455974794835576 0.136670698985299 0.298079618912372
-0.472595957989082 0.105289370291845 0.364924275510983
-0.494980589411057 0.0947605872183336 0.497626363104159
-0.488186565663665 0.0682005936555747 0.427126088984805
-0.501334341486479 0.0327352998194944 0.488396994485107
-0.437555505128609 0.211560847048092 0.376282631313422
-0.423765730835389 0.249603880408557 0.416320929999483
-0.460141017781685 0.184362931479013 0.444013499244504
0.0392177367849223 0.469882853446055 0.206722724111364
0.0110783874286692 0.466687205074624 0.14065136606932
-0.0142620334629142 0.470861943211796 0.207432952918951
-0.392610929720423 0.297653468387527 0.420694777228481
-0.35570703525535 0.342009612081598 0.42410852642756
-0.420928923648207 0.276320536448101 0.491754567141785
-0.0504735828828264 0.471467378470928 0.246813481873894
-0.020382739741078 0.480449493327591 0.308965571749362
-0.0978899387741636 0.464833250834384 0.260229759143796
-0.117860935047362 0.46836399717469 0.333469671234309
-0.0854602726290376 0.484011282617787 0.396807211117982
-0.139663821886154 0.472269238815581 0.406766018334863
-0.192687662758201 0.454168130486524 0.415526359184968
-0.243727461095715 0.429708312956736 0.422596632875369
-0.163706102628824 0.475886770419588 0.47972881182108
-0.328765524103157 0.37630355823486 0.463916818833845
-0.28253509359887 0.412481870734975 0.463748572969937
-0.360546105466718 0.362235288417514 0.535270284050588
-0.259880567404809 0.440521050091443 0.534096454277002
-0.501532168783249 0.121910082595064 0.56982543754395
-0.481754738001467 0.154139693971911 0.508228440512402
-0.474147865378665 0.196007985696061 0.55098618313885
-0.534622299221127 0.0519470806962005 0.690277854060208
-0.519171878810752 0.0883345945956702 0.630293975211798
-0.518611487477947 0.128532688317112 0.673615127060766
-0.477602822287766 0.221302382896438 0.627575963503427
-0.449517148030588 0.251415097256422 0.56171856202097
-0.417252525996374 0.303650617287815 0.566407045481868
0.0155214378579352 0.487286743071458 0.361025491814965
-0.0317658341467181 0.489209709065901 0.384533170698024
-0.394492766941587 0.342777879522831 0.603596776605335
-0.351222098673735 0.38870446006342 0.609664623394985
-0.425600589640277 0.323039547318834 0.671332637605827
-0.0475387858142439 0.498274386191371 0.45687244255901
-0.0112406862870269 0.510131043176305 0.517282791804669
-0.0718355755905048 0.506630622623127 0.528581311884385
-0.130667264284314 0.496483658969203 0.541068628105221
-0.0959712479711261 0.514911538440113 0.601594873950904
-0.188084870247761 0.479504675370099 0.553176791538681
-0.192013383592969 0.497326181653908 0.65874820734087
-0.227353651746454 0.470172311615267 0.596730900727096
-0.281923195789709 0.442534111725766 0.612479789983586
-0.291062656363993 0.452948231679772 0.691940480649785
-0.328104022400622 0.418664557649557 0.655277162993526
-0.364148788638036 0.402558441754376 0.719185679166704
-0.548441444169477 0.0531215055274092 0.771088244147632
-0.526965924201477 0.148162216237433 0.749092114802761
-0.504005481554346 0.185934116716906 0.689733129205286
-0.483416913228222 0.241349821767103 0.707025524796007
-0.560335998783775 0.0557782748486642 0.84706606343185
-0.546115799281212 0.106194730577067 0.803351907328454
-0.536195933019631 0.162460094452945 0.828094950593937
-0.457891883183297 0.294131990166867 0.729128737239344
-0.490159028004703 0.258209123616947 0.788088038026721
-0.422994688434358 0.348140477311634 0.749872714472196
-0.42779070726085 0.378895728369756 0.905503861801745
-0.427180702990982 0.363882991575127 0.832488736526975
-0.462599322919066 0.328826546778498 0.876657698517485
0.0514501894790682 0.529739387299599 0.646333179931807
0.0210857075056273 0.520674966584508 0.581664300261211
-0.00519059976373273 0.532019457040046 0.64708618971349
-0.393586660467733 0.389307599680316 0.784164630987392
-0.351870199566801 0.429700045403663 0.794622285943276
-0.0606220123662956 0.530891091339008 0.66231117276349
-0.0213975120526032 0.543615179954186 0.718361026368779
-0.117192013543931 0.523426337278031 0.675819442874355
-0.15646175236602 0.520603375685581 0.719276492560505
-0.12075141500909 0.539916032353377 0.77691514303767
-0.211415139372534 0.50373079407595 0.736582330053234
-0.263268822725798 0.481617890084571 0.753158711279077
-0.231123049318112 0.509119444080161 0.816495655086563
-0.302189547632856 0.465800774106784 0.792850490253295
-0.331167272673585 0.458522949917191 0.861626012843009
-0.570599884968765 0.0588294346189962 0.923449184075964
-0.544850624802016 0.173624064357355 0.909148649176186
-0.519544617817513 0.219118581056908 0.851684816639811
-0.494909561741752 0.274555978747165 0.865775836666481
-0.57879645287754 0.0605768908405832 1.00158985484783
-0.565242050400254 0.11907457994119 0.9577507074994
-0.552881645550306 0.178757840152526 0.991535686554666
-0.475985861602708 0.333003843584825 0.990083908830806
-0.491998820210358 0.297397200478642 0.933514517669773
-0.508950383060381 0.282147331226271 1.00140383692066
-0.455287880507605 0.367672146224879 1.04621305203667
-0.43840117836303 0.3794270047581 0.978620711439475
-0.39735365710076 0.418870454022886 0.955070361072542
0.0283837850320754 0.550691093034137 0.761800132143337
-0.0236596259052854 0.555590040914249 0.792574582594759
-0.351141999352099 0.455662191038188 0.936013170507582
-0.298873391596848 0.489592973018728 0.921561646036482
-0.367214004317682 0.452875086717271 1.01561178063946
-0.0762432793634668 0.555561332953099 0.824329765812781
-0.0250298722973458 0.566802602797621 0.869050502132711
-0.132558628976096 0.548777815867068 0.851193884874467
-0.189457385083864 0.535046720688103 0.873841296121578
-0.143501950724848 0.556365507831819 0.92772421589485
-0.244499391202131 0.515669829600568 0.897911427454225
-0.259827230484683 0.518201613709769 0.976790900979089
-0.583896141874684 0.0613423047223538 1.08154269412314
-0.558492386494194 0.180256690178519 1.0757652475503
-0.535939444309395 0.232926125754563 1.03249780442999
-0.512790728199587 0.285482604425872 1.077964215201
-0.575159929462855 0.122747546065663 1.11982303667585
-0.584649147883258 0.0618913939483157 1.16266454011394
-0.558628526741412 0.18353020664922 1.15773983088382
-0.506349798277071 0.298947165313419 1.15274809811643
-0.478091297813603 0.341927602815528 1.10729036405692
-0.434832737591252 0.395433498571795 1.10890525910051
-0.385417861733887 0.443189143475075 1.09406314408085
-0.332196429071408 0.483524454605933 1.07544683017039
-0.404648082526964 0.425937324804337 1.16928994386884
0.0308611084261081 0.572046114711565 0.910496449778564
-0.0309327013069111 0.576009051328642 0.946011331404178
-0.275457572779594 0.516826322677648 1.05498058136472
-0.216068213664324 0.542830755174249 1.03180450640199
-0.290799028032715 0.510882097993089 1.13338849353296
-0.0398125725655565 0.582527114365877 1.02478681937651
-0.0931966051208189 0.572419655746777 0.977668135993392
-0.15514286598748 0.561332754964052 1.00600235513902
-0.167534113782194 0.562552030183879 1.08535492728231
-0.579843346890195 0.0625158645723289 1.24408740643919
-0.533471363823463 0.244397134967606 1.19387075621912
-0.553251412095421 0.186414470898872 1.23760938162378
-0.4993219535836 0.304235425807537 1.22601887320676
-0.564895022698693 0.126135637557037 1.28205403118696
-0.568317939265491 0.0632911216732475 1.32504219068403
-0.541456040115137 0.188549286884568 1.31692398206798
-0.460185782084163 0.354901584006273 1.26224819896578
-0.491536332619425 0.300304552871738 1.30052418186374
-0.362944820521272 0.457852571430031 1.22833297894181
-0.41626987484809 0.408379081731654 1.24224202393681
-0.419798807762969 0.390467170757509 1.31593652789133
-0.304889525111432 0.499747334891854 1.21123392067612
-0.243553128251668 0.533541290724439 1.19018740220514
-0.316433710553956 0.483063545980408 1.28846208978736
-0.0496816193099226 0.585377290898892 1.10531621609422
0.0149671664247335 0.586260795279658 1.07044036609461
-0.0591680987949939 0.583492950280511 1.18677139203428
-0.114946576072258 0.576374391401522 1.13702349996056
-0.179899623504288 0.559108334730562 1.1653779565337
-0.191476967905651 0.550056459520528 1.24566448944314
-0.549003071028211 0.0643903398327678 1.40438017564307
-0.510179846591334 0.247910696147725 1.34803442450456
-0.521268940277653 0.192032516515589 1.39523141639297
-0.471995431521268 0.303553332427621 1.37383299317857
-0.521183332716885 0.0657536070253455 1.48037960347874
-0.52521713133488 0.131182088783024 1.43971756673499
-0.49162925912528 0.197314225529976 1.47037654378018
-0.439855567225449 0.314651587730587 1.44154828989941
-0.427696852105263 0.359195310533844 1.3839651269396
-0.379876032094826 0.411599755265067 1.37753321182639
-0.325883502659491 0.459182160544575 1.36506120689093
-0.265977118395997 0.500577793163287 1.34777553456669
-0.334866540613618 0.425666392048015 1.43910107704714
-0.201823663934094 0.534312291802472 1.32567494635387
-0.135205852710841 0.559491478664181 1.2990634239034
-0.210872497559438 0.510647893434051 1.40451082505445
-0.0677381756672117 0.575787399007649 1.26841812199308
-0.000819409672643189 0.583274013010311 1.23437820071386
-0.0751821828254032 0.5611591088087 1.34954020200668
-0.484701736552912 0.0667888265257258 1.55106667522837
-0.452591334594614 0.202198803659563 1.54089603716451
-0.448793009416634 0.26193785707592 1.49401613320297
-0.398572057833511 0.323949828262224 1.50711063075246
-0.440004419234669 0.0663396988314316 1.61449889472025
-0.450333596334055 0.136378566755912 1.58088661275272
-0.404498031641431 0.203710968886819 1.60589809263924
-0.343158498866643 0.381754565855153 1.50789284800237
-0.283121522136805 0.433695670416941 1.49810816510885
-0.348372933026099 0.328273795249477 1.57017497498963
-0.218609439115408 0.47793909384678 1.48065930019517
-0.150772709967494 0.51308556849639 1.45738814787213
-0.224518573801365 0.435590090709626 1.55218036011034
-0.0813387423604838 0.538573568968055 1.42908813238163
-0.0120146079578778 0.55443483926546 1.39626009492766
-0.0860188396051274 0.507244972121776 1.50549952054054
-0.387990577122926 0.0627198304666737 1.66895468680182
-0.34726614146872 0.12482783785042 1.69011097279198
-0.328633265662295 0.0554589292903096 1.7133020369007
-0.292232091054454 0.173372699138245 1.71271615493899
-0.348787747381723 0.19780230288107 1.66393977705524
-0.34854829804726 0.266482488420027 1.62444301970319
-0.289724498815219 0.32634919104272 1.6281573670259
-0.159457953245061 0.430970741627601 1.59965217576855
-0.227175246629935 0.38377144428976 1.61715723324729
-0.223321095320917 0.324086247489178 1.67385564707573
-0.0176925565984612 0.49223336940666 1.54821373838124
-0.0889131930083885 0.466888832080312 1.57676669171387
-0.0894355180757815 0.417948071600779 1.64065930526161
-0.259273803504728 0.0538466476415583 1.74559166290487
-0.184281458643428 0.0587177732382588 1.76218032612166
-0.237377061825825 0.121957234365222 1.74916227328009
-0.226665175514122 0.195151511618115 1.7383437476361
-0.202291673200678 0.263268355426484 1.72153619953452
-0.155452201061425 0.203993459885567 1.75990838082202
-0.15133947331777 0.320000290654111 1.70795558981656
-0.0868044149337207 0.36156984607413 1.69510271452936
-0.0177550827885451 0.39406546676196 1.67574500377537
-0.0821307272728939 0.298237423197025 1.73869916507322
-0.105508872318797 0.0653292886758732 1.77311643300435
-0.086064399707455 0.225835294159177 1.76889949930871
-0.0969215915301514 0.147710537616406 1.78147622652022
-0.0203659973304644 0.260603789083294 1.76406167193394
-0.0351881821275555 0.092085421884192 1.78769555934891
0.032508177133013 -0.165446806937805 -1.81088553586764
0.0390981558882327 -0.0854819036411773 -1.83064485719215
0.0962280527493675 -0.214979379668783 -1.78245158042555
0.0278864737256017 -0.238813696531695 -1.77994293837146
0.0302320253911604 -0.306127480302258 -1.73847659138493
0.0996622789278588 -0.323323390764564 -1.71464146202508
0.0386924389567487 -0.364398140076509 -1.68965275906668
0.0440323801999184 -0.416393120801815 -1.63312887467989
0.114331723584899 -0.426735467112576 -1.60292815031998
0.0468938984835735 -0.462117348089159 -1.56896967336569
0.123077822137233 -0.0731262484329541 -1.81902005481872
0.0667853789754487 -0.0116442938231139 -1.83490637933957
0.200568506778129 -0.060659859244572 -1.79493804916465
0.178617477617915 -0.130675852135044 -1.78947451686044
0.237153224585069 -0.176794305786772 -1.74683396332766
0.169239401858991 -0.202081193871183 -1.76715064251812
0.147528329892542 -0.267854257663925 -1.73976620056244
0.172588377627908 -0.323979412931818 -1.68904893426084
0.180020515108005 -0.380194375116387 -1.63077077425013
0.180907275063597 -0.429612281121085 -1.56643041151975
0.241635125240859 -0.32382337083326 -1.65058906449344
0.0491714363532082 -0.500567408569763 -1.4982923651516
0.115732858026619 -0.505520303195328 -1.46285068410038
0.0522699192652197 -0.531083501885547 -1.42255457399355
0.178069316275345 -0.502877520097912 -1.42350492439862
0.179273743656585 -0.470676610503522 -1.49708391561343
0.241960516831123 -0.427213669983651 -1.52286741669692
0.234844265556135 0.00517709356339103 -1.78306068171755
0.272232472280136 -0.0564980454209296 -1.75863561879857
0.335501007439782 -0.061804378806084 -1.71267871570817
0.293855661090013 -0.125797603650375 -1.72974478474222
0.298029234317031 -0.198048325229743 -1.69782341643134
0.358612956993259 -0.203211139154219 -1.64138776461001
0.30100631851508 -0.2650884942571 -1.6540189738549
0.304585149678122 -0.32502429082278 -1.59801821292934
0.302687684695291 -0.377057146165226 -1.53693480037013
0.296446497087042 -0.420533855742797 -1.47319628327506
0.359921955339285 -0.322353194378021 -1.53774672226246
0.0570983260446256 -0.553515788775453 -1.34321358147457
0.121573624705151 -0.551066155486251 -1.30673837652514
0.0642675098881167 -0.56815621431974 -1.26133404167287
0.179427497373697 -0.525921798545155 -1.34722421795343
0.18297416990045 -0.540518624025769 -1.27053054437787
0.23569214174175 -0.493596990017082 -1.38080805511557
0.288928433967136 -0.455108632523305 -1.40722150146056
0.343026372987753 -0.411541031977711 -1.41762022526001
0.28965703442318 -0.477561737593519 -1.33587542851259
0.36835702140773 0.0060179070825407 -1.68841886959358
0.392698357710988 -0.0657944167293822 -1.65773123721754
0.443407517028124 -0.0674317766815355 -1.59435329436981
0.406440285960411 -0.136561192376727 -1.62106386706834
0.412202149434924 -0.202966925630026 -1.57761634110329
0.457039313090868 -0.200476899376482 -1.50775730209718
0.412004563416665 -0.263505118600359 -1.52709348106478
0.406215732670663 -0.317665475636819 -1.47097042860177
0.442406942512594 -0.313188190241835 -1.39888871837238
0.39482785355294 -0.365342866092968 -1.41141306301176
0.376702698741694 -0.407834557418353 -1.35084919256595
0.0745304761299458 -0.575474006270731 -1.17742990790606
0.140247568302127 -0.565005670907729 -1.1406375005776
0.0873185533950855 -0.576101453689234 -1.09263820544729
0.188149249013007 -0.547980041433472 -1.19387572434594
0.204361895362277 -0.545867218764724 -1.1176962470006
0.241751137222782 -0.522279151875327 -1.23523502706442
0.297377762813047 -0.488613735262743 -1.26316220942466
0.294059280084148 -0.499747666314047 -1.1912850518133
0.344424874163177 -0.449755751705282 -1.29752366866123
0.396790830754092 -0.409297241641694 -1.27741952168927
0.470235869019573 0.00206943771798782 -1.56112747320228
0.486357819376756 -0.0675852512544874 -1.52409827381921
0.520871016570752 -0.0669030367613173 -1.44880783934791
0.493546395806977 -0.134347986118688 -1.48142020659148
0.492709978848507 -0.197014311031507 -1.43347996525918
0.519555545164335 -0.192884337697675 -1.35665900095695
0.484477539273972 -0.255118875707622 -1.38085934129368
0.468981482824846 -0.308811248851165 -1.32434073152676
0.488324667011821 -0.302431042901018 -1.24970485062903
0.445844116963398 -0.35849773097471 -1.26507148388451
0.415720231795316 -0.403158561035799 -1.20450992490386
0.0929466083170333 -0.572516712536579 -1.00993751250474
0.0892363572052725 -0.566408143779703 -0.9279365451248
0.150490173804945 -0.556506041043191 -0.958921720742465
0.200230977755439 -0.534276120970636 -0.897484861263371
0.212724278599223 -0.537720379592711 -0.978097309820358
0.269760328260328 -0.516853904678744 -1.11984171276671
0.23618924837161 -0.532308680782299 -1.05174208918603
0.274118360865408 -0.510384708885832 -0.989900078985553
0.330304841526182 -0.480198379138448 -1.13527116729558
0.357296037350758 -0.46096667050006 -1.07122151220689
0.385722279198777 -0.436953882528697 -1.14026275733168
0.435563980227478 -0.387944365037581 -1.13144747937289
0.546963055931981 -0.0657047033371817 -1.37018225539095
0.538941605432012 5.37882466735668e-05 -1.41052262960953
0.565151803735631 -0.0641895029335379 -1.28951714759905
0.546608099793583 -0.128581313322713 -1.32605420134784
0.538507664354149 -0.187882738841555 -1.27885743648435
0.550668861100323 -0.181971392518079 -1.20103786846281
0.523385856841842 -0.243063677899746 -1.22888238853689
0.502388224661662 -0.293020997673087 -1.17553403511762
0.511841979347523 -0.281307860368801 -1.10204670112581
0.477563873859496 -0.335666702395685 -1.11808221436665
0.450979670530024 -0.369870630436139 -1.05708106221776
0.0830781348074217 -0.557946207146724 -0.848720099764511
0.188427302207973 -0.52772760485529 -0.817797225583756
0.245960919965657 -0.506411512396676 -0.834797909667911
0.0751787364872353 -0.548134120765882 -0.773047286858165
0.131228318107981 -0.541443596586088 -0.797130763897238
0.173440304341411 -0.520469837656956 -0.739835116463985
0.287975803599117 -0.47374036419474 -0.773198477418539
0.302035448403656 -0.478000829526957 -0.851221611206532
0.329344204057757 -0.477904813660686 -1.00313226950407
0.310645694022049 -0.483152128916371 -0.929405198805368
0.379475170883389 -0.439575255574324 -1.00518380833404
0.351343602104506 -0.447825338765791 -0.879816777566955
0.42293496539384 -0.397198930430877 -0.994176356717497
0.461900403641157 -0.350024416464469 -0.981809819092165
0.391699269078705 -0.420952305926074 -0.93192982376408
0.319675169661944 -0.440669189266302 -0.7081540767781
0.265363956175144 -0.47249827746002 -0.694764617383048
0.576207923241304 -0.0627310514285378 -1.20755614966916
0.575193737322921 -0.00116994378465814 -1.24825977422453
0.580917972478387 -0.0622401413091263 -1.12450404632086
0.569819274227079 -0.121231921790282 -1.1654704697652
0.556932343230024 -0.175844755010902 -1.12363996095092
0.538735941399809 -0.225812994945228 -1.08166130435689
0.557523834395414 -0.172094908827435 -1.0461910081944
0.517876305960079 -0.266905416849739 -1.02988101790492
0.496141488506189 -0.298187619374174 -0.970214968201655
0.525286803467312 -0.241976956981663 -0.961582180471341
0.470027289425464 -0.327730138063878 -0.908351652928065
0.0648439251471795 -0.537804682127145 -0.700525314680061
0.209782825441175 -0.496596692816714 -0.679598503344027
0.154120383361645 -0.513358054152763 -0.662959396797768
0.240570480305554 -0.470985359568018 -0.616854655637887
0.0989996701093805 -0.523496927972429 -0.645628516494792
0.130248367528443 -0.506791529991707 -0.587632044980818
0.214677263801792 -0.469298971855152 -0.540512310440961
0.266555689976357 -0.444327088994794 -0.550941848712148
0.369713360349153 -0.401004934468865 -0.712564961921242
0.341841746761502 -0.408495582246159 -0.635539499695249
0.395158056941288 -0.405798565631628 -0.855266481106644
0.438499661282249 -0.35683424447728 -0.845171496357709
0.402615907740813 -0.38383557814841 -0.78134518054797
0.476787588178627 -0.302558527310819 -0.838501454672773
0.414508922500314 -0.354238358431069 -0.709663192607972
0.315289112098238 -0.413114815308406 -0.558127058668758
0.288645440778463 -0.417213881382257 -0.48199524667623
0.360273925118316 -0.375781057070629 -0.561601040273148
0.579945636104585 -0.0643511367387068 -1.0404487282646
0.584578896636541 -0.00424661926825569 -1.08171934917807
0.574150466608934 -0.0695347697141679 -0.956842882375436
0.568114020997865 -0.123041631531177 -0.998622977178354
0.549954956887575 -0.181241069021973 -0.968495613012633
0.509110401779569 -0.243493544340641 -0.834457297119892
0.533144652927769 -0.208451494555884 -0.899652542213004
0.534522977230826 -0.180984217279254 -0.833136321756906
0.452874020870562 -0.303071263738979 -0.706109343665453
0.481650517729492 -0.275819862458142 -0.770004613898452
0.483554450357012 -0.249270673028708 -0.699219256614285
0.043626399698849 -0.507004687582611 -0.503281988171095
0.103213913175891 -0.500559457286665 -0.514591852929343
0.160221102233792 -0.488008670483861 -0.527929641722462
0.18856312384557 -0.467488138145882 -0.465991359264411
0.0765762070463673 -0.493929031875341 -0.443250558008322
0.0587584910835551 -0.486013425702579 -0.371531742443044
0.111537551816148 -0.478683001937359 -0.383117704220188
0.163870240490469 -0.465201249317116 -0.392632738385747
0.214118655622862 -0.446076795383323 -0.401124372291081
0.262076859264783 -0.421166301119745 -0.40715153190749
0.236161668984105 -0.425019860026005 -0.33387991600084
0.307046356299141 -0.39064217221838 -0.410257518021141
0.400899948908974 -0.333125817840023 -0.563771581538813
0.376007062753466 -0.34293881474702 -0.48768838163342
0.424667945183794 -0.323756247022509 -0.640234760483016
0.436802271685941 -0.289733307249562 -0.579654151269104
0.348880304470277 -0.354629427692299 -0.412004442345993
0.321894767106785 -0.365776413109339 -0.335896706864162
0.386840972580516 -0.313220567293886 -0.41163758707958
0.574984178135166 -0.00933614903769287 -0.920438928216146
0.56605336034612 -0.0691174994735019 -0.87788948487744
0.550305656800136 -0.119785670107987 -0.823736250480312
0.557014117981664 -0.060632626024073 -0.802192519104544
0.529991320252008 -0.160272605559467 -0.758957045725746
0.507153200773589 -0.194410359202921 -0.6926881368588
0.523891676801613 -0.138692701257604 -0.684449183069181
0.482377093709868 -0.224163982721871 -0.625118232719159
0.481479814486663 -0.197329667589557 -0.554481463776092
0.45652737688661 -0.248760441869676 -0.552993695436003
0.430382918019901 -0.270226642192953 -0.480046855491942
0.0454541012720863 -0.478133766262095 -0.296748561117367
0.0738086346746378 -0.468483316400797 -0.234692859022123
0.121131682946673 -0.460155054154744 -0.247306523352658
0.106164670038423 -0.45740060226896 -0.171268490464641
0.141797563184086 -0.462439968774001 -0.319520474179054
0.167803561394209 -0.44609591025855 -0.251045169056162
0.214069760541536 -0.4269825049459 -0.257278684235315
0.191026511523553 -0.430497498190744 -0.180495837844354
0.251701439965301 -0.406691903801377 -0.260226558510475
0.29440923327824 -0.377352596601847 -0.259530641732204
0.26565161782527 -0.390109490903117 -0.184430000539604
0.33480213944818 -0.34269140696275 -0.260475914897239
0.407389485911255 -0.276697731536175 -0.371301082414573
0.383011053317177 -0.294916435955029 -0.297611196588412
0.434286531756748 -0.241899918407805 -0.404089656178263
0.359336787928268 -0.311997279665214 -0.222747999220514
0.336594498917369 -0.32843317991021 -0.147493084356367
0.391939758675605 -0.270235800371211 -0.221220019629576
0.556428289305842 -0.00464374240252585 -0.775107601808872
0.547170042517844 -0.0494798457706487 -0.729863773705031
0.533672293935061 -0.0833283273879913 -0.6727335608004
0.537658363807955 -0.0283878034942917 -0.661594861529223
0.517688578073117 -0.113802849971051 -0.611991644726415
0.49979979979075 -0.142784734472803 -0.550069397428533
0.511301206147162 -0.086557954346474 -0.541790751372188
0.480535952476795 -0.170367578220456 -0.488058079239879
0.457764030562283 -0.190569725345191 -0.39331693172585
0.436947606987914 -0.215392558005412 -0.326256123404674
0.476784842547531 -0.148769636610287 -0.418023580002194
0.0367954799991128 -0.462415932261869 -0.0646285712958803
0.0934489353020931 -0.454848940842823 -0.0628751509649698
0.0592026419631441 -0.459367723421698 0.00439622477483109
0.122062693104126 -0.448464955555137 -0.0684155295344863
0.145797963625656 -0.440478224131891 0.00442760150032471
0.175983817960941 -0.430675854157522 -0.0669474467690929
0.202343019191041 -0.419384732195889 -0.0716217441251427
0.249480449160255 -0.393750421733922 -0.0721991559413772
0.225866373984201 -0.406206799674369 0.00445760033424009
0.284713490794778 -0.371139736464818 -0.108027706394022
0.315811416937918 -0.343750244919534 -0.0722461523347038
0.298846391277903 -0.356942572163163 0.00448470582346143
0.352013536069282 -0.307111433604461 -0.0718400080506749
0.419539281547366 -0.224956138289762 -0.217671590070764
0.401144983729306 -0.246453191238749 -0.145349700661339
0.440093745627913 -0.189351581514904 -0.249989297250219
0.383704310255734 -0.266993280547268 -0.0711458245790777
0.367559887710974 -0.286858181563981 0.00451007801566534
0.410737890362389 -0.223704276947986 -0.070191420207058
0.538208952728771 0.027689983470006 -0.664339906792017
0.528204371402862 0.00106053464215762 -0.599728916468475
0.489526738473792 -0.0941063886051859 -0.410298282808659
0.504194767751713 -0.0602526127715868 -0.473062979770663
0.496071931155859 -0.0396385260451233 -0.403677539725992
0.51686153377775 -0.0278079687821768 -0.535259939415853
0.473813101514189 -0.124558806388567 -0.346218132197188
0.458174173890785 -0.138570025381744 -0.243400860853008
0.443870435405983 -0.163664942721681 -0.175074789145347
0.471386342953026 -0.0993262662347029 -0.273771939869832
0.432919422674044 -0.177527547317811 -0.0688953732308378
0.420894066419167 -0.201863478426803 0.00452988871390025
0.448248770041658 -0.13844453162103 -0.100941009884419
0.492512725026609 -0.00476889991093435 -0.365377882040154
0.483640911099348 -0.0332797855091154 -0.301277927681487
0.474424437456688 -0.0595801423668221 -0.235647471616272
0.474883503912653 -0.0185026036112776 -0.200197266933772
0.465054187849538 -0.0855582124236561 -0.168270480893544
0.457688909630479 -0.0981702889503305 -0.0656166535407493
0.452121669645587 -0.117398142609167 0.00454288135557358
0.462851265200018 -0.0695795202497718 -0.06191925497732
0.467991633260502 -0.0146656348732633 -0.0657178414751159
0.465914417418391 -0.0358171788088323 0.00455353834030281
0.473955321365528 0.0363744458021033 -0.201271309561869
0.470811305796992 0.0108046582469144 -0.133698598676541
0.0934788574674464 -0.454963918110755 0.0716872827731558
0.0368501538212918 -0.469566679625442 0.204952766731473
0.17604056324972 -0.430798587759725 0.0758194373071717
0.122103442412955 -0.448589959186751 0.0772473845884654
0.106238203617352 -0.457665279440377 0.180067887918784
0.0738692533316223 -0.468792595021459 0.243454431005904
0.0454938344542839 -0.478450978586662 0.305477954160263
0.121228968813614 -0.460477489019243 0.25609673944041
0.202412475042328 -0.419514084845512 0.0805123827150688
0.249568203624805 -0.393876699293591 0.0811247414578693
0.191162799025382 -0.4307728141816 0.189352960526461
0.284857738147881 -0.37131260626618 0.116972188631346
0.315926103684152 -0.34386587879026 0.0812208439752181
0.26584996936577 -0.390376301737135 0.193339430416525
0.352144013073738 -0.307216259831801 0.0808414159153002
0.383848705711611 -0.267084812318141 0.080170426645081
0.336819981528861 -0.3286353486614 0.156464297413738
0.410893941273746 -0.223780331175742 0.0792359477868659
0.433084252622807 -0.177586215037666 0.077956918049987
0.401423754787299 -0.246607854517921 0.15436735079307
0.0587988948776037 -0.486313707528161 0.380257873298366
0.167939857366327 -0.446422540445826 0.259866447789362
0.214248305760177 -0.42730895297407 0.266130249524414
0.141909928283526 -0.462774084149452 0.328308189545246
0.111612490178802 -0.478989415799806 0.391876259192555
0.163982253140562 -0.465509335011294 0.401424247503418
0.0766104689246287 -0.494189443693839 0.451982610883803
0.103237896063921 -0.50077934282032 0.523338850819552
0.251916984995396 -0.407012624657009 0.269103242007503
0.294668731249386 -0.377659266299661 0.268436629781141
0.236357697750898 -0.425349868586118 0.342727597825445
0.335106527587753 -0.342977762556278 0.269408703742441
0.359652243126484 -0.312247818477206 0.231709988314306
0.322182160017051 -0.366079119837153 0.344799754126963
0.419922314453621 -0.225139012118197 0.2266763707413
0.392291839659094 -0.270455626479276 0.230204582968971
0.383379767785092 -0.295174018886264 0.306563472289382
0.448490249145138 -0.138507625174067 0.110008108626204
0.457859402555599 -0.0981996275481936 0.0747014715793344
0.444235693376518 -0.163781066406024 0.184113790940864
0.440527356537395 -0.189513288451342 0.258996429591272
0.458630051398471 -0.138683554139069 0.252425014132045
0.437388181583171 -0.215580577819152 0.335234282637321
0.463016009806081 -0.0695980135905545 0.0710121900127528
0.468168900251158 -0.014664459391426 0.0748229001330383
0.4654353196494 -0.0856110300114691 0.177332715201135
0.0443639779131739 -0.528390795204725 0.639720433629519
0.262268124927803 -0.421462036361046 0.416004947860188
0.214269206375743 -0.446381106559393 0.409947652838238
0.18866015790199 -0.467747941041608 0.474794709299303
0.160269292925244 -0.48822709653265 0.536713848707389
0.13025893220663 -0.506995235566617 0.596392988199601
0.214750385991059 -0.469511658198929 0.549331929281321
0.0989832960104384 -0.523736233015178 0.654356549774624
0.0648043328990789 -0.53814815720058 0.709205077714787
0.154126476175738 -0.513608391783087 0.671722994874327
0.349158545571907 -0.354892398103727 0.420910633644441
0.307280484833507 -0.39092457811865 0.419138683101256
0.288809938329602 -0.417454887989577 0.490861305028527
0.407768285025801 -0.276927125145887 0.380248778124462
0.387164237704837 -0.313457963505165 0.420566078121474
0.376247919272976 -0.343144054630869 0.496605055273473
0.434678079264496 -0.242088072362151 0.413047377594005
0.458198799317848 -0.190718425436258 0.402292016042121
0.430691144636445 -0.27039417195572 0.488994173355341
0.480896492585321 -0.170461072602323 0.49703682493632
0.47722492092885 -0.148872682698652 0.42700821540834
0.474900256330544 -0.0596162475269958 0.244693531976372
0.471878983215381 -0.0994031588828188 0.282796658342142
0.474304741144236 -0.124656312564786 0.355218201867729
0.48999528929298 -0.0941611365127922 0.419296829599935
0.466880573822446 0.0381192920705377 0.0756072105028587
0.471140676206052 0.0108263244630093 0.142792570239033
0.475324266648283 -0.0184994125423103 0.209263992548605
0.484161032682499 -0.0332861107840791 0.310309727017705
0.0751481313062638 -0.548723444091051 0.781684968154037
0.266655515379713 -0.444530290296749 0.559794361022196
0.240625634586771 -0.471184110365589 0.625687376384112
0.315418059514595 -0.413304970944354 0.567009018180824
0.209817358206956 -0.496854235841614 0.688396997460992
0.173471921197791 -0.520876477051274 0.74857890803227
0.265434174128079 -0.472755640822987 0.703596251475492
0.131260095463755 -0.542107900182201 0.805796246370594
0.0830862769967309 -0.55896516366806 0.857286450522414
0.188541406032583 -0.528446295105815 0.826491284404847
0.401092397888955 -0.333278269353574 0.572700886054566
0.360434543010043 -0.375954571494064 0.570508506279437
0.341952728300996 -0.408668574240065 0.644432559403411
0.4370127700653 -0.289856437576305 0.588602415051163
0.424835707113718 -0.323882588625445 0.64917130514557
0.45678150055755 -0.248873510113236 0.561953835451902
0.414688824153939 -0.35441171156083 0.718576320525469
0.453077941948906 -0.303202226113178 0.71504503885614
0.500102678169863 -0.142834150745821 0.559059671570208
0.481757888847438 -0.197411710655589 0.563457471777015
0.482594427492404 -0.224237046141034 0.634090549082243
0.496558936001885 -0.0396412452140185 0.412688769037484
0.504608199847577 -0.0602628711656119 0.482067713254375
0.511627285465488 -0.086572505014453 0.550793904939493
0.517942633440404 -0.113818166529713 0.620993953389005
0.493027705229478 -0.00473927417050912 0.374401452354565
0.51720224318627 -0.0277830293240664 0.544275702693814
0.0893307457412561 -0.568094936981969 0.936402669162643
0.150818318192878 -0.558401473760776 0.967406942455991
0.0931853244594422 -0.575140310215718 1.01828718401137
0.288129997933764 -0.474167369208834 0.782002866321188
0.319787490928999 -0.440916135124277 0.717015998351967
0.369863591784622 -0.401221474268299 0.721453830675353
0.213319973274739 -0.539669655502224 0.986605809445454
0.20051863891781 -0.535505573603554 0.906097907081792
0.246175756872449 -0.507153325235163 0.843518833539768
0.302372983212771 -0.478744398312105 0.859963837404503
0.402894040804876 -0.384145973122498 0.790212366158568
0.395654196571434 -0.406370611385386 0.864064245205099
0.439008782817313 -0.357269474263265 0.854005280570305
0.351867506056282 -0.448621939049398 0.88855747701923
0.392564080316201 -0.421950966836875 0.940633412999119
0.483774267047757 -0.24936073272756 0.708177135924023
0.481966859170413 -0.275984058824786 0.778926851041364
0.477309455548053 -0.302881564008596 0.847365688044846
0.470889632377759 -0.328332568632954 0.91713839799032
0.507384235573901 -0.194464427628917 0.701665831935912
0.509645415831299 -0.243717940446315 0.843350924322486
0.524128493628021 -0.138714677666424 0.693444348029665
0.533910726523803 -0.0833213957897768 0.681743950329458
0.530313145085217 -0.16032629350817 0.767928907728241
0.51744498848967 0.0317072386635969 0.54688269578219
0.52847429984279 0.00110800504304659 0.608757323264344
0.537896605396777 -0.028353520046232 0.670618808214476
0.547445355724701 -0.0494572339098213 0.738874710077001
0.0877124990994501 -0.579928573086908 1.10088233397705
0.0750715574934519 -0.580746259616867 1.18561710693424
0.141200260145755 -0.569419067904317 1.14890388114205
0.20566294524493 -0.549646841898851 1.12601932020404
0.189817564146928 -0.553042219052983 1.2021644404722
0.274992663816726 -0.51226506772224 0.998432469604497
0.237270018103078 -0.535035965464036 1.06015603001778
0.271519570145836 -0.520332976221827 1.12820668297219
0.311305775462648 -0.484382742399157 0.938053094177713
0.33049817160279 -0.479709777165851 1.01168474723189
0.380808147213104 -0.441188957056746 1.01377578833664
0.359107971179221 -0.463350891715508 1.07971239031051
0.424309979765922 -0.398521605759042 1.00282249693225
0.497491853328524 -0.298985165477593 0.9789461511437
0.463273743590533 -0.35106922796037 0.99050213433692
0.453032343972029 -0.371547787949403 1.06567276163368
0.535071083661608 -0.181122003534612 0.842059776890505
0.534035636768931 -0.208757010013801 0.908503458853436
0.526618987437384 -0.242560731659945 0.970348488981992
0.519848984721418 -0.26789179577734 1.03855903390653
0.550820808473464 -0.119846337817695 0.832689605492314
0.551388189423094 -0.181667040504416 0.977290714864939
0.557449006890815 -0.0606301048944176 0.811174167939711
0.556779443038668 -0.00459774774321013 0.784115404492341
0.566827389257654 -0.0691585239001421 0.886819509453878
0.0649736332488229 -0.57493868677304 1.26954728339671
0.185123608101633 -0.546883492554388 1.27887263642251
0.244239789001779 -0.527691947784077 1.24357908351306
0.0579827538408717 -0.561682131034526 1.35152817718771
0.123201042238667 -0.558370825487705 1.31507803248467
0.182101755284155 -0.533507522834858 1.35570232359527
0.296620428097818 -0.504114573223178 1.19965341002025
0.300698430394663 -0.494030206402294 1.27159112381725
0.332585973089236 -0.483525080615092 1.14368707160165
0.388389686444116 -0.439955499296754 1.14873028465645
0.480450270571604 -0.337652174935027 1.12664120308438
0.438408302849734 -0.390442752693029 1.13996165376302
0.419400974585103 -0.406644993128475 1.21300226148075
0.541387254444562 -0.226886752206166 1.09031104240616
0.514665926188741 -0.282816431872825 1.11064861674683
0.506222046374464 -0.295190965804591 1.18410147954371
0.569861167203186 -0.123367670433658 1.00742368048982
0.559782269001609 -0.172753728323618 1.05491155059496
0.560230886546587 -0.176852422416324 1.13229863764345
0.57549919886991 -0.0696410213933829 0.965705399469328
0.576024355125956 -0.00930289892132833 0.929351664985836
0.582168413457547 -0.0645493941769941 1.04923770880024
0.053336110555646 -0.540288772193781 1.43096786242943
0.293701293366387 -0.484070489630209 1.34443604740445
0.348675807752424 -0.455178586982978 1.30605850129257
0.181293197639017 -0.51140763693772 1.43213727507292
0.239463123341559 -0.50118387917487 1.38942336528087
0.293779275255337 -0.462430160847451 1.41595836751934
0.118100534663971 -0.514771472520377 1.47140613563138
0.0504090157278945 -0.510227073316932 1.50662160161508
0.183017023270113 -0.479640410645203 1.50574161355714
0.401339340616549 -0.413844431808335 1.28597442828838
0.450674483175207 -0.362251978280286 1.27365407050545
0.382075690134821 -0.413457879057029 1.35954279837932
0.528222138856398 -0.245242685428539 1.23750880592243
0.49326219661858 -0.305389178981085 1.25831063303023
0.475020461302748 -0.312652226772994 1.33307179107281
0.573819830063674 -0.122053775429085 1.17415840102044
0.55518574485664 -0.183423802203139 1.20968957581867
0.544353188089564 -0.189867294803519 1.28758643889385
0.587315957923225 -0.00422533879617091 1.09050010027698
0.584291491263956 -0.062567503382616 1.13323718656621
0.58094261798795 -0.0632213041379038 1.21629079978845
0.0482725246074069 -0.471433413817623 1.57671837132129
0.34883352113656 -0.418237706616563 1.42644883848863
0.302140727904326 -0.428179220433971 1.48206540528907
0.40133243186938 -0.371142630853087 1.42029582552264
0.247084928123124 -0.435569790558963 1.53159464945699
0.185045625108807 -0.438317758987903 1.57471973440588
0.30911860095069 -0.384528784652358 1.54573666567136
0.117186574590065 -0.435348701111834 1.61039876786652
0.0455025609779936 -0.424453464016673 1.63933799467932
0.184316717726828 -0.387845670418096 1.63786885805438
0.491692343258821 -0.258796534561468 1.38977183999019
0.44939219627123 -0.317961456977333 1.40779882956461
0.413773192488127 -0.323331665255189 1.48000605284233
0.553416320958661 -0.130141675964297 1.33491492858321
0.526712123145949 -0.1954659965635 1.36555237530629
0.500973220624384 -0.200211976646379 1.44256906474192
0.58062696835238 -0.00115744885827086 1.25705707226478
0.571360506055523 -0.0648702581465008 1.29834261317831
0.554612023778607 -0.0665927899823604 1.37918623550295
0.0402039573588734 -0.370327743396423 1.69274871478036
0.420423619191722 -0.268616571082849 1.5361482322613
0.367483138242915 -0.32872564347069 1.54666373544482
0.311501565316297 -0.331738171663282 1.60628852833205
0.0317974905447019 -0.309193127673174 1.73601402720174
0.10226840994812 -0.328071235626568 1.71626540278393
0.176684848785586 -0.329794029538616 1.69348500854807
0.150915793974366 -0.271234459274399 1.73904804084455
0.247312424402932 -0.330338267566462 1.65734259947888
0.30801037577224 -0.270449623303333 1.66095948919139
0.502629882433608 -0.136727673691695 1.49063461545754
0.465977407686845 -0.204228515120127 1.51692162933725
0.421164866772192 -0.207088008552201 1.58644799509619
0.547223956820814 7.80090167088811e-05 1.41966151650809
0.529723838574203 -0.0679948138690601 1.45800945230647
0.495940166203129 -0.0688433477780154 1.53334060482352
0.0297100611105072 -0.238534235517738 1.76817873791782
0.366818226781762 -0.207357436582141 1.6490164288977
0.415541691946265 -0.139346372176724 1.62935297862914
0.304745518637138 -0.201685431612486 1.70270146239238
0.0985579116626867 -0.215189908657678 1.77198641671833
0.0347944845676247 -0.16241428722641 1.78493319753935
0.172678019099256 -0.203786184689035 1.76217309180131
0.181426755468202 -0.130909282697274 1.77909040854258
0.242005950876057 -0.179145162411773 1.74642580115346
0.299985772636751 -0.127747398598183 1.73212083581195
0.45301902926459 -0.0687708934336763 1.60315526023587
0.479929758283715 0.0021506512341812 1.57026893710373
0.401503125959709 -0.0670723055266762 1.66511453897286
0.042293765798487 -0.0821253662534127 1.78312568808315
0.376436590891981 0.00621871781472381 1.69452915653411
0.342706712696534 -0.0628272265990971 1.71699334048982
0.277281505792423 -0.0570451729136185 1.7572899865629
0.124499110965568 -0.071552146191417 1.79173426914541
0.203270950112227 -0.0604741360619475 1.78370442812253
0.238469087741986 0.00551165770266105 1.7766602172728
0.0695411502130384 -0.0101660827102812 1.78467602229741
0.0275718800297314 0.140830329341173 -1.81925196519319
0.0310389272917423 0.0585876656993436 -1.83520865928674
0.114186609167293 0.05492583593495 -1.82366798238796
0.0384835137636264 0.218101098504056 -1.78996105172357
0.0977347080191911 0.176046865709931 -1.79885397163397
0.047271205761597 0.289115356772819 -1.74956274194854
0.150246620327963 0.124167950512947 -1.80142946914779
0.193137193807779 0.0651758012425208 -1.79761618575516
0.169141136359981 0.194017939385871 -1.77136758728874
0.05114839332983 0.353310186071743 -1.69962518871228
0.117494268118302 0.311171008284393 -1.72040843933088
0.051859016016925 0.409836411798179 -1.64155375960999
0.266460672495385 0.0729860833037631 -1.7599655019672
0.18070491946112 0.26144449591254 -1.73187645266953
0.238772492691469 0.204516638869304 -1.73434342237368
0.186619170169997 0.324440373844603 -1.68339535328036
0.289846244796834 0.142002460715865 -1.72789453138945
0.333411080233764 0.0756480250742179 -1.71234839321011
0.304523510226815 0.209315003703798 -1.68781502841571
0.252206218049459 0.330193648301621 -1.63875473134955
0.187845986097559 0.381173214661245 -1.627169381135
0.0515383470305564 0.458306629116388 -1.57637864780536
0.120422369161698 0.424221541848181 -1.6060168385108
0.185827769159631 0.430438080965896 -1.56442500777602
0.0515351771089062 0.49843822115006 -1.50522451657927
0.392935020543945 0.0749112512263981 -1.65605260348577
0.311638604546129 0.272526951044404 -1.64045651744349
0.364348328232795 0.209517506522556 -1.63268926695447
0.312404738791534 0.329903575116685 -1.58692131683337
0.408956593645994 0.142476512630401 -1.61625011771101
0.444456060339711 0.0727631829484468 -1.59208271497035
0.416742476322312 0.206618022649052 -1.57002615338084
0.36573657041076 0.325371304552919 -1.52829970531776
0.308099082580319 0.380245765537966 -1.52860385157759
0.246250383664682 0.429485028996777 -1.51773036440602
0.182426423021335 0.471544712350076 -1.49610790766407
0.300266419219123 0.422822032431778 -1.4668857089887
0.0526887581041285 0.530069883437231 -1.42949039832219
0.11769718928524 0.505234457377205 -1.4660552551538
0.17997095259074 0.503978962334916 -1.42298939584933
0.0553582685361707 0.55333625894273 -1.35076501873783
0.487548723221638 0.0702046417302335 -1.52166765662065
0.346511947280653 0.413033321644727 -1.41156864441528
0.291719683984281 0.457004839561014 -1.40202228315787
0.417057202104776 0.265761570496886 -1.51855797761109
0.460744212973282 0.202081863669734 -1.50104438180721
0.410822771177879 0.318936211925154 -1.46314085119919
0.495910638003698 0.135504002599287 -1.47671026786359
0.52201599931198 0.0676089244446813 -1.44628838250674
0.495942968708132 0.196895221882889 -1.42724033463309
0.398767045238899 0.365909357153478 -1.40514053810187
0.446472200544832 0.312683427822497 -1.39254967242572
0.38007888359417 0.40803224975051 -1.34624277087618
0.180306862555775 0.527367103278643 -1.3465744886514
0.237699872459985 0.495418583997745 -1.37717242389033
0.291913500628189 0.479223838168134 -1.33076053279447
0.0593307648058079 0.56879300712302 -1.27046555954012
0.120130200102767 0.552054126698961 -1.31099114781278
0.182613475020299 0.542405055392542 -1.26926076137314
0.0641957891202452 0.577315604151543 -1.18934172204232
0.548033418847688 0.065050711023941 -1.36741662936203
0.299866906126745 0.489768380440707 -1.25715616604256
0.347378445257147 0.450147322843795 -1.29348858042379
0.400643714256548 0.407777761498574 -1.27543411989229
0.488222938496704 0.2538586234843 -1.37434177578367
0.522562069675074 0.191370454676537 -1.35019951173576
0.473025160528115 0.30652051288743 -1.31915846561642
0.566134534404191 0.0624589392792042 -1.28627130980136
0.548629335708184 0.127061797867404 -1.32056502936199
0.541324819920835 0.185443584731254 -1.27113468683319
0.450198599745186 0.355371533691861 -1.26299149783432
0.492508455414722 0.298718453487494 -1.24476287783218
0.420860675350336 0.399305125828426 -1.20670650105606
0.184183817335687 0.550979499532837 -1.19226757051995
0.243068304799522 0.524329399878939 -1.22664475768988
0.299751454203575 0.498715989423928 -1.18285135911814
0.0701285855001228 0.579772159145762 -1.10734412151724
0.12611030513793 0.569338328603615 -1.15188456345862
0.184186786026715 0.554455195928414 -1.11531223347839
0.0782347404739181 0.576781787758822 -1.0241847127246
0.577084822571438 0.0597073768776685 -1.20376073364571
0.441246436220297 0.382930602240558 -1.13854572726475
0.394156013742962 0.43084187315841 -1.14565272335088
0.344255243528252 0.472115959378131 -1.13128821062426
0.291482477531839 0.506735400852769 -1.106505127618
0.37822603534373 0.445656132201285 -1.07097177426193
0.526812789685299 0.239731590849098 -1.22029374523422
0.553074497546089 0.179232612055286 -1.19072842992366
0.506040457331086 0.289332974827461 -1.16900986590416
0.571334713027794 0.11802137117174 -1.15718583991199
0.581763940584773 0.056715497118181 -1.12067656700698
0.558556908907655 0.173255800034452 -1.10940538524117
0.513306550083586 0.280443889785905 -1.09196267249821
0.480410536805195 0.333394104114663 -1.11745123784521
0.45066045908983 0.372263333822481 -1.06515353340514
0.237182052562828 0.53404880965442 -1.07880653874847
0.185442082159389 0.552752580351925 -1.03781398930771
0.281214876450374 0.510716706777515 -1.03123447940898
0.139158593560816 0.562966228041092 -0.986161665902923
0.0883636181264576 0.569118577087749 -0.940873305337708
0.198712213499714 0.54290753738102 -0.960713231081505
0.0911044172810825 0.559548190012846 -0.860925509907464
0.58113656423743 0.053690766804358 -1.03808007497905
0.368089752265753 0.44958807453451 -0.992213149256191
0.412989716887993 0.411167914321175 -1.0193770414292
0.449901749363619 0.367808137004323 -0.990352523575258
0.316272092879312 0.485725258046557 -0.974405931862526
0.259922838719576 0.516548930121218 -0.959751521490785
0.3499979853788 0.45547554878633 -0.916401403607584
0.570614960825347 0.110775962867876 -0.992420672009033
0.576299316742301 0.0513968927564179 -0.957490704614047
0.55843853767121 0.168336354479935 -1.02735447861511
0.553261444166952 0.165580920534052 -0.944291579469505
0.539502558530385 0.224855561565905 -1.06155257322673
0.514895212173835 0.272793433111616 -1.01533625024702
0.485019252433903 0.317593647726846 -0.970812525521483
0.511905717587805 0.266339222953604 -0.939262741973739
0.452265511001215 0.354991133495273 -0.918752080742184
0.464936254615871 0.324880057879943 -0.851950937434475
0.424069531430272 0.377415755771377 -0.856859451372189
0.264350458098384 0.497986078788442 -0.831873344780757
0.228461750480066 0.523873542639824 -0.893979016745754
0.202419652805089 0.524694211842878 -0.823635636712332
0.142103834579637 0.541650163817518 -0.808726626349782
0.0840010238450703 0.549538157169025 -0.783039493991222
0.183078389763985 0.519267086279844 -0.745491023382143
0.0730712091439489 0.539086583538447 -0.708301501142634
0.568478152108387 0.0503047289978875 -0.880129560912988
0.377143350261496 0.423745423143147 -0.854780820084126
0.323170535217169 0.464127200257158 -0.843119564215305
0.397609098934203 0.391598904582178 -0.787794569920802
0.323113200307502 0.439607286026286 -0.709611106657691
0.296114362270125 0.469425800674325 -0.770375410136633
0.271469675444035 0.470056406404803 -0.694424889135482
0.558857507157434 0.0490251955834097 -0.806008468954725
0.554677172409831 0.10646507837214 -0.833193770102782
0.543983719732083 0.164747635441914 -0.860582752154189
0.534661244658543 0.157131305940141 -0.780018726220154
0.529682567462779 0.217558209367392 -0.896375920059711
0.500780759995491 0.269174189743101 -0.861994872750096
0.526827726411292 0.13926402647905 -0.70088725233468
0.511133429550301 0.19688722533367 -0.718585231247824
0.479969856491163 0.286383364358556 -0.791628423396692
0.486580427380673 0.253664940477496 -0.725101899638675
0.453237951930673 0.308762105529318 -0.723702279325272
0.414182996585967 0.358855094194395 -0.722157535684321
0.42551245914502 0.328348090339205 -0.657232895693022
0.370759844167869 0.402206515561356 -0.717132400313565
0.21805083022297 0.494237525371015 -0.680319901005152
0.162592304256149 0.512481765320426 -0.666969714426377
0.250097024681622 0.466488265556243 -0.614078077799985
0.107047296417085 0.523892204645902 -0.651406437056956
0.0516098327682065 0.529523759504897 -0.637390783713806
0.138019334886368 0.506195438003885 -0.590751118157602
0.548405616449528 0.0443245099796399 -0.734121844356147
0.222802707268035 0.465900780315 -0.537824205910194
0.274904701136652 0.438611577174201 -0.543033717335652
0.295733817331491 0.411111079540167 -0.471821668809819
0.314694109073954 0.41833744758744 -0.57678392742909
0.361859053160348 0.379244350860227 -0.579252236068624
0.3443376028678 0.409632431471941 -0.645571411591248
0.535375625005205 0.0827986610899454 -0.681359311774609
0.519319227527835 0.116580752706222 -0.623834467079749
0.512053941614002 0.0906937811189251 -0.549768906621982
0.500839801914527 0.147643973957847 -0.562910983677324
0.483170672305557 0.202392209136832 -0.573595642425221
0.480443124342093 0.176561273745267 -0.4993227710954
0.485682869216451 0.227703919204691 -0.649420452417962
0.458622062386385 0.255158931898462 -0.580104627374678
0.362373810470532 0.355179435264994 -0.475172650410488
0.391508968940185 0.341315854740783 -0.549251692298295
0.426579729733742 0.306589350624066 -0.584009931532318
0.430975278410631 0.279182698599714 -0.511287734578886
0.167718607659234 0.48641461046219 -0.528411283249684
0.109999464293325 0.500378179569821 -0.517414747306518
0.195476442908708 0.46502452541469 -0.463691674991486
0.220277129709746 0.442884339904286 -0.395548608332261
0.169560195387563 0.463615211372593 -0.391348266065858
0.116601186836454 0.478254301530599 -0.384375456673736
0.0822498961692808 0.494107675333447 -0.445991456181998
0.0634661915818015 0.486300554455653 -0.373907064339012
0.0493834690186076 0.478413116730362 -0.298658872600533
0.51710917056645 0.0316406449248925 -0.537853846776848
0.241788003306984 0.421141215422811 -0.324470697749172
0.268405871976788 0.416431652992799 -0.39850906093572
0.313623469586956 0.384380370511314 -0.400677293823286
0.33487228890677 0.36641841200228 -0.401634467364323
0.316929674876114 0.363771357654358 -0.291170259374853
0.373929922482718 0.327244273678868 -0.403235815671759
0.504487404093096 0.0646145375457844 -0.477873068593945
0.496023884111985 0.0441065563373139 -0.4056071177306
0.48982343056524 0.0984228701612575 -0.417405929929663
0.477368787460935 0.151474300977256 -0.426267769837497
0.473949175712926 0.128310980212759 -0.353877635699032
0.459019115691445 0.202619287993359 -0.433335375447557
0.384274777910407 0.299881541111212 -0.329836318998151
0.407810962433945 0.28444180332662 -0.403712234244548
0.434662649244139 0.251785331504879 -0.438230535430916
0.437743581200687 0.225156158499837 -0.365367067536887
0.214788088200045 0.426310797578613 -0.250199440243608
0.261219905513354 0.400297656108047 -0.252302959929575
0.167221555783308 0.446605549749805 -0.249753023077258
0.186225284335446 0.432652789475443 -0.177110997617069
0.145740833598253 0.461819077314569 -0.320164338105682
0.126587497802687 0.458960590290953 -0.245365366567279
0.0774025355699959 0.468388184992325 -0.235572222906121
0.0392116663520581 0.469556744495095 -0.197771056305639
0.106691863463231 0.457575044965468 -0.170931749892412
0.487497844329653 0.0298727471156623 -0.332348880194877
0.268460682717758 0.385381732816209 -0.143159933511346
0.292458319511562 0.374415568135127 -0.217005611997316
0.332980491613397 0.339522132104479 -0.218010604319579
0.348697025388596 0.315914347241204 -0.144704312636183
0.362479537687962 0.313387399773563 -0.25521049373908
0.395220949155132 0.271525760583101 -0.25586356646141
0.478022536793647 0.0584483796228515 -0.270930113428466
0.470804002043406 0.106620472993079 -0.282485686434316
0.466863562974154 0.0916742186409327 -0.207098061659687
0.457866298867969 0.153652189573514 -0.285409540398031
0.407981015587016 0.240413403502708 -0.183671685420208
0.420920408133221 0.231829495663425 -0.264268324327094
0.442259155776721 0.176522140681813 -0.21433533119165
0.439881609360142 0.200309157024465 -0.290166635260087
0.288765719823135 0.366695655157242 -0.0700589539594594
0.24598848313735 0.396158422364832 -0.0697665669408794
0.209833696023723 0.417373172331296 -0.103855108795968
0.227055567704784 0.405902823015111 0.00454546680685156
0.171408759798973 0.432851571804664 -0.0688270138508017
0.0589686440943173 0.459648566277916 0.00449763728211003
0.0925947198795622 0.455271320803395 -0.0622450683129505
0.120552030383921 0.449112176586846 -0.0672802804175976
0.14604752042629 0.440703002519671 0.00452403804384637
0.46670136578063 0.0380965877876422 -0.0664910925524475
0.308245567630246 0.349373785960116 0.00456271084162273
0.327908752638447 0.332709880805124 -0.0704749048127994
0.363212427370591 0.294335048395119 -0.0711073333991342
0.389359936499082 0.261474892311141 -0.106895232481173
0.375631667353553 0.276727978348253 0.00457178514163553
0.410151089970927 0.225280791725462 -0.0714268224935211
0.458790841668646 0.0931147082224956 -0.0641577304545946
0.463498556303812 0.0595511759924079 0.00456376963691729
0.452124832159549 0.12172382486123 -0.0683931421209241
0.42115325313295 0.201706849326792 0.00457330970620956
0.433450025480555 0.176820297058827 -0.0706322614651856
0.440321839681186 0.162558934434737 -0.104924440584653
0.44640361384188 0.137697977543249 0.00456993317219253
0.0926166931980437 0.455405228191835 0.0712564956054648
0.0370567273690923 0.462783214956246 0.0739322800849773
0.246070663527177 0.396306547285403 0.0788598789211856
0.209928543832919 0.417587094243266 0.112924836220405
0.328029516169067 0.33284336557958 0.0795998103326706
0.288867400499376 0.366837907922622 0.0791703753422135
0.268628249584168 0.385650835924284 0.152246403144587
0.120584755436136 0.449257584898976 0.0763075957905105
0.171460644097392 0.433001282681687 0.0778829999794936
0.106746736933324 0.457888190414259 0.179929799463266
0.186344539458695 0.432979947922947 0.186150614115889
0.0493809968132613 0.478791459331301 0.307596103803534
0.0774347883255864 0.468756408534387 0.24453780450271
0.126662265442521 0.459346859198771 0.254356018332001
0.063451857578885 0.486662489318606 0.382844007556166
0.458961060485021 0.093157552861306 0.0732846418967587
0.474398280828971 0.0364292560212361 0.210348868461989
0.36335157464025 0.294457050033247 0.0802410789402161
0.38957622045337 0.261633836847426 0.116025461785464
0.348935090573358 0.316151883083164 0.153816740011557
0.433623103912218 0.176899036479141 0.0797689369291495
0.410313956334281 0.225379108821865 0.0805657068268322
0.408326205916878 0.2406405603431 0.192780417904889
0.452301873577986 0.12177991044949 0.0775235196923861
0.440571076037805 0.1626632847856 0.114052294356563
0.442678881720492 0.176714844431425 0.223430618263002
0.467306043199591 0.0917832449215339 0.216184083936108
0.214951593616095 0.426705336952758 0.259232479076542
0.167335649673536 0.446999760394838 0.258763695950843
0.362820672319182 0.313722876115089 0.264291102041035
0.333268015606912 0.339852322009192 0.22709616087387
0.292698935260484 0.374765938174412 0.226079114283707
0.261435311718189 0.400685775370329 0.261354706032829
0.241972000129365 0.421553891005766 0.333497975446621
0.31721498863122 0.364155740339849 0.300230086888834
0.169632290815549 0.464001301494463 0.400337615199345
0.145820985009418 0.462227224869722 0.329149456045815
0.116627238076017 0.478630589718586 0.393339678988649
0.109939929323993 0.500642219532167 0.526383090321843
0.0822158422237304 0.494423614157829 0.454939016816397
0.0495492924545091 0.508139446312591 0.516505387081636
0.478530699390264 0.0585383073685266 0.27998922197032
0.488022557325183 0.0299377837902371 0.341385920579221
0.471306528976422 0.106764368522217 0.291549736006109
0.496510900106001 0.0441890206686295 0.414635232971043
0.421344815410613 0.232097350368849 0.273350962709266
0.395606286206656 0.271826799245161 0.264948377109343
0.384645029215469 0.300222203591112 0.338900715994798
0.440339907869038 0.200553014219351 0.299240266481348
0.458350572709769 0.153846870043565 0.294479733204982
0.43817589824036 0.225425510616896 0.37442584654038
0.474445008383129 0.128483433194685 0.362927570836952
0.490288612420788 0.0985589007553967 0.426443239222387
0.47780454539904 0.151659578028486 0.435313172293897
0.408165915169952 0.28475150464055 0.412768397632662
0.37423673475949 0.327585340748115 0.41228911479518
0.220399239988721 0.443274169121119 0.404559450550549
0.268580537607626 0.416817766782973 0.407537313106202
0.195522180700242 0.465359313212746 0.472693933013109
0.313851973028858 0.384754675705849 0.409718741849087
0.335127505173465 0.366783650816764 0.410680916066625
0.295873096737667 0.411442462047735 0.480859544366557
0.362587331629328 0.355489773758229 0.484225276757459
0.391665494761342 0.341565494804107 0.558316700904369
0.361950005681793 0.379486819153868 0.588317531065977
0.137927267472911 0.506423765724926 0.599741202641418
0.167689754205957 0.486686678349679 0.537408564101578
0.222807925510285 0.46617595082497 0.546845596753161
0.0728873985848303 0.539389368382298 0.717244693320473
0.10690531135859 0.524123446753517 0.66038080961911
0.16247233169048 0.512727621395128 0.67597278097576
0.0838046690946087 0.550056978171558 0.791955390118188
0.538441390259694 0.0277521698042285 0.673377186190902
0.504894622954883 0.0647115356839644 0.486903939667641
0.51236433022886 0.0907995711997846 0.558811213119167
0.435019400936435 0.252053484720284 0.447285590999005
0.459418263933746 0.202848649466986 0.442386912398013
0.431229853773908 0.279427689809027 0.520348977727043
0.480783276127116 0.176743286589141 0.508374099536087
0.501115527942087 0.147783458774361 0.571965385043599
0.519548092483655 0.116689554581226 0.632890192173736
0.483408255232528 0.202560462147246 0.582659644925146
0.458820224373832 0.255352384585429 0.589174703229267
0.426735154746161 0.306804398910137 0.593082041079245
0.425606230854836 0.328549359705741 0.66631171371031
0.250061292615628 0.466725421103771 0.623118123236317
0.274949640654744 0.438886644371111 0.552073704064027
0.314742235221933 0.418588795557279 0.58583923738812
0.370795108047128 0.402460083772124 0.72619927695351
0.344358722163049 0.409859697701339 0.654638979276059
0.32310319243864 0.439870574043288 0.71866866271542
0.45336334291478 0.308973734815939 0.7327767980437
0.414263857147647 0.35909198857518 0.731229585774531
0.397739593287343 0.391946533657963 0.796842169399526
0.182959194977037 0.519632227282169 0.754486517175094
0.217960677703539 0.494493031215356 0.689347162369837
0.271416170718667 0.470317545779593 0.703470107414001
0.0909234168217371 0.560468762472722 0.869784311071836
0.141966616411387 0.542248062258174 0.817665139164314
0.202362917462353 0.52531780729003 0.832594849713476
0.0882219969595722 0.570678916868138 0.949645730806075
0.548672487946419 0.0443972523843094 0.743155319715936
0.559282097254124 0.0491111359109549 0.815017187717733
0.535597041625707 0.0828878971137135 0.690409318968526
0.527037185030804 0.139381833541058 0.709948781213692
0.511328584236155 0.197037022356056 0.727655449157507
0.534970713023639 0.15728496744156 0.789066653519036
0.485849026258338 0.227863094430482 0.658495990462599
0.48674782896346 0.253846867611227 0.734176275233083
0.480217617723056 0.286648161681503 0.80068072873066
0.501280602930842 0.269548665996312 0.871004913540031
0.465327570669126 0.325306592971267 0.860963814037088
0.323316206903233 0.464718134839798 0.852111179071103
0.296111683103113 0.469802694147806 0.779404776152836
0.264389009799818 0.498591387174719 0.840851097907389
0.350422955478604 0.45639636396657 0.925336599068135
0.377400862276652 0.424317062499453 0.86378202730532
0.424407375115818 0.377928287032821 0.865867529914482
0.452929315691671 0.355692652527149 0.927706171328614
0.260301100419028 0.517967254819618 0.968597450286421
0.228563875950057 0.524856603805397 0.902883073715033
0.198917916058561 0.544463243098159 0.969531005331061
0.0781584465489081 0.57927362802796 1.03285429240404
0.139242439927235 0.564893339575381 0.994920932459083
0.185864610597406 0.555149491081625 1.04653830076197
0.0701510255602442 0.583433495113466 1.11593022884033
0.569232248403636 0.0504171183209984 0.88909219709431
0.577609654069059 0.0515581890545726 0.966390031783926
0.555178302516742 0.106611344567012 0.842203929124115
0.54457191147269 0.164982559464407 0.86959001994073
0.554370423024531 0.165966821628682 0.953231104509259
0.530413214114323 0.217932727564853 0.905362551424274
0.512847323340977 0.266931280843356 0.948205556052563
0.516455974655919 0.27372243538571 1.02420247778
0.486103330670597 0.318438549759323 0.979715647426969
0.451019774879064 0.368906201989433 0.999232540264667
0.281992884317015 0.512756979480549 1.04001527615505
0.316872524057137 0.487134067217406 0.983266015056879
0.368944819793797 0.450996876529151 1.00107740402195
0.414191700760407 0.412627955777586 1.02822197418511
0.379690412736357 0.447732437960927 1.07976097604705
0.452418860006937 0.373905826113498 1.07395929361971
0.184936251263621 0.557869585557107 1.12396680773609
0.238030396078067 0.536784054971777 1.08751449977344
0.292786908774301 0.509602070125218 1.11522499357852
0.12663270350729 0.573509823457465 1.16049136786024
0.0643422301384458 0.582307364883964 1.19790263832624
0.185331389299142 0.555547231336112 1.20090831567397
0.0596201919434117 0.575176561964124 1.27908587884783
0.583274130253163 0.0539311922086393 1.04691041638863
0.585005254780264 0.0570698049507402 1.12945595497774
0.572203224613122 0.111128973761179 1.00130496005499
0.560316594106116 0.168958645819618 1.03621600105539
0.561436251653201 0.174207127736285 1.11820642139566
0.541659065194961 0.225831629136564 1.07038377451191
0.515674983431488 0.281843522528961 1.1007639113744
0.482890918887292 0.33526351105999 1.12622698225698
0.50937287691232 0.291348322562594 1.17778184206893
0.443730804384278 0.385298293236332 1.14729817632294
0.301721299302866 0.502541650070489 1.1915501498587
0.346066530257571 0.475023837636399 1.140023858462
0.396419321224014 0.43361427334597 1.15439440429929
0.424036438898911 0.402536571575374 1.21545468672235
0.244935665384501 0.529120960097519 1.2353343959138
0.184208767538501 0.54819836673569 1.27796965692334
0.302527605658312 0.494628993356908 1.26590591849622
0.121266182701835 0.558838340700447 1.31972986822116
0.0558089397792084 0.561029854141063 1.35952235840385
0.182394998421056 0.534342080512959 1.35543424920766
0.0533177821912335 0.538793475925131 1.43839423435436
0.581655663032651 0.0602121565203611 1.21254298887548
0.572157837741375 0.0631494988204462 1.29514227578822
0.575034280484973 0.118829267322839 1.16596923286599
0.55714397874391 0.180608424668587 1.19951953923934
0.546686701337713 0.187331902432966 1.27999646062485
0.531117582270518 0.24176748465318 1.22909458021784
0.496875073141067 0.301470156179945 1.25357260040177
0.478403119574984 0.310095378286111 1.32809132973863
0.454427264719071 0.358848400475135 1.27180668708011
0.404547009739726 0.411951706229568 1.28425184785244
0.350937187086478 0.455078500100849 1.30231600528721
0.295246914508455 0.485138083270984 1.33964279733946
0.384704948497205 0.413190787286776 1.35520389179466
0.240792883124444 0.50237231337011 1.38614448560137
0.182590367053393 0.511897807958574 1.4320300546622
0.295820282181095 0.463723875732164 1.41108721244008
0.0523513777650929 0.50768227858581 1.51412226205543
0.0525333721775594 0.467355077271833 1.58482939411741
0.119552988172684 0.513948749341987 1.4750902868083
0.185570983762882 0.479956211618044 1.50523615356069
0.555478674608073 0.065955964249516 1.3764635697438
0.530649168249649 0.0687433080239463 1.45553515115083
0.555067504104882 0.12858549559031 1.32951320716442
0.529187685296216 0.193839364067292 1.35921992582434
0.503626464958497 0.199973734474404 1.43646245090145
0.494780477497847 0.257324970556975 1.38342123755789
0.452711734961409 0.31713379599577 1.40166837761768
0.417585063733173 0.324243016687281 1.47242590656641
0.404479215998327 0.371274145385181 1.41427424561414
0.305188164208188 0.42990680457334 1.47610807343713
0.351525602196711 0.419197633542586 1.42068926434728
0.0530012950815146 0.417847065303607 1.64867293362249
0.0523854343473596 0.359445803638539 1.70389845367554
0.122860235963908 0.432597849274799 1.61426709137706
0.191692274994837 0.388676556446819 1.63522629831835
0.189413000225274 0.438737828377157 1.57333469210083
0.250688585231504 0.437319170670173 1.52692186779318
0.313775086181958 0.387267484610295 1.53784633695719
0.496903669708648 0.0715570859372474 1.53097170661674
0.453848960037781 0.0742834596777704 1.60099382632533
0.504563433341733 0.137875381015796 1.48602521627442
0.469073626979746 0.20573164499549 1.51038436719675
0.42511666219737 0.210701286307791 1.57916726657086
0.424746160512899 0.270650080007574 1.52788567612674
0.372520102745684 0.331397441531422 1.5375900796469
0.318652207996538 0.3363761607114 1.59585599587579
0.0485545190327935 0.292704195186131 1.7485835734348
0.0398563045830962 0.21887561739096 1.78003402139697
0.119901914975865 0.316212276105565 1.72359118401181
0.184182431806762 0.265545266104497 1.73444519546027
0.190452232891172 0.330485954741154 1.68951965934999
0.25741389323752 0.336706735857264 1.64672193794266
0.318150040613805 0.277964193709025 1.64849768162501
0.340418898181187 0.0771275347590279 1.71697947852382
0.401543043988068 0.0764956488239739 1.66363810887744
0.417661642038025 0.145416126161392 1.62484386368422
0.372056981221203 0.213771420840893 1.64096140191698
0.310891126117815 0.213344596087238 1.69408392439967
0.0993504256294319 0.176391700409427 1.78723826229481
0.0293395647017323 0.139435630358001 1.79476456319273
0.115404343100856 0.0546552579331083 1.79660368349493
0.0338459970355097 0.0577952786121476 1.78990670501363
0.195616464295383 0.0657075451310805 1.78689266942715
0.27125773771999 0.0741249898356212 1.75900525588427
0.152130695120908 0.1245498158575 1.78940387998443
0.295623205129262 0.14448916873147 1.73122854584393
0.171924067242491 0.196051867720361 1.76815851494213
0.243349641321553 0.207817774023575 1.7369470033795
-0.206091653739925 -0.0407221086654661 -1.79487184309508
-0.228033897704146 -0.07129590319001 -1.78105695482745
-0.243545579555592 -0.0383497126850957 -1.77709749826074
-0.207615253418265 -0.141708005715784 -1.77432944790586
-0.216030188664899 -0.106009391947988 -1.7801157733297
-0.180499327372491 -0.111350974638194 -1.79388057028924
-0.249253380573829 -0.100269831630899 -1.76449075898211
-0.269841550302044 -0.12716794834055 -1.74541546962839
-0.280348095643996 -0.0944086676236327 -1.74717265943846
-0.0641807901026686 -0.219709062976666 -1.78583325534385
-0.0970099145811971 -0.203896156148153 -1.78736787761062
-0.0670119140053943 -0.181172511558089 -1.80176170096302
-0.15134028874294 -0.247582252316226 -1.75068972664746
-0.125269794831532 -0.226002267560618 -1.77025629165139
-0.119002983034631 -0.25817182516632 -1.75452096827136
-0.131364742840489 -0.191783841690492 -1.7841320051042
-0.166462666478238 -0.183450415657596 -1.77624158487205
-0.137010810989997 -0.155359308005838 -1.79598284090473
-0.0899517754186403 -0.274367582750377 -1.75158169943351
-0.117903487327741 -0.289987173435293 -1.73460714623973
-0.0328163335080711 -0.237691693842828 -1.78022794801504
-0.0618443125783473 -0.256499117298692 -1.76704845221732
-0.0606262828569342 -0.291432243797448 -1.74553413615451
-0.0303387267652754 -0.308124767685153 -1.73705631126775
-0.0605080854334158 -0.323942679160816 -1.72186626575008
-0.121990968558618 -0.318907526453285 -1.71213748768551
-0.149570382689479 -0.298779729652382 -1.7182413131125
-0.0607632098321697 -0.353962033842157 -1.69651096131015
-0.0922160424335036 -0.337192062923428 -1.70511371793605
-0.125510878645192 -0.346722285619802 -1.68754307330724
-0.127538345062588 -0.373683051630195 -1.66082332570311
-0.159590710165636 -0.352271859558941 -1.6695185320438
-0.310919901493786 -0.0938801767276094 -1.72606446040505
-0.296154208949643 -0.0652422701437945 -1.74206617263529
-0.32887752360091 -0.00589441563427193 -1.7229261601559
-0.312729475976163 -0.0359725727332912 -1.73375533204251
-0.343852574855674 -0.0365605176814074 -1.70895427075615
-0.27912003091413 -0.0365571735448597 -1.75666933487785
-0.261077681863929 -0.00708010043895498 -1.76901230603137
-0.17144846007001 -0.272888418020353 -1.72767590886319
-0.184746143580157 -0.243320275830785 -1.7401566320117
-0.254278201234059 -0.232936268527575 -1.70940982396844
-0.219199223553296 -0.239220381618276 -1.72604426029377
-0.240228078265359 -0.266778639168984 -1.69681673786793
-0.194176411521068 -0.211334991199565 -1.7528435276997
-0.20115953879106 -0.177208934659056 -1.76470646359561
-0.2653421328804 -0.161299175715911 -1.73669645638947
-0.293928375378261 -0.148186213789836 -1.72251659251943
-0.234349402154844 -0.170487289847221 -1.75107378964676
-0.260908260443252 -0.196706185385134 -1.72433336182059
-0.286996391528976 -0.218992144842307 -1.69506979571815
-0.182764723956889 -0.299965009073817 -1.70371360421221
-0.193421998099297 -0.354758906453176 -1.65059781511274
-0.189829521298273 -0.327318911112008 -1.6781241268974
-0.217128123585588 -0.298585882549049 -1.68720705847964
-0.252183772199299 -0.29553842923688 -1.66776175363307
-0.19436963349925 -0.381697117746477 -1.62105678233868
-0.226091463236356 -0.355718969176502 -1.62980838654054
-0.28642013881538 -0.356522686188096 -1.58031074321308
-0.257107776943106 -0.356227891494564 -1.60643781454521
-0.256120163853314 -0.383645191072186 -1.57411996867271
-0.25619809421617 -0.326696024037989 -1.63761613737253
-0.284693782887019 -0.295376031608421 -1.64355226733977
-0.318998218068461 -0.126323107484776 -1.71111328745913
-0.338532283836965 -0.0986541882350921 -1.70290244363874
-0.390471890280405 -0.105700762560146 -1.65059013442339
-0.364962961723474 -0.102906239433409 -1.67776034091225
-0.369753228947871 -0.137821879865279 -1.6615772163259
-0.356248323671547 -0.0688842783255754 -1.69364742897871
-0.372452165263383 -0.0375752097009386 -1.68269148790423
-0.319672314913628 -0.160349025324902 -1.69828077707334
-0.314191617214395 -0.232020590461624 -1.66570512852675
-0.317781978726225 -0.195728426243734 -1.68350363460028
-0.345594340325838 -0.168230321292235 -1.67235922174675
-0.371510337323812 -0.172607719528517 -1.6445274891422
-0.0698956824307016 -0.140340708437446 -1.8148733555247
-0.0352286641475502 -0.159088619577187 -1.81283718737514
-0.14331433290127 -0.117435561248317 -1.80495796715766
-0.106024679482075 -0.126478209267202 -1.81220362178163
-0.0731751054531884 -0.0968127182459581 -1.82482760845064
-0.0783092745615079 -0.0511598555212508 -1.83080643055372
-0.0379268702521203 -0.0678212363919888 -1.83344058414632
-0.152435661525181 -0.0796248158714423 -1.80989197652249
-0.184654969111159 -0.00853013728662997 -1.80527278990198
-0.166196879933031 -0.0432245793092858 -1.81003082511419
-0.123430411318091 -0.0462084138037323 -1.82226810901305
-0.0949228958286198 -0.0105910908243821 -1.83049361390141
-0.094282410724533 -0.392195736080687 -1.65131323507198
-0.128051484879887 -0.399626624143344 -1.63202503438436
-0.0278025293152997 -0.368858928422367 -1.68636187011887
-0.0606814949259428 -0.381911243983197 -1.66948733002928
-0.0600784745488094 -0.408076986305814 -1.64069543439115
-0.0251430561213331 -0.421356734598422 -1.6289183616967
-0.0589755330008539 -0.432554805369822 -1.61008434229085
-0.127322484599923 -0.424278349726802 -1.60124316965279
-0.161335333258143 -0.40450960870838 -1.61156030644323
-0.0574418863730187 -0.45531980661599 -1.57768692108316
-0.0926080037215757 -0.441173203184061 -1.58997785037025
-0.125662582218588 -0.447371073333225 -1.56862228326999
-0.123309652621384 -0.468702008340943 -1.53433636458594
-0.157805287014536 -0.451391873879736 -1.54597318261969
-0.193583578862808 -0.407385803909484 -1.58965321909289
-0.18879309985581 -0.453488511756355 -1.52196800863765
-0.191609916079471 -0.431394551755469 -1.55656581983082
-0.22446299882381 -0.408750758153653 -1.56602776017525
-0.253831504596264 -0.408868800917407 -1.54058419402177
-0.414917682066159 -0.107021250756123 -1.62144485532538
-0.408356657066073 -0.0725305280243078 -1.63866873016091
-0.43639646033203 -0.00409040638032402 -1.61114542297771
-0.423657170369404 -0.0385877966347011 -1.62552910613378
-0.446661787163928 -0.0384670150137968 -1.59443773262108
-0.398956246176376 -0.0383069400814627 -1.65492562416197
-0.386792418750583 -0.00490902599824006 -1.67008380727676
-0.371721568507056 -0.20636630743064 -1.62550944709794
-0.396864547769366 -0.174313697046808 -1.6147906419456
-0.313315322950836 -0.265970842987247 -1.64274176453451
-0.343638350454223 -0.236926344707026 -1.63511131029062
-0.371441237219161 -0.238609710674541 -1.60371947306306
-0.370929719082104 -0.269278010979044 -1.57891696594953
-0.397157466345374 -0.238277959205614 -1.57151254917328
-0.343545705709886 -0.29914158055456 -1.58317081208686
-0.36977662867516 -0.298402025084247 -1.5515344958736
-0.315165564063828 -0.298093255412928 -1.6140315603713
-0.315438823958296 -0.32818429995169 -1.58360467716002
-0.314088181294977 -0.356125610480086 -1.55193724230549
-0.185362036275256 -0.473540668407597 -1.48603641606078
-0.218479692009343 -0.45385759311181 -1.49658929049272
-0.273703961162433 -0.449815586380558 -1.44205666973203
-0.24679232896569 -0.452615836786052 -1.46990291792415
-0.242523807630951 -0.471101962301878 -1.43294761540075
-0.250628703449927 -0.431867620289727 -1.50582403572173
-0.281644443699092 -0.407775858192594 -1.51345898891133
-0.360043551843358 -0.375184178871284 -1.45917059607364
-0.33247551437876 -0.401680425301287 -1.45549600084556
-0.355411246729032 -0.396638628027429 -1.4253891373915
-0.307872994662717 -0.405397881105751 -1.48497031906219
-0.311445792093151 -0.381879245642328 -1.51906593686458
-0.303705532654341 -0.426615870336587 -1.44966578641473
-0.299218483109693 -0.445473051309594 -1.41325016856686
-0.367537332597927 -0.325875107736045 -1.52227054777045
-0.393880926309317 -0.296143922341647 -1.51925932727353
-0.340054267099614 -0.354498137709016 -1.52214289053254
-0.364212266803471 -0.351528050230141 -1.49145378181719
-0.386481217901068 -0.347301739770393 -1.46022652781754
-0.418940903256283 -0.141120600484325 -1.60312155290186
-0.438053337607017 -0.107159924041253 -1.59043254629978
-0.479497574656768 -0.105230154359842 -1.5233976040235
-0.459639897452231 -0.106464668812604 -1.55769835403695
-0.462766293520009 -0.139333707615172 -1.5375749244562
-0.454354890499186 -0.0727232910212675 -1.57662722030695
-0.46796064779059 -0.0380520709908131 -1.56167271177403
-0.420958365171499 -0.174271060604119 -1.58336692453778
-0.420751003828843 -0.236526854200948 -1.53844066827792
-0.421466493146647 -0.20612716795438 -1.56185390480207
-0.443404290521341 -0.173051958847251 -1.55044816458165
-0.463999876497402 -0.171055697513333 -1.5161765429386
-0.0220893663474763 -0.466814674950335 -1.56433539232495
-0.0555342122128362 -0.476295666271606 -1.54360844350158
-0.0506824138186945 -0.512566246324334 -1.47105727016672
-0.0532803437408172 -0.495399662503278 -1.50800386198993
-0.0182621974893636 -0.504926385835971 -1.49331750136668
-0.0883819284808386 -0.483351755795923 -1.52167825981086
-0.120422158058746 -0.48813421153473 -1.49857712443746
-0.117096637407077 -0.505586196095416 -1.46154764563505
-0.151488959169828 -0.490800249789604 -1.47432694458899
-0.0477251440205365 -0.527757319628843 -1.43296607024807
-0.0824285496268418 -0.517895126986933 -1.44774808194808
-0.113385888341757 -0.521022655587213 -1.42345672760148
-0.109314507408538 -0.534447346358096 -1.38451255917991
-0.143470362085496 -0.522053489469217 -1.39824413455182
-0.210296111645868 -0.490314470337611 -1.42253197478842
-0.2379502519147 -0.487345447582582 -1.39513595228383
-0.181468439616522 -0.491490540744398 -1.44895924424019
-0.177206452662757 -0.507326896198405 -1.41093662832025
-0.172627109846406 -0.521079638825661 -1.37217343429983
-0.497502819451945 -0.103692947370156 -1.48768843065821
-0.493619202657297 -0.0709648543492802 -1.50802364477829
-0.514288323130272 -0.00276393269774632 -1.47397927159866
-0.505189084941482 -0.0367429366265109 -1.49153147430938
-0.520990009326641 -0.0360022652130742 -1.45446356553259
-0.487493173429698 -0.0374485481087766 -1.52732455337101
-0.47896099485283 -0.00338717653227757 -1.54558221644609
-0.233129169028921 -0.50140844546135 -1.35667375604497
-0.26444799746861 -0.482620985497282 -1.36689142395516
-0.167753797245299 -0.532812893070996 -1.33286796720325
-0.200827163583558 -0.518175583778764 -1.3453173345362
-0.228063937549047 -0.513395832878207 -1.31776407266235
-0.222731582570126 -0.523442076881425 -1.27857933502483
-0.25434921079952 -0.506774394972272 -1.28962282607401
-0.478868588763371 -0.226704155545902 -1.43370707619224
-0.461614542927267 -0.230364168146383 -1.46957819183389
-0.458274809802518 -0.257718563944662 -1.44463493050024
-0.463562721023761 -0.201442139509049 -1.49348423600842
-0.482633645863559 -0.168607496877925 -1.48066009708635
-0.442234966242955 -0.233767574220533 -1.50447303101394
-0.418892752085056 -0.26539664499765 -1.51321244461212
-0.435818805266144 -0.288292458400039 -1.45297230752343
-0.453665119411412 -0.283401144978525 -1.41889429012413
-0.415888271245286 -0.292668705626734 -1.48640166131585
-0.411791983088193 -0.318246352458885 -1.45822777374854
-0.406807299820113 -0.34199378382874 -1.42874462404326
-0.342080893632311 -0.445971634985866 -1.31629251724917
-0.314258981333235 -0.467847188197112 -1.30845230409816
-0.337845036977874 -0.457619792845676 -1.27862712947871
-0.28984802390876 -0.476139384411354 -1.33794154992512
-0.294584909264607 -0.461956543347537 -1.37592011082994
-0.284932893940282 -0.488188350679977 -1.29958011731332
-0.279704778217565 -0.498327955400327 -1.2610297496612
-0.35072768016881 -0.415661662801577 -1.39012873892933
-0.376662140698689 -0.390331511515957 -1.39498263490906
-0.323376100304001 -0.43958146368207 -1.38369935751568
-0.346279213576761 -0.432090845524061 -1.35361767374389
-0.368141684192708 -0.422841763913922 -1.32322898013276
-0.455430396942792 -0.32293804868101 -1.33439981322297
-0.441436880396651 -0.329207839463131 -1.36592143334272
-0.434787439895691 -0.348782963834276 -1.33837386855757
-0.447956195975798 -0.307288041885692 -1.39260702552592
-0.469335363342728 -0.278578719377554 -1.38392447914878
-0.425147547901975 -0.335842582029256 -1.39725614023546
-0.401363388774379 -0.363680448785527 -1.39772706941683
-0.414332557838459 -0.374038583466799 -1.33474259471482
-0.431454387052105 -0.363398166817384 -1.30601941140585
-0.39625609253138 -0.382814816609514 -1.36462567123606
-0.392239302219566 -0.398768528476374 -1.32940030267028
-0.389366623307546 -0.41143265601782 -1.29284622670352
-0.499319300989428 -0.135425883192299 -1.46633193948842
-0.513575293775354 -0.10204393850486 -1.45073596837946
-0.53977372103677 -0.0989616440476395 -1.37383759932474
-0.527669535218596 -0.10043268035108 -1.41271988244589
-0.527890225823824 -0.131355989924091 -1.39059688930639
-0.525409230150978 -0.0686092986588691 -1.43402864747254
-0.534860132594494 -0.0352760949529288 -1.41631227166013
-0.493934117534768 -0.22323001121955 -1.39681378502955
-0.497398970115346 -0.195298061369568 -1.42077245531801
-0.513757524027129 -0.163501076483218 -1.4063019042059
-0.526174864181185 -0.161309507653631 -1.36774478033889
-0.499235721413859 -0.166001169470245 -1.44399607661729
-0.0364526573780518 -0.561541407770971 -1.31377402598097
-0.0406334316411363 -0.552210973451947 -1.35413817489987
-0.00652198498123768 -0.557629452736605 -1.33762794997159
-0.0749639094318065 -0.544495183832632 -1.36979187199214
-0.104893030104553 -0.545896692518891 -1.34491649184019
-0.044384172856219 -0.540965128726209 -1.39392909042284
-0.0132149138608134 -0.535228164264215 -1.41724446445558
-0.10013234957867 -0.555433123355827 -1.30485853817979
-0.134120885070077 -0.545246197693176 -1.31936794677658
-0.0318381485312744 -0.569023228539863 -1.27300780700011
-0.0659794346868386 -0.563357487753805 -1.28938544799674
-0.0950594545027433 -0.563138230104832 -1.26451577868932
-0.0897342841131903 -0.56910666452892 -1.22405315251061
-0.123622949376339 -0.56094810708685 -1.23918245113491
-0.151572873921937 -0.556857790028181 -1.21338853558108
-0.157190281192061 -0.550594261187599 -1.25333062284222
-0.190283218227191 -0.538075186364017 -1.2664722459328
-0.217115831800866 -0.531690590728173 -1.2392474185662
-0.162600371585806 -0.542616193398744 -1.29320125106217
-0.546791789992575 -0.0345970083607113 -1.37728116295249
-0.54198733637852 -0.00219994952036213 -1.39765777644563
-0.549912699331081 -0.0976780106146599 -1.33429658877091
-0.549406983664434 -0.0664537665679237 -1.35613677602628
-0.556808194117387 -0.0339806163128204 -1.33757476938353
-0.564963168065991 -0.0334273489099836 -1.29738541802272
-0.56201128387086 -0.00168443152839075 -1.31821864251948
-0.230499426567716 -0.534066342281352 -1.13337848586488
-0.205147240631906 -0.543312471743517 -1.16046032301388
-0.198954177744443 -0.546902942732024 -1.12110856466806
-0.211233888169862 -0.538275346410725 -1.1998547942951
-0.243032215911506 -0.523536058963617 -1.21160942728541
-0.178791469469291 -0.550947689247962 -1.18714104761229
-0.145832385007558 -0.561517621350238 -1.17348427793654
-0.254702741477856 -0.523347006495107 -1.10592692131685
-0.261445880463118 -0.519209422607719 -1.14483280874846
-0.32121194549319 -0.4834338532262 -1.16530468959597
-0.291704289610292 -0.502337765364671 -1.1554744960013
-0.314124377784405 -0.489640415460689 -1.12712430688991
-0.267940634716088 -0.513705844013944 -1.18365424006496
-0.274050352188218 -0.506778515599525 -1.22238291141588
-0.333134085198812 -0.467509561988116 -1.24091480913542
-0.360801631933544 -0.445259349745592 -1.24873349459938
-0.304141277281455 -0.488069998680565 -1.23215292951094
-0.327612472973219 -0.476050497076918 -1.20318661822174
-0.349941193147383 -0.46243643464206 -1.1743154332985
-0.488947594439019 -0.249740379885324 -1.37233946892451
-0.506718750951662 -0.220369256736556 -1.35895436485743
-0.525409495419589 -0.217112961165645 -1.28145946258165
-0.517176139180074 -0.218363561678177 -1.32037596729614
-0.509828911919162 -0.245767967294209 -1.29625822035415
-0.522596988784738 -0.190285071244415 -1.34428310165957
-0.536507870248996 -0.159519306399684 -1.32854598205155
-0.46494794397428 -0.321521554923947 -1.29976169134153
-0.474657837649455 -0.298548426689703 -1.32317293319851
-0.492825144753002 -0.272964644800431 -1.31019232795323
-0.500271229800393 -0.272950495275168 -1.2723211577844
-0.482521495510439 -0.274813958206314 -1.34764868022962
-0.450347493198283 -0.34674307112756 -1.28176917881629
-0.469397088306349 -0.325121892971795 -1.26459732082046
-0.474326522845732 -0.331840015042015 -1.19065732723622
-0.472218684136715 -0.329025567912321 -1.228175331223
-0.453300476356787 -0.357569688784908 -1.20945574341433
-0.487897592200999 -0.300625693962696 -1.24932460438683
-0.505568419684192 -0.273605791081345 -1.23466047885885
-0.383243408382005 -0.430581555822205 -1.21909245019164
-0.386798180295461 -0.421608556717327 -1.255877930855
-0.370723016313433 -0.447641754137741 -1.14561895603732
-0.377891153657629 -0.43922205367726 -1.18250190116383
-0.40503271396812 -0.413617059901593 -1.18995430764216
-0.425465281601009 -0.395061930856774 -1.1612118448053
-0.431035129663217 -0.385630608288858 -1.19730384504182
-0.431803255930595 -0.372047134876304 -1.27135114722145
-0.410584470178495 -0.397057884708444 -1.26310368433466
-0.432028476228838 -0.379089074735537 -1.23498622128575
-0.548376562987424 -0.128220154211195 -1.31185487660008
-0.558149652573823 -0.0965737182899732 -1.29429434236571
-0.569324334505737 -0.0947021314096923 -1.21350548181521
-0.564581117367724 -0.095601075118564 -1.25399344490187
-0.561343321594414 -0.125903517377593 -1.23166332595637
-0.565802800683849 -0.0647581143929491 -1.27594480502982
-0.571337356931971 -0.0329273585905485 -1.25688157468001
-0.544841031820778 -0.158085922562526 -1.28894247398431
-0.531709839623937 -0.216168556706892 -1.24252677350485
-0.539306221753998 -0.187350601430584 -1.26574527903799
-0.551321848633323 -0.156851576860485 -1.2491172513199
-0.556128344493263 -0.155626881592267 -1.20914014085049
-0.01608758002368 -0.581270465758457 -1.15004108788839
-0.0215023394638811 -0.578784270552595 -1.19095616663101
0.0126521860213793 -0.580289639681446 -1.1730615341904
-0.0556575868940987 -0.575054492276638 -1.20796779003312
-0.0842650882512294 -0.573441895409936 -1.18362370566998
-0.0268217370400686 -0.574738878568897 -1.2320089913724
0.00213098868517577 -0.572448782471474 -1.25581214940706
-0.0788153046341062 -0.57625443372559 -1.14336370518141
-0.112473000982596 -0.569959620685266 -1.15889235064981
-0.0109209551496391 -0.582328187820048 -1.10944802002247
-0.0449437042010287 -0.580384455664158 -1.12688785064906
-0.0735900153201529 -0.577662101777595 -1.10337998020015
-0.0687976922753846 -0.577790109049871 -1.06373672285648
-0.101731755146606 -0.57316258895721 -1.07936722936181
-0.140086065251395 -0.56468310468187 -1.13370505424342
-0.129122232334361 -0.566969944657938 -1.05475460712925
-0.13447088565982 -0.566463444181745 -1.09411496553902
-0.166911084986461 -0.557706229301188 -1.10802223090003
-0.19277024651898 -0.549141152926968 -1.08183407064682
-0.204916908349321 -0.539370335009359 -0.977042337173965
-0.180864207623972 -0.549942917911076 -1.00356581591262
-0.17531492055737 -0.548702145446782 -0.964536882204811
-0.186707866694451 -0.550122084155956 -1.04265536230399
-0.217511287568665 -0.539115522475062 -1.05515774708492
-0.15555607093012 -0.559189042748495 -1.02948956422018
-0.124149933262418 -0.566318080847493 -1.01564682375361
-0.581047830558716 -0.000780167530568123 -1.15567469256862
-0.579159577840634 -0.0320386515277527 -1.17546393904984
-0.580842649672303 -0.0316351980010659 -1.13476795934864
-0.57603158698554 -0.032467694439349 -1.21620273666728
-0.574772809883624 -0.00121211876332598 -1.23717133775379
-0.575258744288533 -0.0633794565356148 -1.19475005848484
-0.572501796802138 -0.0938395197948824 -1.17289562494609
-0.227630924876804 -0.52762408359321 -0.950077316266219
-0.234259216971877 -0.528219425634726 -0.989102202804384
-0.2916743207808 -0.5003966374372 -1.01117195494208
-0.263250605232666 -0.515213797002173 -1.0005212577414
-0.284224203759637 -0.501555893977063 -0.972665292890383
-0.241022018317141 -0.527764359660571 -1.02803415847474
-0.247858087772509 -0.526172893107597 -1.06697747419359
-0.306674128219251 -0.494558364264118 -1.08861806659654
-0.334950439803893 -0.475903942034571 -1.09857144977075
-0.277619560775115 -0.511312680023131 -1.07811412429549
-0.299146494622671 -0.498123737882521 -1.04989902020017
-0.319247378942619 -0.483907668155589 -1.02116755552192
-0.33796915785839 -0.468721935287932 -0.991728727044863
-0.345764877152472 -0.465902524111052 -1.03082390603558
-0.395485184991226 -0.425529342738151 -1.04960572690686
-0.371170992157425 -0.446451171051194 -1.0403682720054
-0.386750871843341 -0.430952194929363 -1.0107347309259
-0.353976075847723 -0.461438377586046 -1.06969033228115
-0.362452480434517 -0.455270340728193 -1.10801771247045
-0.389244439059585 -0.432477904847109 -1.11686967540419
-0.418652379331164 -0.403134763948519 -1.05772603819155
-0.40511662426326 -0.417628415819769 -1.08761362311953
-0.415384757661303 -0.407266796172342 -1.12479527811997
-0.440735390398059 -0.379503888738459 -1.13078210759227
-0.521918314612849 -0.244751863577562 -1.21963563295615
-0.536461501085263 -0.214952559037702 -1.20364718871651
-0.542300185422772 -0.210643292840359 -1.12498056845593
-0.539963497874192 -0.213092142666633 -1.16459833265021
-0.529242267465447 -0.240507463457963 -1.14323216109292
-0.548977769599804 -0.18472377544219 -1.18667855663365
-0.559419688203249 -0.154295131188299 -1.16896135334997
-0.509777181913487 -0.273255282440053 -1.19741531019737
-0.478799693549414 -0.328948101269024 -1.15439620827629
-0.495250436901142 -0.301582107885768 -1.17592436298062
-0.513616410167831 -0.27087138296064 -1.16033459507244
-0.517141362830815 -0.2665361726785 -1.12277236784023
-0.504278813753487 -0.290419558603422 -1.10291197413669
-0.51974608909178 -0.261448364536241 -1.08410982359105
-0.464027203676247 -0.350712657014565 -1.1289752902976
-0.485627820002496 -0.320467982857751 -1.11817890871721
-0.491305831725212 -0.311585647453344 -1.08288160264162
-0.478755872281434 -0.329725265777364 -1.06144182610692
-0.495058298008004 -0.303852968745944 -1.04829930164494
-0.430698767803943 -0.388410980712022 -1.02790243361412
-0.440406129550574 -0.379491097080225 -1.06323464488816
-0.460473472649618 -0.354946477550084 -1.06479037146311
-0.468406277263192 -0.342494397756974 -1.03407003761304
-0.451571594895215 -0.367001548581013 -1.09721848484921
-0.567820691559677 -0.123725387303061 -1.15075081227954
-0.574231185817765 -0.0930105762479995 -1.13220968239288
-0.573813412708577 -0.0914769275377058 -1.0509204827963
-0.574626956790572 -0.0922296840802645 -1.09151289004917
-0.568718825993722 -0.121692218466121 -1.0691655852573
-0.578687426344073 -0.0621637126118547 -1.11338108616982
-0.581207749664095 -0.0312508345163334 -1.09421773398795
-0.561300273000296 -0.152881209711419 -1.12846755627372
-0.543336355266039 -0.208094595316785 -1.08438603009727
-0.553071353256636 -0.181095976223357 -1.10625049066103
-0.561822304599101 -0.15153591000539 -1.08757760478374
-0.561032554557951 -0.150418187449258 -1.04634362509408
-0.287887893021435 -0.487182859051532 -0.871475624571475
-0.268976824257594 -0.501330870674177 -0.896423357492035
-0.261664868101806 -0.499726550851352 -0.857312224917633
-0.276671225133072 -0.501826522218027 -0.934492523158032
-0.304034107220657 -0.486822236869626 -0.94437777197287
-0.248973567166179 -0.514875622854032 -0.922993920815325
-0.221281032342901 -0.526002272130409 -0.91070810686806
-0.000494809888367955 -0.578466862111902 -0.990177787486879
-0.00289468947853058 -0.580772784219673 -1.02955819953254
0.0296426747341702 -0.579121031029805 -1.01081902854571
-0.0357947818161822 -0.580330735564124 -1.04716018884074
-0.0646005019374864 -0.576769193939529 -1.02445558853626
-0.00641341648820078 -0.582109155914487 -1.06928859539133
0.0232172073606791 -0.582053280462212 -1.09102422362615
-0.0610759935713089 -0.57473281120954 -0.985534274410545
-0.0926011667940681 -0.57150382325208 -1.00104511386717
0.000862366123527063 -0.575321303118354 -0.9510842351415
-0.0298174634408872 -0.575998131373834 -0.968937431717033
-0.0582086157228222 -0.57181492091683 -0.946971288865229
-0.0559168804216394 -0.568146981280065 -0.908773986663688
-0.0855595279707781 -0.566017566668122 -0.924137259124785
-0.11173689015472 -0.55869803129674 -0.900165627281783
-0.115506509837259 -0.562040812782245 -0.938294649300806
-0.145484147811002 -0.556258158528095 -0.951661942250922
-0.170085836211462 -0.546510037694636 -0.925556709935594
-0.119614775863981 -0.564630306027214 -0.976812772494925
-0.181713840825933 -0.528917513945837 -0.820331109676489
-0.15986092604129 -0.539989555129828 -0.848095956826255
-0.154067370558637 -0.536119859850338 -0.809682065898647
-0.165042668740653 -0.543532284903676 -0.886712211411429
-0.193374626624062 -0.53550757907545 -0.898550258536978
-0.136552047135208 -0.549969255027982 -0.874809264791401
-0.108152456779145 -0.554761571932018 -0.862522701273857
-0.215463064057175 -0.523322903761987 -0.870751021420028
-0.202255431835323 -0.5168808369665 -0.791854277672062
-0.209431846029133 -0.520113079708466 -0.831093782362821
-0.236814260596298 -0.509836229177888 -0.842210064752883
-0.25910302242518 -0.494183866054211 -0.813043952045745
-0.580387597342538 -0.0308660595493378 -1.0539185916412
-0.58180266605079 -0.000387631959581048 -1.07462842910958
-0.571940146366704 -0.0906374609842697 -1.01059361200826
-0.577089572282286 -0.0609925408000159 -1.03260070535492
-0.578519567780493 -0.0304412102676231 -1.01396341951264
-0.575740623691543 -0.0299220947207074 -0.974407737225892
-0.578095081427639 -3.3344590093656e-05 -0.994824529114907
-0.303858815232179 -0.472949804460875 -0.843266626129471
-0.313981520757421 -0.471777811029327 -0.878555629381499
-0.365115880345271 -0.435011218365519 -0.889423944379627
-0.339859144194222 -0.454280664680148 -0.88414436093363
-0.355301335882612 -0.436961500227671 -0.851743391931273
-0.322651209125317 -0.471021822532677 -0.915040179892262
-0.330441778954596 -0.470216731644522 -0.952890941398844
-0.378954026354678 -0.434061328080322 -0.97096466266293
-0.401156601841439 -0.414755753338866 -0.981451671790276
-0.355448508998884 -0.452527830499626 -0.96142259180032
-0.371943054082551 -0.435168499735873 -0.930361150968899
-0.387940179773924 -0.416338393576332 -0.899514400743742
-0.464964311738519 -0.336984257149518 -0.949121648862391
-0.453875221112007 -0.355228616872557 -0.973340767662797
-0.446799152415181 -0.359690819961395 -0.942320181237731
-0.461078306065922 -0.349533649618514 -1.00391965611883
-0.478392759775959 -0.325682606258557 -1.00603965975292
-0.442285430868259 -0.372572770602793 -0.999453294707519
-0.422249398862788 -0.394345527280844 -0.991598618517735
-0.428723524310691 -0.379123805405479 -0.929423749567802
-0.442821705784935 -0.359028283442983 -0.908730573534123
-0.414977788181312 -0.397572806188702 -0.95392502673682
-0.409206572357837 -0.397907946387364 -0.914806393329439
-0.405190042581731 -0.395356976791578 -0.874996826363425
-0.536766085553839 -0.205648592346281 -0.955661311656252
-0.54059316610152 -0.205382763376667 -0.999535889749881
-0.527934949848631 -0.231802635961945 -0.976701341391883
-0.551639929886942 -0.178313322236758 -1.0230742326574
-0.559055359438347 -0.149477104765036 -1.00503061811805
-0.542827476107086 -0.206153788980816 -1.04257024511248
-0.532379690291458 -0.2335856954737 -1.0633407743391
-0.494340065612295 -0.301760169464362 -1.01326298104114
-0.507875567801353 -0.279963524144282 -1.02718068743703
-0.518727476935972 -0.256090100082875 -1.00277816655807
-0.514097655267301 -0.258265140053792 -0.961452899803219
-0.520503635206136 -0.257464008962364 -1.04402293069824
-0.489233777016361 -0.305873111077813 -0.9813168250448
-0.472747010456283 -0.321045897297832 -0.921524249608415
-0.482029078990034 -0.312337372469463 -0.950744936322741
-0.498502350884735 -0.285941326861256 -0.954271777303765
-0.505398255768202 -0.26722025168749 -0.924000292892922
-0.476881174724523 -0.291677607374707 -0.822866669143626
-0.477272724972983 -0.300303236928792 -0.858349065930043
-0.460791042581243 -0.318457232587235 -0.830559094434499
-0.492367237555031 -0.282798646848728 -0.889562081411931
-0.507753351882307 -0.254003687875274 -0.889232841722349
-0.476018042076145 -0.30991745399399 -0.891146868876841
-0.459207799344272 -0.335278246498387 -0.89568192255348
-0.56161735293181 -0.0857177014162605 -0.892129318271895
-0.565692822156797 -0.0879036765642025 -0.931194993185507
-0.558130025299229 -0.115633634492786 -0.908191210699074
-0.571587793227051 -0.0592681012723417 -0.953225270473377
-0.572179521831463 -0.0292554393975281 -0.935251861120014
-0.569178219113585 -0.0895114211281009 -0.970670138576046
-0.564969892996578 -0.119706313675958 -0.987806719813702
-0.533284310193263 -0.202787324850247 -0.913397128668393
-0.545610996113319 -0.175943221800148 -0.939410676868562
-0.552789935533878 -0.145774369463625 -0.923821988613494
-0.549012379471264 -0.142131609805123 -0.883951347809463
-0.556194892710753 -0.148150980422989 -0.964126123539732
-0.336622998349444 -0.432344017229725 -0.748321171478914
-0.32701714549586 -0.446144418151633 -0.78155247359154
-0.313015488841468 -0.449883265187784 -0.748729585026051
-0.341428157359158 -0.441637911467849 -0.815863089529892
-0.365920811956222 -0.421680754840028 -0.81685009647237
-0.315834857775713 -0.4598489740033 -0.812924746024662
-0.288974883086888 -0.476684413667861 -0.809481971759668
-0.24790678790167 -0.493069495814543 -0.77203162168663
-0.274348011131463 -0.479729453397832 -0.77733091036004
-0.193865291033052 -0.513654211380584 -0.752598331561795
-0.220990228889835 -0.504179303478017 -0.762477541516696
-0.237915343139569 -0.490933689588627 -0.731772420128304
-0.228949297295904 -0.487969365107668 -0.691810673432994
-0.253814331408047 -0.476990991432535 -0.70016471403152
-0.300225017776576 -0.452209643729096 -0.71603254508879
-0.310593697494461 -0.439772855375034 -0.689560343762237
-0.288092914208747 -0.465726135302671 -0.745625081270165
-0.277478183842921 -0.465126536416439 -0.708404465981375
-0.269794846258666 -0.462056928783487 -0.669044837973143
0.0306222963094167 -0.572764435427711 -0.93178535450852
0.00134999339482874 -0.571455308433434 -0.912274693143124
-2.01219944251474e-05 -0.561997664918915 -0.835525199788777
0.00107897364138782 -0.566980635190225 -0.873762398105942
0.0281241440573213 -0.563907049813496 -0.854262823284558
-0.0269453127348768 -0.568435925106148 -0.891963780878447
-0.054112728862727 -0.563848415140787 -0.870923712570229
-0.0756697695074954 -0.548493974304839 -0.779905108790634
-0.0526690829449758 -0.553476065125228 -0.794841708510204
-0.058641838061061 -0.546347228650402 -0.752514892152588
-0.0528196752817787 -0.55899386967545 -0.833236461647651
-0.0800769017843715 -0.557847520394013 -0.849245572731474
-0.027126635893913 -0.558420079948316 -0.81541542679498
-0.00214155259037728 -0.556612735062981 -0.797634140060963
-0.12674930044778 -0.541742167027127 -0.799178209163219
-0.147048303443306 -0.532178151241287 -0.771442326066959
-0.104522005658862 -0.550400811001906 -0.825470023255714
-0.10021644213132 -0.54583480207095 -0.789033434450496
-0.0909790667129897 -0.541925516247488 -0.753325455055099
-0.148459824994916 -0.514193658321005 -0.667249544838374
-0.129794036257571 -0.524358076926998 -0.696684673279888
-0.138764576931744 -0.510429007191985 -0.630039104391986
-0.138774875410227 -0.528279414951937 -0.733725392911313
-0.166489402611498 -0.521657085424451 -0.742941538609376
-0.110477335295494 -0.533664793270526 -0.725492499397522
-0.101488316425516 -0.529488728804665 -0.689630214730958
-0.166588315577553 -0.50321834037017 -0.637341173602546
-0.176018446846131 -0.506715311564254 -0.675154788518409
-0.202929025877176 -0.497934559068849 -0.683399864553047
-0.220482237165412 -0.484643913007729 -0.652528633178069
-0.1850693198769 -0.510238983987627 -0.713600460246023
-0.561351355021343 0.000750586440644215 -0.839624359657696
-0.563150744453836 -0.0273481201313419 -0.857877536098484
-0.557864714317448 -0.0261059336287294 -0.819452652795767
-0.567950394714354 -0.0284031225166133 -0.896440640983965
-0.570980084422639 0.000301139307255924 -0.916625040124603
-0.563271071700088 -0.056222442067993 -0.875385548829317
-0.557050820641606 -0.0829883218547029 -0.853421028542665
-0.442711929305374 -0.35289459820715 -0.875604109099607
-0.40527913667148 -0.388014792266665 -0.836730038209324
-0.424579483898818 -0.370810454536567 -0.856457310313407
-0.443314114819881 -0.344888221151747 -0.841497717543116
-0.443595201270585 -0.336054278018101 -0.805369709049736
-0.343694395955963 -0.419136158145583 -0.712116356046223
-0.358355021377224 -0.413664857629777 -0.744661700237089
-0.399580516304348 -0.371508272240186 -0.73465810522576
-0.379021350380415 -0.393604431416815 -0.739518382591073
-0.384494405747949 -0.379595841979159 -0.702322028668593
-0.372718403387438 -0.407877761037348 -0.778135471705306
-0.387888883547334 -0.400342642050844 -0.811116124998253
-0.405337918265474 -0.356772728146111 -0.700771674296624
-0.410522040873057 -0.366518049960877 -0.764317320202483
-0.426488196281646 -0.35196880573971 -0.781756605177441
-0.4422176587824 -0.327992706845334 -0.766383057902665
-0.408318044436554 -0.376847369391486 -0.799009229004824
-0.538545667035033 -0.166803111991561 -0.857970275975983
-0.544873790534776 -0.137561854855394 -0.844441879864102
-0.520301307226464 -0.225415668175768 -0.883534734062388
-0.530389596659538 -0.196144612716835 -0.871185711800366
-0.526933953665133 -0.189353597530784 -0.829794207804329
-0.514275808201665 -0.210080742186692 -0.799571106382232
-0.523054630248642 -0.182418976015659 -0.789182064562727
-0.475389145549052 -0.283392455810556 -0.785346866646359
-0.49130790963841 -0.264609507897377 -0.816280723019594
-0.503753431105633 -0.237448772926371 -0.808756359603427
-0.500636088506101 -0.229535456128843 -0.768268188031691
-0.506329223899285 -0.245320341265323 -0.849238044857991
-0.486140459091227 -0.248084241305283 -0.737052398050213
-0.497262361875438 -0.221212290739893 -0.727809641416523
-0.45868236509419 -0.301566000266833 -0.75623279482076
-0.473395815133941 -0.274770781121348 -0.746613264711061
-0.470976429235419 -0.265754372793438 -0.706558140464125
-0.455577594304596 -0.282272659200091 -0.677652814341721
-0.467492791005863 -0.257388687888434 -0.664382359838365
-0.441180712334613 -0.319058850315794 -0.728265975562245
-0.407983785734463 -0.343982401924142 -0.663205739769984
-0.424252916771367 -0.333169354030554 -0.69778004495426
-0.441287416028362 -0.30819656350321 -0.690900888148066
-0.441026845916666 -0.29818470977258 -0.656161908044831
-0.540792867543388 -0.0738993317722667 -0.73793883895204
-0.546705994778287 -0.0765758928166248 -0.776841164623924
-0.539559393977637 -0.0998698413491 -0.755691325545314
-0.552921558456296 -0.0519541504890823 -0.798433309687353
-0.552176000704837 -0.0248175782222103 -0.781135198994216
-0.552069279263904 -0.0798551853346382 -0.81503970132296
-0.549401408493907 -0.108514558490227 -0.830360825109814
-0.519015745843752 -0.174888681008346 -0.749234699677488
-0.530193225094859 -0.154640473590712 -0.77836147716277
-0.535711608561664 -0.127030871267608 -0.76735772178316
-0.531047738251163 -0.120567224348956 -0.73008991682533
-0.540397469077215 -0.132515381205069 -0.805507925479796
-0.309102161501463 -0.433814221468173 -0.655603569085496
-0.328255267844358 -0.42486482869844 -0.681087477527494
-0.263835796188355 -0.457788720347078 -0.629449955528864
-0.287484401279613 -0.445380740892779 -0.640123567347528
-0.307176250507567 -0.426905432232204 -0.616120923694737
-0.304678363219859 -0.419232620413757 -0.570941156384699
-0.328779422673772 -0.407525455640543 -0.602869097105346
-0.347668972516432 -0.407466982650694 -0.673905744072989
-0.332156329703079 -0.396295807641879 -0.564534628216193
-0.349624466133581 -0.397103872624456 -0.635355174587061
-0.367961018862052 -0.387971379510325 -0.668804197487748
-0.37100792599185 -0.376149785961006 -0.631390130704737
-0.211683978387873 -0.481492660311778 -0.614188391058388
-0.238288087317771 -0.470170431672903 -0.621464094914572
-0.17399945064527 -0.488590025482753 -0.56994456112657
-0.184374086001883 -0.491427703566638 -0.60709189353077
-0.201886035414669 -0.478837083908831 -0.576649765975163
-0.206971503947037 -0.464354070788673 -0.508899939214752
-0.218867271742478 -0.465580667413569 -0.546073196491989
-0.256650977579583 -0.454354578399034 -0.590792380641317
-0.234560858856486 -0.45202645977752 -0.515045635869452
-0.246751520309747 -0.452580292943395 -0.552867211315692
-0.275014198134544 -0.437384622770849 -0.560623561800677
-0.289117571826987 -0.421519394951811 -0.528124936454019
0.0232394732700579 -0.55357377560801 -0.779761992829466
-0.00416597567947782 -0.551051073871422 -0.761007202747898
-0.0032759827065323 -0.53987630049251 -0.691535322438401
-0.00481514568527188 -0.545465767121651 -0.725804963172897
0.0192701456720327 -0.542976783468024 -0.711642449873427
-0.0306668232470384 -0.54661956898917 -0.739008194060889
-0.0536548727326641 -0.540458583760785 -0.71269261090781
-0.0548737260315151 -0.522888000109407 -0.608864721922979
-0.0381707647252618 -0.5293664113107 -0.637909654223482
-0.0268811924616885 -0.52418074740517 -0.602720072869072
-0.0471252888860922 -0.53478777516031 -0.674640817102855
-0.0737973937654082 -0.532999912495694 -0.682675628923507
-0.0212295899575924 -0.535087933324263 -0.665788293314729
0.00415596945373881 -0.53436219950498 -0.658216622003796
-0.0926438957208221 -0.524872557188487 -0.652726594329697
-0.0716186667121117 -0.515770781581187 -0.579416409585495
-0.0827668259276442 -0.520256763825315 -0.615820438211291
-0.110743967762784 -0.516122486570157 -0.622906686382039
-0.128418953328828 -0.506734534809982 -0.593112011366601
-0.122471488214682 -0.490866341022562 -0.490808137529806
-0.105515070445519 -0.499758274417358 -0.520432996255789
-0.0934510226176537 -0.496387536021378 -0.484704792699338
-0.11729278735409 -0.503182502799464 -0.556560102133822
-0.145792653472836 -0.496700199868547 -0.563256826381661
-0.0885045628702831 -0.508060386631532 -0.549918008189215
-0.059401924809026 -0.511379448054694 -0.543596694051822
-0.139037038002553 -0.481440699748569 -0.460780283325255
-0.151002543554448 -0.483708437639874 -0.496869463820958
-0.179143498486966 -0.474887949036704 -0.50288265803381
-0.194496729483992 -0.463383821508983 -0.471924143002075
-0.162789963718824 -0.486050689364655 -0.533237716799996
-0.538421225723562 0.00273979354637247 -0.693080787513978
-0.540245368083646 -0.0233274039637463 -0.707019098011969
-0.534434775949063 -0.0210513620794782 -0.672237142306496
-0.546206280904067 -0.024081597470756 -0.743287121780726
-0.54995484444223 0.00212236683415751 -0.763276438415306
-0.540667446716229 -0.0499261738820728 -0.720417465362037
-0.533165631293932 -0.0765624115097309 -0.69471104827565
-0.398989372731866 -0.3262557509388 -0.556218677075684
-0.378507047113613 -0.350389014405745 -0.558013699511794
-0.382936680773584 -0.336337977383806 -0.521629248295352
-0.374371245333546 -0.363782374341342 -0.594460169994949
-0.39166365703617 -0.353783480869716 -0.628619101941345
-0.356392789919474 -0.373609455232273 -0.560667037628099
-0.33907057885948 -0.381870950246676 -0.526561230949446
-0.42981281354106 -0.304890360082564 -0.624482426824545
-0.4337954983432 -0.289078530034771 -0.591691586147006
-0.411141411153184 -0.330163280140796 -0.626107272997875
-0.414866864744072 -0.315492317174154 -0.590643377417894
-0.402450698612228 -0.312165406641712 -0.520113019842179
-0.508439589555648 -0.144010010313527 -0.634733757711338
-0.511670735121502 -0.155607242614874 -0.671829067062758
-0.500534203861621 -0.173150973538664 -0.641522256992427
-0.52188913506443 -0.137887042959895 -0.701359387375419
-0.527430818424883 -0.108899461599661 -0.694016656217727
-0.515161236984755 -0.166032253353549 -0.709996956497735
-0.506963378252234 -0.193822660512297 -0.718882423580255
-0.491070897170319 -0.201799354316861 -0.648783121177485
-0.488630814361009 -0.190203401310608 -0.610610126192843
-0.493971901827407 -0.212093736937507 -0.687836884025137
-0.479994297460161 -0.22996235025082 -0.656270440274684
-0.464988061260773 -0.247531936353531 -0.6242023383471
-0.462606457360261 -0.207861744721995 -0.508803336626089
-0.463325707712839 -0.221336467738267 -0.546599812698682
-0.450221870932459 -0.235141783958007 -0.513084806508356
-0.476164681682546 -0.206362259234107 -0.579054461850093
-0.48648541213963 -0.177589370038955 -0.573040796901793
-0.464058425859426 -0.234691639251377 -0.585026800595847
-0.450052982514516 -0.262496587639441 -0.590458641031956
-0.435160118187275 -0.275252730882425 -0.554284159531212
-0.405374067868995 -0.298278347939077 -0.483246186015516
-0.420221464652951 -0.287215076779222 -0.518643037013891
-0.436127456629098 -0.261572028439709 -0.516437248206243
-0.436931306641518 -0.247970933663312 -0.478710782215383
-0.524062780024854 -0.0962309113758273 -0.660449351818905
-0.527508657515855 -0.0675745926826204 -0.654693432362754
-0.517341526412285 -0.0434274802945927 -0.581144062163914
-0.522278319645763 -0.0565386864506241 -0.616987485960976
-0.514965677951443 -0.0728944905552518 -0.586572688253821
-0.528829770907978 -0.0395894723613332 -0.645854945847314
-0.528874635020908 -0.0122687315532994 -0.638248093194001
-0.495082066630396 -0.148397181995614 -0.567165944067295
-0.505230883970377 -0.1317283650863 -0.598086753741942
-0.510974745732958 -0.102259582467545 -0.59233188743535
-0.507080406127419 -0.0891749992038492 -0.555861753332746
-0.514864108694182 -0.114426312494617 -0.628978092950063
-0.367162231151841 -0.34530878045882 -0.486680343771441
-0.372017139710747 -0.331244084354922 -0.44935602865003
-0.323084079205205 -0.387980196834217 -0.490739756219634
-0.345793301706158 -0.367300631702242 -0.48874408085908
-0.351897490968179 -0.35304771888692 -0.450984315501975
-0.337156060185048 -0.359724893716761 -0.414323652779968
-0.343141422192535 -0.346386152549681 -0.376208917666632
-0.315856083729926 -0.37883806247088 -0.414946275251388
-0.322826562428884 -0.36566860592443 -0.37681962251167
-0.299323501182453 -0.406746579699975 -0.49081323003557
-0.308096226064184 -0.392528434863024 -0.452950867776726
-0.293585825623685 -0.396439206597054 -0.414609407752926
-0.270371831838527 -0.412509590506188 -0.413090323507992
-0.279396062375497 -0.400047279310755 -0.376201171952776
-0.234705774080479 -0.439359804308918 -0.444678251037689
-0.248340736387684 -0.438556551623927 -0.482829382475756
-0.260153922496515 -0.425365603596391 -0.448815897726062
-0.256406744723472 -0.4150944716479 -0.374808773828209
-0.274412133718241 -0.423532847384459 -0.487877816408503
-0.208566400570648 -0.451738927081867 -0.440044439551542
-0.221245943672407 -0.440135899405869 -0.406989435603751
-0.195088549661666 -0.44160673821687 -0.332556431530793
-0.208030469174685 -0.440882021585254 -0.369671426688947
-0.18293358556884 -0.451507083776018 -0.365984576296999
-0.232590549508801 -0.428721619486961 -0.37264853570714
-0.242696099147073 -0.417630842270784 -0.336969209618154
-0.12732538026448 -0.479139516292871 -0.424873735159123
-0.154818842709078 -0.471614652074531 -0.430085559335975
-0.169505364065201 -0.461571994967008 -0.39852215694033
-0.157495597375508 -0.460592078473476 -0.36188031918879
-0.18190779381809 -0.462487582095338 -0.435152986574639
0.03066711547685 -0.533590571487225 -0.6579391892108
0.0165884060782852 -0.529189469428887 -0.628488164360089
0.0442214940142501 -0.517701845718876 -0.568774063261061
0.0301548458410535 -0.523669951055303 -0.598852224589943
0.0586608737889643 -0.522051206461091 -0.602659621985706
0.00149748680303851 -0.524383756854934 -0.598907962470625
-0.0140588925417788 -0.519050574950398 -0.568727826577661
-0.0799989121199246 -0.47879160422052 -0.347571563547404
-0.0622593982241487 -0.485612868525791 -0.378251475179417
-0.0547302542841305 -0.481749176057654 -0.341584778363858
-0.0816906015069749 -0.492970630359666 -0.449285522875915
-0.0711146434211742 -0.489390888085581 -0.413970057066583
-0.0994239218951602 -0.485070578139005 -0.419518122006309
-0.0424405195927937 -0.492039105417682 -0.408008873189121
-0.0209846990459337 -0.497771558576649 -0.436850743728784
-0.0137605283285404 -0.492838358429925 -0.400697879966992
-0.0299948876116498 -0.513224017225042 -0.538247973728006
-0.0465104138015221 -0.506976174271699 -0.508127611086028
-0.0334208074718929 -0.502458085441332 -0.472639850974876
-0.00234214562255838 -0.50290903070407 -0.467225014010066
-0.0638104505331199 -0.500267372719904 -0.478613559219114
-0.116218909300548 -0.47674167228241 -0.388967636664619
-0.0960035207037021 -0.47180944581417 -0.316325595081136
-0.105837864227755 -0.474264636049189 -0.352839166307612
-0.131770914231368 -0.468180448368838 -0.357537156458957
-0.146020797031641 -0.459545443295538 -0.325072809524072
-0.496279108567225 0.0174553370939091 -0.444014231754909
-0.501977997147031 0.00152431900845011 -0.47827626431356
-0.496375091637134 -0.014343953344029 -0.444035861758994
-0.512238807096418 0.0319836120207874 -0.546260795031049
-0.507270515905109 0.0169182385352646 -0.512388720025996
-0.505765114402204 0.0477291086687927 -0.515040260792436
-0.507371017482841 -0.0139144356161993 -0.512502469159629
-0.512455204684449 -0.0289870061679097 -0.54661538462365
-0.506059503725944 -0.0447016162787275 -0.515321651526571
-0.397090640853108 -0.281489123600547 -0.37258331244046
-0.380391989553304 -0.304160874375859 -0.374013849354685
-0.384154045533234 -0.291144552503193 -0.336173056127464
-0.376389601750734 -0.317521095413943 -0.411772292251369
-0.390734837335264 -0.308373636143477 -0.4477195602112
-0.362373129751398 -0.325836736203261 -0.375229886985857
-0.348670854440625 -0.333506961109822 -0.338055991253549
-0.423566316748372 -0.259958369934401 -0.443813396220904
-0.437611402904992 -0.234526564457012 -0.441199720766043
-0.407937535572579 -0.284583683400859 -0.445942135580302
-0.410251628591594 -0.271120647758733 -0.408450374717191
-0.412394333547466 -0.257928419510867 -0.37090775626681
-0.486988441027678 -0.108321679486131 -0.458405060077838
-0.489728332136382 -0.121718195912948 -0.494219927282985
-0.480261100906965 -0.137813141820473 -0.462939858111054
-0.498668680238573 -0.105458645984805 -0.525106786059817
-0.50320210915238 -0.0752837759045994 -0.519884075462149
-0.492411961659416 -0.135187665872403 -0.530496987577469
-0.484428922992147 -0.164450963176184 -0.535917688077618
-0.45008441056841 -0.208295503196967 -0.4381099054793
-0.461840275059054 -0.194453558523955 -0.471520294199983
-0.471866853760718 -0.166512645223527 -0.467325147835189
-0.4703214420926 -0.153500323235921 -0.430973718913997
-0.473322643797066 -0.179824904384211 -0.504097709236662
-0.439069874460724 -0.195940101660286 -0.329725511770737
-0.427474843307273 -0.220807251559638 -0.331639244905238
-0.428681060651182 -0.208345196495862 -0.29434327431789
-0.426257644936027 -0.233562115768972 -0.368963258778886
-0.438179792314658 -0.221331050273583 -0.403898839205998
-0.414435416374954 -0.245023273296381 -0.333372564995514
-0.402804857530734 -0.255788829974438 -0.297191385961308
-0.449196884246698 -0.170512866663614 -0.327676482272235
-0.449564306962001 -0.182678779963421 -0.36435705910399
-0.460034240101028 -0.168515399720931 -0.398127719333874
-0.468645816556274 -0.141054435436389 -0.394954153577514
-0.449871594919988 -0.195284019071838 -0.401130732157592
-0.499255359708907 -0.0609444386730972 -0.484296089591312
-0.484124272747364 -0.0955149018150991 -0.423041307341183
-0.491987854245457 -0.0779488814262282 -0.453708338873235
-0.495154742493694 -0.0465913881819029 -0.448825521971943
-0.490854368911572 -0.033041928898857 -0.413273384871
-0.474338635810732 -0.0662769370983331 -0.317031696972262
-0.477719237431099 -0.0745340473010452 -0.352768819622036
-0.470457996333542 -0.092188782310464 -0.320493328660819
-0.484630276037162 -0.0546624785007104 -0.383678581666513
-0.486200677031188 -0.0249854127049753 -0.377586634574
-0.48103685222213 -0.0841039530153637 -0.387975196703434
-0.475668508103659 -0.112915905738865 -0.391609540820731
-0.371479508562092 -0.300210731653453 -0.29921943346536
-0.387797542970468 -0.278431082838843 -0.298318706748199
-0.335234847648126 -0.340745427759451 -0.300333758450413
-0.353927694219218 -0.321017555750637 -0.299894135600293
-0.359078622594673 -0.308832616726403 -0.261769126641124
-0.346948783005221 -0.317150549978201 -0.223902675192422
-0.364267152386402 -0.296857127884879 -0.223733917661706
-0.315506539015175 -0.359295888608931 -0.300508281854637
-0.321998357855692 -0.347757030574176 -0.262221299340141
-0.303866344802325 -0.351534294125749 -0.147658506572781
-0.308885909393838 -0.354718598081746 -0.223934338299008
-0.29583490344051 -0.361758376019247 -0.185774518917536
-0.328474085756129 -0.33645544061038 -0.22395859522909
-0.335089301837008 -0.325276225890806 -0.185711082265173
-0.294868054575605 -0.37657920627675 -0.300402110309816
-0.288232476491254 -0.371872688031743 -0.223765395017915
-0.308775489278411 -0.37120211440851 -0.338768472817149
-0.287474790118408 -0.388061315099989 -0.338522189026024
-0.273477751257927 -0.392518269940403 -0.300085482708767
-0.266644844292405 -0.387805899411662 -0.223469841958618
-0.274378058218484 -0.378487190866337 -0.185641592045305
-0.25153129426721 -0.407060729384133 -0.299778047017484
-0.259294649585281 -0.397175116966944 -0.26164257618983
-0.24437916061021 -0.402385898183177 -0.223336675825866
-0.222109409991693 -0.415368096833724 -0.224198762030398
-0.227660101775377 -0.408739470320072 -0.185919631085558
-0.215872470476932 -0.42292738697289 -0.263729111527732
-0.203098353972178 -0.425793337158755 -0.230724536457945
-0.229185180920068 -0.420213227446023 -0.299747663495644
-0.206073514350298 -0.43202890351662 -0.29850511569154
-0.182497416624596 -0.442267187128416 -0.295186440566763
-0.158914736121148 -0.450982453026136 -0.291206075998736
-0.170755798843395 -0.442606887626696 -0.256286533923459
-0.145254512536199 -0.444943006314506 -0.179790684542611
-0.159235959964376 -0.443138445241075 -0.217282941484469
-0.135114393487219 -0.451117402330623 -0.215579476320211
-0.182987164639614 -0.43405035555807 -0.22119766022838
-0.20104283228684 -0.422948829337812 -0.189128157940114
-0.124470313815481 -0.45775907618398 -0.252612301414647
-0.114152305565191 -0.457433633639599 -0.219994595950001
-0.135075930008164 -0.458532988436289 -0.288336326839695
-0.11075831687028 -0.464780784757513 -0.284775227165348
-0.0864577170282076 -0.469480154401029 -0.279267928962934
0.0117419773675597 -0.491079550399304 -0.386521951415389
-0.0111548317620121 -0.487757453553722 -0.362764777437592
-0.00108804009450055 -0.479235120463299 -0.290485933034671
-0.00846150325573857 -0.483184078323461 -0.325916192250727
0.0109957573904776 -0.482190257804906 -0.316537312270991
-0.0306741272736794 -0.483162100984545 -0.334468035590663
-0.0472267445700236 -0.478067749629203 -0.303997144563478
-0.0431078220850611 -0.468320391985417 -0.199214211210554
-0.0283036712695045 -0.472211832352339 -0.230693182209594
-0.0314295378787283 -0.46685428392943 -0.16458611772307
-0.0385369643278677 -0.474858121276137 -0.266622524715643
-0.0625381341792155 -0.472748320561657 -0.272732731760805
-0.0143245091919667 -0.475860596748915 -0.261352000690912
-0.00267542381911515 -0.473014155432935 -0.227919122149117
-0.058901609739002 -0.464151883332523 -0.167408491379684
-0.0689757624832204 -0.465341963785963 -0.20343076825855
-0.0937419829234475 -0.461271002737073 -0.209172140551085
-0.115915594149374 -0.453735686750685 -0.180349948979392
-0.0776062357570242 -0.467217804119695 -0.24102725817053
-0.471221704398485 -0.0578576551096791 -0.281029916936796
-0.476511485103052 -0.0414361875502869 -0.311973559310447
-0.476444715796204 0.00165677463547751 -0.296066662199455
-0.477083208231355 -0.0184542780565213 -0.304775378545946
-0.473513717208262 -0.0104370879604048 -0.270872284532282
-0.481366125380304 -0.021738602843675 -0.340454254341101
-0.484965461867752 0.00161903699173704 -0.364095610101325
-0.380355771562389 -0.275660914346958 -0.223346085040126
-0.391430514271315 -0.265962999360059 -0.260489422165204
-0.359251983106516 -0.294007559902291 -0.148084897164542
-0.369614755040775 -0.284986451161653 -0.185848150475177
-0.384970789577557 -0.263595712270772 -0.185504621199398
-0.389766286788095 -0.251610645809604 -0.147643290048101
-0.398992929157707 -0.241516950246676 -0.184879043382493
-0.418495684132713 -0.219994473147931 -0.258330960967716
-0.42994775569392 -0.196122393374837 -0.257036686689834
-0.405647784503962 -0.243310738756109 -0.25950292195586
-0.40858322078209 -0.231011144735422 -0.221806462856778
-0.411671677199814 -0.218835255575137 -0.184079724478515
-0.43135278395014 -0.184051595302444 -0.219705338362198
-0.439986444513518 -0.17180644117299 -0.255680394853575
-0.414959996522158 -0.206735994224399 -0.146319739643752
-0.422999331888608 -0.19563924120587 -0.18320964242076
-0.432969794109866 -0.172027164607333 -0.182375814021887
-0.434857105341592 -0.159940874382759 -0.145110022297112
-0.441585066575766 -0.148100400906424 -0.181705385305401
-0.46682981012672 -0.129374737923684 -0.359092525085978
-0.448841212669033 -0.158726081159132 -0.290995019617626
-0.457829848013265 -0.1446326197369 -0.325511823330545
-0.464933498340785 -0.118446117406752 -0.323179490985571
-0.463099261937203 -0.107961911954201 -0.287122094071204
-0.448862395692919 -0.123936341011867 -0.181332884729858
-0.448579364039497 -0.135631371836115 -0.217666336181404
-0.455776850546664 -0.122328857001957 -0.25282624641958
-0.461507241826754 -0.0974361354512012 -0.251110596255492
-0.448599511051509 -0.147165946734629 -0.254292364130585
-0.461858178944708 -0.0369692613375965 -0.149505821250755
-0.466568738360582 -0.0365801178429979 -0.212451403906073
-0.462840634865388 -0.0496602718360944 -0.181067398507734
-0.470162607019925 -0.0234099450690525 -0.242541386521947
-0.467745532955612 -0.0111406208083365 -0.211171116179161
-0.468634758312022 -0.0480115637933023 -0.245871107330196
-0.465784010238591 -0.0726364819757319 -0.248859307022678
-0.459496874102971 -0.0747969791604974 -0.18125577573339
-0.459063468239018 -0.0624800763498362 -0.148450032344232
-0.460294340545349 -0.0864454792228847 -0.215629461081442
-0.454829629396623 -0.0995292881587472 -0.18125605065694
-0.449484471376641 -0.111953199892005 -0.145590714147833
-0.250837466159275 -0.386524585069146 -0.034918471757113
-0.247153070845497 -0.391633547108722 -0.109566929040573
-0.234221084843739 -0.396856441674988 -0.0277463127848383
-0.260542539782986 -0.38518102390821 -0.147808342254813
-0.270157499115434 -0.375974392154517 -0.110729978041825
-0.237050879541727 -0.400288484761926 -0.147882347451532
-0.223296094814603 -0.405952313590819 -0.110026746941851
-0.380954869106506 -0.261346643352753 -0.110169152685137
-0.394739808929882 -0.239725864329662 -0.109686965259491
-0.349365324328978 -0.302715239114266 -0.110159022242944
-0.365864641746985 -0.282331938107575 -0.110433089224622
-0.372643627300332 -0.270713098128053 -0.0724715210174736
-0.364953364619965 -0.279643359721386 -0.0344059052882031
-0.37938745337939 -0.259476598712205 -0.0341238828442968
-0.341963485497201 -0.31411994908697 -0.147578104224014
-0.340279030533823 -0.310856524785066 -0.0722692024998835
-0.328077691861117 -0.322153878038217 0.00427504969135553
-0.33422330466402 -0.316141868583097 -0.0342650972091128
-0.320402560942917 -0.330175307447395 -0.0272591822192215
-0.349740255187345 -0.298672674342807 -0.0346446324107433
-0.357595715586646 -0.288629728824665 0.00426702176038429
-0.27997491360411 -0.366813994019971 -0.073526853666528
-0.291753669112647 -0.359231655173297 -0.110535134524223
-0.261011399633606 -0.379246240819497 0.00429492507683577
-0.269847437316203 -0.373304945591559 -0.0353408856285386
-0.288605413764377 -0.358792814029986 -0.0351993692477564
-0.296554299079546 -0.351754310219914 0.0042843678019217
-0.30614625865905 -0.343737358476522 -0.0344760648014683
-0.32089207883877 -0.330891231267025 -0.0683613362030605
-0.323517869058164 -0.333278237971377 -0.147283677584885
-0.312232066316766 -0.341236156399938 -0.108863620537947
-0.198088915396976 -0.41911011593564 -0.110987882103727
-0.209622107725895 -0.411752948003462 -0.0735560077713047
-0.187016944131529 -0.421366054524396 0.00431728087468463
-0.19694697056978 -0.417075994833645 -0.0356417624239317
-0.176041991170725 -0.426499760402975 -0.0348071741911943
-0.217300618336924 -0.406647700705035 -0.0351205726045398
-0.224783514377841 -0.402121620120435 0.00430560377755347
-0.171778030847665 -0.430670355057491 -0.108635521515179
-0.157766332584418 -0.433643631812176 -0.0272563883101606
-0.186130546215284 -0.426795866609125 -0.148037533137631
-0.158809804565058 -0.437726852314488 -0.144715350362929
-0.144884895075318 -0.440599132917793 -0.10688289827678
-0.11713881924241 -0.448964454761169 -0.105838799575627
-0.130491769123604 -0.443822825764516 -0.0707879163530206
-0.10610377132225 -0.44933018548262 0.00434207520499293
-0.116905984036738 -0.446836774828919 -0.0338396741321102
-0.0940941822087561 -0.45237005189941 -0.0324071880354542
-0.139204567113494 -0.440211967754514 -0.0340419179680051
-0.147429063553889 -0.437141173941472 0.00432913682455888
-0.0609119649052897 -0.460161347183428 -0.0990015919476194
-0.0744997779159982 -0.459792962468179 -0.135250251270479
-0.0890049086541606 -0.455436859466007 -0.101920707934207
-0.0740833122708631 -0.456159503765422 -0.0250353867715897
-0.102823378120264 -0.454333696624572 -0.140220357117471
-0.0324280690379391 -0.463264743477531 -0.0983866605573143
-0.045437934536813 -0.460936415345483 -0.0652464164972129
-0.0159175302382751 -0.462211996466684 0.0043707916032772
-0.0292612985257098 -0.461669111833494 -0.0308508213987781
-0.00352418672958511 -0.462805133168875 -0.030429186553871
-0.0537964356470046 -0.459246287568127 -0.0310566502658003
-0.0625940179300407 -0.457811177827576 0.00435546757282781
0.0232402520067161 -0.472653789580618 -0.227807805454646
0.0100775813344467 -0.470334062389686 -0.195363664233428
0.0377324826965805 -0.464983458620943 -0.130784649693644
0.0236752841571022 -0.46768092173421 -0.163089677319172
0.0511647006666721 -0.465795831184415 -0.164287544642112
-0.00388862294553847 -0.468034248862586 -0.163187363358126
-0.0182733037092276 -0.465675994082507 -0.13095967251326
-0.458534346430413 0.0134055241337055 -0.0270008347850696
-0.459318715913707 0.00171259287751568 -0.058058446356681
-0.458623922952403 -0.00997995150242209 -0.0269995206734365
-0.460810490386852 0.0272852721040734 -0.11898848285699
-0.460067746422327 0.0142303718062334 -0.0886779136450337
-0.458582320268929 0.0393312639142495 -0.0877173993730321
-0.460162582669626 -0.0108100637388474 -0.0886686711563224
-0.461002178064381 -0.0238748476633624 -0.1189622332238
-0.458867338768633 -0.0359204912475086 -0.0876897212845319
-0.399876784239405 -0.22799660940692 -0.0716450089893023
-0.40725028365213 -0.217484622524409 -0.109121948010322
-0.386064436399223 -0.248782898339207 0.00425959022833431
-0.392834347176976 -0.238372821886149 -0.0338628682328595
-0.405177395472505 -0.216462761823791 -0.0336227060271911
-0.410664894839783 -0.205107614875403 0.00425392153265961
-0.416342450497795 -0.193845756465838 -0.0334119672978633
-0.42627857314882 -0.170603205867167 -0.0332729690400206
-0.422256413318015 -0.182629494340178 -0.0708603859096944
-0.428419526032979 -0.171378298100949 -0.108107726924895
-0.437050641978703 -0.147690546170978 -0.107973916836608
-0.41848194086695 -0.194675954963852 -0.108559384470124
-0.456101371385008 -0.0612417795018218 -0.0848121073705342
-0.456928590208053 -0.0468568849815543 -0.0563452515182122
-0.453793263882313 -0.0662067105458089 0.00425035739556057
-0.455343921105416 -0.0558887698190656 -0.0254032975878976
-0.452249483711024 -0.0770425873058142 -0.0217098400284344
-0.457541197648992 -0.0332121723076226 -0.0266355735570106
-0.45805180816809 -0.0213100564222194 0.00425351269188811
-0.43050943447455 -0.158685291082772 0.00425044857875852
-0.43495028751361 -0.146800972664657 -0.0333351085154804
-0.448504845899102 -0.0972943425210473 -0.036699704025319
-0.442342720925867 -0.122457777873771 -0.0340055190860849
-0.445022428258956 -0.110961666698844 0.00424938402402294
-0.439560429067696 -0.135187062767927 -0.0709845378452808
-0.444377847507057 -0.12373062045231 -0.108594156843269
-0.455322721254342 -0.0748962596697729 -0.114365918004618
-0.450439959029188 -0.099601882105205 -0.110844670226758
-0.451719742804156 -0.086726976009534 -0.0780091271391702
-0.22335396150605 -0.406068363472886 0.118630203955231
-0.209661257195845 -0.411838378545067 0.082172136609651
-0.198141937630334 -0.419235280044009 0.119606077652333
-0.21732173731789 -0.406691114661838 0.0437354027080125
-0.23423917103421 -0.396890251090038 0.0363509605884664
-0.196966582355747 -0.417122456497934 0.0442689433289565
-0.176059259471414 -0.42654767674883 0.0434470279704065
-0.291823572191999 -0.359324564496505 0.119098475274488
-0.280023181482918 -0.36688260569885 0.0821012488221182
-0.270224174048946 -0.376075045290173 0.119305767663261
-0.288631188363353 -0.358827402841935 0.0437717086953252
-0.306172588917156 -0.34376901354925 0.0430380880419403
-0.269872029055703 -0.373342164868502 0.0439243175821858
-0.250860443837003 -0.386563829171048 0.0435131745793839
-0.247215295740559 -0.391741250417218 0.118156389858372
-0.227745147318398 -0.408906007116979 0.194507934768791
-0.237126714665546 -0.400428364497748 0.156471852925661
-0.260623521723848 -0.385310721374489 0.156384274411842
-0.274474447424712 -0.378629983948458 0.194203469982574
-0.40733293840084 -0.217532237391019 0.117624153760116
-0.399934408810938 -0.228032057495759 0.0801542544273975
-0.394821472616424 -0.239779206667017 0.118194781719679
-0.405207263440536 -0.216480013593297 0.0421320386897557
-0.416372628968328 -0.193860990750968 0.0419166939093602
-0.392863882767739 -0.238392182166145 0.0423778721874943
-0.37941661261593 -0.259498166189535 0.042645535635453
-0.349442360380926 -0.302786910860011 0.118690099175411
-0.340332230296394 -0.310909048537572 0.0808091802604206
-0.342058175154395 -0.314212907267448 0.156108357655636
-0.349768430061412 -0.298698882218313 0.0431819916920927
-0.364982087851293 -0.279667232568493 0.0429350669867804
-0.33425046191003 -0.316169928783338 0.0428110399926324
-0.320424501791589 -0.330199746325809 0.0358129605263083
-0.381035354791325 -0.261405948897118 0.118683640797574
-0.389867081212808 -0.251680343552701 0.156148704045946
-0.372699657522325 -0.270756998374065 0.0809940838334652
-0.365943653584481 -0.282397401571533 0.118955305598182
-0.359349183034399 -0.294092552715138 0.156605783397525
-0.3209412540259 -0.33094595397422 0.0769126444545857
-0.303955281761711 -0.351644725726586 0.156209824736303
-0.312303921446445 -0.341320681145072 0.117415550704366
-0.323609768637652 -0.333379575760991 0.155824101714147
-0.335196836029249 -0.325387255462143 0.194239457243141
-0.144923670687058 -0.440736472561958 0.115533596381799
-0.130516454995724 -0.443921903439336 0.0794521665140037
-0.11716986667144 -0.44910836965278 0.114506397242817
-0.139218560027767 -0.440262811343926 0.0427042775451834
-0.157779170827763 -0.433684069291714 0.0359073883952745
-0.116917502170513 -0.446889618010219 0.0425158032137697
-0.0941027523793663 -0.452423026986247 0.0410974471728487
-0.171824180872823 -0.430801585450191 0.117269809820877
-0.145311296198959 -0.445144423095862 0.188427904808663
-0.158863331370865 -0.437895953663064 0.153351274423849
-0.186193284511266 -0.426957033905063 0.15665676738301
-0.201120845744828 -0.423130140256891 0.197731190857559
-0.060925103733948 -0.46031059390982 0.107704995464189
-0.0454439038695911 -0.461042310773844 0.0739642247147979
-0.0324319111326215 -0.463418968383984 0.107108098591867
-0.0538008366437499 -0.459300542281628 0.039772332739023
-0.0740886415853752 -0.456203320819589 0.0337381748985777
-0.0292626209269427 -0.46172482003384 0.0395824069081389
-0.00352204498684258 -0.462861788898145 0.0391777190269721
-0.0589201590816168 -0.464376678618502 0.176100203717153
-0.0745218716416304 -0.459981420806383 0.143938832857385
-0.102856907019541 -0.454518521405532 0.148890738069771
-0.115960853298756 -0.453949900581764 0.189004537410609
-0.0890270898625537 -0.455583398118899 0.110606212528605
-0.45894290532471 -0.0359293335988462 0.0961893026498262
-0.456979894978843 -0.0468639618834799 0.0648459904485006
-0.456174178844895 -0.0612540667695398 0.0933086673687976
-0.457567987005243 -0.0332151324835469 0.0351399585343712
-0.458651234343083 -0.00998165833483732 0.0355081451039332
-0.455369441797882 -0.055892789893001 0.0339045798709115
-0.452271677569624 -0.0770470819437573 0.0302092164416159
0.0225232179087111 -0.462562259794255 0.0391625296935162
0.00955419067019729 -0.463638449654718 0.0731552372354187
0.037759312696654 -0.465192442250382 0.139546128299412
0.0235991434209411 -0.464425336838697 0.106461662706406
0.0516348795346549 -0.46242456084224 0.106939221272621
-0.00432929109272249 -0.464756464459154 0.106515933575811
-0.0182720287191912 -0.465874279603239 0.139684313792886
-0.467791498796936 0.0145126991368434 0.219684933570926
-0.465555246144301 0.00169010945761533 0.189031399905706
-0.467881479059138 -0.0111519035116561 0.219657275405549
-0.460908998399034 0.0272859833068794 0.127498021249345
-0.463230266306374 0.0146148561026993 0.158416683762271
-0.461688782130098 0.0403682179669048 0.158065344860187
-0.46332470994501 -0.0112209254427519 0.158394191808831
-0.461099123091103 -0.0238840637374685 0.127460170261998
-0.461971518519954 -0.0369834185784545 0.157997263814486
-0.426309087262672 -0.170616508929632 0.0417742213226544
-0.434981278516737 -0.14681243764112 0.0418340626411083
-0.444464677501109 -0.123757778683913 0.117085082840615
-0.43962098129538 -0.135207668797853 0.0794800749085189
-0.437136053840749 -0.147722425269528 0.116465971972994
-0.442374672680844 -0.122467546395836 0.0425033612863485
-0.448539411106752 -0.0973027579258558 0.0451975888199547
-0.455415062310981 -0.0749147840102033 0.122857732969763
-0.459175217573619 -0.0624999192084077 0.156938228750944
-0.451786918984092 -0.0867419635038256 0.0865042751020274
-0.450529175630583 -0.0996246751954452 0.119335483509063
-0.449592560563571 -0.11198416583557 0.154076313997084
-0.422315280186335 -0.18265717100018 0.0793605046320816
-0.415063277416347 -0.206791579883101 0.154814031332589
-0.41856548047248 -0.194718083601579 0.117057073989611
-0.4285039357033 -0.171415179181449 0.11660202815942
-0.434962509643011 -0.159983571891821 0.153597689915117
-0.440118431374711 -0.171863216006224 0.264150258330796
-0.431480820783135 -0.184111192122999 0.228183029189835
-0.430078501392257 -0.196186831243512 0.265509577827893
-0.43308950306147 -0.172079349005461 0.190858556584827
-0.44170593425012 -0.148145653805821 0.190186079455476
-0.423117879171707 -0.195698681076495 0.191695607947929
-0.411788994987851 -0.218902306053097 0.192570068660568
-0.182580028466538 -0.442482548426304 0.303780983810143
-0.17083273918894 -0.442827184486556 0.264894198249415
-0.158988418273065 -0.451211161912032 0.299814393140369
-0.183064934347354 -0.434254994548206 0.229804938065284
-0.203184374418265 -0.425990330847712 0.239318519143426
-0.159304387935273 -0.443353677806813 0.225904593808208
-0.135172869962656 -0.451343622083162 0.224215485965874
-0.26674770304611 -0.387965700896003 0.232029702867627
-0.288340144592293 -0.372020340137556 0.232313338882271
-0.222200558023144 -0.415552801913352 0.232783318591733
-0.244476440479846 -0.402558104740495 0.231908913874301
-0.259399695586108 -0.39734546426462 0.270200301493424
-0.251634717087306 -0.407235322050109 0.308334399553984
-0.273586242423515 -0.392679670697197 0.308630098414988
-0.21596552426055 -0.423123286148907 0.272310239399652
-0.19517439124851 -0.441808957617052 0.341138912769254
-0.206164066805397 -0.432230460942816 0.307086199998873
-0.229282663982924 -0.420401109192519 0.308316021199324
-0.242795141444277 -0.417804548635669 0.345525645681827
-0.335354000922905 -0.340869531938308 0.308846018871265
-0.322116095454805 -0.347889918864791 0.270745322563529
-0.315622809163645 -0.359431894643746 0.309030738589883
-0.328589191534253 -0.336579995101323 0.232484725978103
-0.347066721840048 -0.317264303838393 0.232419025787829
-0.308997629045028 -0.354854467999927 0.232471010861925
-0.295935678961601 -0.361890133229729 0.194324397726059
-0.29498080262022 -0.376727685286261 0.308935383856337
-0.279498933836773 -0.400189729462341 0.384734540706816
-0.287583243566163 -0.388208433918355 0.347054960991182
-0.308887456393967 -0.37133669522662 0.347290193109705
-0.322935931746575 -0.365786981423236 0.385330684682858
-0.391557203752044 -0.26605327442658 0.268978371567239
-0.380478076028623 -0.275754629769809 0.231845412835125
-0.387922568795222 -0.278523452326306 0.306804868494897
-0.385085162552064 -0.263679147741757 0.194007071863176
-0.399108881241402 -0.241591993182908 0.193374893055442
-0.369727246346098 -0.285078682623383 0.19435826790546
-0.364387464800439 -0.296960602546111 0.232241302770177
-0.4186251694498 -0.220067007306553 0.266808079227713
-0.428809916738314 -0.208411742590341 0.302811887352954
-0.408708686703643 -0.231086873205924 0.230292746027911
-0.405775939623053 -0.243391866716847 0.267985413676634
-0.402931264564582 -0.255871979774603 0.305670629149882
-0.371602933052853 -0.300312994525161 0.3077134654544
-0.384274564627413 -0.291235752991023 0.344657102913806
-0.359201645769009 -0.308942987322656 0.270273937931593
-0.354049196534056 -0.321130400310079 0.308396895932239
-0.348787994833007 -0.333618415078551 0.346557430481034
-0.0314348170289012 -0.467085011042959 0.173295523701753
-0.0283094707735744 -0.472490313557972 0.239390032723422
-0.043120519704043 -0.468575626940665 0.207908831345431
-0.00107942056145188 -0.479537340575364 0.299187287893207
-0.01432299253176 -0.47615463739701 0.270050941855757
-0.00266580007331538 -0.473300070937782 0.236632592353958
-0.0385503023716142 -0.475143850383257 0.275305523309964
-0.0472468541371054 -0.478350958787876 0.312667934397451
-0.0625654178733513 -0.473024726077553 0.281400054296933
-0.0690020813344312 -0.465590374711822 0.212108648371341
-0.0864980325805342 -0.469746149507203 0.287919834941702
-0.0776398271237417 -0.467480527363848 0.249691955681436
-0.0937809214941557 -0.461512667256545 0.217833911077458
-0.114202013821647 -0.457671635346565 0.228641865079044
-0.124527594559377 -0.458002844777498 0.261247071491496
-0.0960497298494788 -0.472068216948887 0.324965734034718
-0.110810835617313 -0.465035016631129 0.293411995339221
-0.135139619520015 -0.458774615951733 0.296958563338183
-0.146089188610467 -0.45977655619149 0.333683280444147
-0.462966462311898 -0.0496797578574102 0.189551996196947
-0.466703655119909 -0.0365981045226384 0.220932689209405
-0.471359047683668 -0.0578836381062359 0.289496683805725
-0.468773161669053 -0.0480340320909064 0.254344997807365
-0.465921162804373 -0.0726655227502637 0.257329795646165
-0.470302175713041 -0.0234258293126006 0.251019859966995
-0.473654347074139 -0.0104507668687238 0.279348608970142
-0.459621516505463 -0.0748228059265644 0.189737520791753
-0.448984478248398 -0.123974946220659 0.189812712851545
-0.45495299260689 -0.099561454548681 0.189736216102846
-0.460427169122147 -0.0864767866447792 0.224104492315851
-0.461643086360947 -0.0974718185271354 0.259578970470971
-0.0137686294087189 -0.49309911145886 0.409376591518801
-0.0111576684750489 -0.488038843132982 0.371448832514206
0.0117501060121156 -0.491357396972019 0.39521736671701
-0.030686295932129 -0.483446245419373 0.343143986510002
-0.0547561533381385 -0.482020805735288 0.350245419921896
-0.00845977799074374 -0.483479299321497 0.334606906386204
0.0110105846553254 -0.482494488278665 0.325241535940607
-0.47447122765371 -0.0663052113994749 0.325491833117124
-0.47664623218752 -0.0414587725838416 0.320437690063535
-0.485093985745589 0.00160389460879584 0.372559987061017
-0.481497297832984 -0.0217575263759449 0.348917400017803
-0.486325608955487 -0.0250059546667982 0.386043434943852
-0.477220299286598 -0.0184712888034627 0.313244643834879
-0.476584007098457 0.00164499492842489 0.304541605983042
-0.448709814599882 -0.135676329637396 0.226140201958431
-0.448972532515386 -0.158777989337214 0.299457765723647
-0.448732754252159 -0.147215423016928 0.262760443519301
-0.455911381494645 -0.122371327336764 0.261293820800632
-0.463233378485381 -0.108000490634226 0.295584166833177
-0.475787639329917 -0.112950872895239 0.400055277730164
-0.466952566703766 -0.129414844737787 0.367543363553522
-0.46876369458361 -0.141094049615916 0.403399636445877
-0.465062539615307 -0.118486073333128 0.331635753472704
-0.470588699367888 -0.0922228412158639 0.328950826796604
-0.457957422143408 -0.144678644321429 0.333968254367834
-0.44932315457196 -0.17056521646961 0.336134455284694
-0.127384511076351 -0.479340503678129 0.433484712079193
-0.116274072884448 -0.47696509951416 0.397587702921079
-0.0994726599040064 -0.485286431459074 0.428145286316694
-0.131832854015266 -0.468409391080173 0.366151592330469
-0.157567151084485 -0.460806041960557 0.370479991810772
-0.105888917665878 -0.474508351804066 0.361468791111561
-0.0800378855614777 -0.479049659304529 0.356216669618186
-0.42759884037932 -0.220873415557065 0.340104201776778
-0.439194967870345 -0.195999130817997 0.338186348511969
-0.412511725868079 -0.257999647386927 0.379375443900482
-0.414558337948383 -0.245097124904896 0.341842822388705
-0.42637597263189 -0.233626114500624 0.377425073769301
-0.437727449201079 -0.234580470938283 0.449649260401161
-0.438295013958048 -0.221386192387384 0.412352373857166
-0.4496845799627 -0.182730053601708 0.372810716207556
-0.45020093945746 -0.208344102722984 0.446554783650223
-0.449987584278229 -0.195333585787797 0.409580207921503
-0.460151090738272 -0.168559834369521 0.406574480445893
-0.470438882911689 -0.153539710394552 0.439413421632624
-0.234794719649757 -0.439504540324617 0.453229292521909
-0.22133358505562 -0.440299501886415 0.415550611053291
-0.20864933445466 -0.451896977698735 0.448609761310629
-0.232683895436892 -0.428891072568575 0.381206663757589
-0.256505288890081 -0.415250062498897 0.383354204297849
-0.208117640917908 -0.441065986201291 0.378242887542336
-0.183013520700487 -0.451705987286827 0.3745699192233
-0.139100811256518 -0.481620731700553 0.469382117206918
-0.154887028988555 -0.471800962682831 0.438680850935531
-0.181983859810393 -0.462659537514044 0.443733065357034
-0.1945766185989 -0.4635383904945 0.480494400023027
-0.169579144103603 -0.461765078720628 0.407111834254668
-0.315960805251438 -0.378951316474926 0.423457753732655
-0.337263441552151 -0.359827677677464 0.422824378252753
-0.270469480484503 -0.412646226052688 0.421625296377625
-0.293687326428145 -0.396563709178306 0.423132295967751
-0.308199110154282 -0.392638421217744 0.461462935097704
-0.299429209507676 -0.406858401110618 0.499325443037386
-0.32319459678959 -0.388082803364516 0.499239475954471
-0.234656552623526 -0.452163416648253 0.52358896815393
-0.248434267359 -0.438688201185193 0.491369541856875
-0.274512036688404 -0.423654165687574 0.496403554420382
-0.289232014153201 -0.421641783498846 0.536636290080643
-0.260248158343869 -0.425497787424171 0.457353212138974
-0.380507138931358 -0.30424870076058 0.382496387551339
-0.397207006974915 -0.281568277019999 0.381057942244435
-0.343253163538612 -0.346493602254029 0.384709761040551
-0.362486769612021 -0.325933998299362 0.383721195497517
-0.376500840529821 -0.31760505507655 0.420253618530907
-0.37212840598658 -0.33132603138381 0.457835880836471
-0.390847884974249 -0.308447471966014 0.456190288081999
-0.42368169180841 -0.260018200482734 0.452268861168212
-0.437056478816363 -0.248026811273636 0.487155078116372
-0.410365237963278 -0.271188741880651 0.416915693118921
-0.40805193689486 -0.284650142020001 0.454404698115538
-0.405496731343365 -0.298347254147056 0.491704794782688
-0.367279877805093 -0.345393459284314 0.495157682838178
-0.383073639520338 -0.336424618273387 0.530091436449728
-0.352006507676315 -0.353138440084843 0.459474151079954
-0.345907683944303 -0.367394081741919 0.497232180597624
-0.339198422585481 -0.381975815927542 0.53504567447504
-0.0594518980529556 -0.511563065572549 0.552237435144246
-0.0465483193135629 -0.507168719389898 0.516779740476328
-0.030033385968992 -0.513413442530165 0.546907514927006
-0.0817338853085219 -0.49317809170513 0.457920862862183
-0.0638499541993957 -0.50046664578797 0.487257452204304
-0.0935018622878264 -0.496574703159206 0.493330882037624
-0.0334475358143572 -0.502669819347719 0.481302208206675
-0.0210007259116751 -0.498008019550971 0.445522615085851
-0.00235459133633119 -0.503133049560766 0.475906478241157
-0.0622906210115101 -0.485866083787875 0.386903517050367
-0.0424638584636461 -0.49228477608249 0.416669977277464
-0.0711514994101491 -0.489621661169103 0.422613931250889
-0.477845400754426 -0.0745636126282495 0.361222726490441
-0.484243237445191 -0.095546059467671 0.431482072284404
-0.481157516623112 -0.0841343004933933 0.396422822852958
-0.484752822906956 -0.0546880744270792 0.392129850635207
-0.490976071581286 -0.0330644599804813 0.421722737286899
-0.506222281053584 -0.0447303020188478 0.52374227955293
-0.499393302378198 -0.0609727036658747 0.492725056149028
-0.503367766440245 -0.0753168745399301 0.528299588600683
-0.495279419973565 -0.0466164970644175 0.457265517462218
-0.496500413683706 -0.0143650924198514 0.452482456214504
-0.492112266137712 -0.0779778270924784 0.462143746272844
-0.487112863986386 -0.108354414857185 0.466837837669111
0.0282515576351436 -0.502555105246683 0.475939578716693
0.0136076197066816 -0.508389058988651 0.509923442615284
0.0442024518443185 -0.517900495113406 0.577478207151562
0.0290961159051754 -0.51331489044116 0.543822822937224
0.0586588940245981 -0.511512419635498 0.547147738177719
-0.00047935073088226 -0.513949333763906 0.543761473143656
-0.0140996075361805 -0.519243357317423 0.577393579326635
-0.529169191122097 0.0159735580293585 0.646336216866373
-0.524094045234293 0.00161871475245399 0.616165969926899
-0.529303160010416 -0.0123027417320054 0.646597476135059
-0.512443417142232 0.0319641955974575 0.554685845152235
-0.518509372992642 0.0165711910957704 0.585675708672327
-0.517250845727797 0.0464471962768982 0.588798158173184
-0.518629746476599 -0.0135619541988442 0.585926816893816
-0.512657405240141 -0.0290163863118735 0.555025069053205
-0.517605751819542 -0.04346409768585 0.589532339940979
-0.480385740941518 -0.137849769456308 0.471371816132273
-0.489869359246341 -0.12175444234294 0.502642880531469
-0.495307847328946 -0.148453653602056 0.575559549946132
-0.492585202098694 -0.135231076648546 0.538907291751893
-0.484605964969966 -0.164500548956219 0.544327902651982
-0.498838025971628 -0.105496608071519 0.533518839446449
-0.507293030161263 -0.0892161619821646 0.564260310004543
-0.462752384480764 -0.207912942288059 0.517230026809152
-0.461965572335002 -0.194498860031703 0.479955506776145
-0.473467153994935 -0.179870573795915 0.512521583253006
-0.486717502902446 -0.177655269849982 0.581434296501546
-0.471991826069093 -0.166553418266518 0.475757957470443
-0.105575183080759 -0.499932847260137 0.529048794015577
-0.122532477590426 -0.491041969875564 0.499416981555224
-0.0716826562226371 -0.515960787150527 0.588043787512166
-0.0885657588739516 -0.508239029401711 0.558540160238101
-0.117365095527663 -0.503357300789188 0.565163852141772
-0.128508127506052 -0.506927828762737 0.601700904760602
-0.145876255510739 -0.496872364907542 0.571842298075966
-0.151072780643469 -0.483873223417937 0.505461509070589
-0.174094885303812 -0.488760782617305 0.578511821521254
-0.162870067730825 -0.486210682854434 0.541818564554368
-0.17922237981625 -0.475042658878159 0.511458249859784
-0.207058748067971 -0.464499502694741 0.517459327854647
-0.450368580117627 -0.235199094569703 0.521515782101044
-0.46350906779768 -0.221400911539984 0.555014529634037
-0.465317436472655 -0.247660656498949 0.632576007120465
-0.464301052008133 -0.234780418511778 0.593424503122224
-0.450297847291698 -0.262598475239226 0.598860751902943
-0.476402607716224 -0.206438919172637 0.587449339895356
-0.488943880607142 -0.19029619548283 0.618981096924198
-0.435343100891693 -0.275334188876964 0.56270974422016
-0.43403305375943 -0.28919077343337 0.600101349246701
-0.436273734066735 -0.261635931803551 0.524873978207048
-0.420365747925378 -0.287285998241759 0.527086991868747
-0.402591675819801 -0.312243870600209 0.52856553572457
-0.238444403316971 -0.47038774336375 0.629974868093803
-0.211820313471933 -0.481701868150759 0.622718889581541
-0.220660568403057 -0.484920223803632 0.661034841976934
-0.201994253247409 -0.479007646324594 0.585198818431716
-0.218967830323675 -0.465730087418176 0.554619714818136
-0.184492916886093 -0.491630179802118 0.615641948453218
-0.166720249060158 -0.503465737120989 0.645890053574407
-0.264015660486888 -0.458016168612546 0.637940608180719
-0.256790071742993 -0.454528550468528 0.599304462914033
-0.275140414100486 -0.43752779732594 0.569134736225311
-0.304823471151056 -0.41937550452275 0.579432478768029
-0.246863749140013 -0.452725963498409 0.561396393995166
-0.328579434865268 -0.425195982039638 0.689498253744433
-0.309355366053491 -0.43408571539037 0.664047702169707
-0.310915992352933 -0.440134749101136 0.697975319016364
-0.30736866529234 -0.42710142193786 0.624591157292652
-0.328969364407904 -0.407695857626059 0.61133287409807
-0.287694601645951 -0.445624098149902 0.648592700264004
-0.270034475883634 -0.462369031736706 0.67750684027891
-0.378671787627882 -0.350496758695729 0.566467502106872
-0.399160474261533 -0.326354096437241 0.564662084420371
-0.332307977986954 -0.396424998296566 0.573012106616649
-0.356551074973507 -0.373727335810052 0.569132139232637
-0.374577489623254 -0.363926002335902 0.602901124356822
-0.371272506838462 -0.376349214463217 0.639812059143052
-0.391940263223516 -0.353968408153831 0.637030374542376
-0.344118849124509 -0.41956087228111 0.720485491243308
-0.347999400690151 -0.40777088299872 0.682309957519376
-0.368302942282505 -0.388252587394734 0.677199492210971
-0.384951975349423 -0.379963148962482 0.710672901541015
-0.349878259784329 -0.397319309014005 0.643787639610395
-0.430113220060734 -0.305046553654059 0.632874059491595
-0.441420661844554 -0.298386857313704 0.664522408542855
-0.415091380717158 -0.315613642885783 0.599063442330459
-0.411429307696354 -0.330333624163246 0.634508608255622
-0.408358489352613 -0.34422570485611 0.671580428620049
-0.0269365379191826 -0.524387500967271 0.611370866587872
-0.0382426472327647 -0.529609785291792 0.646542421529577
-0.0549416084738537 -0.523098974299277 0.617495732316777
-0.00335012937069402 -0.54021669035321 0.700167664500994
-0.0213041569039367 -0.535375313158591 0.674421132650537
0.00409576854778452 -0.534632073804522 0.666870459430619
-0.0472166314771905 -0.535097969880238 0.683251348354986
-0.0537698696184017 -0.540873373848553 0.721275057348498
-0.0739081425658894 -0.53333416525435 0.691263032432753
-0.10162179986201 -0.529846570813117 0.698193752719479
-0.0927477922086273 -0.525144404713653 0.661316773845265
-0.110840225872304 -0.516348188291615 0.631497284422603
-0.138877534787394 -0.510664638054685 0.638608981080792
-0.0828482151724281 -0.520474207436491 0.624431411626019
-0.533833293710572 -0.0766531619710189 0.702990981621894
-0.527994274715109 -0.0676394784846847 0.663019630437905
-0.524566865881205 -0.0963148427878318 0.668768099225632
-0.529284308492147 -0.0396373749733154 0.654192621125148
-0.535000483153852 -0.0210938676993444 0.680549845848416
-0.522633712378847 -0.0565865453993362 0.625348733278147
-0.515239605173177 -0.0729393969116134 0.594954457364497
-0.508836555299872 -0.14410202653928 0.643079006293144
-0.505524696038335 -0.131793753371179 0.606460150518873
-0.515248836367107 -0.114501381393534 0.637326922705099
-0.52808666077835 -0.109017346840808 0.702295718085932
-0.511258902396257 -0.102313972306321 0.600708654541194
-0.00225135583738892 -0.557377356727855 0.806180410929157
-0.00426432628780232 -0.551631279013878 0.769588099499365
0.0231616949122278 -0.554227090690496 0.788348244556063
-0.0307784746545053 -0.54711988290665 0.747587414267713
-0.0587872833940447 -0.546915344966137 0.761060826923277
-0.00490165109881217 -0.545907594451876 0.734414026219945
0.019203142415207 -0.543365180009944 0.720279476057504
-0.540988315164732 -0.0233778937670188 0.715287991284076
-0.539089831482774 0.00271182583195087 0.701373701686589
-0.541716820262221 -0.0740180951562081 0.746156685803711
-0.541485805136302 -0.0500063509733604 0.728663983517124
-0.547176885045935 -0.0241420444767654 0.751502359834305
-0.553434040844372 -0.0248910967263922 0.789284596886558
-0.551072226114091 0.00209343072903162 0.771464742889916
-0.500945597988568 -0.173262532584964 0.649864848004929
-0.51220545053268 -0.155738631491143 0.680138533947251
-0.519963643953206 -0.175151083684953 0.757441567704187
-0.51587706634618 -0.166219304131186 0.71826095241498
-0.507710803033701 -0.19405146206939 0.727139166265181
-0.52257236000317 -0.138037252339579 0.709631080666174
-0.531904194479829 -0.120733389709092 0.738319471940592
-0.49149679267236 -0.201933168812579 0.65712403871223
-0.467944615496339 -0.25757722974938 0.67272193906624
-0.480433376431302 -0.230121467678847 0.664610583375328
-0.49454975288532 -0.212287014182425 0.696138090578426
-0.498038318995023 -0.221488111299593 0.736059351973034
-0.129954571932888 -0.52474143193875 0.705223445403759
-0.148606207367896 -0.514500899496434 0.675794697601467
-0.091160010573324 -0.542510551433353 0.761844212236139
-0.110649878364189 -0.534141056496562 0.734022389273887
-0.13898507175775 -0.528795584464653 0.74222731965398
-0.147323289150766 -0.532872211272609 0.779898794144064
-0.166744136191939 -0.522219096276945 0.751414207634852
-0.176191440145641 -0.507044253568719 0.683676673798114
-0.194172522062806 -0.514265743230948 0.761040207763634
-0.185299523452785 -0.510687267096578 0.722087194355772
-0.203132834177572 -0.498287610891999 0.691897962616648
-0.229188493082523 -0.488348154242052 0.700284378853632
-0.486942404089213 -0.248413514665918 0.745294351547
-0.501659907350687 -0.229920768283967 0.77645385719985
-0.456059175868914 -0.28250320513247 0.685985353475668
-0.471598056673476 -0.266031138326593 0.714849357885169
-0.474219915286891 -0.275160832782171 0.754846914242063
-0.459521771956616 -0.302023979964619 0.764459152552022
-0.476449848481749 -0.283923094734131 0.793513460986021
-0.441840770550904 -0.319449687398521 0.736545473214648
-0.44306763417957 -0.328526933027572 0.774603535309338
-0.441795855609539 -0.308476507404977 0.699226879343137
-0.424759046756114 -0.333486894538778 0.706109508904524
-0.405823846805879 -0.357117629680422 0.709110270699115
-0.274852661030947 -0.480468647722849 0.78567480887836
-0.248345479252922 -0.493782856917351 0.780406592724363
-0.259693805999666 -0.495141467044567 0.821349926994725
-0.23823959116888 -0.491456609470844 0.740202889729884
-0.254093508470047 -0.477395942602981 0.708613384927938
-0.221358916419066 -0.50484251230653 0.770886787851102
-0.202662177871861 -0.517703742477292 0.800241059041843
-0.30059723033174 -0.452663342155222 0.724429512176799
-0.313501775367296 -0.450468397583497 0.757077989845619
-0.27780206411841 -0.465557202287568 0.716827362152629
-0.288526748750273 -0.466304191104801 0.753998306730362
-0.289626878815559 -0.477610978468421 0.817762831510462
-0.327649196866044 -0.446888029542635 0.789843698377579
-0.337150929846014 -0.432917684801448 0.756651664110371
-0.304697548086853 -0.474104725071782 0.851476244201423
-0.31657046630661 -0.46078549149168 0.821175712048479
-0.342247433677658 -0.442576372177249 0.824086853591721
-0.35635485253055 -0.438136095987972 0.859889000360011
-0.366816364937999 -0.422602710505285 0.825051034738867
-0.358911046442913 -0.414210196677778 0.752980527975465
-0.38881963675599 -0.401202728454403 0.819305976698481
-0.373442500503989 -0.408571033938661 0.786394586482187
-0.379598428641629 -0.394112814822668 0.747827839735287
-0.40018034473289 -0.371977535232949 0.742957720927753
-0.411275869977523 -0.367099865869542 0.772564401923075
-0.406421530522496 -0.389006696872667 0.844851715265847
-0.409244795146855 -0.377606982165992 0.807199481126179
-0.427374938752954 -0.352605637715256 0.789962042532621
-0.444677050989594 -0.336771341728999 0.813516943755597
-0.461055241893926 -0.336509717806307 0.903612619053426
-0.444299679595466 -0.354047785606761 0.883599124037869
-0.444695660414122 -0.36043158448011 0.916647594526626
-0.444641047196614 -0.345812521153416 0.849569233521815
-0.462111466282578 -0.319258170962453 0.83864140884133
-0.425935081970388 -0.371887809391367 0.864515619517921
-0.406596963990614 -0.396618302072846 0.883039776284755
-0.0528418067928742 -0.554255654711895 0.803347967977987
-0.075859188659148 -0.549203735252015 0.788408023854809
-0.000141418793485643 -0.563000535751047 0.844028554821363
-0.0272788689091897 -0.559308726902123 0.823919350893955
-0.0530279820800506 -0.560021062706846 0.841693867177298
-0.05436314308366 -0.565171563307073 0.879325492044449
-0.0803559084426438 -0.559013520889302 0.857654974016602
-0.127038165714736 -0.542586213317655 0.807616851768654
-0.154423603315839 -0.537041496241326 0.818084273117028
-0.100449650229039 -0.546606634962621 0.79750610429117
-0.104813697405256 -0.551406313573073 0.833891775134382
-0.108514935047223 -0.556053305097051 0.870886163053884
-0.540597983802074 -0.100039914935153 0.763878498529891
-0.547915499045218 -0.0767331654078899 0.784991651073094
-0.558985351369278 -0.0832529585882266 0.861410896888491
-0.55361268377337 -0.0800607174059144 0.82311442250058
-0.551076247906345 -0.108808676677019 0.838402802071658
-0.554322904725489 -0.0520860722251379 0.806544602347177
-0.559468582400321 -0.0261960479084692 0.827525171671606
-0.52428997141102 -0.182780013296441 0.797319535401996
-0.531368670665976 -0.154929301450313 0.786514043916228
-0.541818369405329 -0.132816676339072 0.813604507639945
-0.546665672981621 -0.137958750329275 0.852455457566038
-0.536822114966253 -0.127256207578451 0.775526381249847
0.000704152949954814 -0.577384643903468 0.959416993825386
0.00120488585911263 -0.57310512134223 0.920669440418625
0.0305576815735853 -0.574576518321372 0.940181627130206
-0.027151781259704 -0.569921513946315 0.900360477872193
-0.0562171321761149 -0.56982197839515 0.917114067749512
0.000945908555971288 -0.568277594656377 0.882214717352261
0.0280456145937678 -0.565021468505964 0.862768696869651
-0.565158698165609 -0.027458125531844 0.865864193797778
-0.563162441714722 0.000720968975126797 0.84766008629369
-0.564003416258814 -0.0860526578834158 0.900026544737995
-0.565472198473551 -0.0564340136741767 0.883325774017619
-0.570421823624025 -0.0285363675821548 0.904334573659107
-0.57517474379802 -0.0294152891100057 0.943048627361122
-0.573720746657122 0.000272890068323865 0.924477107120692
-0.540443779016199 -0.167317725322905 0.865958024539611
-0.551237502167833 -0.142644869863666 0.891872415075546
-0.515562555380608 -0.210521618151883 0.807694175735533
-0.528516259843534 -0.189841217780285 0.837850283543726
-0.532382714903022 -0.196792098408559 0.879149033959479
-0.522369546459605 -0.226207548029119 0.891475297088961
-0.535754948170192 -0.203631939689377 0.921257710364258
-0.478209774050394 -0.292377788063646 0.830957520900556
-0.492642274956324 -0.265220426170492 0.824380035894306
-0.507998912883474 -0.246020106757523 0.857261887104165
-0.50981197027028 -0.254917969377123 0.897162500715963
-0.505075177535552 -0.237973851695174 0.816866373660471
-0.160316241775022 -0.541190316800004 0.856435883362773
-0.182149848856403 -0.529919734281599 0.828694743679633
-0.112184950548949 -0.560332924393271 0.90846388294778
-0.137012685899988 -0.551382969091569 0.883126705047922
-0.16561767350487 -0.545066659181031 0.894982536440763
-0.170803835113945 -0.548434576730374 0.933751340680438
-0.194081475767802 -0.537161943730097 0.90677171005695
-0.222139003189831 -0.527777708631243 0.918877888294904
-0.216141242366293 -0.524724225062957 0.879001456254421
-0.23745117035611 -0.511004656528119 0.850489624614829
-0.262435094126896 -0.501008453339186 0.865540179268296
-0.209960986182311 -0.521197422044325 0.839416634159267
-0.478886650973549 -0.301199871702938 0.866359526405069
-0.47492145136402 -0.322405837340899 0.92938083322834
-0.477917444468648 -0.31103401636623 0.899078061172787
-0.4943430850731 -0.283813331954899 0.897492084045988
-0.50781015807875 -0.268381949282104 0.93184047611884
-0.49774908837769 -0.303745227956354 1.02087354877574
-0.492191957541908 -0.307619305746222 0.989010340494148
-0.481568280765181 -0.32773995642914 1.01367819957654
-0.501208915595826 -0.287386632174164 0.96203309055897
-0.517009380036292 -0.259626168638641 0.969195546633904
-0.484575476768929 -0.313876762331515 0.958520919234488
-0.467374413956623 -0.338616446639411 0.956914198619358
-0.269953885682705 -0.502952826396873 0.904569321680871
-0.288810290169333 -0.488572196093096 0.879648927392968
-0.228699380629923 -0.529821831077595 0.958162193086348
-0.250002659639344 -0.516769985081262 0.93110926927348
-0.277887642071034 -0.503826189004214 0.942553222545651
-0.28571834521044 -0.5039777536369 0.980637793791355
-0.305446643837986 -0.48890147601294 0.952386934631428
-0.315035502612519 -0.473209722900824 0.886688959806929
-0.332055691385526 -0.472349292676739 0.960852190421809
-0.323961061964814 -0.472778547732976 0.923090768008724
-0.341047422448374 -0.455734091714896 0.892240971003267
-0.366445806620808 -0.436473076252894 0.89748448580802
-0.403465088299926 -0.416998011196933 0.989257450521268
-0.381012145125497 -0.436270998218733 0.978826226076001
-0.389248936517985 -0.433574264924357 1.01849338166334
-0.37361116845846 -0.436986759575838 0.938324674965696
-0.389449878878254 -0.417838867618791 0.907527091664929
-0.357275263532806 -0.45470060778386 0.96933581599555
-0.33993869263375 -0.4712768933916 0.999595471133323
-0.44901924333703 -0.36135807770472 0.95015091292521
-0.456471409197641 -0.357141717860748 0.981086731406967
-0.433741206722322 -0.391011387776403 1.03555525690407
-0.44508956380679 -0.374806330903008 1.00715375339576
-0.42481465553857 -0.396602416085647 0.999348364844598
-0.464083852669018 -0.351696499443427 1.01158305849101
-0.471854878814516 -0.344903552923181 1.04165400263283
-0.430707036575718 -0.380756517298074 0.93731121251203
-0.41094925707951 -0.399481760434193 0.922755940321216
-0.417109140957388 -0.39948389759538 0.961775029733188
-0.0932076017776955 -0.574296770577188 1.00918873660764
-0.0615051148975677 -0.577290322187383 0.99374028671697
-0.0651119492219242 -0.57985828307914 1.03259504534394
-0.0585678857032197 -0.573900893026825 0.955245273720898
-0.0859743736943271 -0.567877163743255 0.932420931115116
-0.0300971322909466 -0.578311220519528 0.977206558907035
-0.000668909611917312 -0.581005818018267 0.998446851061663
-0.116056837905891 -0.564077734586986 0.946522435251348
-0.124961329635556 -0.569334492506227 1.02372859390045
-0.120285745464452 -0.567128295132293 0.984967320804244
-0.146191385939993 -0.558465432340096 0.959833786410824
-0.176201151280307 -0.551072584916572 0.972652055030688
-0.560689427926501 -0.116114099651342 0.916049135646925
-0.568591753365211 -0.0883199759980196 0.938994192181566
-0.576045831868418 -0.0912483967821441 1.01819251804046
-0.572651197010638 -0.0900198038022561 0.978368827862997
-0.568661778740444 -0.120431847317995 0.995462185921518
-0.574828156488105 -0.0595879232039073 0.960970888526692
-0.57931976162409 -0.0301118846578462 0.9821057179949
-0.539781314294126 -0.206707562186895 0.963413758094774
-0.548480820376776 -0.176783878663749 0.947198093394792
-0.559473212710973 -0.148952327318518 0.971844811483014
-0.562954877322633 -0.150448656115702 1.01264513984775
-0.555510132366589 -0.14642299076581 0.931643741526493
0.0296021207557822 -0.581882432698437 1.01909257241469
-0.00308977241153556 -0.583849452882266 1.03776538198904
-0.01118078123133 -0.586655438544025 1.11755325797703
-0.00663669414958281 -0.58578335283341 1.07743980738469
0.0231893165624828 -0.586012858633433 1.09919035284171
-0.036178976346291 -0.583714371816527 1.05530227359084
-0.0694052381266568 -0.581467662832273 1.07181487461372
-0.587099596026733 -0.000408457341855299 1.08210465257511
-0.585301157943931 -0.0311253108256588 1.06142751969142
-0.586856511161056 -0.0315491610388683 1.10164380857365
-0.582740054307856 -0.0306641871810081 1.02156425377467
-0.582005373025102 -5.86252380234862e-05 1.00248147798386
-0.581604253940455 -0.0614483874150391 1.04015058579399
-0.578604164642432 -0.0922004321093971 1.058423953664
-0.531154823236382 -0.233120033121227 0.98440305946054
-0.544240605087733 -0.206680062256716 1.00717326995436
-0.548338481794424 -0.209936766714156 1.09181378845675
-0.547144068769166 -0.207713917740358 1.05009724999102
-0.536907309335637 -0.235495784083881 1.07081923941856
-0.55574497852249 -0.179561608064119 1.03064691327849
-0.565607470246614 -0.151577372586624 1.05385656538921
-0.498955728739188 -0.306155718025095 1.05582495743476
-0.511601523840266 -0.281930826991186 1.03475305297609
-0.524602347896374 -0.259411299488374 1.05155092086623
-0.5244566136142 -0.263741736646815 1.09154316606359
-0.522217639540864 -0.257722769300944 1.01041185380493
-0.181945101220076 -0.552811880522029 1.01160105561257
-0.206004543183247 -0.541894992364939 0.985099748189397
-0.130094797539687 -0.570558293775167 1.06276779377917
-0.156599792706119 -0.562414255612117 1.03750966845971
-0.188010681136431 -0.553538258293197 1.05061376216362
-0.194322372739772 -0.553147410444557 1.08972240881792
-0.219098763099769 -0.542700873697585 1.06305443586429
-0.235570016133668 -0.530885337614439 0.997101071131704
-0.249753887308743 -0.529901322525374 1.07481265964873
-0.242608480353446 -0.530942077068491 1.03594873989995
-0.264804259420637 -0.518002330210759 1.00846172167057
-0.293487563178326 -0.503284216433787 1.01905504534981
-0.509103080343577 -0.29311415163631 1.11031314736557
-0.522453315099479 -0.269192835835157 1.13012800949622
-0.482675839035008 -0.332320521285357 1.06895150553373
-0.49566988836076 -0.314261299371578 1.09033351241673
-0.490465535340345 -0.323560051672473 1.12556862925344
-0.468766620208296 -0.354172176481302 1.13637664154064
-0.484119590295538 -0.332491301575861 1.16173705734413
-0.421945698474995 -0.406146481645316 1.06533166822211
-0.443974245512974 -0.382422234225706 1.07079502779349
-0.455710305116046 -0.370228928780875 1.10469368897546
-0.445220834395996 -0.383220143045504 1.13821553437609
-0.464257746209982 -0.357739433015017 1.07231730560074
-0.337889598613424 -0.479871586013337 1.10622462818254
-0.309248023156043 -0.49848032528782 1.09633149339766
-0.317131181201727 -0.494108413153361 1.13476580518942
-0.301320609186517 -0.501514741670769 1.0576944251312
-0.321334688382721 -0.486869172104938 1.0289943878351
-0.27984496529183 -0.51515423933252 1.08588820992153
-0.256939950264744 -0.527656670065124 1.11369118671772
-0.348140229567413 -0.468914562238612 1.03859478711057
-0.36577152930348 -0.459246524463029 1.11561128212329
-0.356803600618554 -0.464928861985269 1.07736855354156
-0.373847919049687 -0.449491632162912 1.04808279893998
-0.398472612877651 -0.428572815866713 1.05726422381086
-0.374561435171143 -0.452097898270929 1.15314063667919
-0.392954683165264 -0.436421095658661 1.1244051762637
-0.419490522024194 -0.411127852435717 1.13227617980885
-0.430182580946737 -0.399295598736871 1.16862323492381
-0.408641442640545 -0.421089434362527 1.09517829576287
-0.113666453161696 -0.57525224690685 1.16682072247052
-0.0796585590780308 -0.581254143647828 1.15135051041531
-0.085246959977368 -0.579153020826303 1.1915871046164
-0.0743081866622342 -0.581979571121141 1.11140601909377
-0.102596463846224 -0.577116375913781 1.08738234948486
-0.0454753693028751 -0.585060420679255 1.13493346239393
-0.0163921861025377 -0.586297455570408 1.15811411515797
-0.147412480212881 -0.567066692818242 1.1813541975214
-0.141443901691824 -0.569548623036979 1.14160898613234
-0.16838769314926 -0.562141104999891 1.11591281310756
-0.200782052666455 -0.551533483357688 1.12893724132504
-0.135625747524572 -0.570671205718272 1.10206764695871
-0.579530531465395 -0.0949480607829483 1.1801793412394
-0.580500314116479 -0.0939846431586554 1.1395519621908
-0.574349503710293 -0.125093687474364 1.15805846055978
-0.584661660871537 -0.0627803432239411 1.12076271311869
-0.58725464950362 -0.031974951566259 1.14212383713847
-0.580144074862728 -0.0930747852589375 1.09892942635144
-0.573766973357361 -0.122717765400306 1.07662607718251
-0.567316781729383 -0.154456722318731 1.13580773785695
-0.566167043753699 -0.156091176019389 1.17623927773738
-0.567108977224435 -0.152897789357885 1.09499731372931
-0.558574733196621 -0.182828384827958 1.11363119819002
-0.547989487918162 -0.212779081402006 1.1323254171106
0.0126152554685331 -0.585659632265907 1.18116852750763
-0.0218589011884233 -0.584543351296939 1.19901388036474
-0.0323142788802455 -0.576261075032724 1.28109052333273
-0.0272360087465212 -0.581243018696369 1.24007014366396
0.00207277269503774 -0.579317994953659 1.26393337313004
-0.056379820067303 -0.58117093820896 1.21597586966865
-0.0908665670367111 -0.575541051205896 1.23201054992834
-0.586345225285533 -0.032421646686442 1.18276484932102
-0.587870956016066 -0.000795131085775895 1.16301379262356
-0.577100045466459 -0.0959488980502383 1.22074704203586
-0.58276415809286 -0.0641743949773555 1.2020185306113
-0.583980200675097 -0.0328951465525636 1.22346442456301
-0.58001372515274 -0.0333997911084122 1.26411711958526
-0.583121595496039 -0.00121969306351365 1.24443430378443
-0.539373378905661 -0.219195469265216 1.24973732110702
-0.543491492793768 -0.217683542278561 1.21088485064384
-0.528998541799206 -0.24797442794908 1.22686584808914
-0.555894922485225 -0.186976309977274 1.19393263255455
-0.563590796122281 -0.15764739800888 1.21637387340202
-0.546331436926864 -0.215525722138127 1.17187975323903
-0.535071016381611 -0.243075276120889 1.1505476533473
-0.516267883697329 -0.276630471335135 1.20467228864682
-0.51263844619392 -0.277323347140568 1.24189281084069
-0.51952013917137 -0.273892339822285 1.16763161686359
-0.501153644278802 -0.30506894517345 1.18321740121323
-0.480164156031825 -0.3358017385503 1.19796177453178
-0.472351193265395 -0.326542739651154 1.30701002319723
-0.476336008484923 -0.329816116979875 1.27185587957532
-0.45720896146716 -0.351923751362453 1.28904852005488
-0.494913325287197 -0.304834166982533 1.25656713137793
-0.50789124995312 -0.277004859450012 1.27953918011721
-0.478625517634646 -0.333369444406586 1.23545114865798
-0.459113305769692 -0.362033114948423 1.21677515987974
-0.207275162836424 -0.548589762628632 1.16824287635992
-0.23270531945972 -0.538856661408743 1.14114540947331
-0.153392106757181 -0.563100064691665 1.22124081708501
-0.180791448053453 -0.556711346716859 1.19495220685087
-0.213682764765606 -0.544206775191431 1.20760674015662
-0.219902018524443 -0.538265290157367 1.24698418864453
-0.245953859673797 -0.529584202319415 1.21930175492582
-0.264053153681985 -0.524119545696477 1.15253817193208
-0.277462702042196 -0.512888993834561 1.23001551182683
-0.270941592465051 -0.519221618390752 1.19131543516252
-0.294732479498388 -0.507324124640863 1.16311862389382
-0.32467655477476 -0.488449707967255 1.17288820595262
-0.365725842939563 -0.451216238520011 1.25619362202189
-0.33755482943874 -0.473574024972859 1.24843029055559
-0.342751495672206 -0.464155576736691 1.28612704354729
-0.331550801801982 -0.481602861744289 1.21072837159474
-0.353853707818367 -0.4674319882613 1.18183954152793
-0.308055684351803 -0.494186186059608 1.23972628262683
-0.283540099203418 -0.50500424424689 1.26864723223584
-0.39221692024641 -0.427408231022271 1.26328637681415
-0.388139627294383 -0.435953955902926 1.22652286361706
-0.409862152039766 -0.418410825463569 1.19736757244659
-0.436333437007845 -0.39024587216155 1.20466902011288
-0.382259402386441 -0.444144364407208 1.18996877619972
-0.438183040180203 -0.377443865208385 1.27866873274297
-0.438322621593569 -0.369092457224107 1.31332217956418
-0.437885368805843 -0.384116918852358 1.24232190292896
-0.416487054366592 -0.402665554374789 1.27046457644062
-0.395302586523426 -0.417613735722861 1.30023888870436
-0.136130383437668 -0.553272654251881 1.32730420964874
-0.101589085610864 -0.563257104021223 1.31284971424957
-0.106515316140407 -0.554332483783177 1.35293446382524
-0.0963512318104556 -0.570285422304295 1.27248381805923
-0.125206514421986 -0.56765398605362 1.24708746438559
-0.0669231319371213 -0.570916340175403 1.29742516264818
-0.0369928624920237 -0.569474422073792 1.3218921670021
-0.159261880887323 -0.557519099932134 1.2611810472488
-0.170348709764974 -0.540973855591623 1.34074244523836
-0.164932711520271 -0.550189535675259 1.30106180312634
-0.192873940395433 -0.545161412326693 1.27426561682627
-0.225865784620558 -0.530628164932497 1.28631323920201
-0.559605813639514 -0.0993426966739713 1.3414616161836
-0.567285804519366 -0.0981010554362203 1.30148606257046
-0.557633067398039 -0.130322697180183 1.31902988315342
-0.574743858637695 -0.0657393801750448 1.28315668244905
-0.574304363931407 -0.0339443990623781 1.30460095003389
-0.573068070419332 -0.0969881080109685 1.26120663234404
-0.569333373120144 -0.127636597265096 1.23888357820564
-0.553605377244202 -0.160559693045592 1.2961271974043
-0.545806832798559 -0.16221708897873 1.33570776700399
-0.559464435646233 -0.159098563638963 1.25632216069975
-0.547535320636909 -0.190130696848033 1.27294126327691
-0.533657920931024 -0.220435760038178 1.28865315672191
-0.00660532433802974 -0.565890588752528 1.34582919469084
-0.0412374053839773 -0.560770638657009 1.36229640612113
-0.04844170499295 -0.537236008322102 1.44114973488552
-0.0450483128429474 -0.550050871454002 1.40211670069515
-0.0133170867997547 -0.544537562095174 1.4255136859974
-0.0761365167231329 -0.553287032452986 1.37789466125819
-0.111096476732042 -0.543398082354514 1.39254607075235
-0.55254796903594 -0.00218462696015787 1.40477487328824
-0.557146403124373 -0.0351964964813643 1.38441858619472
-0.545494955586161 -0.0359090454671416 1.42334540745081
-0.566720067024495 -0.0345406346397255 1.34476397677602
-0.571688557973931 -0.00168246529931724 1.32544197053244
-0.559469559168094 -0.0676157827322414 1.36328979348416
-0.549898418362586 -0.100756185363012 1.38095226358876
-0.503329497092673 -0.227416746818626 1.40389697112402
-0.51586672944939 -0.224279812374296 1.36610085757648
-0.497903891142533 -0.254251198316087 1.37948517930592
-0.531859529723709 -0.19358859143486 1.35143527606373
-0.535888615261195 -0.1642226106484 1.3748640422412
-0.525931057761496 -0.221982516147135 1.32755301997474
-0.518032451632754 -0.24963298882686 1.30345592574283
-0.463157884420891 -0.328337040830395 1.34164145367188
-0.482601738244747 -0.303459590110975 1.33039456884665
-0.490988123246892 -0.279563155563109 1.35483828818756
-0.478021805957275 -0.283676374559848 1.39107679828234
-0.500925554765983 -0.277361926068247 1.31739955786302
-0.442164683214214 -0.354620461428604 1.34564927717388
-0.449307388914898 -0.33501120264846 1.3731549586476
-0.414627490795371 -0.348548318019334 1.43588913825776
-0.43305058914083 -0.342037867181711 1.4044631314504
-0.408774461632386 -0.37035418505338 1.40498698846339
-0.456290114086526 -0.312952031142116 1.39977829714805
-0.462415235284682 -0.288823454260708 1.4259720981853
-0.421266484106532 -0.380217950411206 1.34206304687128
-0.374073089793214 -0.429575438160071 1.33065576186179
-0.398687752513146 -0.405245545260535 1.33677166935924
-0.40320298230676 -0.389463218398908 1.37195681433403
-0.383537505408695 -0.397422595865187 1.40230930184823
-0.26891051105202 -0.490748618004171 1.37454228157027
-0.2369596587859 -0.509621210474419 1.36440460146368
-0.242105973820608 -0.495915499549114 1.40283507375982
-0.231549559010755 -0.521137236767773 1.32550019096557
-0.258043595013145 -0.513996135275199 1.29729526883356
-0.204032024829073 -0.526399337042537 1.35312314214172
-0.175477547696549 -0.529736958450003 1.38005164468118
-0.319089964587371 -0.474945319868926 1.31599941754342
-0.347470755343301 -0.452914899391054 1.32377822041655
-0.289195797758212 -0.495380455855315 1.3071899143289
-0.294533982367445 -0.483772177717222 1.34554023750324
-0.299676479547428 -0.469926216542168 1.38348788106442
-0.357033315776222 -0.423109340556094 1.39753136672798
-0.362113196490377 -0.404129123883217 1.43268457163338
-0.352140707314467 -0.439348243559341 1.36107678056174
-0.32908476524473 -0.447323208727106 1.39118342364263
-0.304681101894613 -0.453646693597819 1.42074485031219
-0.154235275197109 -0.500266108883906 1.48209556043081
-0.119146174106984 -0.515145623371869 1.46948171663425
-0.122557905430312 -0.497724948920877 1.50632590478736
-0.115313597535737 -0.530358807447185 1.43147245692499
-0.145893835292165 -0.531084859328323 1.40619369666364
-0.08379779170547 -0.52745840526776 1.45582046375946
-0.0514385508619395 -0.522272510318554 1.47917256128947
-0.214060845797721 -0.499262200476264 1.4302704120977
-0.246968664518063 -0.479884944144418 1.4405621583074
-0.180294129146841 -0.51635764043658 1.41878751001794
-0.18476108653891 -0.500739926818106 1.45672265915023
-0.188810753223454 -0.48282427790074 1.4936138859129
-0.507840669468345 -0.105759646848268 1.49420735386881
-0.524052924407306 -0.104048517856445 1.45756692098856
-0.509568182991212 -0.138130364817776 1.47304977629075
-0.536016504642031 -0.0699195685562857 1.44096582038387
-0.531708931870894 -0.036659448139991 1.46130370735109
-0.538066557855179 -0.102343250161784 1.41973467656909
-0.537986061570235 -0.133803414774571 1.39767148426293
-0.488341178152493 -0.231136192374582 1.44066928509479
-0.507165825823047 -0.19907275378721 1.42776764257485
-0.509291232312209 -0.169279075746028 1.45087132255607
-0.492561166641205 -0.172007771661466 1.48726334008012
-0.523733414972919 -0.166611637668887 1.41333590168128
-0.0581753691616693 -0.464451618056496 1.5847595243528
-0.0563060751003534 -0.485849035903706 1.55122309905437
-0.0221349691083384 -0.476206215097086 1.57182818967497
-0.0898550610496646 -0.492972051129571 1.52937718869438
-0.125482715222394 -0.478107307300173 1.54174670803318
-0.0540572081194425 -0.505138889559043 1.51594612814621
-0.01836004891376 -0.514687133970081 1.50145810325816
-0.489452560057883 -0.107315857805301 1.52942149866266
-0.503936104653392 -0.0723448603157491 1.51430015612715
-0.488903157044976 -0.00331721839271757 1.55124966546744
-0.497677441278272 -0.0381103339931876 1.53331585786928
-0.477485487735454 -0.038684810610271 1.56688132663577
-0.515765913293169 -0.0374112258473589 1.49804350635314
-0.525015457453148 -0.00272798031774418 1.4807028736918
-0.467373928951338 -0.26279489405171 1.45157629971819
-0.470976682645221 -0.234992094331358 1.47632870327974
-0.429279164991847 -0.241313277735923 1.54431323011562
-0.451285757222423 -0.238521240713056 1.51087834731703
-0.427417573148465 -0.270801136662324 1.51956036700629
-0.473086379842853 -0.205526941317726 1.49997951900351
-0.473572585856268 -0.174516439100494 1.52234458529635
-0.444474522413167 -0.293993883266584 1.45991291508469
-0.394090404199242 -0.35416163434972 1.46725147393825
-0.419946835707913 -0.324545685402527 1.46519497262752
-0.424284038407839 -0.298582165308552 1.49310966494306
-0.401842726536728 -0.302179299509743 1.5255987755641
-0.192330021200795 -0.462597128932454 1.52921261978398
-0.222626509095454 -0.462873390707187 1.50395363442662
-0.287143536064455 -0.416021437616889 1.52036469145308
-0.25546098626056 -0.440535064493306 1.512960403623
-0.258713142530034 -0.417166405534449 1.54722423235751
-0.251470331210444 -0.461439132639068 1.47734492310907
-0.278822731937976 -0.458354362234045 1.44953987956563
-0.338891757030558 -0.409508400062721 1.4627198565423
-0.367071448990695 -0.382556690738814 1.46628310651018
-0.309483709429779 -0.434834660672792 1.45701617475992
-0.313887258294776 -0.413482981793574 1.49206826039738
-0.317590124866045 -0.389638842799773 1.52575662237664
-0.374911684464896 -0.332518199762119 1.52866386596657
-0.377124590781654 -0.30444405988582 1.55731977703654
-0.371472294525868 -0.358617438785344 1.49827732469364
-0.346822856366145 -0.36171940201571 1.52865634114877
-0.320226985373273 -0.363361409383204 1.55800684688408
-0.163970877716824 -0.412302722270147 1.61696329027232
-0.129364565844478 -0.432601803179967 1.60726975952889
-0.129895874785337 -0.407051930569383 1.6368622261611
-0.127809441219304 -0.456356387207261 1.57548141311627
-0.160669440331252 -0.460490176513527 1.55305103550618
-0.0940119922644775 -0.449946303037524 1.59656122880457
-0.0596290690758407 -0.441022254617244 1.61633092427945
-0.197545063004422 -0.388889921453919 1.62576809601443
-0.197006592657153 -0.415451754279735 1.59554078489262
-0.228644045815461 -0.416987405466644 1.57232761670158
-0.260916720751196 -0.391347773367287 1.57999948718991
-0.195145859387709 -0.440100360165312 1.56327085451736
-0.422170356940794 -0.10878374350776 1.62417424361399
-0.446464309003159 -0.109105478030346 1.59464318313416
-0.426696831833553 -0.143657157318152 1.60682678613079
-0.463362992383662 -0.0740319797656311 1.58134469354501
-0.455253321453217 -0.039042970789365 1.59851956669374
-0.468954154690932 -0.108514112575255 1.5629783660801
-0.472269634176461 -0.142108480453642 1.54333868384213
-0.429098466771593 -0.177591614227061 1.58791905787124
-0.403929896343559 -0.177394697717358 1.61800640229703
-0.452382642390028 -0.176492657755284 1.55595669169393
-0.429865931410127 -0.210208922642572 1.56712837681439
-0.404945104974025 -0.242978886506637 1.57659686337767
-0.0953535219843841 -0.399163922094156 1.65548806798416
-0.129080176950902 -0.379993987735645 1.66403448649921
-0.0250546782505758 -0.429433744409651 1.63476664920399
-0.0606018434015068 -0.415640189690347 1.64575168056261
-0.0610152588998541 -0.388341884092644 1.6728940194123
-0.0274502361338329 -0.374690363229424 1.68890543717845
-0.0608371902245501 -0.359047059204793 1.69768840586472
-0.39633149588798 -0.107191508874296 1.65133096239848
-0.41499251300926 -0.0735581391081187 1.64028807889487
-0.391920232351472 -0.00468447057608781 1.66914565786974
-0.404874067265034 -0.0386647680967148 1.65530927790104
-0.376642558720324 -0.0377598237583929 1.68022312036854
-0.431043745889939 -0.0390739342341718 1.62804264161664
-0.444473213229538 -0.00396316701887157 1.61453240080063
-0.196194819610005 -0.360866105817071 1.65368817372413
-0.229748257094387 -0.362252079694308 1.6337622471078
-0.289170081818465 -0.300489170800564 1.64595795531434
-0.260280370083967 -0.332524684945173 1.64077094825404
-0.25554520800384 -0.300105036357741 1.66865532439638
-0.261651276039827 -0.363106469746173 1.61119779755385
-0.291806478609422 -0.363642905600893 1.58578955893898
-0.378080105267969 -0.209950376036884 1.62826762245639
-0.377287567597933 -0.175312497751906 1.64593543673703
-0.378094496454265 -0.274583376021736 1.58388858287272
-0.378269134136979 -0.243078694322777 1.60767351122301
-0.349291708221268 -0.240983824203464 1.63747759869056
-0.318294818350964 -0.27049841895637 1.64486986860932
-0.318469056392388 -0.235444024337142 1.66586229180182
-0.350099396691182 -0.305048079122903 1.58815658815421
-0.321403614314843 -0.334698053084224 1.5887652387698
-0.320752478772347 -0.303695016137478 1.61790524529267
-0.150266361960995 -0.301639147919988 1.71506019325505
-0.122590810196901 -0.322480466619735 1.71044697279846
-0.117864075212883 -0.29201378467946 1.72942819688889
-0.126638164517885 -0.351735608717946 1.68860851577767
-0.161514937480246 -0.357877892078051 1.67167204482201
-0.0926066501246094 -0.341509729374807 1.70486296803336
-0.0602371927461161 -0.327481023956822 1.7200658439962
-0.171984596809978 -0.274861279404834 1.72231387479141
-0.18421830172689 -0.303432649035051 1.70188684453645
-0.219469563891566 -0.302626481442123 1.68672132659189
-0.242536288337361 -0.269964024399484 1.69465470576311
-0.192029706778177 -0.332170531831491 1.67906753102367
-0.311478013490901 -0.0939838147744817 1.7166193464527
-0.341019095581767 -0.0993166102931132 1.69769906735172
-0.320793269119234 -0.127081759982038 1.70478286373181
-0.359536534960546 -0.0693595419475678 1.68972259495435
-0.346046981712028 -0.0365170628136605 1.70267415747808
-0.369223827644825 -0.104030726240134 1.67589851515668
-0.374838571637878 -0.139696861749072 1.66146931423081
-0.322386758898807 -0.161842210093157 1.69422667506588
-0.294881180244541 -0.148841337579363 1.71444623165416
-0.349911503107279 -0.170407994331339 1.67138922918949
-0.321329000099704 -0.198117291843053 1.68160403462052
-0.289771686990756 -0.221473005902369 1.69215723995216
-0.0892171880270838 -0.275345739330568 1.74365479567627
-0.118214819783292 -0.258551527438872 1.74487710354989
-0.0295012503054446 -0.310861657556691 1.73356565714365
-0.0599029264086706 -0.293233268768921 1.73976311050497
-0.0605274434873351 -0.256431232205939 1.75604705684232
-0.0310813458970374 -0.236713755692026 1.76612964443309
-0.0620813585137185 -0.21778892807268 1.76808015448381
-0.278852344384216 -0.0938611416461383 1.73244831320817
-0.295140617733305 -0.0648062146724841 1.72848719994362
-0.256916016913564 -0.00633414433733569 1.74568352433832
-0.276451516938533 -0.0358091427689905 1.73829413802051
-0.238192305467898 -0.0370597032405611 1.74929076032738
-0.31263060036558 -0.0356282786758619 1.72233507793312
-0.329950021963606 -0.00549593408080279 1.71415227057121
-0.0638644146263134 -0.177637265443784 1.77532466567898
-0.0944820329126901 -0.201435399937431 1.76698114051254
-0.163860693858338 -0.181492895390898 1.75651879614574
-0.128596031096956 -0.189320510413636 1.76300996502556
-0.132739265353695 -0.151856364941975 1.76696210164289
-0.12363551600898 -0.224888156228229 1.75548443774436
-0.150761422078826 -0.247940629227288 1.74083982827116
-0.222452363151181 -0.06942713314932 1.75183349638614
-0.198366435993671 -0.0387915837754098 1.75445374122306
-0.268740867982037 -0.126821661856874 1.7318584770252
-0.245987376643577 -0.0990151607726753 1.74413615736068
-0.211253815846774 -0.103874899083472 1.75338912086689
-0.204203025454216 -0.139828456455115 1.75230270209902
-0.174686557883601 -0.108254243997713 1.76057310115582
-0.184760385464907 -0.244222895771756 1.73171406301572
-0.199162778850675 -0.176048600123169 1.74780843250679
-0.193351706004968 -0.21115853160508 1.74056604293784
-0.220060550193755 -0.24081065381512 1.71955483738625
-0.256165944664423 -0.23516644146263 1.70500979081903
-0.265259107161598 -0.161564522179917 1.72604254466477
-0.261890277239898 -0.197862452799041 1.71688421489724
-0.23324715263724 -0.170129482770314 1.73740308179789
-0.0318384449292365 -0.154941172093582 1.78072380609624
-0.0653266116948324 -0.1357730398921 1.77711370993534
-0.0700923044066385 -0.0480311811806562 1.76502381241763
-0.066755459974838 -0.0924043538912861 1.77259681920454
-0.031466549166998 -0.0642727453952096 1.77155536607853
-0.1004092000907 -0.122027226582224 1.77202974337548
-0.137200261465151 -0.113510766669714 1.7664850154929
-0.144461499409756 -0.0762033350915263 1.76168182084641
-0.0858369836879566 -0.00847174383150719 1.76201158240886
-0.114230534923057 -0.0433687181270352 1.75991972383891
-0.157119075421344 -0.040783027221186 1.75644004662407
-0.175745674633075 -0.00701505094026003 1.75503363352662
-0.24332271173957 0.0236403306519258 -1.77827673833433
-0.227560488448576 0.0563113598553759 -1.78349487384578
-0.205911138410292 0.0246298197144743 -1.79612991840371
-0.268732072995504 0.114414057859357 -1.74993497656632
-0.248447467119831 0.0864128875300705 -1.76802418331352
-0.279603872811919 0.0815073246757537 -1.75046362931357
-0.215208293250492 0.0911202014163912 -1.78388813327143
-0.206277798981109 0.127278359409538 -1.77946882509429
-0.17975051969936 0.095337617070451 -1.79787982638723
-0.295687941235671 0.0525650375618231 -1.74425930922572
-0.310215127992267 0.0819878395534454 -1.72930539879421
-0.278890330146659 0.0231035690393916 -1.75778982363077
-0.312505308166516 0.0236839777387879 -1.73485814376019
-0.34363654381137 0.0253440288878231 -1.71007830080069
-0.337838315848253 0.0877346932504999 -1.70628086336742
-0.318007337739153 0.115129195397537 -1.71552371126874
-0.372249429784103 0.0273331246381132 -1.68384746972706
-0.355816050152305 0.058273003877618 -1.69593316208483
-0.364312143855551 0.0928963982990998 -1.68124254102745
-0.389900515880095 0.096536668858994 -1.65410715027217
-0.368890464187507 0.128393482295917 -1.66625519626023
-0.14668239782289 0.234705990365703 -1.75990965757478
-0.180847661880854 0.231079310786458 -1.74912390898555
-0.16652851011956 0.261254410721528 -1.73770638639316
-0.199111414558499 0.163478395855854 -1.77119504023974
-0.191252646448128 0.198373958056933 -1.76062055445695
-0.164146322097309 0.168951970773566 -1.78302135403155
-0.215929958850236 0.227676375928457 -1.73474763117506
-0.251580311458294 0.222093651813697 -1.71775720338793
-0.236838537577978 0.256519785876169 -1.70634162332133
-0.29263224960895 0.136556059597837 -1.72776605312677
-0.263786047689708 0.149052676744411 -1.74247774470908
-0.258818247475788 0.185126245962291 -1.73139973048334
-0.284834674333734 0.208661484339521 -1.70281245742654
-0.23254442986264 0.157531863174573 -1.75725196761774
-0.318359244926287 0.149735076077301 -1.7038988900816
-0.370461626517676 0.163752258879744 -1.65035310846154
-0.344373188171107 0.158537323883045 -1.67815874980456
-0.31612849471989 0.185740649029507 -1.69034087773368
-0.312215630655768 0.222718390030209 -1.67373513437989
-0.142777768733931 0.100257242005661 -1.80922040294719
-0.152279691026368 0.0618949815094014 -1.81266826283775
-0.123643458158014 0.026673761661977 -1.82372597131441
-0.0791346627448255 0.0294591694111813 -1.83250138749166
-0.166135293879008 0.0255495879649525 -1.81137404464118
-0.0650741714593384 0.163778640756231 -1.80865165842125
-0.0935296270373939 0.188277577959293 -1.79504276744521
-0.0592743204625712 0.203730418713607 -1.79419592900767
-0.128644509083144 0.176635400998471 -1.79128189689551
-0.135616407879096 0.139145494229028 -1.80171815242912
-0.120970722176374 0.211841271213183 -1.77873071865096
-0.11317037497015 0.244895225001856 -1.76419817017093
-0.03580979912953 0.139374126993478 -1.81913547869361
-0.0702341120386521 0.121296278354022 -1.82018172864149
-0.0744586731868614 0.0761675199945256 -1.82840210505976
-0.0404192111629682 0.044447881753452 -1.83596441470518
-0.10587931332345 0.108250048789635 -1.81686189961711
-0.408020367335553 0.0636587026440491 -1.64101072048792
-0.414452399924723 0.0986421934574105 -1.62492896699891
-0.398776575354752 0.0289514099960769 -1.65609744016473
-0.423509152581999 0.0300446862804965 -1.62669486281316
-0.446550522877552 0.0306747600109986 -1.59557835389686
-0.396033154294382 0.16622554049014 -1.62052325544708
-0.370544541442286 0.198094508175638 -1.63238628409622
-0.369779710799393 0.262225682096325 -1.58748875965286
-0.370224891433519 0.23094047184256 -1.6115163213241
-0.396309837345804 0.231292578036272 -1.57904541931326
-0.342032569805158 0.228494114963573 -1.64309228946731
-0.31119151016382 0.257421566822308 -1.65177202070138
-0.467887625796218 0.0309595759078529 -1.56277427596154
-0.454168318178719 0.0653382288211357 -1.57886543995057
-0.462542671633954 0.132796790438488 -1.54180450190046
-0.45941516800817 0.0994994587308804 -1.56097204696168
-0.47938745131674 0.0989075887714285 -1.52652419833852
-0.437707505546139 0.0995114625919369 -1.59383006967619
-0.418383096358461 0.133238746760828 -1.60768858781637
-0.420355588872891 0.166891399106958 -1.58892923531881
-0.463818380299954 0.16495202563641 -1.52126887014587
-0.443021737716575 0.166331046796331 -1.55579056383431
-0.420876227977693 0.199255336807912 -1.56830350889481
-0.420236229777276 0.230165735702959 -1.54565854489184
-0.110961959995576 0.277687518456887 -1.74537225814734
-0.082484605746257 0.260897601430913 -1.76188858068527
-0.0184753037304575 0.293964644999534 -1.74848174885275
-0.0510968176128944 0.27768262761376 -1.75646605629116
-0.0503530565524814 0.311387059232252 -1.73366590725176
-0.0541597238077183 0.241677900341795 -1.77678392531557
-0.0254778602303981 0.221207942241856 -1.78939495430321
-0.143484380827731 0.287479710477199 -1.72917807358874
-0.114655181811463 0.307664464526632 -1.72373142461664
-0.12089205368741 0.364579972715772 -1.67338173412427
-0.118312623591924 0.336549345860153 -1.69973401107198
-0.153676190241875 0.342962192944624 -1.68168667220931
-0.0836018100631021 0.32594810165162 -1.71718061484444
-0.0510186391765058 0.342766732863411 -1.70876852083515
-0.177644439909144 0.289423712664374 -1.71453763249737
-0.248806579983213 0.286356579557082 -1.67804564218611
-0.212918023398082 0.288735991119504 -1.69780416779687
-0.184755421070288 0.317780904117503 -1.68962182736532
-0.188645752654646 0.346161318169574 -1.66262479797759
-0.222311377045979 0.347747717727028 -1.64161850246553
-0.190112709928166 0.373996611960285 -1.63345193596842
-0.28201790013641 0.286894162194621 -1.65358510734455
-0.252960005387585 0.31845903972777 -1.64862053284548
-0.254197898786041 0.348843918442131 -1.61798511982706
-0.284275870700399 0.349707336486791 -1.59155632327893
-0.253695880046726 0.377047893193392 -1.58603240998264
-0.368795673189511 0.291963969871782 -1.56073723452694
-0.342063613834873 0.292087948042803 -1.59271774829314
-0.313617066691182 0.321210519697922 -1.59404950416936
-0.312617301486457 0.349856824054609 -1.56283398673144
-0.313116332581399 0.290358713720073 -1.62385824953221
-0.393332909984829 0.290267973276738 -1.52807081357239
-0.366813397743216 0.320031347959547 -1.53196605704145
-0.360033975064259 0.370451712522079 -1.46946117577299
-0.36381760545159 0.346252790473801 -1.50150972940006
-0.386494960997705 0.342474190830009 -1.46981054731795
-0.339166010815118 0.348743293534371 -1.53264041593908
-0.310422120787002 0.376267808667443 -1.53026342144596
-0.49358137878232 0.0648842081471896 -1.51007014528251
-0.497495877198729 0.0979783861099389 -1.49065566509104
-0.487457051352089 0.0310131145148998 -1.52837814677223
-0.505186648056908 0.0309284417385011 -1.49253227354682
-0.521016984400193 0.0307775994115698 -1.45540988776487
-0.458456724368524 0.252902262013414 -1.45169365373471
-0.461639008147426 0.225125636376139 -1.47608691741073
-0.479099775563794 0.221983472621212 -1.43985047384977
-0.442011294669022 0.227985150002982 -1.51134441506451
-0.418515998849599 0.259543054427795 -1.52107626200183
-0.4634645938091 0.195772805992843 -1.49933755599632
-0.482628717062334 0.163086917255744 -1.48548700039758
-0.454033029237712 0.278993795127947 -1.42640076362602
-0.43594025986582 0.283422837129281 -1.46092215260869
-0.411853206550083 0.313372230585881 -1.46702585224344
-0.407150073437426 0.337585560028579 -1.43783925556167
-0.41570640870682 0.287312435116485 -1.49479083708131
-0.534911784940887 0.0306138256837314 -1.4172047558292
-0.525489411354169 0.063700523533967 -1.43585846713301
-0.528143675449835 0.127102004419296 -1.39398054060248
-0.527826181097047 0.0958487005327779 -1.41536368420632
-0.539990012817175 0.0949064977084044 -1.37632837976146
-0.51365757418239 0.0969076653557232 -1.45354011415146
-0.499374080382315 0.13008444307842 -1.47013849009455
-0.497660383026831 0.190707218486305 -1.42599117533533
-0.494333785340271 0.219008105785152 -1.40260210053433
-0.499380916286715 0.161035714891591 -1.44855418460626
-0.514026492860246 0.159067403008079 -1.41059764768385
-0.526542495475384 0.15738706749016 -1.37179196220463
-0.122238913037454 0.391577694451506 -1.64474393818949
-0.087118241887439 0.383374666745803 -1.66391776832682
-0.0179252255247841 0.413771967413563 -1.64022090183585
-0.0527083808070267 0.399725606040043 -1.65291063576073
-0.0529950062144891 0.42551264738848 -1.62201681914335
-0.0519834935082769 0.372151964967353 -1.68184633647559
-0.017343258348294 0.35795303619949 -1.69833869768469
-0.156716425850524 0.397107629544552 -1.62427274229681
-0.122503965603264 0.417247517152547 -1.61395676771953
-0.12063759997676 0.46351466301712 -1.54673787719274
-0.12190902829546 0.441300124180869 -1.58121408681072
-0.155032229482635 0.44574304343057 -1.55864806840006
-0.0877835730941928 0.434639034314015 -1.60232968978157
-0.0528049799112659 0.449451886889933 -1.58928056812306
-0.190017949915507 0.400544646556615 -1.6022539295798
-0.252008925774059 0.403004930689658 -1.55270449763491
-0.221825492400917 0.40241570731336 -1.57842714380222
-0.188850168972197 0.425370104098615 -1.56923103111349
-0.186905465468538 0.448229567798468 -1.53458792579025
-0.217378488529238 0.448965224221246 -1.50903306799766
-0.184378810571357 0.468988144154125 -1.49853274326844
-0.280531027694735 0.402357539484657 -1.52523100016077
-0.249485822986993 0.426688625074482 -1.5180196317979
-0.246375424534541 0.44807340149905 -1.48206526667985
-0.273867303596848 0.4456106330531 -1.45384800657725
-0.242853883225594 0.467146428016533 -1.444989164964
-0.355825045570521 0.392425227563685 -1.43579426448068
-0.332476841525904 0.397086233435741 -1.46639912329615
-0.303761539400036 0.422198275622014 -1.46107365701739
-0.299858148577422 0.441595560008132 -1.42459677712794
-0.307366635167698 0.400402450934972 -1.49633314257851
-0.435807972864446 0.345503830747436 -1.34664981487559
-0.442231527948976 0.325566528016038 -1.37403636422274
-0.456371483007824 0.319656884871356 -1.34205393312369
-0.425747477046442 0.331828580180944 -1.40585674578118
-0.402016049228366 0.359725098357919 -1.40700653933683
-0.44853103846246 0.303272770884131 -1.400463983038
-0.469900747133894 0.27461850979462 -1.39099764476983
-0.377399218292013 0.386479662646373 -1.40486416546054
-0.351583416844357 0.411944111840526 -1.40053328567026
-0.343788616914386 0.443163106050925 -1.32638723348234
-0.347573469602904 0.428843081234132 -1.3639140400891
-0.36962632765347 0.4198965910889 -1.3329440572981
-0.324390963814024 0.436022817762074 -1.39454302828103
-0.295807089103488 0.458580314492782 -1.38711244717693
-0.432700239824748 0.360509860964478 -1.31427119061463
-0.415479029236552 0.370852511275165 -1.34354427179206
-0.393539286763294 0.395697376073022 -1.33868146285874
-0.390959112444209 0.408779598633283 -1.3019509909961
-0.397234738561038 0.379305773625431 -1.37396980186678
-0.546863322593175 0.0304722800848236 -1.37812206474959
-0.565060920041941 0.0303096164062474 -1.29813349939493
-0.556894989756232 0.0303703262981891 -1.33836735565059
-0.549566818247891 0.062613968220803 -1.35776158235227
-0.550174643213499 0.0941298249376475 -1.33664442398687
-0.507252372489747 0.216631131956902 -1.3644094542755
-0.48950298954848 0.245877470329266 -1.37860930990331
-0.536950791730511 0.156088701922347 -1.33236265883248
-0.523093199253072 0.186692139501026 -1.3489181060049
-0.517812515656645 0.21509457861942 -1.32552705894805
-0.526119876287546 0.2142964022681 -1.28633582783477
-0.510614811348492 0.242813789815471 -1.30186213058055
-0.475556523914842 0.295356525290905 -1.33017169517438
-0.466025001176469 0.318630039062272 -1.30704632033819
-0.483244966408448 0.271295885628516 -1.35431820116514
-0.493674052647847 0.269884975787539 -1.31650642616018
-0.501215045308795 0.270297694800247 -1.27832983868107
-0.558444257420364 0.0935116791777683 -1.2965104709443
-0.548751630461805 0.124967073864819 -1.31486277349243
-0.571442135119889 0.0302812384491021 -1.25758925012632
-0.566006545452462 0.0618989339680674 -1.27739252215408
-0.564896497872638 0.093005347981811 -1.25608924750942
-0.569649768678263 0.0925540680178595 -1.21549233657438
-0.561773543162141 0.123573139358984 -1.23435338835323
-0.545337681437785 0.155128033511938 -1.29254747826865
-0.556674413561947 0.153560004650363 -1.21236931426393
-0.551852347774658 0.154347766091031 -1.25252740507174
-0.539930742820798 0.184684244911956 -1.26988696185925
-0.532466981010772 0.213785882824969 -1.24715011961416
-0.052158623824329 0.47145567693997 -1.55486589377834
-0.0177949890055167 0.46180006303845 -1.57477039632816
-0.11882268887697 0.483743589290005 -1.51076048727584
-0.0859131770866816 0.478728051329823 -1.53350870024076
-0.051087022861317 0.491445608409644 -1.51896756102353
-0.049615959110056 0.509368998725427 -1.48179646475007
-0.0163728745333367 0.501734683296618 -1.50313954919497
-0.150696862766032 0.486648634498395 -1.48666654060656
-0.116555563398086 0.501902474239276 -1.4735158348587
-0.110880664742694 0.531926187435983 -1.39613066755202
-0.113895917740495 0.517959391028626 -1.43523319805438
-0.144658968242353 0.519101984371162 -1.4101770425799
-0.0821750159224137 0.514746773965386 -1.4591335791682
-0.047764258338829 0.525204755955193 -1.44356822448198
-0.239027945671259 0.483926293982033 -1.40698586106191
-0.210855215384366 0.486648282012962 -1.43468188934661
-0.178054533899971 0.503994192245275 -1.42304951525132
-0.174382506974525 0.518262134340538 -1.38405585328525
-0.181401066521458 0.487580447997208 -1.46128022100595
-0.265932857741436 0.479452475600151 -1.37833637930811
-0.234937382000067 0.498476253113718 -1.36827307046524
-0.225875937117863 0.52135448623248 -1.28952387719493
-0.230567842977475 0.510905149439992 -1.32906080679825
-0.257037275298724 0.504472915071194 -1.30045625206368
-0.203022229577373 0.51551221725604 -1.35697563728268
-0.170399543614432 0.53045479283951 -1.34449885519079
-0.287234524561619 0.485697918024882 -1.31023742853363
-0.282465500771322 0.496229482054765 -1.27133053810011
-0.291630651363196 0.473224886175578 -1.3488998196546
-0.316236373830371 0.465188971123691 -1.31886312368737
-0.339923405956495 0.455218179778306 -1.28844734054569
-0.470595332254252 0.322618086486196 -1.27162257341165
-0.451604433199428 0.344087955844785 -1.28941197736391
-0.506575395339441 0.271361558443943 -1.24039257683885
-0.489008788890432 0.298254052422873 -1.25571442962131
-0.473509038364135 0.32690670525591 -1.23493929611826
-0.47567080424615 0.330100082845821 -1.1971342047697
-0.454784669248361 0.355669888302532 -1.21658399459247
-0.433234012765227 0.369543335797435 -1.2794079845544
-0.432728438748167 0.383878707869171 -1.20481788159755
-0.43360909922506 0.376964402270365 -1.2427869172712
-0.412206501231249 0.394680589338039 -1.27156848388742
-0.388639399148996 0.419346358232005 -1.2647297823427
-0.362897922037653 0.443112130403237 -1.25793397846876
-0.335527513543421 0.465486616755195 -1.2504089365208
-0.324027234614855 0.482119217060714 -1.17404529140219
-0.330255163388098 0.474386735011453 -1.2123183441727
-0.35243248495341 0.460998750554265 -1.18285013962127
-0.306880460312486 0.486185145408668 -1.24187915013074
-0.277191504380705 0.505048485288814 -1.23228013567483
-0.385286828432682 0.428684369255949 -1.22765575912894
-0.42725626704854 0.3936538782842 -1.16849892006384
-0.406967615409277 0.411965197243152 -1.1978743620787
-0.380090907712166 0.43767261491277 -1.19076413532322
-0.373028399774769 0.446433959349976 -1.15356857581635
-0.580949410890981 0.0302851166084737 -1.13538385342812
-0.579268352071535 0.0302758642269244 -1.17610463283604
-0.575476515176963 0.0614208642230866 -1.19605340027836
-0.572827823107191 0.092121874546465 -1.17478570563351
-0.57613988182299 0.0302730185373074 -1.21687441221655
-0.537239263606694 0.21298600252706 -1.20802831533926
-0.522812199544079 0.242640461291679 -1.22469362727524
-0.55996475477079 0.152650626851329 -1.17202178619043
-0.549638843435857 0.18291395158703 -1.19039145858512
-0.54073731360655 0.211527714895902 -1.16874023339353
-0.543048089896066 0.209472336365852 -1.12888549970598
-0.530125454554484 0.239171866214134 -1.14774887374798
-0.510812331018909 0.271398694281265 -1.2028686421739
-0.518129077618307 0.265410195447 -1.12760773230045
-0.514643886396907 0.269384868182288 -1.16548896264464
-0.496432285124203 0.299962787368828 -1.18173504149925
-0.480131473958127 0.327555022552003 -1.16050851483436
-0.574549755535473 0.0917075032853456 -1.13401745208325
-0.568251349372558 0.122250803139199 -1.15317685154131
-0.581310648999181 0.0302944101616346 -1.09481693466541
-0.578896668211608 0.0610327905821233 -1.11458180445722
-0.574931600563448 0.0913264961552483 -1.09325685181724
-0.574099389190719 0.0909599078214194 -1.05262487164416
-0.569108831265027 0.121022124468005 -1.07139744760497
-0.56182973678733 0.151647544100776 -1.13137268845351
-0.561495599872852 0.149979845081559 -1.04899472478877
-0.562323741239229 0.150703994368678 -1.09034476136848
-0.553692090606459 0.180095425023305 -1.10957292200154
-0.544039851697072 0.20731303331431 -1.08806193463395
-0.00921871556560111 0.556662557503854 -1.34759666705856
-0.0429807197680436 0.5506882769891 -1.36476802736249
-0.0400829509360055 0.560445067451211 -1.32456597492471
-0.0455472519299953 0.538964056603832 -1.40449334648658
-0.0135159963725848 0.533317098343988 -1.42687607511434
-0.0769245747869334 0.542451897683676 -1.38097207058418
-0.107531665573237 0.543850731342723 -1.35640816822296
-0.137279399785453 0.543233441761739 -1.33090021420874
-0.103862640626891 0.553809180519457 -1.31624151784802
-0.0956131798008524 0.568227400479903 -1.23514407064076
-0.099885104925145 0.561898154005504 -1.27577934439742
-0.128651665647579 0.559699384980866 -1.25022732703434
-0.070336833997982 0.562169465737522 -1.30059199344255
-0.0368740316340412 0.568323034518833 -1.28403260512809
-0.161492595251121 0.549027055108873 -1.26435779757122
-0.156570885655481 0.555646059262627 -1.22402885635955
-0.166104162918476 0.540671036287349 -1.3045520682934
-0.19396217059112 0.536230637956793 -1.2774749575724
-0.220820000988647 0.529977193061568 -1.24978894043087
-0.246640598661138 0.521980558716536 -1.22162250495672
-0.215385905304913 0.53691794661065 -1.20993975653207
-0.203522922734797 0.546241727067037 -1.13012266734827
-0.209599333505926 0.542303091825317 -1.17003438453784
-0.234547007674299 0.533210283730458 -1.14239114378105
-0.183577871058567 0.549817335601261 -1.19727087876182
-0.151363134804085 0.560650993446047 -1.18365573913431
-0.265032472447294 0.518182507151121 -1.15380570537338
-0.258316996545069 0.522668304208234 -1.11439411172984
-0.27136374855847 0.512330274809341 -1.19310687465092
-0.294882450394375 0.501159197701508 -1.16435920701218
-0.317023552733399 0.488671336325818 -1.13544897682225
-0.520669877743327 0.260680089544919 -1.08862305452301
-0.50536247935846 0.289487229150707 -1.10800070892956
-0.479982198678425 0.329169143296962 -1.06680972418708
-0.492471585952368 0.3108391719512 -1.08815001799118
-0.49612233856968 0.303404066441087 -1.05320173520175
-0.486887304971627 0.319407616793077 -1.12385626386422
-0.46547922153139 0.349569035897835 -1.13522602747999
-0.420352520460096 0.402645574950433 -1.06408875101174
-0.441945605139238 0.378939866218952 -1.06932133098738
-0.432197419354096 0.388158072246993 -1.03379494512298
-0.453094120807332 0.366150566830912 -1.10343266108508
-0.442390232080769 0.378361766048746 -1.13750466215394
-0.461854932886274 0.354370118875246 -1.07054458774758
-0.46964036362492 0.342170736382458 -1.03939978597681
-0.391349221419094 0.43150504084705 -1.12425906438918
-0.36480009513711 0.4544037809902 -1.11563340125103
-0.41725921341484 0.406199068833284 -1.13189025769546
-0.407018644370922 0.416896270388294 -1.09447418612858
-0.397347962327649 0.425127533339261 -1.0561892366641
-0.337556827760999 0.475153047186261 -1.10635247631007
-0.309558043791358 0.493933523017633 -1.09650823304984
-0.29422114400377 0.500450700181617 -1.01819122037762
-0.301911488496508 0.497840833190903 -1.05734827656984
-0.321621194935619 0.483831624676775 -1.02814037610335
-0.280800552198721 0.510827293462632 -1.08606013804263
-0.2513537551649 0.525844215093231 -1.07492801011061
-0.388504877006606 0.430874756039366 -1.01700906362038
-0.373199472405233 0.446149964626624 -1.04712363649836
-0.34796390584528 0.465709664213442 -1.03770818018209
-0.339977248193848 0.46885461046627 -0.998239687794039
-0.356289739481696 0.460911196138818 -1.07694792936012
-0.580485576462763 0.0302844128078219 -1.05451217421489
-0.575830255266759 0.0300396628982868 -0.975044713865318
-0.578612620436226 0.0302164450300478 -1.01456709793648
-0.577277383226382 0.0606216874573107 -1.03376855654177
-0.572204663725342 0.0904943718925112 -1.01229038046075
-0.528547428017078 0.231963036287891 -0.980190191319951
-0.541164712115258 0.205368456648718 -1.00280269342979
-0.537253036535633 0.205998086485256 -0.958741333219809
-0.543471460835553 0.20575892839711 -1.04603259928562
-0.533157342361656 0.23300276502634 -1.06730926896255
-0.552163031056329 0.178096443219578 -1.02606879637372
-0.559471168849867 0.149422943546004 -1.00758946358577
-0.508784284927615 0.279693113384765 -1.03160383846825
-0.495314601349314 0.301602215086029 -1.0178873670708
-0.521348554340169 0.257052322672662 -1.04823478780968
-0.519484943912357 0.256027228413775 -1.00672569825697
-0.514763999242464 0.25852767287257 -0.965181837872536
-0.558376499797665 0.116464008538603 -0.910409033227523
-0.565918153307608 0.0884903697121457 -0.933030795482482
-0.561836915553749 0.0866796328434711 -0.894176756592817
-0.569421105656369 0.0897337029834626 -0.972403332660954
-0.565292747113449 0.1197987906189 -0.989952220152708
-0.571756603568332 0.0596053953440852 -0.954498100739051
-0.572269394865195 0.0297095186514986 -0.93595711297829
-0.545991879388397 0.176454049047236 -0.942125864600824
-0.533673566737653 0.203454388013516 -0.91625729537563
-0.556555462329356 0.148468143758376 -0.966611829165206
-0.553089169089572 0.146447617464546 -0.926246404179432
-0.549248555861741 0.143138082954389 -0.886316493703694
0.00307816181930063 0.581023043743657 -1.184936944859
-0.0295935727225104 0.578865319153952 -1.20240679786322
-0.0255450995362823 0.581758525516283 -1.16147488194596
-0.0333728355064889 0.574425654669685 -1.24328326931705
-0.00362969967509397 0.572295390553222 -1.26666126933544
-0.0625415223319582 0.574610626358352 -1.21917664585066
-0.0910676404696556 0.572913780301672 -1.19443706293357
-0.118884422107573 0.56940487201298 -1.16913426044829
-0.0862802927163372 0.576077114961803 -1.15374693571317
-0.0762019659314304 0.578317084615669 -1.07276400471624
-0.0813001385420207 0.57783797775482 -1.11315912813518
-0.108307406111522 0.573306192747766 -1.0883304458732
-0.0536863021263044 0.580676742215885 -1.13753719386761
-0.0212374162415009 0.583223124388189 -1.12055680111134
-0.140296459716763 0.566291572022825 -1.10307967969111
-0.134596737175518 0.5671545607346 -1.06301676598436
-0.145915398355994 0.564161109986875 -1.14331563544674
-0.172069622937671 0.557270170105447 -1.1170136022361
-0.197244154956414 0.548833106438936 -1.09025395883163
-0.178237043130398 0.549472481868197 -0.971254692029981
-0.184489651379528 0.55035592613358 -1.01080295258386
-0.20783163027363 0.539932438517165 -0.983912372073437
-0.160036343102728 0.559470062502028 -1.03718058915402
-0.128923973590095 0.566861098394798 -1.02319510108341
-0.190863523333286 0.550173176094498 -1.05047193917728
-0.221334461648825 0.538964543907985 -1.06306374603219
-0.237094001719052 0.528591601882365 -0.996072491381539
-0.229964202508185 0.528338123715593 -0.956629648831874
-0.244253304733933 0.527786995750044 -1.03547786756573
-0.265956499106759 0.515416448829993 -1.00754079927445
-0.286467180609101 0.501938394287813 -0.979284117294924
-0.461176838350717 0.319577459641087 -0.834207441873033
-0.477737210294853 0.301247389037505 -0.861947122735176
-0.477195845153973 0.29282400926024 -0.826175387078839
-0.473513024606886 0.321579434471337 -0.925756807851471
-0.476631882551464 0.310656569361707 -0.895051553926103
-0.459919384111466 0.33599201076648 -0.899911509981535
-0.492898988321013 0.283548748169413 -0.893142042183943
-0.505990842268538 0.267748815977425 -0.927608035460131
-0.508210006239423 0.254765177138194 -0.892483928106742
-0.447806077082333 0.360084674141025 -0.947162544986327
-0.454984320422575 0.355389109087814 -0.978361221778195
-0.46589740936158 0.337321291049871 -0.953738003008525
-0.443584979441625 0.372538352811944 -1.00489905375841
-0.423651895311069 0.394386128793271 -0.997253155961701
-0.462263526312812 0.349454956993599 -1.00910490490627
-0.479461526508926 0.325582760400763 -1.01092959823918
-0.490139522385889 0.305967729099615 -0.98577196833491
-0.499248433522281 0.286244869407333 -0.95829517929745
-0.482865687224892 0.312661403088261 -0.955070129618323
-0.366176665446668 0.435859589681894 -0.894714558555772
-0.373285521876741 0.435718326127596 -0.935972700653934
-0.388984879313754 0.417086894722337 -0.904687400449193
-0.357113529955283 0.452869844741188 -0.967480858254733
-0.332195599149978 0.470661901418095 -0.959046800275711
-0.380532192489383 0.434301529868577 -0.976910395245999
-0.402649688089294 0.414892820809391 -0.987267263681691
-0.443676595869182 0.359661517808648 -0.913325574056296
-0.429761698234012 0.379621980154105 -0.934401442844599
-0.410256708802024 0.398526559289146 -0.919890591311566
-0.405998661364355 0.396252411903529 -0.879768782136553
-0.416229905913826 0.397904389397217 -0.959308005363109
-0.262667185245896 0.501005797681408 -0.862993782686673
-0.270433700689254 0.502328528367752 -0.902377301854552
-0.289011562258961 0.48830404672304 -0.877133522993683
-0.250829121982457 0.515736128509136 -0.929246280660554
-0.223047293822243 0.52704110928025 -0.916914732699889
-0.278544336758504 0.502524886245222 -0.940754730444008
-0.305865773214284 0.487382335404277 -0.950606587867602
-0.315114618906764 0.472792692398227 -0.884121996425791
-0.304650740107945 0.474220396960151 -0.848607158324961
-0.324107615607512 0.471761762092694 -0.920878098044707
-0.340965032034621 0.455207008960864 -0.889585968810428
-0.356079016438845 0.438080343318531 -0.856789168947067
-0.557982890342511 0.0279345512238231 -0.820656663572086
-0.563260281709563 0.028570176677283 -0.858881576360205
-0.563456690279766 0.0572887371947618 -0.877085760560061
-0.5572923442794 0.0843494660746656 -0.85587825599734
-0.568046712721333 0.0292087162372829 -0.897264909340703
-0.539856336038089 0.101061504155633 -0.758258608860688
-0.547327525958631 0.07876291590755 -0.782059424032512
-0.54237924701487 0.0760441261356634 -0.748637016759347
-0.552401311335981 0.0816422313060341 -0.818325600330667
-0.54960399768874 0.110057493879901 -0.832915593322311
-0.553207364988666 0.0539855096997184 -0.801184709755543
-0.552243897702332 0.0277703606016511 -0.782325725134746
-0.523207996016565 0.183560400989059 -0.791155985063823
-0.530338661947849 0.155720374608383 -0.780054324066079
-0.519158493760962 0.175936896217624 -0.750917488023289
-0.540536239741432 0.133911791258148 -0.807593344965441
-0.54505213585674 0.138845410147069 -0.846721690888746
-0.535875485273169 0.128042465351451 -0.768968411026171
-0.5314793109732 0.119862364936485 -0.730917613323801
-0.514454027429813 0.211246764283905 -0.801873759241953
-0.527137252137645 0.190459824054357 -0.832087738202375
-0.530677005008533 0.19707729322188 -0.873774604570952
-0.520675638600118 0.226233109174473 -0.886452221707071
-0.538763025946034 0.167885986941599 -0.860316343838867
-0.491568605275106 0.265768822651892 -0.819256224657291
-0.475552629729191 0.284736028299253 -0.788385665569026
-0.506658325103143 0.246306480442971 -0.852171778872934
-0.503968819018689 0.238615885866982 -0.81139686479126
-0.500748458442989 0.230851054353301 -0.770646377148249
-0.473404567885845 0.276311954759317 -0.74940257932824
-0.458718942838572 0.303098889193356 -0.759342288221937
-0.497261603648797 0.222700040320633 -0.729967579833342
-0.486135949162245 0.249615479294297 -0.739525600809728
-0.470819198628374 0.267510729874258 -0.709114768374978
-0.467148218328243 0.259394509098895 -0.666717259586024
-0.455250222994243 0.284229668623055 -0.680277017426868
0.0199038601389461 0.58137604672444 -1.02104347500615
-0.0120183484809232 0.582346968544185 -1.0391323281085
-0.00737642138595381 0.580260722261808 -0.998891303579218
-0.0167004223342804 0.583378242722569 -1.07973732766223
0.0109289581056628 0.583746891038201 -1.10287563661626
-0.0440762592968441 0.581328821344371 -1.05636920479301
-0.0710953016598987 0.577635661832779 -1.03265943859036
-0.0975941747387633 0.572346027026422 -1.00847374004764
-0.0661273210726878 0.575915838459837 -0.992942189243447
-0.057294396519361 0.569843785148623 -0.914888308781839
-0.061470342505087 0.573279556772045 -0.953682854461906
-0.0876865800949983 0.567473274936174 -0.930186555102751
-0.0346077843651459 0.577558621286163 -0.976527112443899
-0.00309584682948641 0.577261973950023 -0.959169256008406
-0.11808416547871 0.563264808884495 -0.944560092595281
-0.113046883211639 0.560213538235009 -0.905895951625229
-0.123390094569658 0.565524308111723 -0.98368454375797
-0.148308420346136 0.557251378681377 -0.958174657451586
-0.172198440450718 0.547621803541725 -0.931851280529162
-0.154227611343148 0.537966932649323 -0.815594920502927
-0.16044482302682 0.541668853432217 -0.85396654838541
-0.182141484030731 0.530637622434354 -0.826167079807926
-0.137366440846994 0.551577618367988 -0.880562107539573
-0.108267094398611 0.556508937583124 -0.867762466232071
-0.166334115928999 0.544954306352522 -0.892714199506827
-0.194964865953206 0.536734994010296 -0.904680416586809
-0.216647496363678 0.524656152548303 -0.876692734925228
-0.259579260938981 0.495734203232593 -0.818427231177387
-0.237639006167815 0.511274141258564 -0.847902938647089
-0.210079933871777 0.521694280872049 -0.836849507479251
-0.202418076758712 0.518662915357587 -0.797465559504873
-0.441062691699011 0.32077697881815 -0.731443128113008
-0.442299261402856 0.329502818923589 -0.769815533628691
-0.440551671407495 0.30027953458381 -0.658866370866027
-0.440981501333943 0.310111293274999 -0.693826719240383
-0.423940405857297 0.335076357451396 -0.700979242798714
-0.407433296526403 0.346082024787362 -0.666379704769108
-0.404998966986568 0.358691970513292 -0.70421686668894
-0.399445919876958 0.373257202384651 -0.73839838694518
-0.410589984285934 0.368086280848973 -0.768145666912847
-0.405831232239738 0.389156539398479 -0.841177696581704
-0.408612828036752 0.378216748173237 -0.803123215572022
-0.388289184473294 0.401668137510228 -0.815542698173557
-0.42666087539649 0.353414283756962 -0.785518981087424
-0.443885116564531 0.337340394055527 -0.80907951539741
-0.443387744268864 0.353750237796918 -0.879907653322392
-0.443801075454611 0.345959076870687 -0.845503180156115
-0.425206882943903 0.371805508137836 -0.860840661136838
-0.312854581373846 0.451693241285532 -0.75332617883977
-0.327186569794875 0.447747007521911 -0.786271938207588
-0.336503135907356 0.434115406265339 -0.752736998950076
-0.316305771858703 0.461285986794807 -0.817953758895896
-0.289415077717824 0.478194238168534 -0.814661594912719
-0.341911636604418 0.443010028189068 -0.820729452037095
-0.366389756063431 0.423005457555902 -0.821524710527405
-0.358239343198868 0.415420423138133 -0.748873375226231
-0.343285167172836 0.421084665459519 -0.716237169236836
-0.372877661653077 0.409422887475801 -0.78245674110417
-0.378895045605666 0.395356343567601 -0.743504942831116
-0.384116679308703 0.381535074960854 -0.706002558211604
-0.227792253648725 0.490215557754929 -0.696697279733961
-0.237337745436207 0.492961892725485 -0.736786764744678
-0.252922464993436 0.479149287030353 -0.704897240279071
-0.220780283942238 0.506074108494108 -0.767787727960625
-0.193468708858413 0.515632728091866 -0.758057706417206
-0.247873229235839 0.494869037223085 -0.777217240257851
-0.274420655471488 0.481451110521658 -0.782379609161782
-0.309876157482244 0.441882991154628 -0.693810709402204
-0.299712091916897 0.454210659638542 -0.720516937667165
-0.276797392649112 0.467203204843936 -0.713008777027184
-0.268664654973563 0.464326813903588 -0.673501058654507
-0.287843193161367 0.467596031644479 -0.750377211600097
-0.534209901960482 0.0256188566162203 -0.671983238855494
-0.540025331698742 0.0293974810737537 -0.707319538231257
-0.540003632112886 0.0581498704758919 -0.72111493101933
-0.531760143086861 0.0799327504052608 -0.688801369267365
-0.546032178460097 0.029430052717008 -0.743640235098834
-0.514419048939553 0.0759480702889562 -0.58561484884539
-0.521741624784689 0.0596475204412966 -0.615573200155199
-0.516984438087819 0.0464625180485932 -0.580386544726464
-0.526703953251639 0.0707630594634355 -0.652023669123633
-0.52324732387963 0.099298201665477 -0.658500163134101
-0.528414925818348 0.0431835892233094 -0.644864179050095
-0.528740808704748 0.0159947760067809 -0.637979065946321
-0.507989704906815 0.146456233019788 -0.635363907071191
-0.504602435238553 0.134606452796709 -0.598183509843613
-0.494408829727852 0.151292795718696 -0.567639621996326
-0.514216639719167 0.117333751484399 -0.62842249011044
-0.527398636110512 0.109840431469159 -0.694367174893079
-0.510331785532631 0.105301225948915 -0.591702485076874
-0.506518448871085 0.0922313376051089 -0.555389113549431
-0.52198142447016 0.138828297052163 -0.70250122142881
-0.500176629920957 0.175340872744788 -0.642803646687881
-0.511504914044563 0.157374186913318 -0.673037185020292
-0.515221051021618 0.167235823819137 -0.711505724938462
-0.506984918512311 0.195210257680304 -0.720720214516789
-0.479660257923529 0.231993429218441 -0.658302447014062
-0.464459905298095 0.249787627058323 -0.626299108120422
-0.493823833073688 0.213835401526649 -0.689789051617461
-0.490739742684495 0.203877167510058 -0.650481585684434
-0.488111206214801 0.192637187672829 -0.611980051779867
-0.432999559073425 0.291491892140717 -0.594084778274632
-0.42914459284968 0.307152044568678 -0.627140353565147
-0.397867550860418 0.32879188791378 -0.558854188281675
-0.41397645728602 0.317906638908287 -0.593287636482251
-0.401210822112123 0.314810377504497 -0.52249411347436
-0.410404414037416 0.332429269521906 -0.62901450368674
-0.390857303935409 0.356054389483652 -0.631764634953069
-0.449237611670589 0.237930580056873 -0.51465993470715
-0.462499310657808 0.224042116824165 -0.548124171198783
-0.461686346509895 0.210732995990761 -0.510053493056558
-0.463366083830235 0.237187055647985 -0.586842442833441
-0.449324399982799 0.264929883282065 -0.592586276106196
-0.47549201083554 0.208954803003377 -0.580509446143658
-0.485816308562694 0.180319631061119 -0.574056025383909
-0.434223353772913 0.277829586466074 -0.556414276464196
-0.435785632907967 0.250817193845228 -0.480320036022658
-0.435071621659298 0.26429578571334 -0.518303252649382
-0.419080983335881 0.289892176690649 -0.52077398279078
-0.404035786821135 0.301018625304855 -0.485372516915208
0.00042060467239128 0.573498704497103 -0.920049674179443
0.0283962824337543 0.575003281191265 -0.940800656606505
-0.0537453167353881 0.565710031139103 -0.876459311111682
-0.0270863837224133 0.570378929133033 -0.89864428663849
0.00281953838523994 0.569108795394646 -0.88149218911709
0.00391077786012354 0.564209836083598 -0.843389222274495
0.0323102621735921 0.566051126943024 -0.863315954824767
-0.049636889118048 0.549367575676618 -0.759280580949089
-0.0492997558797811 0.555536219105874 -0.799350132592951
-0.0734705813951336 0.549255838924381 -0.776526898822272
-0.0233907749308381 0.560650792500139 -0.822035477041557
0.0037529384748144 0.558914473122207 -0.80574468673531
-0.0509719466271936 0.560944297419983 -0.838130141353809
-0.079312812941231 0.55963011934035 -0.853614165824911
-0.147191409148473 0.534062286978207 -0.777467091015131
-0.126562773017166 0.543687178393784 -0.805029863181391
-0.099372840076975 0.54775455973295 -0.793852418681996
-0.0954662154673577 0.543186831992956 -0.759969046166844
-0.103707203132139 0.552296790428133 -0.830279642095228
-0.135363290031303 0.513243191965641 -0.636301245318216
-0.127488935615901 0.526911249821947 -0.703092794550394
-0.145834109383074 0.516834057438364 -0.673235776334678
-0.109289912307532 0.535960017243706 -0.732159259564642
-0.0976445345199403 0.532603216856445 -0.698399287709134
-0.138064505399974 0.530380166601586 -0.739643447845509
-0.165927573707313 0.523699931736925 -0.748590684203963
-0.174056769791447 0.509181209316987 -0.680560882960694
-0.163866485878337 0.505892987229985 -0.642909590374694
-0.183942117432829 0.512449552195824 -0.71895616480414
-0.20142944479423 0.500279257292825 -0.688491356189529
-0.218746417542722 0.487088457685002 -0.657351329086731
-0.381584324752922 0.338960841247523 -0.524254871332118
-0.377276983653843 0.352917198565146 -0.560894452631026
-0.330665774081214 0.398827773923758 -0.567921893815211
-0.355041700154083 0.376136358932506 -0.56379508192491
-0.337452140196329 0.38447210761839 -0.529681140009632
-0.373295811181749 0.366197343107953 -0.597590784024303
-0.37012537308884 0.378429434003153 -0.634767166010025
-0.327539356449872 0.426986138322809 -0.685145350628878
-0.308084218179212 0.436075454978761 -0.659674823536384
-0.303023042701864 0.421774322784443 -0.574619277698112
-0.305837748486534 0.429317117997941 -0.620001311570824
-0.327490190615395 0.409954063021139 -0.606487429817676
-0.286203230785515 0.447736682278973 -0.644294118290498
-0.262278260547514 0.460225501760292 -0.633775538564411
-0.346974552127408 0.409592814542885 -0.677754784565397
-0.367306422117849 0.390093569824331 -0.672435031862967
-0.348665410156256 0.399391688339289 -0.638960468448467
-0.236411240050505 0.472686329243875 -0.626000491028417
-0.209419859335324 0.484091993512189 -0.618998341984375
-0.204049970379317 0.466999472831684 -0.513299067966009
-0.199183271050898 0.481521599429831 -0.581457270638567
-0.216218219954073 0.468252357793769 -0.550528056227639
-0.181640725580959 0.494114154358885 -0.612269072563957
-0.170845006532441 0.491315889360426 -0.575130221694694
-0.254704578062003 0.456918778786052 -0.595023044608042
-0.287119489818532 0.424135924785217 -0.531743613466754
-0.273046839120597 0.439979765649609 -0.56453708680711
-0.244458420321622 0.45521854943656 -0.557036379261925
-0.231972196194086 0.45467571826708 -0.519165857695519
-0.370366428395353 0.333970556113059 -0.451699585589847
-0.365587471621806 0.347982493203574 -0.489287862359455
-0.335181890965549 0.362393953614246 -0.416844858598882
-0.350113966782364 0.355736706922683 -0.453558596403329
-0.341135351581634 0.349061881673242 -0.378447507293447
-0.344080823271711 0.369952305895364 -0.491591586774345
-0.321215734660049 0.390616900509328 -0.493828795394054
-0.523761432999987 0.00164547761955772 -0.607787474351497
-0.518371415241788 -0.0135327892667567 -0.577531079466376
-0.518250297479139 0.016593395474291 -0.577272163634148
-0.469851130692735 0.0954561503754995 -0.320716253020203
-0.477240508590821 0.0777823356743023 -0.352923314244456
-0.473897192202061 0.0695591418760735 -0.317173145033905
-0.483552143639727 0.0986907396944761 -0.42320559418276
-0.480515364796265 0.0873165960599979 -0.388136663581669
-0.47498019100545 0.116116662375332 -0.391900414203434
-0.48428517056511 0.0578788055288021 -0.383757535585094
-0.490645354980344 0.0362125489647104 -0.413286272291055
-0.486036732778391 0.0282058426569396 -0.377618430393053
-0.498881061319335 0.06402788385631 -0.484157956743295
-0.502735106826784 0.0783461629370709 -0.519595563081022
-0.49486713877643 0.0497129240835883 -0.448787262523616
-0.491521601872539 0.0810850809637782 -0.453726507039336
-0.486362736660295 0.111459361367015 -0.45857474805935
-0.479498873695715 0.140926356294604 -0.46334726528127
-0.489055876186451 0.124811948331547 -0.49441521367605
-0.491714591216433 0.138214762435652 -0.530774257184143
-0.483676199062729 0.167378952786232 -0.536638346961244
-0.498064611621292 0.108531545089814 -0.525016550291072
-0.460867741842023 0.197444688653936 -0.47253538612796
-0.448983122509723 0.211305845247558 -0.439209941446982
-0.472467920704433 0.182787042563988 -0.504990558085885
-0.470990726809995 0.169573973298145 -0.468026272866442
-0.469453345084554 0.156627679298955 -0.43153834955551
-0.382381939259456 0.293978690186037 -0.337744449958078
-0.378643614059297 0.30696521234522 -0.37583626275196
-0.395466605564897 0.284360782009718 -0.374194803888472
-0.36049794899335 0.32857565644975 -0.377260994403696
-0.346644051648792 0.336187871916084 -0.340014370391632
-0.374681417886861 0.320290344781898 -0.413853182136077
-0.389206500869998 0.311143878926032 -0.449830803427835
-0.436406323666242 0.237469480520711 -0.442569436818144
-0.422258302584103 0.262837044021225 -0.445441312680167
-0.408783202022128 0.274007501101224 -0.410079849512507
-0.410893999049703 0.260868434205444 -0.37230532913618
-0.406522801918637 0.287404535005998 -0.447816193764772
-0.427317437948182 0.211434481937208 -0.295158666397839
-0.426097475719801 0.22385972642909 -0.332627552808986
-0.43783351224332 0.19905552605261 -0.330526043045944
-0.412922810261557 0.248006403655064 -0.33455424304577
-0.401158444039862 0.258731595437662 -0.29834721842317
-0.424882620380434 0.236569866779579 -0.370144435399359
-0.436943043459506 0.224347590253088 -0.40505317577392
-0.448455141020167 0.185808764438973 -0.365112792241817
-0.448108419479004 0.173682417596471 -0.328300552487356
-0.448756181941324 0.198363120932772 -0.402043056625385
-0.459049059030161 0.171648951362399 -0.398806198963258
-0.467802644693223 0.144229362908346 -0.39542068906636
0.0029684228265662 0.55337426261657 -0.768948396743336
0.0304722434153805 0.555671467502878 -0.788536161346978
-0.0479543744010951 0.543310295697088 -0.720760521529022
-0.0232445582681881 0.549177416888589 -0.746210026051784
0.00251197887599767 0.54774055068644 -0.733358707102789
0.00360966411687784 0.542085243613993 -0.698874064114914
0.0268419922531863 0.544949053672433 -0.719332381794915
-0.0212874173406461 0.52642125009067 -0.609425230737424
-0.0326937428734641 0.531863666721736 -0.645226823891448
-0.0498349871940386 0.525441444374031 -0.615997855191878
-0.0151039781009898 0.537462543812713 -0.673058210884324
0.0108452821763131 0.536401246419815 -0.665232638510325
-0.0417197731207326 0.537494359801119 -0.682511278460002
-0.0692872619466895 0.536121343478191 -0.692203364750026
-0.0883739707493369 0.527858456313512 -0.660798992604021
-0.12460132265968 0.509523960178994 -0.599293551751208
-0.106710801438054 0.518993163451655 -0.629872362867813
-0.0782240885994638 0.523035910861388 -0.623120591182047
-0.0668771491898493 0.518316088024256 -0.586050214827086
-0.089177162114188 0.498639813348382 -0.489912859783127
-0.101306495460049 0.502231737178439 -0.526015452670743
-0.118518646608609 0.493293267917346 -0.495937944895887
-0.0840326670930016 0.510574147567568 -0.556005755530151
-0.054535468175525 0.51366735755466 -0.549636354356198
-0.113229045331199 0.505843022865342 -0.56248133286822
-0.142171677002682 0.499426930198214 -0.56884427507498
-0.147386214088122 0.486254095447721 -0.501809817801653
-0.135326483053525 0.483813444676937 -0.465499655968556
-0.159351799257132 0.48872157247369 -0.538340215386291
-0.175874911771377 0.477502921018041 -0.507565229493265
-0.191381741332765 0.465939334054057 -0.47622688540374
-0.320683818089735 0.368283179332899 -0.379265087971038
-0.313733441905443 0.381462906224041 -0.417686231624375
-0.267907155615636 0.415047913924846 -0.416265436205524
-0.29130037986386 0.399021700599324 -0.417567238891896
-0.276955968707938 0.40254051801645 -0.37905900662384
-0.306002667629794 0.395159725767457 -0.455984489929628
-0.297270910431301 0.409376401786027 -0.494139509365388
-0.245805186834603 0.441175203475125 -0.486630463878457
-0.231974745823552 0.441904356183316 -0.448397079595939
-0.272136593257062 0.426159581617349 -0.491438598836989
-0.25765880377268 0.427946740247169 -0.452304646374809
-0.253804390002756 0.417522199704231 -0.377871025940827
-0.218379317483913 0.442559433835585 -0.410592245429452
-0.205585845402022 0.454230402796538 -0.443991277721783
-0.24000034052685 0.419914531070033 -0.339887143224996
-0.229818214619632 0.431075134295611 -0.375910299119649
-0.205084303953322 0.443147754623434 -0.373120445870859
-0.192114632751924 0.443687664508405 -0.33581280407008
-0.179815284214958 0.453667815237026 -0.369598069885334
-0.151330879846451 0.473924336309322 -0.434422906698272
-0.123593139377774 0.481309508751516 -0.429329701281234
-0.178672366247347 0.464902806878298 -0.439312636441096
-0.16621559058228 0.463810257052671 -0.402493959887548
-0.154211603128588 0.462628781878343 -0.365623703576895
-0.386017279281183 0.281292194230883 -0.299649536178776
-0.369569340947055 0.302986480792156 -0.30072611039152
-0.344800639413674 0.319755999893299 -0.225196771428618
-0.357042532826681 0.311531185649997 -0.263184099406761
-0.362242943548241 0.29957276443693 -0.224891330751607
-0.351890859352742 0.32370521677417 -0.30157705750952
-0.333073984872662 0.343342869337341 -0.302193381905189
-0.319722653453117 0.35024867310032 -0.263953426474915
-0.313223830915701 0.361801163284929 -0.302545148575429
-0.332844257943936 0.327776336331125 -0.186853182856669
-0.326210393243058 0.33894479684173 -0.225391435581357
-0.306515587645715 0.357086268940853 -0.225508205657008
-0.301446624909869 0.35377593245889 -0.148716752880433
-0.293390547964037 0.363989102484062 -0.187158594240022
-0.285765226712977 0.374113119733055 -0.225481880518445
-0.292465501043223 0.378990215611107 -0.302616569585844
-0.285055008365892 0.390510739270776 -0.341059266972882
-0.270957549709386 0.394832712318245 -0.302477318307057
-0.306489346557237 0.373729530038887 -0.341112765116262
-0.4762299475263 0.0447297214152593 -0.312055150462557
-0.470821978870396 0.0611716559716667 -0.281151432324215
-0.481217278834704 0.0250055098813779 -0.340492267987488
-0.476950893845469 0.0217582581384234 -0.304811735027992
-0.473431565969322 0.013772114610108 -0.27089472979894
-0.462468252451572 0.053036330836577 -0.181148599324017
-0.466296987395999 0.0399484729304794 -0.212518290524375
-0.461572562393859 0.0403647919125719 -0.149556373855821
-0.468290911582451 0.0513545960090838 -0.245966676329483
-0.465271357926112 0.0759627382909026 -0.249012595531341
-0.469988427136882 0.0267642074413261 -0.242587541663298
-0.467654312159844 0.0145172537413615 -0.211192962314994
-0.458589522797936 0.065857128046068 -0.148536408232615
-0.458942749679665 0.0781517274738028 -0.181383034975085
-0.447954885941938 0.127223205977543 -0.181574768903869
-0.454097206994042 0.102854448110759 -0.181436183677071
-0.448646148030403 0.115266155802675 -0.145761456093966
-0.459670865592662 0.0897753521874494 -0.215803126687323
-0.460825516501948 0.100739291828628 -0.251334155333731
-0.440505606545888 0.151339554460251 -0.182019120083836
-0.44761257687494 0.138891277523049 -0.217988463983113
-0.447784173360472 0.16192862143587 -0.291505991681436
-0.447583051491506 0.150398005084506 -0.254703746506363
-0.438807492347058 0.174988304035695 -0.256209580333401
-0.454926651495961 0.125601075814893 -0.253135482551949
-0.46236897041011 0.111236927518008 -0.28739777959197
-0.466020009495562 0.132587415085221 -0.35948461546721
-0.464161369544505 0.121691349902446 -0.323510206114158
-0.456896431883609 0.147845628016509 -0.325977339311771
-0.430055215120348 0.187203308750861 -0.220226328553778
-0.428611288522711 0.19924393541591 -0.257697028921325
-0.43366969753622 0.163152015887141 -0.145393941868322
-0.431722030305669 0.175208509063198 -0.182771578675992
-0.421587920696473 0.198752345876814 -0.183696702290889
-0.413440855744731 0.209803336876874 -0.146747612454673
-0.410102341949824 0.221869740750806 -0.184665877507428
-0.389656717957867 0.268850562829544 -0.261592457284241
-0.378463265830213 0.278480126243665 -0.224368496574408
-0.387941689072849 0.254491749850946 -0.14823819920326
-0.383106177449293 0.26644328951238 -0.186305481346122
-0.397272293945669 0.244462773269303 -0.185570378863512
-0.367614098483283 0.287726632956435 -0.186761196893191
-0.357155309797833 0.296661331347536 -0.148859076015045
-0.417007432669995 0.223046146262769 -0.259132707079325
-0.40697529362601 0.234014517906458 -0.22256676527978
-0.404013772312255 0.246284020635043 -0.260453135944909
0.0337483248123546 0.503303127310327 -0.471339617971164
0.0192512650738485 0.509490836066835 -0.506022135696476
0.00283670244141612 0.504276593229151 -0.471783232497337
0.050844669904714 0.518826584635721 -0.574049118119857
0.0352257692180864 0.514344847979128 -0.540142886973212
0.0651962585732842 0.512071202554249 -0.54291878633799
0.00523798618900768 0.51539194715851 -0.540533147713245
-0.00838348339561479 0.521001202519289 -0.574813866681448
-0.0247234534722181 0.515216131903486 -0.544052308090282
-0.041595803304111 0.508987387287561 -0.513606124980959
-0.0774248653314007 0.494984962911976 -0.454102544409742
-0.0592277290859153 0.50228586776175 -0.483758334099512
-0.0285367382933082 0.504181584894788 -0.477566913240518
-0.0162121049682762 0.499211931409819 -0.44123269890855
-0.0509210883095308 0.483078685593196 -0.345226884552422
-0.0582301205985785 0.487160212672484 -0.382281865486635
-0.0762921760583937 0.480327952064204 -0.351357501327467
-0.0380548863303384 0.493556428133603 -0.412239147956145
-0.00920627318027787 0.494055080815757 -0.404598404366739
-0.0669308010843766 0.491166729904428 -0.418391891802402
-0.0954591165253608 0.487063361061953 -0.424009344303169
-0.11253119238325 0.47869262842119 -0.393129396305798
-0.142797426670082 0.4613662861833 -0.328551091883582
-0.128331041102822 0.470072466834496 -0.361362512893817
-0.102255660592295 0.475989666855036 -0.356683310775886
-0.0925822600195646 0.473307441464555 -0.319832524050174
-0.271853668262636 0.380571948849534 -0.187150105527229
-0.264091639958556 0.389914140103953 -0.22532966826896
-0.219421161199234 0.417210519396777 -0.226349121542859
-0.24175220078941 0.404359187938859 -0.225340541717629
-0.225022010504346 0.410512524363186 -0.187690838571976
-0.256705935340989 0.399329561768397 -0.263856463333543
-0.248896073491331 0.409276447033046 -0.302346099416003
-0.203217830608629 0.434032702713463 -0.301402982003212
-0.179544250372543 0.444144650939518 -0.298208970150578
-0.226437697078021 0.422328139881292 -0.30248880099408
-0.213111035894232 0.424859233809908 -0.266265111299264
-0.200353774411538 0.427545245312197 -0.233043198425723
-0.167871678882593 0.444269554790557 -0.259022305711876
-0.155876923024568 0.452723834435611 -0.294321479795101
-0.198367907124035 0.424557213462982 -0.19106811765511
-0.180223841406968 0.435653252152105 -0.223538213281472
-0.15646139598147 0.444584214141466 -0.219689706585329
-0.142622822809923 0.446165387717909 -0.181853007688876
-0.132340697050207 0.452412037821093 -0.218049151377377
-0.111355258891153 0.458621969502821 -0.222546943963979
-0.12150368166944 0.459143665472501 -0.255477488834923
-0.107583326912598 0.466225772973308 -0.287975139221056
-0.0832487278754349 0.470754092898125 -0.282418665565414
-0.131961525043755 0.460133199792326 -0.291518193449905
-0.392966570488003 0.242645184383652 -0.110092703318927
-0.379036674519122 0.264158616506979 -0.110640185983955
-0.362885009917708 0.282318431914865 -0.0345464146213709
-0.370643744255776 0.273455028550004 -0.072791210669374
-0.377450055610998 0.262270932609495 -0.0342439536630561
-0.363810975631237 0.285025837667422 -0.110971514608205
-0.347186193125584 0.305279557546174 -0.110764497871518
-0.231666870332563 0.398446030425682 -0.0279717994966614
-0.244583297555708 0.393398712269116 -0.110547132314887
-0.248285811223523 0.388254029831317 -0.0351984557134503
-0.234453242839139 0.402041865899299 -0.149256934165394
-0.220715186641947 0.407536076125491 -0.111093411364335
-0.257984363943226 0.387104317139844 -0.149074280752303
-0.267625683322845 0.377918483738469 -0.111638994176275
-0.338033133124273 0.313335039270505 -0.0726768801753521
-0.339745560313607 0.316644644664902 -0.148442132849749
-0.35546951230407 0.291241675056886 0.00433359940570353
-0.34755514870938 0.301221472773804 -0.034806270678566
-0.331938536574597 0.318561440393415 -0.0344436879959905
-0.325759931544601 0.324517731724609 0.00434931254209023
-0.318043623128315 0.332477180814687 -0.0274025902836037
-0.289282348961427 0.361343842358404 -0.111363328207872
-0.277468019462495 0.368801906269371 -0.0740928193742105
-0.294098396438673 0.353855077096252 0.00436540448712355
-0.286122473244655 0.36083306607241 -0.0354349257705253
-0.303724182645976 0.345922900262677 -0.0346845730016278
-0.267319845695382 0.375190411679391 -0.0356013573135245
-0.258473280532465 0.381051745487308 0.00438217158046797
-0.318536306040469 0.3332100152195 -0.0687897578455227
-0.309841034177115 0.343507798627219 -0.10960398218412
-0.321191866975081 0.335665378946088 -0.148241106236038
-0.465427253576428 0.00169676243578259 -0.180537395967925
-0.463210156888612 -0.0112125589696074 -0.149898170683336
-0.463114751587265 0.0146173588466441 -0.14991481049331
-0.456558114869708 0.0502636684970536 -0.056365827913449
-0.455624484957246 0.064632971084364 -0.0848575595293922
-0.45787534870675 0.0247321726627343 0.00425874617495979
-0.45727373303877 0.0366290550500782 -0.0266393979069304
-0.454903019408986 0.0592886613168811 -0.0254089110356054
-0.45327328385953 0.0695954019188767 0.00426581452972772
-0.451647059788791 0.0804186718474501 -0.0217144641285894
-0.454748520938779 0.0782678825244196 -0.114446102698285
-0.447749039507969 0.10064016402633 -0.0367230956831168
-0.451049354161473 0.0900875137939275 -0.0780695519192037
-0.449680593003229 0.102939587573594 -0.110954347969404
-0.443438420345865 0.12702516931495 -0.108738342061835
-0.42497157733344 0.173776889660911 -0.0333260244425048
-0.43382056692579 0.150042517963956 -0.0333758027909426
-0.429289490649004 0.161893271130962 0.00428710878498059
-0.438524449700915 0.138457763697242 -0.0710852692870157
-0.435933933771328 0.150931659152365 -0.108159345198332
-0.441396175998799 0.125756413282554 -0.0340360114266617
-0.444161834210817 0.114282313327532 0.00427509844344585
-0.405630736692582 0.220500661405245 -0.109465670809311
-0.398165256225402 0.23095772666093 -0.0718797506068615
-0.409103923963294 0.208157262618442 0.00430125645955231
-0.403536910090849 0.2194678230999 -0.0337060638251215
-0.414864813089896 0.196940589442045 -0.0334792997091427
-0.391040122659243 0.241277508830665 -0.0339638462755711
-0.384196939513725 0.251631460454291 0.00431698727431296
-0.42086940280645 0.185767298007688 -0.0710210627516025
-0.417023839711553 0.197777931697751 -0.108845224127833
-0.427129468215498 0.174555294136159 -0.108340575079468
-0.0069087250966867 0.488800743519614 -0.366241956358822
0.0163449747249618 0.491971733220055 -0.389934859595389
-0.0436905548554956 0.479185313861981 -0.307247952524347
-0.0267922666201379 0.484272018326492 -0.337877016731452
-0.00454181869455466 0.484070618754205 -0.329010497582374
0.00251364658370912 0.479944725886832 -0.293177733909848
0.0149249512637433 0.482866453688665 -0.319269668490406
-0.0293085653079237 0.467387186426778 -0.166452700450218
-0.0254357687798288 0.472933508082599 -0.233166129468066
-0.0405661421762301 0.469022009058469 -0.20147527454008
-0.0110893849826206 0.476586615120612 -0.263964163864255
0.000186793999567591 0.47356847370651 -0.23015397220509
-0.035314021255246 0.475770609550351 -0.269480722178676
-0.0593181597513134 0.473843537261761 -0.275768415792825
-0.0663388283761262 0.466203158954823 -0.205808931273904
-0.0566095903782447 0.464829785267125 -0.169389213929438
-0.0746627143857552 0.468276931960448 -0.243797930233846
-0.091022292838102 0.462297974929518 -0.211631414993873
-0.113335543295268 0.454780506180736 -0.182486157783137
-0.207075684307604 0.413180406254671 -0.0742861348385113
-0.195528228821349 0.420506559643667 -0.112143189110224
-0.22223907693561 0.403629688519719 0.00439789153619511
-0.214758041490414 0.408105603852345 -0.0354365371510866
-0.19444115030871 0.418373512157328 -0.0359854507553746
-0.184547470898145 0.422575580016343 0.00441371534795399
-0.17360092025761 0.42763631373245 -0.0351625688223921
-0.155408695412475 0.434637897003859 -0.0275354312626387
-0.169277207366442 0.431870935115065 -0.109838475502172
-0.156264919287201 0.438925998783219 -0.146355735938936
-0.142483735672444 0.441608829184107 -0.108128294271302
-0.183531462329296 0.42818974847939 -0.149623441369743
-0.128244940096252 0.44466792030093 -0.0716213077860284
-0.114883194304061 0.449790181297402 -0.107115289442803
-0.145136741135509 0.438054195298817 0.00442871490328933
-0.136946535552233 0.441079348801116 -0.0344158775660389
-0.114800922962024 0.44755475066534 -0.0342231263427841
-0.10410618511922 0.449968471095334 0.0044438933701004
-0.0921827491121787 0.452948268143126 -0.0327787894728422
-0.072368067871748 0.460451235548109 -0.136892545767025
-0.059111461810704 0.460659344036323 -0.100202264792237
-0.100501249448145 0.455165442053999 -0.14191875397681
-0.0869536550818575 0.456086326464793 -0.103169853970074
-0.0723815336333563 0.456625121802991 -0.0253121666265301
-0.0439682863564301 0.461309085005915 -0.0660133165309324
-0.0309223835727783 0.463641375450153 -0.0995205096138315
-0.0610412401722243 0.458214594222054 0.00445847672481988
-0.0523194609713731 0.459621690204997 -0.0314073317398339
-0.0281010244239284 0.461956997459867 -0.0311744845572837
-0.0149862075710375 0.462460578649594 0.00447405552317866
-0.00273805038032683 0.463036989032781 -0.0306944340979191
0.0228896843747393 0.462722538621612 -0.0305629633783758
0.0102611822553711 0.463761126687759 -0.0649598568221948
0.0386887293709052 0.465232486432992 -0.131761424474275
0.0243266221974204 0.464507636147738 -0.0984902164721804
0.0518352637496362 0.46251090690611 -0.0985799568382713
-0.00317694217445882 0.46488811908297 -0.0987817425194022
-0.0166257098235492 0.466067688361981 -0.132408938505913
-0.455700141908633 0.0646393803689605 0.0933827230213364
-0.45661092860761 0.0502667276991482 0.0648886396310843
-0.45865963480298 0.0393338914022123 0.0962340645099245
-0.454929435036821 0.0592907469660058 0.0339363946160631
-0.451670353785729 0.0804215257059894 0.0302496993671277
-0.457301080963018 0.0366299584134171 0.0351596600822731
-0.458561846312544 0.0134051286614744 0.0355147737494669
-0.393062370351529 0.24269547587374 0.118710709184003
-0.398232024228717 0.230991005451965 0.0804940218039923
-0.405726144941905 0.220544269317649 0.118067887827043
-0.39107452009031 0.241296017837996 0.0425887936107719
-0.377484537619159 0.262292031142269 0.0428852665884326
-0.403571164546011 0.219483885555585 0.0423152529099261
-0.414898893442629 0.196954339500624 0.0420734767930614
-0.339864204765192 0.316738669126456 0.157116138129616
-0.338098789153479 0.313388794997131 0.0813598486012315
-0.347281089175704 0.305351912306953 0.119434518120815
-0.331972119785746 0.318590382638921 0.0431353092358185
-0.318071060728939 0.332502705458222 0.03610847882766
-0.347589489737558 0.301248098351036 0.0434813090402511
-0.362919496624265 0.282342261148532 0.0432045155001304
-0.388061709863218 0.254557479329112 0.156858970904504
-0.379132632622284 0.264215965869191 0.119274748900299
-0.363906720119686 0.285090586528682 0.119623385629729
-0.357275036131053 0.296745514941336 0.157514593433532
-0.370710729943878 0.273498267026253 0.0814384046313363
-0.195604006397563 0.4206460952706 0.120951967918637
-0.207130316170751 0.413275327105175 0.0830903465895962
-0.220795451007714 0.407664099179263 0.119881924245826
-0.194468765524646 0.418425415739312 0.0448034836815312
-0.173625978581009 0.427690219647955 0.043997182990103
-0.214787051367934 0.408153729521971 0.0442377490895123
-0.231691305796044 0.398483234679398 0.0367585844384715
-0.267713976030521 0.378026867332682 0.120386713280904
-0.277530872309974 0.368875516400295 0.0828355601615755
-0.289373120571919 0.36144251014647 0.120091148303384
-0.267352017240912 0.375230631499603 0.0443564525245742
-0.248316427765721 0.388296862057768 0.043970712139127
-0.286155613082828 0.360870027920423 0.044172387262326
-0.303757517395595 0.345956329478391 0.0434048729503298
-0.318598028459205 0.333267043083668 0.0774932416238091
-0.332981808750248 0.327888487029402 0.195529966267223
-0.321309038885491 0.335769813816666 0.156933930463729
-0.309932608535301 0.343596208735554 0.118312344097168
-0.301562111333859 0.353891668545187 0.157428642145602
-0.244667486763136 0.393516187232589 0.119315451858344
-0.271984389505733 0.380723989138726 0.19588399899655
-0.258093870507384 0.387244322300908 0.157825657434197
-0.23455826307084 0.402194806472819 0.158028438514353
-0.2251431877932 0.41069481221749 0.196464174694093
-0.459372252485419 0.0017104816698953 0.066567849555503
-0.460239496703198 -0.0108151660255224 0.0971726550128526
-0.460145246836743 0.0142291222607358 0.0971875798267013
-0.433854492649883 0.150052016969793 0.0419425953344781
-0.425005506000722 0.173788452843221 0.0419060436477173
-0.447785736689174 0.10064607696562 0.045266121297849
-0.44143061231213 0.125763991821389 0.0425905272727118
-0.438590342336149 0.138474175988334 0.0796432497607683
-0.443532428341704 0.127045631056819 0.117286377256082
-0.4360278789219 0.15095738787889 0.116719468736008
-0.458706044055458 0.0658665389047707 0.157053716807028
-0.454845427780888 0.0782785984321769 0.122972715794942
-0.449775704007875 0.102955131947705 0.11949123871186
-0.448762608058324 0.115287674873728 0.154298701848874
-0.451120273456657 0.0900972872347354 0.0866049478202342
-0.420935502613172 0.18579165340284 0.0796053787236607
-0.433787050602602 0.16318656714602 0.153955154006933
-0.42722380934409 0.174586633980068 0.116913783262124
-0.41711872473781 0.197815227150365 0.117432484063931
-0.413559760213015 0.209852543227485 0.155336804639977
-0.466435629856859 0.0399506391295089 0.22101691525367
-0.462598543617385 0.0530427088444686 0.189656470024254
-0.473573546834509 0.0137646305861722 0.279376552433883
-0.470130646215519 0.0267615614374573 0.25107739145904
-0.468434632939603 0.0513584244241758 0.25446310139051
-0.470966168882172 0.0611758745178171 0.289645245786045
-0.465416551857836 0.075973195482973 0.257516797165225
-0.459074070673602 0.0781647387598293 0.189899465053245
-0.460972185634805 0.100756660671306 0.259847511678427
-0.459812428710573 0.0897912215944391 0.224318122595416
-0.454229439366022 0.102874237440236 0.189962279435691
-0.448088018122879 0.127250005104798 0.19011163643536
-0.428764426675984 0.199293136390489 0.266259768447256
-0.430202232865111 0.187250303555087 0.228788356916994
-0.43895893166209 0.175028774400865 0.264758246726252
-0.421724174825758 0.198802522019296 0.192272353559072
-0.410239600516559 0.221928715872736 0.193256457971198
-0.431857207674811 0.175250425904222 0.191333259221239
-0.440639719898521 0.151373699860208 0.190567857099803
-0.386177636048791 0.281371181913713 0.308262979699168
-0.37861479563927 0.27856730184533 0.232993664869555
-0.389814562860088 0.268930230701668 0.270202862183028
-0.367752928080247 0.287815627217583 0.195401554510267
-0.362394854095483 0.299671841077689 0.233534106158454
-0.383244840006185 0.266521649002922 0.194928487875394
-0.397410391072989 0.244531131597326 0.194176769485401
-0.42747192668399 0.211482771150717 0.303722862913705
-0.417162257757174 0.223104734537709 0.267710500898831
-0.404170198025314 0.246352738982289 0.269046856422571
-0.401316984602778 0.258799456137934 0.306943535793782
-0.407124945349575 0.234080202185016 0.231158697890549
-0.114935166712162 0.449954794442586 0.115985210845267
-0.128284175364299 0.444780897061647 0.0804865734598492
-0.142544130111696 0.441764734351101 0.116978256852131
-0.114819767593857 0.447615229317403 0.0431018455436189
-0.0921981480469697 0.453009200477052 0.0416734663388503
-0.136968077004555 0.44113722209794 0.0432784012969977
-0.15542779109504 0.434683630565058 0.0363840782764423
-0.169345613709446 0.432018649119302 0.11866812676377
-0.198483062235965 0.424758144157651 0.199862089648058
-0.18362395268132 0.428369961254681 0.158435795836064
-0.156347382212048 0.439116946581211 0.155189166789797
-0.142714782886525 0.446393532171851 0.190689967872484
-0.030943204681228 0.463820825599555 0.108448286222817
-0.0439861606006529 0.461432007004885 0.0749373902544084
-0.0591427129587324 0.460832170409434 0.109111510262798
-0.028108188491256 0.462021805769587 0.0401126191148684
-0.00274129560783548 0.463103076632558 0.0396491955794374
-0.0523300734398159 0.459684586559187 0.0403292508676184
-0.0723921850882226 0.456675726089309 0.0342204615923382
-0.0724150877720912 0.460668916866344 0.145786493420912
-0.0566579008750582 0.465090351257688 0.17828713851404
-0.0869953474315954 0.456255059345545 0.112059888618878
-0.100561628452959 0.45537753872399 0.15079279348702
-0.113415322230414 0.455025326928796 0.19134370486607
-0.156005382925745 0.452978781191219 0.303131411339192
-0.167997558418501 0.444515140405017 0.267828277462399
-0.179682078072746 0.444381637810211 0.307001816098136
-0.156571960591633 0.444826282755137 0.228510049019956
-0.132440601331223 0.452668706504365 0.226886857205805
-0.18034451113432 0.435881111639195 0.232340593373386
-0.200484113073514 0.427762295718101 0.241828880996212
-0.313386973338724 0.361934558265483 0.31123093469304
-0.319881900109081 0.350381021558798 0.272635500249032
-0.33323740534169 0.343461190955617 0.310860781255127
-0.306665063797166 0.357225681917917 0.234206108089194
-0.29352442511049 0.364127179040289 0.195873134529863
-0.326361387693337 0.339070001919875 0.234070693155711
-0.344952405544125 0.319867755832487 0.233857624215686
-0.382541704819961 0.294053038029976 0.346361997368186
-0.369731212809808 0.303077576402205 0.309357205731901
-0.352053803323425 0.323809425839348 0.31022618440833
-0.346807183547555 0.33628734982138 0.348668276528402
-0.35720220119014 0.311635407920773 0.27182963034834
-0.285912285548734 0.374267445023759 0.234198600185039
-0.264235252767463 0.390083953696095 0.23406523880859
-0.249052403956049 0.409459582851006 0.311086419661516
-0.256857931025754 0.399509705235899 0.272593787694095
-0.271117262409426 0.394998716416387 0.311199712601506
-0.241891332816616 0.404544896890574 0.234094743958381
-0.219555099528663 0.417412247432499 0.23512110635213
-0.292627453493848 0.379139558188645 0.311320732933712
-0.320846997376983 0.368388327684691 0.38794383841189
-0.306653326049888 0.373858441398558 0.349803598344644
-0.285218049222736 0.390655881169559 0.349768472319671
-0.277118661926799 0.402677134818438 0.387774979397106
-0.2033634883161 0.434251257932081 0.310178325072799
-0.192261133667242 0.44390585665924 0.344593859886953
-0.213253460760898 0.425072331879703 0.275036653191299
-0.226589451785109 0.422528639645487 0.311246613118693
-0.240157989525224 0.420094593180485 0.348632521528729
-0.476369848842839 0.0447273943204193 0.320538914030299
-0.474037991276607 0.0695622737571086 0.325664262872515
-0.477090357873688 0.0217509138582043 0.313290153696708
-0.481351308612664 0.0249965801112531 0.348966104077774
-0.486164965332863 0.0281947663541141 0.386087496966283
-0.467938791757987 0.144236711125214 0.403932377430348
-0.466159342277732 0.132599117316722 0.367995697353234
-0.475113819742216 0.116119283464189 0.400399259853605
-0.447934652911971 0.161960272039445 0.30004174449647
-0.457042176108576 0.147867318239755 0.334500624525638
-0.448256315282823 0.173711089009033 0.336837222674869
-0.464305178913433 0.121706501956158 0.332021330905907
-0.46251593729481 0.111254065770381 0.295909719145206
-0.469993269303378 0.0954651260984889 0.329216589424125
-0.447756835374805 0.138921870439001 0.226524653006002
-0.45507484163857 0.125625708182719 0.261659358955764
-0.447732832240238 0.150430313686818 0.26323942512781
-0.502908604337216 0.0783326983841152 0.52804890704466
-0.499026038686877 0.0640133490246621 0.492617077805374
-0.505932509983292 0.0477118931045721 0.523483633588914
-0.483683197988615 0.0986858317800737 0.431691870935819
-0.491655564400427 0.0810744916376986 0.462199675511584
-0.486500505810975 0.111452090215978 0.467059776745911
-0.494997566825472 0.0496989796212863 0.457250091118828
-0.49077132946615 0.0361997591383716 0.421751795318141
-0.496406321113321 0.017437899284449 0.452468358369486
-0.477376136257078 0.0777832315582195 0.361412180572156
-0.484414731936663 0.0578723029372123 0.39223482542269
-0.480646782106568 0.0873146420642819 0.39662399223846
-0.437983729720797 0.19909173276787 0.339077195218789
-0.426250127319014 0.223904148596862 0.341194161476405
-0.436554359014907 0.23748724824384 0.451129833634607
-0.425032380718427 0.236608102383471 0.378714398705182
-0.437088197467603 0.224371572700375 0.413610188278386
-0.413077932784391 0.248059848958817 0.34313715827888
-0.411046645227057 0.260915139200788 0.380892284501912
-0.448599318490077 0.185832560643809 0.373651251364457
-0.469590596541846 0.156630640058634 0.440050867576853
-0.459187999091874 0.171661326288084 0.407331939489221
-0.448898145859159 0.198380983575051 0.410583944605657
-0.449127475808909 0.211318041870277 0.447753396974675
0.0261683231776646 0.473381518781108 0.23866612535452
0.0124491363229472 0.471059589038493 0.206166170290092
0.000160529878992932 0.473904257342032 0.239074983648039
0.0386971862181772 0.465478001698884 0.140727362967103
0.0254074397570646 0.468269154826407 0.173507341220281
0.0526862824436495 0.466307124738884 0.174388443081686
-0.00197178771837664 0.468719371384012 0.17382264298799
-0.0166459920615899 0.46629907034165 0.141339954902731
-0.0293415662684825 0.467656066963513 0.17536876503947
-0.395622061916041 0.284416957013481 0.382799404744558
-0.378801676966136 0.307031938197755 0.384459020863432
-0.370527419071681 0.334020416344549 0.46033495792412
-0.374839035681721 0.320348131060642 0.422482042906098
-0.38936470180816 0.311184093625956 0.458446587802665
-0.360658271947342 0.328654052574706 0.385902268946626
-0.341297434175677 0.34915307977869 0.387107497577881
-0.435944653249349 0.250831378217733 0.488883145965526
-0.422409944671688 0.262861253438211 0.454019481788346
-0.406677861514632 0.287436200013428 0.456412863567826
-0.404201569705844 0.301046575086402 0.493973555648259
-0.40893487128907 0.274046284521798 0.418671566351359
-0.0406130941355245 0.469318987876587 0.210376943225779
-0.0254801068073447 0.473258827699321 0.242070846949804
-0.0437636240639561 0.479514662427657 0.316129193515728
-0.0353729558920671 0.476103815626792 0.278372659882289
-0.0593938314043661 0.474163682876248 0.284644407159259
-0.0111304870961145 0.476931575930909 0.272871820242129
0.00247579023590609 0.480300895800943 0.302088686150409
-0.0664017032881101 0.466490506709029 0.214693225891578
-0.111446548496494 0.458893780666419 0.231398108949435
-0.0911000500508542 0.462575718263369 0.220498405576713
-0.0747399700868183 0.468580077162141 0.252669590272607
-0.0833399464562723 0.471059778318502 0.291278445793682
-0.121608635040131 0.459420622991248 0.264316180280707
-0.142926181290751 0.461623690238498 0.33736679455328
-0.132079306713205 0.460405588789327 0.300344772703937
-0.107688715391297 0.466515300561169 0.296818357090857
-0.0926863473185459 0.473602825956648 0.32868183562359
-0.0955842288348565 0.487301344707236 0.432854200892274
-0.112657395985377 0.478940252337593 0.401962793786059
-0.123729429039765 0.481525586373406 0.438156919966268
-0.102371316277356 0.476264797624714 0.365523914520113
-0.0763939595342954 0.480623168706914 0.360214698345333
-0.128458717198465 0.470327007565013 0.370186101945891
-0.154349397997664 0.462862558134804 0.374429988156048
-0.205743844961355 0.454383677506587 0.452763693325071
-0.218536499552052 0.442722657356433 0.41935398353617
-0.232136669679999 0.442038338290237 0.457150523869988
-0.205236904341953 0.443340306455933 0.381891208530415
-0.179961361383648 0.453880832618255 0.378386751232178
-0.229975662568794 0.43124795218416 0.384662920566893
-0.25396514468975 0.41767633610589 0.386605382403907
-0.151476252199859 0.474118869192329 0.443232199429969
-0.135473196129232 0.483997769078773 0.474321222392796
-0.166360991681309 0.464014845744532 0.411292143138667
-0.178824912142367 0.465076341087559 0.448103671993387
-0.191542450007827 0.466084164295572 0.485011152519375
-0.335343851049616 0.362475224498632 0.425512100560075
-0.313896586123268 0.381557675537582 0.426372688013791
-0.29744463183516 0.409456069118889 0.502843675541845
-0.306168651916166 0.39524491790146 0.464679606630627
-0.32138951769353 0.390684329118594 0.502512212021907
-0.291463814699604 0.39913132841222 0.426272753133692
-0.268069809391835 0.415173919231624 0.424989836187277
-0.381772201317046 0.339000275839586 0.532879813961939
-0.36575817706665 0.348028337598929 0.497929425557492
-0.344253384607109 0.370008508752589 0.500254002655176
-0.337642227461497 0.384531644143521 0.538349586646415
-0.350277299603513 0.35579725865861 0.462213861577063
-0.245974453413824 0.441284518522976 0.495375489336015
-0.23214951908382 0.454783923407161 0.527922526580991
-0.257823301018434 0.428062701574091 0.461038832512534
-0.272308690747855 0.42625308447551 0.500163288062639
-0.287307299541341 0.424217886439753 0.540456671425317
-0.5021159530779 0.00150326122864799 0.486717900826991
-0.507532741458266 -0.0139390853874981 0.520929581839328
-0.507433765879175 0.0168973548599269 0.520823416272921
-0.489211257050554 0.124804050766306 0.502897780206188
-0.479640713056332 0.14092251147396 0.471845558506934
-0.506739007329747 0.0922221455458698 0.563833406284971
-0.498245252779728 0.1085220740122 0.533481333561758
-0.491902878651575 0.138209701637452 0.539251971663945
-0.494650172767486 0.151296316169669 0.57610872259633
-0.483872312797128 0.16737888575228 0.545130427210351
-0.461018278810561 0.197448672254865 0.481063977973436
-0.461858807589445 0.210737606576279 0.518581613115348
-0.47113685412296 0.169573825428912 0.476539125863744
-0.472634727030538 0.182786947670523 0.513502254936532
-0.486068281801444 0.180330950859431 0.582539699777055
-0.522096968749756 0.05964033039235 0.623965796646569
-0.514697075267159 0.0759400607287888 0.594035260608069
-0.534775336943341 0.0256050735652721 0.680309079001883
-0.528868061094354 0.04317526408085 0.653224884110613
-0.527182933873051 0.0707695908991713 0.660389416015588
-0.532400852846839 0.0799605968597062 0.697131335854044
-0.52374880419777 0.0993221908026475 0.666873653236808
-0.504907825232254 0.134616159572342 0.606625640987529
-0.508399357774679 0.146488480574942 0.643785762589077
-0.510623175746816 0.105301450747527 0.600133002117522
-0.514607767627723 0.117350890651577 0.636833001631065
-0.528061033994625 0.109894984752682 0.702706391284663
-0.462710401193871 0.22405429032475 0.556648898033663
-0.449415275299459 0.237940573266992 0.52320555159444
-0.488445119076798 0.192670363278297 0.620449654865011
-0.475754247307517 0.208975075849941 0.589009035635063
-0.463637632499531 0.237217512090421 0.595359228439612
-0.464819433352391 0.24985169247094 0.634801309388222
-0.449603091497033 0.264971498145545 0.60112158084289
-0.433276193435909 0.291542636870826 0.602640860225446
-0.434443599396638 0.277856583111392 0.564976374919074
-0.419265695165497 0.28991513504118 0.529357527068025
-0.401397348291564 0.314841102527963 0.53109801665812
-0.435253472947406 0.264311873491549 0.526867344657542
0.0162894997637791 0.492300688523448 0.398845369148113
-0.0069726183802754 0.489131363558779 0.375140000316576
-0.00928330478996828 0.494359660330962 0.413494329021153
-0.00459381443463513 0.484418144377265 0.33791274971675
0.0148898249865323 0.483226598630154 0.328184345685506
-0.0268617476935458 0.484603957953802 0.346765262198832
-0.0510073619070516 0.483392995378922 0.35410003868311
-0.39808675169276 0.328835184197181 0.567458604763829
-0.377495657987959 0.352969895494784 0.569520792182975
-0.370450183163247 0.378555891309162 0.643382210881002
-0.37355908993497 0.366277337969109 0.606214422821685
-0.391187730161615 0.356167746732942 0.640357859179913
-0.355260023929245 0.376199394139269 0.572443762962138
-0.330883966567843 0.398902489302168 0.576593715915825
-0.44098507918467 0.300408313056172 0.667384304709528
-0.429486708388454 0.307239973873859 0.635689359097226
-0.410739997266531 0.332529652699729 0.637585924702789
-0.40785866400611 0.346246835943349 0.674935910273482
-0.414245871363586 0.317965817048248 0.601866818831745
-0.0583289993546043 0.48745050008712 0.391149056427065
-0.0775499836891018 0.495211818452511 0.462960033519317
-0.0670424582203607 0.491426795727267 0.427254122557272
-0.0381506038197153 0.493838633028815 0.421118470504839
-0.0163051797432374 0.499483955790524 0.450125749746669
-0.0248626525452491 0.515410660317227 0.552948126298264
-0.0417275411552328 0.509191032799724 0.522489602203772
-0.0546873236792853 0.513847646842122 0.558514392315587
-0.0286490026904274 0.504417545912004 0.486455227970877
0.00274160955765648 0.504533278960916 0.480689148801765
-0.0593548168737626 0.502500951573385 0.492628898494267
-0.0893167296856091 0.498834594342267 0.498765506337483
-0.118668621364654 0.493468584584187 0.504772404112071
-0.101462031426286 0.50240065392958 0.534862848336293
-0.124798692822848 0.509681982721896 0.60812602310743
-0.113403264094189 0.505997773165862 0.571322356776959
-0.142355837163563 0.499571065421985 0.577665814991633
-0.084196203052559 0.510741002213316 0.564865573178225
-0.0670509117965802 0.518487416852402 0.594921397717066
-0.147544829250325 0.486410940417234 0.51062570094713
-0.204221884039414 0.467122709686009 0.522076176684788
-0.176040723160808 0.477642384624128 0.516362033357049
-0.159525392839791 0.488860232121909 0.547149656928794
-0.171038756963403 0.49145098153857 0.58393151980552
-0.219027687397755 0.487291478238029 0.666102253727719
-0.209655314630369 0.484243459926852 0.627766296540839
-0.236662254641461 0.472839784702343 0.634745276017394
-0.181862465022945 0.494265786054712 0.621059349147651
-0.164109531563763 0.506080919619195 0.651707629443427
-0.199386729194129 0.481649324991505 0.590237516485715
-0.216406899156785 0.468366262280644 0.559296747134123
-0.254930510783345 0.457037302873085 0.603758216373203
-0.262547959335509 0.460383678319404 0.642496260440133
-0.244654860751623 0.45532226843475 0.565783175578669
-0.273252530070764 0.440074893018563 0.573260316872852
-0.303241936764652 0.421863036171383 0.583315918971452
-0.310281968155878 0.442153846315363 0.702457789568815
-0.308417949762681 0.436266690258657 0.668342669643314
-0.327940768819999 0.427229215231876 0.693779898628761
-0.28649841942363 0.447905516935323 0.65298964948938
-0.268997282111431 0.464555449059836 0.682201370795827
-0.306107440008623 0.429445248616275 0.628686203387219
-0.327750405169254 0.41005959750658 0.615155240195721
-0.34737555191389 0.409811381676517 0.686373363723667
-0.343784966296957 0.421412848865147 0.724832706277567
-0.348986067036404 0.399532738832489 0.647596561696469
-0.367712134813418 0.390291842939495 0.681034469029335
-0.384635294663504 0.381812144403681 0.714558633473354
-0.540770473875544 0.029392155322875 0.71560306379741
-0.553511387503286 0.027784976606337 0.790488595991196
-0.547005257855982 0.0294335613979551 0.751870545968394
-0.540826296494888 0.058175897626141 0.729391999389212
-0.543378030130534 0.0761092615741192 0.756879551473739
-0.532345320057586 0.119961276166976 0.739214033507319
-0.522677049986348 0.138913314583039 0.710848700740013
-0.507752214718527 0.195368577870345 0.729085012825253
-0.515952975930997 0.167355328257295 0.719861642182846
-0.520123448352826 0.176128672962019 0.759224301764629
-0.512054294733141 0.157441809340587 0.681430865625238
-0.500605568299448 0.175390405570914 0.651238031620563
-0.480125686689829 0.232084955563961 0.666764821200232
-0.467631105023369 0.259512112797932 0.675194054616768
-0.491187552469293 0.203946345868722 0.658929547542399
-0.494424616233781 0.213959184601191 0.698205700433111
-0.498061564738332 0.222901874067493 0.738341353257761
-0.548579633152753 0.0788623378224429 0.790245869382923
-0.540914776935503 0.101168524756622 0.766500266213208
-0.559597812721947 0.0279652565975101 0.828743170170119
-0.554632553964438 0.0540581667607514 0.809322328378779
-0.553974804996224 0.0817880604442414 0.826443019013941
-0.559251504931077 0.0845539997252889 0.863916078729915
-0.551302531913862 0.110288977601336 0.841021011343834
-0.531529786440225 0.15593981982185 0.78829742403434
-0.524462434497128 0.18384881377105 0.799401398278478
-0.537000021281642 0.128201253211857 0.777210169303752
-0.54197552712713 0.134146737260886 0.815768283741544
-0.546865565926813 0.139176199562003 0.854819237629216
-0.459598077486773 0.303468986745762 0.767740522247487
-0.474262448569147 0.276619318655969 0.757792041137024
-0.476649572932285 0.285179214906626 0.79671809139107
-0.471472871778504 0.267710332901284 0.717552102093484
-0.455767585102891 0.284384993026503 0.688761205502057
-0.486966484101075 0.249866697334629 0.747907475806054
-0.501797867612313 0.23115852882283 0.778965114772017
-0.44319569520011 0.329943426737407 0.778223987279854
-0.441766482241271 0.321080724404947 0.739900067487663
-0.424493955437554 0.335309852865051 0.70948936868357
-0.405538845086773 0.358949521373773 0.712748746202152
-0.441531254661998 0.310311214314709 0.702319431575235
-0.445616192236086 0.360954130327981 0.921475513269796
-0.445035366584862 0.35479509766139 0.888124731730585
-0.461823931794894 0.337119711461672 0.908057728138197
-0.407041597305444 0.390033315556451 0.849533687684026
-0.426626121816074 0.37277056735193 0.869127619076148
-0.407479320219179 0.397393118697188 0.888058507967568
-0.445182495054389 0.346778798642438 0.853785309942465
-0.445016875532119 0.337957880966075 0.817425735161445
-0.462543764836178 0.320280762850438 0.842482920313358
0.0377240174783024 0.535497774441742 0.673792830936727
0.0230990852373048 0.531176378518639 0.643980077915271
0.0106532212948438 0.536636433002008 0.674145797194371
0.0507197470503955 0.519036726284808 0.582990980206759
0.0366776069640288 0.52533964581109 0.613766254379577
0.0656702781392468 0.523269657218167 0.617234878577872
0.00748495901222561 0.526456313495942 0.614144296956322
-0.00853230217693898 0.521191926263701 0.583721052275741
-0.0214595754393756 0.52661009095174 0.618324519743366
-0.358869109519283 0.415861638674786 0.757421850799633
-0.337112468722208 0.434581582540667 0.761306943105413
-0.400104417396035 0.373630539874544 0.746904342838314
-0.379538333530798 0.395764585619726 0.75203301779503
-0.373674159473221 0.410005742791079 0.790948992350425
-0.389290845866219 0.402413524843078 0.82396836903075
-0.367364775264869 0.423806801712354 0.829973852199475
-0.411401505457628 0.368567781160228 0.776601481687979
-0.427601275803306 0.353950948099108 0.793928279965103
-0.409601710128135 0.378868689857206 0.811534126081276
-0.0500205056819157 0.525626208958715 0.624878835585814
-0.0328911866486266 0.53207263417482 0.654115703789994
-0.0482126576358925 0.54365575889267 0.729616826049076
-0.0419456391696275 0.537753222690081 0.69138624752806
-0.0695337478616559 0.536399214961077 0.701056343781855
-0.0153117833336594 0.537706743443741 0.681953147540449
0.00339493204436789 0.542374029521897 0.707773919324276
-0.088603512841967 0.528080217605645 0.669647632197964
-0.0979116892447105 0.532896079676604 0.707229171380388
-0.0784231280992777 0.523218865309363 0.631982443881407
-0.106923562416399 0.519176053627613 0.638714034256219
-0.135590485412854 0.513427556958835 0.645121600503148
-0.146100403444087 0.517072787590566 0.682038849004935
-0.127778905996247 0.527216804721955 0.711897909514285
-0.147608934298914 0.534640884112773 0.786207973560933
-0.138410547677121 0.530799126280308 0.748420176639705
-0.166313535806636 0.524157004895963 0.757338515119621
-0.109602456549257 0.536348785378079 0.740963128666231
-0.0958022338406514 0.543674975157183 0.768765718631941
-0.174345822685057 0.50943355848701 0.689339584205123
-0.228138102967508 0.490505060636761 0.705423952494639
-0.201744885593896 0.500548815227733 0.697244637180279
-0.184293297871287 0.512803681218483 0.727708269381244
-0.193901864743913 0.516132749897404 0.766774428183045
-0.253302876254228 0.479460311543389 0.713596057670617
-0.237772128327117 0.493379559047448 0.745479254665647
-0.260286254433937 0.496556915874934 0.827014982070333
-0.248425216396902 0.495461823871815 0.785863826608042
-0.275030917241134 0.482068870177205 0.790990721313256
-0.221268918192995 0.506620503860322 0.776470717839823
-0.202955665443284 0.519357399605732 0.806137575016875
-0.313430075356438 0.452168761255115 0.761922362996349
-0.30017381045528 0.454564546068696 0.729156408638373
-0.288373882632626 0.468064075057256 0.759004748793665
-0.290172452533781 0.478989968444654 0.823215730220181
-0.277216781413984 0.467536415003168 0.721678398311254
-0.327907133904737 0.44837261556521 0.79481595458292
-0.357220846542636 0.439124473336621 0.865198826550741
-0.342818911540696 0.443823432467627 0.829211316745984
-0.317137940297131 0.462094108956426 0.826471002632159
-0.305594918661365 0.475236550207684 0.857096560167327
-0.565278540630983 0.0286212385085728 0.866883689159868
-0.575273138797778 0.0298138493370326 0.943772685504566
-0.570527372396266 0.0292843236856151 0.905175984366347
-0.565675921906216 0.0574415104089346 0.885058922177773
-0.564245192594445 0.0869551796885851 0.902126665678899
-0.528741938560581 0.190873692186785 0.840259816136269
-0.515764094487089 0.211611188274123 0.810122165755831
-0.551498010345646 0.143585988938598 0.894327624099373
-0.540684176253386 0.16833075816793 0.868408367214771
-0.532696895792287 0.197650782132883 0.881862557809178
-0.53617639541348 0.20422571371814 0.924252008089987
-0.522775819924637 0.226946262098713 0.894537773305996
-0.492936494103076 0.266293906707355 0.827514941433778
-0.478564030127735 0.293432775421914 0.834442449928686
-0.50531870218094 0.239060106849136 0.819649384258346
-0.508360025712557 0.246923302305908 0.860348188809243
-0.510306118291041 0.255595284579968 0.900577438518398
-0.568838621522239 0.0888489419152619 0.940887150450185
-0.560960261002529 0.116883320400639 0.918341048076451
-0.579417758687801 0.0301768546510767 0.982763103633015
-0.575012808214846 0.059870256965289 0.962283085443207
-0.572916337526231 0.0901870147281517 0.980163517621523
-0.576334611051521 0.0910538452723469 1.01995516441135
-0.569013266247211 0.120468407359712 0.997692500764181
-0.548893593363194 0.177227647495201 0.950032395896078
-0.540306450739351 0.206986285305509 0.966635946543886
-0.555836672087571 0.147032457219052 0.93416449690612
-0.559864779776737 0.149208349275471 0.97443307148381
-0.563406499456642 0.150337143598664 1.01531289223521
-0.482711511996825 0.327545670763187 1.01880356652303
-0.4931613434144 0.307622580259649 0.993681328657598
-0.498793681451351 0.303500862562047 1.02571899670436
-0.475744235565626 0.322839906195464 0.933825535437991
-0.485471353939245 0.314105099994226 0.963059109540988
-0.468372967396057 0.338850497409803 0.961759018314065
-0.502008572458189 0.287601793830115 0.966253015711605
-0.508447344523432 0.268824727945705 0.935626506456086
-0.517724576649412 0.259807648776879 0.973104026911533
-0.47939527598084 0.3020494777867 0.870144773960521
-0.494918235315633 0.284472910061753 0.9012539899212
-0.478581195195034 0.31167605053317 0.903181784416804
-0.457655734281756 0.357194862746127 0.986353398749712
-0.450096954057803 0.361641485651965 0.955234482619978
-0.473175428208669 0.344483724857235 1.04723864306836
-0.465349582723011 0.351515279361137 1.0170191147814
-0.446475386624403 0.374660603221513 1.01286417533133
-0.435338452409856 0.390643960262111 1.04173151337106
-0.426308687596961 0.396522501349748 1.0052792462322
-0.43182007055932 0.381137531928442 0.942539000805651
-0.405054871254328 0.417005386812411 0.995359068362059
-0.418446357589517 0.399691921954496 0.967425727049012
-0.412078667852129 0.399976928399024 0.928097898020927
-0.390578950229801 0.418458229931853 0.912964698818192
0.0302272491424942 0.556236163072158 0.797408835449286
0.00271056878899883 0.553868052791473 0.777814041728868
0.00347188934036634 0.55957344591342 0.814584129355295
0.00227601529792966 0.54811352124071 0.742243926309109
0.0266281067145911 0.545281079866935 0.728240247473629
-0.0235064577716815 0.549596016539941 0.755070647209634
-0.0499304718402003 0.549840257753637 0.768114222206359
-0.316276465165982 0.474078765609795 0.89254367514044
-0.290050019180083 0.489543947887765 0.885600595501924
-0.367597670554784 0.437186707522611 0.903047416975887
-0.342252723391133 0.456519675205027 0.897963645793406
-0.325528968212947 0.473367068012102 0.929226741741792
-0.333925893982666 0.472639362843341 0.967316918612856
-0.307402739877063 0.489299135001634 0.95893045464876
-0.375049817794815 0.437398516167855 0.944219537100313
-0.391112620502848 0.433361272155158 1.02507274685691
-0.382692680205741 0.436372647851383 0.985066349385151
-0.359049208432565 0.454895587604692 0.975696053035641
-0.342069528106007 0.471253660281813 1.00642688718411
-0.0738055021944593 0.54980709771291 0.785329803726166
-0.0496346575286275 0.556187701479197 0.808153742539472
-0.05418312148419 0.566862587816031 0.88517996556253
-0.0513545950812331 0.561820859111333 0.846895566305819
-0.0797645577955436 0.560629468516203 0.862337971214264
-0.0237169917064442 0.561412768546681 0.830839506905825
0.00360475537759658 0.565084591020457 0.852194936436132
-0.154732123059613 0.538753223250655 0.824292993807245
-0.12700431388967 0.544401861070734 0.813763071348146
-0.104160474702737 0.553152531218809 0.839007094754502
-0.10880060298791 0.557631549440537 0.876443112257033
-0.0997603492504864 0.548399018348589 0.802619005483309
-0.182720071131247 0.531499048268669 0.834827356951619
-0.161054800145149 0.54271450312105 0.862614581656755
-0.173086181779484 0.549356480274543 0.940380059556249
-0.167070944209886 0.546315079396311 0.901305438015434
-0.195826911555879 0.538214628543122 0.91322370639075
-0.137994381744115 0.552819894294088 0.88919884975328
-0.113676382103622 0.561660934963065 0.914523479520249
-0.217467427737361 0.5258970530655 0.885252124145473
-0.224053258559424 0.528642090903619 0.925406541158318
-0.210745085089932 0.522633815772615 0.845468954748648
-0.238404868496359 0.512295307780474 0.856478201935183
-0.263560332133944 0.502138154853429 0.871517351270441
-0.271538399717684 0.50379020165685 0.910830515529256
-0.288099720898523 0.504186581764649 0.987587564481524
-0.279893325236595 0.504356142095268 0.949134303593622
-0.251998672180137 0.517458042703987 0.937682836376371
-0.231187286888143 0.530350349169336 0.965049708599506
-0.586970373249511 0.0305534728664206 1.10226850127886
-0.585408798488955 0.0304992243832112 1.06204476267156
-0.581809914841245 0.0610298537990512 1.04136400221581
-0.578917545963908 0.0916364486249746 1.06019890732593
-0.582841881261339 0.0303905277138514 1.02218992997355
-0.544857571362458 0.206599454486429 1.01058947410613
-0.531813581282847 0.233206571524594 0.98805611710122
-0.566112430437674 0.151086517934703 1.05662362285732
-0.556312347926428 0.179285641935404 1.03377490369723
-0.547842378789585 0.207258207222663 1.05371802893374
-0.549106755400548 0.209100590342138 1.09565918747145
-0.537751105170644 0.234850246375762 1.07497203700423
-0.512578449197318 0.281581808952339 1.03938566832696
-0.500099886848024 0.305625028516521 1.06095960972309
-0.523031806111989 0.257583752195005 1.01454608392477
-0.525514346569836 0.258928937125861 1.05596024029952
-0.525459913230078 0.262908740753676 1.0962677701841
-0.574832200051238 0.123585221966881 1.16059717682809
-0.580855775282459 0.0926460988378146 1.14144163307366
-0.57989994879734 0.0932019751242726 1.18215840438121
-0.58048029309419 0.0921299627156335 1.10074921833687
-0.574194756218731 0.122000972288442 1.07895475601653
-0.584894131977504 0.0616121909514669 1.12201624258451
-0.58737412176427 0.0305914979976521 1.14276731259352
-0.566780793024521 0.154414311492771 1.17944472917222
-0.567904456665616 0.153182981009868 1.13884671167635
-0.559257774684676 0.181780807673791 1.1171063515563
-0.548814170533564 0.211560647271033 1.13641278394728
-0.567659738586211 0.152019112162428 1.09788867279059
-0.52353465134296 0.26800887233433 1.13519098101123
-0.510280511327173 0.292113890786201 1.11564138101083
-0.470339655029216 0.35294778465556 1.14292260326464
-0.491832968780832 0.322426612087572 1.1315139046033
-0.485576439925491 0.331031562990264 1.16813908932695
-0.496928586967197 0.313436965041453 1.09585051333922
-0.483993217197552 0.331676918403692 1.07457396685304
-0.445619813945353 0.381765233586104 1.07717153421179
-0.423757924812097 0.40554011297677 1.07199805604722
-0.465738423921109 0.357067330594462 1.07834495935617
-0.457346617813577 0.369283640413429 1.11120177448447
-0.447006104413599 0.381985923149696 1.14525524171326
-0.400453158745388 0.428041679999275 1.06416289359906
-0.3760001079188 0.449048831396022 1.05516280996133
-0.340650788774764 0.478965615133485 1.11437094194903
-0.359255984352952 0.464253588680756 1.08497092805755
-0.368267678440496 0.45824106207502 1.12358445916314
-0.350469497165743 0.468568086398217 1.04581152367206
-0.323845965455671 0.486628000079027 1.03630598566727
-0.395202181181448 0.43532553151562 1.13214177014151
-0.377026445829019 0.450763608703375 1.16146123502931
-0.410670265863327 0.420237553528137 1.10236362404408
-0.421501901935438 0.409953246129968 1.13970513503827
-0.432121829858532 0.397796206095714 1.17625369435301
0.0280963228395851 0.576643334586804 0.949520304267657
5.70084129949161e-05 0.57497369908244 0.928768107350056
-0.00349331325302311 0.579130992724902 0.967837211992681
0.00248622049355138 0.570254072073356 0.890257114893947
0.0320373459518981 0.567037454513587 0.872125065734543
-0.0274954606358669 0.571691088640041 0.907362991923414
-0.0577961920494064 0.571328598405883 0.923558842686551
-0.238566730435158 0.531064425285256 1.00441984780872
-0.209089571289596 0.542258117776313 0.992318480186629
-0.296179674083395 0.503162459407311 1.02641789871733
-0.267663672669569 0.518019705101737 1.01582808752996
-0.246009532300395 0.530767156797502 1.04375462741675
-0.253427645446333 0.529373660033322 1.08313967592526
-0.22310922791092 0.542339530858237 1.07133711177195
-0.320202168009082 0.492976605495808 1.14347643455118
-0.31229370576427 0.497684672039557 1.10459258240043
-0.283195494050189 0.514483225410528 1.09420882830924
-0.260741459251914 0.526781400368435 1.12255003864337
-0.30423858797765 0.501056754258083 1.06550056861079
-0.0718549059171782 0.580490937440103 1.04116657370182
-0.0667890545380229 0.578251460933699 1.00150326648077
-0.0984256935263419 0.574911515041979 1.01697983702339
-0.035125251096321 0.579660756027008 0.985142162625313
-0.00781176254713033 0.582590928775391 1.00750717130687
-0.0620463883897894 0.57515786373765 0.962299447071109
-0.0882993451676856 0.569132874688441 0.938807332395676
-0.118827099053467 0.565097767347882 0.953129806555866
-0.179301695921673 0.551640092952415 0.979717482080343
-0.149201638215479 0.559254075566604 0.966691865913944
-0.124265430230453 0.567804851192678 0.992194031047548
-0.129951585893005 0.569649120286224 1.03164510780449
-0.185758147226031 0.553012430605167 1.01919948291026
-0.199002625717662 0.552616254209502 1.0985322075559
-0.192363251126887 0.553370025222567 1.05880565572887
-0.161286736919004 0.562469796290839 1.04557318776911
-0.135797018170454 0.570505767857794 1.07141179819032
-0.586468896212091 0.0306321179332112 1.18343555856061
-0.580139238687221 0.0307427779550884 1.26486109794853
-0.584106060643057 0.0306811738094265 1.22416898690439
-0.583013904566142 0.0621921603805287 1.20338434826707
-0.577476664323401 0.0937803911897147 1.22283120255524
-0.530017404718158 0.245834670021555 1.23217251438787
-0.544374884685525 0.215687508371654 1.21547943267069
-0.540253374692478 0.216794760080413 1.25459284281697
-0.547195607918407 0.213922099446177 1.17621871131695
-0.536046727352875 0.241691370560683 1.15527769274785
-0.55664266684456 0.185135616897615 1.19782426092163
-0.564217739721548 0.155557061576214 1.2197610277933
-0.513789453880145 0.275051442069766 1.24790859883512
-0.517428797148736 0.274733961291111 1.21038929650759
-0.502461301841474 0.3033969225769 1.1893056500062
-0.481650868930288 0.334005082325358 1.20474873129388
-0.520656671315429 0.27235591582867 1.17303115808894
-0.558107552649363 0.127075120771756 1.32220251099613
-0.567651295167155 0.0950381989591665 1.3038211290853
-0.559950807258098 0.0958060060895033 1.34394252999893
-0.57344379230991 0.0943810612818466 1.26340960289358
-0.56983590307443 0.125289237041857 1.24170795545732
-0.574992078772191 0.0628739872079803 1.28468040682345
-0.574426518335437 0.0308253842461561 1.30538942002793
-0.546379030139812 0.158799303916273 1.33973725832216
-0.554212996686055 0.15760058160142 1.29992338864254
-0.548278334977568 0.187455331960613 1.27729629066181
-0.534510507641838 0.217614553650442 1.29378369422609
-0.560089876278369 0.156581587016593 1.25990547932098
-0.458663256351616 0.349243269257441 1.29707545072078
-0.477714157316106 0.327285529608465 1.27923223779811
-0.473628552620389 0.323641702647576 1.31467011597043
-0.480076546368639 0.331207910727623 1.24254483155738
-0.460757339080512 0.360074137991359 1.22424564542926
-0.496186847349682 0.302435223667356 1.26327482653387
-0.508999286090343 0.274338923489025 1.28585452554867
-0.368027826822046 0.448973705924384 1.26582881148689
-0.390369653732117 0.433962759252038 1.23548981680732
-0.394260900874822 0.425071591839782 1.27256265579784
-0.384631373628713 0.442483523119291 1.1986170383738
-0.35652230843867 0.465863198332051 1.19076998067997
-0.411964315181293 0.416666270948 1.20566066259414
-0.438188996831327 0.388418592901895 1.21254001092006
-0.439785850021738 0.366184504547621 1.32199421456609
-0.439812152833684 0.374900137783483 1.28712363531491
-0.418309350738137 0.400232217377616 1.2793412619057
-0.397115857815728 0.414908753739231 1.30979175208932
-0.439645791306595 0.381933822889688 1.25049911096633
-0.267836921816171 0.522902182691758 1.16191922304966
-0.2369589229481 0.537792554674723 1.15056580507088
-0.327674802240983 0.486983800629839 1.18203124552428
-0.298100151414977 0.505974277264885 1.17240981151348
-0.274572440182979 0.517665199186247 1.2011945358521
-0.280822849875668 0.510991380178604 1.24035988197578
-0.24978844730975 0.527836842908432 1.22976037367568
-0.345054062868219 0.461657150063863 1.29641325665425
-0.340157375040931 0.471432769174857 1.25836638071087
-0.31100827736926 0.492158622148539 1.24989855671848
-0.286531697451488 0.502755097976777 1.27941872206258
-0.334388905327518 0.479802718540876 1.22028101590886
-0.0124958331098978 0.58520345921052 1.04769787401838
0.0195757323003028 0.583939282889003 1.02966168791707
-0.0770721348552226 0.581750541145843 1.08122257146054
-0.0447339834723183 0.584477015288053 1.06488154383799
-0.0172245979547099 0.586821136994258 1.08825848579543
-0.0218131240882596 0.587305121973155 1.12904411955188
0.0105716397127728 0.587484516721115 1.11140858954089
-0.0923453384708709 0.578352141093064 1.2028241928806
-0.0874101462001613 0.580814058103077 1.16214153770104
-0.120349981539031 0.574438247859251 1.17748115865625
-0.0545193584514193 0.585094213115008 1.14597847900319
-0.0261772654466827 0.586521257550514 1.1699434468022
-0.0822938260789522 0.581902030328936 1.12157874960605
-0.109422874677911 0.577013429400046 1.09673452463657
-0.141690014974228 0.57025592383334 1.11142833637869
-0.205566800786037 0.550648958885939 1.13835679878367
-0.173773208054676 0.561469657006193 1.12530567596109
-0.1475222432452 0.568779376729739 1.1516306668593
-0.153201668993242 0.565950853159909 1.19195348983426
-0.223850762087094 0.536346768477069 1.2579890112791
-0.21806999961767 0.542635014919363 1.21813328143851
-0.185823878165701 0.555347125071864 1.20551762224668
-0.158656904172483 0.561638765107939 1.23232790000861
-0.211952935243713 0.547360047359525 1.17823942426648
-0.545585862439233 0.0312866373824498 1.4242962381226
-0.557251523349688 0.0310951383700722 1.38531071068159
-0.55969063365872 0.0637932222126389 1.36501004863744
-0.550211738501862 0.0967272831290526 1.38359314806008
-0.566835528790082 0.0309402833930838 1.34560186641274
-0.498676158158285 0.250426577536746 1.38611744885058
-0.516589414502792 0.220571408922997 1.37186859979047
-0.503946423380492 0.223246953499798 1.41003642544975
-0.526731572588494 0.218724611605289 1.33298474083481
-0.518983637862046 0.246678505565998 1.30935469600305
-0.532515244147135 0.19001666867698 1.35633270781485
-0.536406434798831 0.160329782780307 1.37915009521927
-0.483707303583679 0.300274745862945 1.33776604293456
-0.464323065047614 0.325064504175455 1.34970384564052
-0.501961502359546 0.274285995683758 1.32404827740135
-0.491924532389676 0.276068236166032 1.36187688122095
-0.478828941088762 0.279761700757314 1.39856041256421
-0.531781731439552 0.0314953498114691 1.46231695174779
-0.536180197054077 0.0650625602493543 1.4429192600861
-0.509804886185483 0.132874485409552 1.47712841065508
-0.524266818925609 0.0989791724559353 1.46056628759117
-0.507986666265445 0.100140710303806 1.49739936154196
-0.538336304781103 0.0978035907303258 1.42254907345104
-0.53837457241665 0.12958663089981 1.40126379791477
-0.507639837342603 0.19454637413801 1.43331987220086
-0.48882122572406 0.226494878113706 1.44720957252154
-0.524176472917431 0.162228047433654 1.41790185991003
-0.509637764788963 0.164389080970672 1.45573718987689
-0.492788577977794 0.166594529263223 1.49244284054988
-0.450351352588343 0.331396401088532 1.38171755542028
-0.443420478128397 0.351344909969123 1.35436304601538
-0.463056180439259 0.284487841365258 1.43393733654908
-0.457127046250413 0.308986128571093 1.40809002462533
-0.433926541425188 0.338071057466848 1.41355643056247
-0.415274177598448 0.344211880083719 1.44552751598009
-0.409710077076273 0.366436363851149 1.41478864174993
-0.422652017588252 0.377023014677226 1.35132250960329
-0.384558919330582 0.393591320325663 1.4127339524057
-0.404443162462559 0.385958752954519 1.38179949801942
-0.400228278236681 0.402148808653233 1.3465262144669
-0.375798738612364 0.426583964493743 1.34085607737903
-0.291741289194108 0.492760959793792 1.31834491491134
-0.260979323956249 0.511534037269414 1.30862317594304
-0.349419713724487 0.450035530865676 1.33436620744888
-0.321309301198414 0.472188380531212 1.32690762701278
-0.296575246368651 0.480756229184962 1.35702715413807
-0.301174445626514 0.466483095633022 1.39524416793239
-0.270669359503658 0.487474731367423 1.38654666668141
-0.36283372233445 0.399954855758774 1.44368119731082
-0.358171467163 0.419388857926427 1.40849243780916
-0.33037867307005 0.443732206377058 1.40259032296071
-0.305616717648112 0.449744604913476 1.43269535169269
-0.353695508677924 0.436060783565156 1.37189673668138
-0.163838249025183 0.5557043763968 1.27267666175823
-0.13052295861316 0.566136571592888 1.25858817257799
-0.229263995949697 0.52834866176731 1.29774599406008
-0.196815561741879 0.54309546684472 1.28574770302939
-0.168716995207937 0.548003116463619 1.31290607503556
-0.173281096745472 0.538387555892227 1.35289590707766
-0.139587087445126 0.550994753692115 1.33934176563789
-0.243471383433154 0.492385480141368 1.41527423522339
-0.239042614732257 0.506542711863053 1.37655438120099
-0.206505914231371 0.523548061872845 1.36531934229756
-0.177526080273178 0.526713568142936 1.39249076068144
-0.234317137833659 0.518473648692378 1.33731394092404
-0.0302868279485136 0.584336429634893 1.21087538961065
0.00268795228616147 0.586117263254893 1.19343790520815
-0.0970486541490332 0.574378421152207 1.24354336436132
-0.0635835210138313 0.580436904897463 1.22761159419072
-0.0341309885017931 0.580615412893077 1.25177267940068
-0.0376995090691362 0.575221722280256 1.29256312812347
-0.00405668528050172 0.578816711094894 1.27521073103435
-0.109470034380568 0.551993358785412 1.36494080947219
-0.105632413706554 0.561336254113944 1.32471941291197
-0.0716109471128884 0.569406355297584 1.30909912166589
-0.0409762260732048 0.568020621507492 1.33315405977464
-0.101485726699383 0.568752853494949 1.28421009869332
-0.504011535313077 0.0663711358779777 1.51651099236163
-0.489519922656831 0.10112566906811 1.53280832857665
-0.515816907060563 0.0316837284739367 1.49912153683272
-0.497703554615071 0.0317959765007813 1.53445907706834
-0.47748484278186 0.0317575359910491 1.568087420417
-0.471285100080376 0.229866515399769 1.48328830731228
-0.467836720489067 0.258071670075447 1.45909317784621
-0.473658535929679 0.168560463284207 1.52784299204103
-0.473268483701815 0.19998872336724 1.5062672753145
-0.451384666126213 0.23289353392634 1.51826418530482
-0.429129189679449 0.235159166801205 1.55212058977178
-0.427397173223929 0.26512245107685 1.52801290078369
-0.444902464020684 0.289227343071133 1.46837728176505
-0.401673791599866 0.296491080157917 1.5350631065644
-0.424444120845498 0.293367051911452 1.50207760914566
-0.420331953732269 0.319778097693988 1.47455605671484
-0.394436588326088 0.349435199709397 1.47743669490442
-0.455225972526969 0.0314731741751741 1.59978261651471
-0.463329064868526 0.0668453103667089 1.58380599366555
-0.426460488414066 0.136065288366551 1.61188700442824
-0.446355739762873 0.101697124516336 1.59839439735743
-0.421977541194244 0.100721994610886 1.62807277375415
-0.468934967124054 0.101728482551652 1.56655482008151
-0.472289282993215 0.135734950373936 1.54793130442589
-0.403498050672575 0.169652842245512 1.6243761328505
-0.428846741370045 0.170476025831894 1.59402754507757
-0.429639922359076 0.203573873412081 1.57415482491207
-0.404508191766256 0.2362663528057 1.58480826937643
-0.452307041854176 0.169970714554724 1.56176900114196
-0.367394915859612 0.377909899016532 1.47720163812103
-0.339220938075944 0.404974447225625 1.47426639127172
-0.286393092217876 0.410713055829954 1.532892258315
-0.31372779191625 0.40857144968507 1.50412944884223
-0.316944961916348 0.384177866296945 1.5377077128983
-0.309859231927741 0.43044268854404 1.4690726596468
-0.279296679168931 0.454132552036278 1.46197620620347
-0.376561222060035 0.298251005388549 1.5672610314837
-0.374577363883929 0.326863836831022 1.53906230548137
-0.346323206960545 0.356141816428314 1.53989046866865
-0.319170529181995 0.357318083884428 1.56971831042642
-0.371438590338266 0.353478197869184 1.50899868998902
-0.247602108099276 0.475863918559523 1.45323780869515
-0.214919549208311 0.495477783015497 1.44303783637793
-0.153761103655873 0.495976039586259 1.49510217453328
-0.185003318133747 0.496702302714208 1.46968722248425
-0.188148766450897 0.478202616397443 1.50680869189795
-0.18144274770396 0.512852149407243 1.4314970946701
-0.14738922676214 0.527906490954772 1.41869959938707
-0.221856493056134 0.457978276517438 1.51712265800159
-0.190778966226609 0.457341467285015 1.54259530016659
-0.251375897944692 0.456887204682712 1.49019300044368
-0.254664109407044 0.435413987792701 1.525901135248
-0.257265691130051 0.411440292842323 1.56015831281404
-0.0439396113357018 0.558882632361619 1.37342170412285
-0.00967981820307127 0.564525438476171 1.35626818664104
-0.112980980216954 0.540598660267464 1.40471174671168
-0.0784318861428505 0.550918778369325 1.38959629321508
-0.0465661854699464 0.547690293754175 1.41320646681886
-0.0488334848266336 0.534345177193252 1.45231340823599
-0.0139953739811326 0.542231524305097 1.43567230126414
-0.121283394359707 0.493184105738796 1.51919694108537
-0.118927226262227 0.51125387792328 1.48208261358424
-0.0838781727912281 0.524034686797502 1.46780306589696
-0.0507208026355073 0.51877510249338 1.49051695039695
-0.116143803457089 0.527045161421204 1.44383541105352
-0.414858527810548 0.0650365085380265 1.64293734109662
-0.396070674392785 0.0984424812718474 1.65533429923448
-0.430992518640305 0.0308274825822428 1.62935227219474
-0.404805263897349 0.0297022837212196 1.6566507242505
-0.376565840864313 0.0280370802020814 1.68158022195328
-0.320311382866571 0.116678341223056 1.71010966977219
-0.340716262518814 0.0890898442142851 1.70174908354486
-0.311207332545391 0.0829813147245648 1.72066029262113
-0.368923483094496 0.0945589665596798 1.6799516976885
-0.374390035568443 0.130758924578579 1.66682288044905
-0.359364109144115 0.0593501360254055 1.69243705551369
-0.345973739323588 0.0259887709473462 1.70404041284276
-0.294195027528489 0.1381354337207 1.72086759067328
-0.321633673256509 0.151959823839601 1.70085687315052
-0.317064548532204 0.226739994226525 1.67496282404389
-0.32025561519535 0.188800048549487 1.68950466235998
-0.288241698636941 0.211912018993862 1.70114984961183
-0.349196458010362 0.161291078222922 1.67805853583012
-0.376690686798342 0.166906236431255 1.65250587881064
-0.377368621203895 0.20208420160289 1.63592422639196
-0.316709923572934 0.26245452620591 1.65492745677039
-0.348199662150768 0.233013667050782 1.64637221166698
-0.377513091854849 0.235765548166741 1.61625535574144
-0.37738695619252 0.267832555118755 1.59322867979925
-0.349074376684058 0.298310133376016 1.59854160073116
-0.287029118930971 0.292515483611454 1.65707953852847
-0.319199986496679 0.296363257504817 1.62868610870801
-0.320036147192491 0.328033646760489 1.60009194489323
-0.290099182224234 0.357107910021976 1.59793406077133
-0.159731256596036 0.405120271597488 1.63065506756885
-0.19382483379576 0.408804491730216 1.6090685310645
-0.193706185339394 0.381502715662793 1.63919451197901
-0.192743144793128 0.434166667057617 1.57677435100498
-0.158235055821471 0.454850037459394 1.56652371890373
-0.226388915676167 0.410818597263608 1.58559848242172
-0.258903255569037 0.384981471844785 1.59280534018206
-0.226430109458132 0.354677736111246 1.64664483255458
-0.19187848863494 0.352718598191699 1.66686900624428
-0.259195135204217 0.356061536513024 1.62373136901854
-0.257546381330564 0.324752281794208 1.6528708758165
-0.252729481487879 0.291536139051737 1.68016619290141
-0.0181841654576077 0.471015706672505 1.58300444610483
-0.0532677870577488 0.480838290045028 1.56320365844502
-0.0538701775707268 0.458503756658886 1.59715403908675
-0.0522072288507743 0.500940500215602 1.52756827190265
-0.0168359510327694 0.511172757985096 1.51189178916536
-0.087717544235372 0.488186785898465 1.54191360001905
-0.123140362160547 0.472843561287221 1.55490118671074
-0.124452461436296 0.399246153871246 1.65060978755115
-0.124896369685378 0.425691261630535 1.62090496055305
-0.0895215727366791 0.443431613562432 1.60977445875353
-0.0539766840537683 0.434006854860378 1.62915616948452
-0.124393572667221 0.450299286027118 1.58890361036322
-0.295014051348442 0.0531767472901599 1.73134252554154
-0.278614098227511 0.0821121104103042 1.73676926392305
-0.312571266535875 0.0242610393939898 1.72374357099072
-0.276420908981241 0.0236063216804066 1.73983557732387
-0.23821895371757 0.0240756616305959 1.75111710666448
-0.198477490496251 0.0251096283381372 1.75675485476319
-0.222487174863049 0.0562877650898798 1.75564745925714
-0.20367664303287 0.127085512077502 1.75953988853174
-0.211144357994433 0.0907962616996718 1.75905585292238
-0.174737675650467 0.0944186514550716 1.76709462744502
-0.245789923466956 0.086614564721187 1.74906551300213
-0.268268768111518 0.115236851496309 1.73769938590747
-0.264397197830638 0.150417886420942 1.73326820652742
-0.197929011834265 0.163837256039943 1.75637967057808
-0.232206185540958 0.158476623732021 1.74532927759188
-0.260498008852275 0.187283535083277 1.72541951911737
-0.254133067651353 0.225210130379911 1.71479087923261
-0.167687294711642 0.264225225355646 1.73403748069858
-0.181558276297425 0.233144341274006 1.74251227093334
-0.146783483538927 0.236317316175976 1.75204391053011
-0.217481342655786 0.230297857477708 1.72989656446884
-0.239767422858457 0.260496403961367 1.70557414457391
-0.191193430706617 0.199535946323656 1.75031385696216
-0.162379181444665 0.168707109222572 1.7657152085609
-0.144729034227301 0.29119757051487 1.72757926191523
-0.179661004555431 0.293676899829277 1.71418452189382
-0.187464137647226 0.323238423369962 1.69186392457734
-0.156049109379404 0.349066471841918 1.68507016655258
-0.215828090934486 0.293481087439799 1.69867454631211
-0.122829699993617 0.371274912853917 1.67774775588829
-0.0885440079766098 0.390608801120135 1.66916936498137
-0.017307519855783 0.364096618011685 1.70206264382125
-0.0526541929839111 0.378871673267027 1.6863793783416
-0.0514496339464504 0.348306807977748 1.7112263419877
-0.0535605673402849 0.40743775150187 1.65896702447391
-0.0181572920087523 0.421886194002938 1.64699729183252
-0.111462723718127 0.280678026238945 1.74191987717768
-0.115734277383015 0.311974586759963 1.72353282338652
-0.0844057684706528 0.330866874064348 1.71831881221885
-0.0504774384150305 0.315588017336051 1.7333479586206
-0.119871847497486 0.342109248858845 1.70210546586756
-0.144936123176698 0.0613235641900841 1.76714512484226
-0.137507685405601 0.0987984123120274 1.77386854940964
-0.157360418985832 0.0262944843182254 1.75923894105502
-0.11477510284029 0.0275380739655227 1.76333979294418
-0.0713126698491052 0.0301914105566474 1.76936715934149
-0.0578247546074159 0.203465243767282 1.77905655264534
-0.0917500072808634 0.187622717526477 1.77740287310412
-0.0626738359124002 0.162316234814694 1.7853721189793
-0.120058020306265 0.212248020417546 1.76629278139317
-0.113007964857405 0.246512640867174 1.75657677027671
-0.126689523585107 0.175995322326716 1.77282837377571
-0.132219070884981 0.137781393785216 1.77567510381987
-0.0822946156968819 0.262987066500869 1.75588524367059
-0.0242857558339509 0.22163143581026 1.77762617040854
-0.0533899795729541 0.242877466179687 1.76792591092658
-0.0508319330522345 0.280414980159008 1.75245860750311
-0.0180157503343337 0.297424891239421 1.74657315131596
-0.0664745738272598 0.119237562871115 1.78616926762401
-0.0331187837228762 0.137481462021057 1.79038078386747
-0.101120225335349 0.106380616292358 1.78030116686467
-0.0687902603518285 0.0747629593333992 1.78028077316707
-0.0344778859623817 0.044398810318476 1.77768943974439
0.0689558032928232 -0.154057996989041 -1.81082314761244
0.0350006294425861 -0.125956115408594 -1.82239540607267
0.0736084742584755 -0.11635603590562 -1.82052251470744
-0.0013581414749725 -0.14009453022715 -1.81984629157878
-0.00187971108891615 -0.180800044257343 -1.80651169306006
-0.000547495994395118 -0.096843138723898 -1.8301064500221
0.00202176454814039 -0.0517889993377371 -1.83673040270835
0.0301732170284973 -0.203030641728946 -1.7966672194258
-0.00239050597904209 -0.21928419069406 -1.79038262309737
0.101584533639454 -0.181368556112473 -1.79552319737065
0.0650925644134587 -0.190387605554813 -1.79838896392943
0.0608008557860176 -0.224598487901962 -1.78389318382361
0.0894632217841181 -0.245666184540787 -1.76838019203965
0.056370625449478 -0.256805965121921 -1.76753237728033
0.0574687111003798 -0.28859819055739 -1.74780452298438
0.0275145398616976 -0.273455256234991 -1.76038950647534
-0.00113018443623724 -0.290967120679949 -1.75004171983045
0.00125412245794779 -0.323451306290686 -1.7266316082088
-0.00236243521761951 -0.256052492677559 -1.7714849955603
0.091195678341984 -0.296848930450203 -1.73633805950276
0.0639292461446476 -0.317424483550735 -1.7263436680396
0.0744074514199749 -0.372093732898761 -1.67690179697497
0.069885076505219 -0.345169236168832 -1.70275184829905
0.106079426188762 -0.350178995826265 -1.69016956833162
0.0346667185191022 -0.336179912847779 -1.71496377783261
0.00402856402357211 -0.353444463154483 -1.70161588703888
0.0774957155233038 -0.398028209373596 -1.64884146979785
0.041794199482347 -0.391123866983726 -1.66238555966774
0.00853835730405232 -0.407536627191371 -1.64638720702247
0.0102268908568278 -0.432014535887238 -1.61600435369974
0.00650155863611439 -0.381377386009549 -1.67490932140275
0.0456455726604614 -0.44010420119499 -1.60194741625923
0.0117168036301132 -0.454783143257052 -1.58380490765233
0.112934577325748 -0.402416961608356 -1.63406548652574
0.0794656629598684 -0.422688499356623 -1.61870453356861
0.0806933915050005 -0.445800191036167 -1.58667177757359
0.114989079892477 -0.449368545962128 -1.57004924087226
0.0815050406677336 -0.467155066858536 -1.55293289487821
0.13766051330967 -0.0379903826312953 -1.81917093372285
0.0945166340353171 -0.0429473862535213 -1.82877052079263
0.112761038814675 -0.00840349493583959 -1.82682720844393
0.0814603369467665 -0.0789194468094333 -1.82665475167792
0.112957876121595 -0.109248942824796 -1.81472784998342
0.0489330843480812 -0.0470776422536492 -1.83484528764525
0.0169361643523977 -0.0128051570233558 -1.83895644693333
0.178449051750263 -0.032491535334477 -1.80643884355245
0.162767907314425 -0.0669287215482808 -1.80837026904179
0.210707420662617 -0.121456763713124 -1.77857404126366
0.18703761676009 -0.0949957694693594 -1.79478253964597
0.220951489211193 -0.087501408345553 -1.78151520410438
0.151077382909798 -0.102436441607245 -1.80590897606665
0.143522434470207 -0.138535990316159 -1.79914638053143
0.238257074806456 -0.142141014889093 -1.7588671993649
0.207314724112333 -0.156320659786944 -1.76948647318163
0.19909480834669 -0.228983817081116 -1.74146767570716
0.204262594661303 -0.19228912354392 -1.75684615915955
0.234326392167378 -0.214334230864365 -1.73117169227213
0.173870056637774 -0.166559187237647 -1.77978740805044
0.138311600687352 -0.1742695559427 -1.78887354425013
0.124568202021209 -0.240773340536619 -1.76266469982687
0.112403941928657 -0.270583799466308 -1.74864662082268
0.132697683767544 -0.208586789330407 -1.77633669750626
0.161302348558521 -0.235981954664031 -1.75339428937516
0.185948103440605 -0.26325674181132 -1.72750245235695
0.126406895438817 -0.297466999118409 -1.72679023403214
0.201066681610008 -0.291988527870981 -1.70067002214829
0.163162761668926 -0.295526333052608 -1.71527138920599
0.136085322913838 -0.324734181073592 -1.70281535691951
0.14224508398136 -0.35216068619755 -1.67655828886928
0.145749045204913 -0.37912676917123 -1.64807985886688
0.147546008543972 -0.404862006331132 -1.61766588059852
0.213040548916546 -0.405855603810351 -1.57872939603171
0.180975062720151 -0.405902039086252 -1.59927696914941
0.212935834829958 -0.38050553017847 -1.61089682872686
0.148232854991363 -0.428929817857125 -1.58556158713589
0.148234805728381 -0.451095509820547 -1.55195672244727
0.177521024377137 -0.352705221787827 -1.66076728106996
0.236898474375219 -0.291592563381998 -1.68071833608008
0.207896453412617 -0.32328044196154 -1.67192473915446
0.211433085572807 -0.352957389511921 -1.64196996617693
0.243905943817808 -0.353224776463505 -1.61991409459278
0.0821707706985243 -0.486608613880814 -1.51767527835946
0.0480054603798405 -0.482304781502662 -1.53435804502108
0.0146889822024841 -0.494870189692445 -1.51444945127636
0.0164238073213714 -0.512033166519836 -1.4776294150191
0.0131591638384778 -0.475763572237235 -1.54990131724547
0.0505503731503136 -0.516838428593167 -1.46096120203244
0.0184644023326198 -0.527208426776997 -1.43963143038392
0.115417435207691 -0.488860397353876 -1.49983408581085
0.0829159774483055 -0.504065702174675 -1.48108532793499
0.0839252236955781 -0.519470181243519 -1.44335200724858
0.116402912316497 -0.520055981179494 -1.42486232279826
0.0853385116637341 -0.532800961219582 -1.40466479879816
0.207966680935548 -0.48502620154551 -1.43967040548383
0.178444104659335 -0.487913356455888 -1.46075962925043
0.209217410549478 -0.468631310379259 -1.47594739350709
0.147480873136057 -0.505079684638684 -1.4436348811823
0.147895190348266 -0.518712602203525 -1.40557004716076
0.147556784213092 -0.489240608016451 -1.48084510912611
0.147903284048197 -0.47122678892174 -1.51700444396338
0.210779309153997 -0.449934880871677 -1.5112326210109
0.239782671825768 -0.447365145903351 -1.48877538912908
0.180217410003942 -0.451224376487265 -1.53233743812248
0.212191008686459 -0.429000871453944 -1.54549851595108
0.243638290383926 -0.404822937881872 -1.55608273782485
0.237292174313847 -0.0566419216964343 -1.77827684195359
0.254781476738093 -0.0857850640333879 -1.76421501576112
0.19630246368647 0.00129341552962875 -1.80065460157173
0.217394125517584 -0.0277797614676342 -1.79063398225624
0.254536288226438 -0.0252260091536147 -1.77188351731286
0.271365034427551 0.00728887649650936 -1.76279326950484
0.289480588310312 -0.0250879901454885 -1.75061449206042
0.285880037162371 -0.0901231921221009 -1.74426768219037
0.2651613498782 -0.119080834072633 -1.75037947694935
0.322174118382865 -0.0264427691148025 -1.72716757864961
0.304730447287815 -0.0589999169633828 -1.73676191864581
0.315980380796072 -0.094519638272779 -1.72188723057784
0.34531279380078 -0.097933724690832 -1.69702802170395
0.322989320478482 -0.1308174325083 -1.70627515874537
0.26753107207998 -0.154067114842766 -1.73780049433498
0.326761585356595 -0.166837042865017 -1.68948004614258
0.297088827553707 -0.162028780940119 -1.71477281190685
0.267296673109032 -0.19031767665443 -1.72304805491455
0.265448172902284 -0.227351401250095 -1.70519785001268
0.355960013067137 -0.1693160210523 -1.6618422377621
0.32895741089431 -0.201670094371534 -1.67058670250813
0.332409979952116 -0.266299313757961 -1.62437467255084
0.330747342556436 -0.234838367872138 -1.64893763974274
0.360375696829099 -0.23550667915467 -1.61854936655136
0.298941768572584 -0.232523520212638 -1.67779919011992
0.266725204528253 -0.261867442196125 -1.68264313136642
0.273945593408442 -0.324882468292938 -1.62546748298557
0.274919431733213 -0.353092337149299 -1.59500547769186
0.271171238730077 -0.294438618594128 -1.65486899293516
0.303410305395604 -0.295964484783514 -1.62692900949697
0.3334530986276 -0.296090883643102 -1.59737527514391
0.27009200097041 -0.424342655679708 -1.49871478396752
0.267082339716477 -0.443654534480614 -1.4651604077467
0.274383116192365 -0.379063951555619 -1.56366250365424
0.272661357556395 -0.40281022935049 -1.5315440831632
0.299973429501572 -0.399880000480376 -1.50531382191093
0.329148050280599 -0.374277100466966 -1.50841520036497
0.325407203819175 -0.396248452571522 -1.47744032669078
0.304301621119792 -0.352088803035537 -1.56791004896481
0.361244721314574 -0.29514115068261 -1.56627988079056
0.333303860274204 -0.324107868731626 -1.56872573487203
0.331839648570551 -0.350206095195584 -1.53894792557862
0.35732798452165 -0.347687247634973 -1.50821769689674
0.0208948178950383 -0.540381109864512 -1.40064379689939
0.0872497538551407 -0.544071652277308 -1.36519992545703
0.0544277822267491 -0.543300215390815 -1.38325330180374
0.0237840409066497 -0.551565206748597 -1.36084119642856
0.0271913522364669 -0.560799902049908 -1.3203747815523
0.119281888607427 -0.542773945528774 -1.34665117901314
0.089720667143996 -0.553327669396003 -1.32509415516353
0.0966780674894603 -0.566053550048681 -1.243145692746
0.0928192563660576 -0.560634336792823 -1.28441490704836
0.124491713480738 -0.557426753900037 -1.26634036408484
0.0603496302781056 -0.56178056355297 -1.30255091788538
0.0311731456070922 -0.568142899730191 -1.27936932159624
0.148910902239453 -0.530151000804189 -1.36688416939066
0.15051769451634 -0.539466634440287 -1.32780160964612
0.211028259433766 -0.526893842265486 -1.28975945779163
0.181040979368873 -0.534177676803379 -1.3088234624962
0.209272255937163 -0.519774731923994 -1.32713388519514
0.152640343932245 -0.546783819688919 -1.28845670987374
0.155287922272977 -0.55222844800124 -1.24881522304123
0.23603287785522 -0.480714977887101 -1.4177110750367
0.20746149203112 -0.499025882615256 -1.40253654376001
0.207934750264126 -0.510578066627108 -1.36487049616249
0.236740391768288 -0.503817846435153 -1.34353724518647
0.178382925049304 -0.515534913741665 -1.38555442568511
0.311261176443108 -0.448856339361742 -1.3839411014441
0.315854772461717 -0.433671749160521 -1.41523466968807
0.33674224344835 -0.428399968331324 -1.38861816039416
0.292509667616953 -0.438989715861486 -1.44060165498043
0.264239827722707 -0.460666914993124 -1.43071762835078
0.320856661697801 -0.416067313214804 -1.44631027316915
0.348715991001524 -0.392364060676739 -1.44770900698654
0.311653515947144 -0.459647534190644 -1.34965256778801
0.287622550597069 -0.468207727770071 -1.37211099556329
0.262929565936335 -0.486558210872511 -1.35844567513266
0.265163554613747 -0.495060738492017 -1.32162000415685
0.262576177674614 -0.475097183345715 -1.39507684465377
0.364830355260775 -0.0641290537765703 -1.68632585476312
0.373679101233667 -0.100222512090455 -1.66974433371246
0.33804161165284 0.00709573757924685 -1.71534830067027
0.352935536352356 -0.028180833948299 -1.70157351593189
0.381934261718579 -0.029774960151754 -1.67382766551068
0.39676461513638 0.00485822431685694 -1.65941989239659
0.409177364426429 -0.0310452680355478 -1.64398445416193
0.400759512277311 -0.101552519200323 -1.64017331363195
0.379838048114403 -0.135812878288784 -1.65173508458109
0.434583531944144 -0.0319760637434062 -1.61216692599921
0.418951268751813 -0.0668545247799134 -1.62701281396274
0.426238940344164 -0.102162459647942 -1.60851824348866
0.44987337667764 -0.102252519148369 -1.57501406165791
0.431296234051518 -0.136604125405378 -1.58844692662623
0.383908867384095 -0.170349603252841 -1.63202622338732
0.434396966761605 -0.169906962700533 -1.56673183700417
0.410143665974728 -0.170443341017592 -1.60024829195017
0.386442875390353 -0.203497934315923 -1.61035021456371
0.38774200353692 -0.235108203390011 -1.58661354111097
0.45651472331866 -0.168945512347237 -1.53170593571794
0.435758898313909 -0.201896614252175 -1.54335312502887
0.433729845864104 -0.261580111240431 -1.49193151225937
0.43551536508537 -0.232472636713318 -1.51837274909609
0.455854560545024 -0.230676288115102 -1.48236800899617
0.412802408931444 -0.23401000371137 -1.55318146067823
0.387859289602928 -0.265117765378125 -1.56094924319776
0.384279490980893 -0.320091657310634 -1.50513600117988
0.380541387621825 -0.344914076270677 -1.47571342690438
0.38672371275722 -0.293469896988031 -1.53366623222987
0.409809390379181 -0.291402465874166 -1.4995970725035
0.430425632860401 -0.289195739888508 -1.4642196170122
0.401230564168616 -0.34229056449262 -1.44148673345295
0.37556781396804 -0.367895541012735 -1.44574176597426
0.448544672053779 -0.286993844660324 -1.42778243775045
0.425600728815389 -0.315334501041806 -1.43544237888941
0.419208278834871 -0.340075651445394 -1.40580215142325
0.434493460889484 -0.338238301857437 -1.36914440296512
0.411089970424279 -0.363609268645945 -1.37551134599765
0.362012780050544 -0.408477526791436 -1.38570709259767
0.352756864503721 -0.426717410762297 -1.35681383026971
0.369410960673177 -0.389043899042358 -1.41558903953578
0.386843721270003 -0.387024739150809 -1.38104325254414
0.400842683314767 -0.386305463346133 -1.34487187641414
0.0410205296874783 -0.577435833286697 -1.19620051433651
0.0467675660984475 -0.579556090900357 -1.15435686395443
0.0357799468320687 -0.573662775374494 -1.23793518020339
0.0689652525248374 -0.5727024036949 -1.21960403489594
0.101534111497875 -0.569616743419337 -1.20121373408538
0.133312499780126 -0.564476301597634 -1.18348329515871
0.107643261936153 -0.57132235457751 -1.15857716263877
0.12290019698763 -0.569412378424324 -1.07162434814785
0.115026469326756 -0.571189012892205 -1.11529460238822
0.149350276149132 -0.563374290608861 -1.09647018152877
0.0808626442381167 -0.57654765634436 -1.13498495131858
0.0525815361728774 -0.580166212563702 -1.11269769277927
0.158802048550675 -0.555827615421185 -1.2086524359441
0.164146203078484 -0.557376394695073 -1.16771707925601
0.223658924199537 -0.537503588242097 -1.14652103275949
0.194111233890001 -0.548407143021331 -1.15510088449911
0.215832810457885 -0.538720780193813 -1.18142795566872
0.172257321331664 -0.556571866389241 -1.12636500258064
0.183451286963074 -0.553266521196228 -1.08562722018212
0.240679811121767 -0.51758192067961 -1.27032925415816
0.212675250657318 -0.532308804115597 -1.25300434388121
0.214011817885353 -0.53629300143169 -1.21693583451523
0.241596662100242 -0.526056579800608 -1.20177103204702
0.185154998521645 -0.545131784885596 -1.23230403736977
0.268069573687361 -0.50129624335494 -1.2852546138761
0.269927457020361 -0.506335746244851 -1.24967671746525
0.323943499797644 -0.47989857423033 -1.20270887305562
0.2980633704339 -0.493531516982676 -1.22715638083801
0.326457870886415 -0.473483358114949 -1.24022416994948
0.269504088224712 -0.511034588566203 -1.21494506254506
0.265879607306029 -0.516049457510157 -1.18076568260693
0.337421343461275 -0.446259215204538 -1.33222681666103
0.31698087598943 -0.465423188865285 -1.31479794724089
0.322464530078538 -0.469685044420154 -1.27835605402203
0.350716369451066 -0.4527479430413 -1.25906244104721
0.293738256038359 -0.483810499083928 -1.29958377921307
0.36274965401467 -0.428833040674197 -1.32223426956105
0.41214295521217 -0.385999000646116 -1.30804596942067
0.387656352532759 -0.408733461048626 -1.31451970653256
0.370913146923745 -0.431041344213301 -1.28551629053436
0.378173011133452 -0.432346696455286 -1.24698703024259
0.447766350213159 0.00285362357462517 -1.59561771029553
0.458045893411682 -0.0326132979758863 -1.57855029497507
0.498792093998303 -0.0332318638848863 -1.50675679034441
0.479470119696617 -0.0330148475653582 -1.54334058866486
0.490605364711892 0.00141691511867173 -1.52516835593785
0.465912624051296 -0.0676441467166052 -1.55997082264721
0.471496397430899 -0.101970977490433 -1.53990711023438
0.491009487486833 -0.101421512072205 -1.50344426962522
0.474949590797558 -0.135374731558642 -1.51837658191688
0.515983657591854 -0.0333041741223079 -1.46901704093359
0.504682556690812 -0.0673228675554352 -1.48696931180883
0.50837121407934 -0.100672160348567 -1.46586495848806
0.523587753282148 -0.0997638640544533 -1.42739317372885
0.509958187604374 -0.133136033399956 -1.44350346277086
0.476016288056885 -0.198829275524888 -1.47105288074648
0.47382879912753 -0.228723164689152 -1.44539594342341
0.476417117933215 -0.167695261579334 -1.49540729603183
0.494082101389685 -0.166238447783256 -1.45807681588315
0.509537226619922 -0.164612974374272 -1.41995008063388
0.489496589372204 -0.226640070280445 -1.40771026551955
0.469899144982018 -0.257367860556941 -1.41854158459211
0.522852009943873 -0.162824151255721 -1.38124441897343
0.507187395710972 -0.195041163663946 -1.39527661196103
0.502968328573302 -0.22439282506854 -1.36955920279324
0.514393904223728 -0.221914207829937 -1.33115778493484
0.496918354637591 -0.252665397057183 -1.34287635675432
0.489056808282349 -0.279867001117549 -1.31531221164627
0.47765258562218 -0.282488270771466 -1.3530291242288
0.456770216479071 -0.311106683071674 -1.36172843909931
0.447389494997665 -0.336432019330976 -1.33206148326015
0.464230357446272 -0.284799704557424 -1.39060857839341
0.458393712332726 -0.334149600944235 -1.29495304676674
0.435876255990089 -0.360950061366358 -1.30182828383723
0.49870241955894 -0.276759160063496 -1.27762892271036
0.479397091961453 -0.305990541698846 -1.28696792943669
0.467984456164651 -0.330969125223396 -1.25797395418046
0.476456507713423 -0.326714453100342 -1.22109430202353
0.45497278184807 -0.354613396624582 -1.22847956939503
0.42201905674411 -0.384761512323286 -1.27130945363447
0.44074740824969 -0.376537751867915 -1.19857896476128
0.431444328252093 -0.381675427750739 -1.23490526329159
0.405801397916032 -0.407743978197931 -1.24072988597732
0.387817266461762 -0.42929209559128 -1.20996249947925
0.0574609197127046 -0.579507849398654 -1.07159144773772
0.125697825046768 -0.567367039597045 -1.02923035552889
0.0917711578330486 -0.574618370007071 -1.05109326484186
0.0604649094767438 -0.577865263726794 -1.03103283557176
0.0613773921511742 -0.575422659540673 -0.990716088846299
0.116126282450467 -0.558914299552148 -0.903070877430741
0.119732389094287 -0.562466662337845 -0.944133919075403
0.146043329212007 -0.553518565764341 -0.916898440515504
0.0915585865757822 -0.569810558537517 -0.968695939069841
0.060725647819478 -0.572251184198355 -0.950555356667083
0.12306876882768 -0.56531610832763 -0.986238248022969
0.15521077950444 -0.558585121833463 -1.00263316113189
0.229362329076191 -0.52357235600777 -0.905757479785868
0.205958888996817 -0.536644281832793 -0.937949081919893
0.235773235882537 -0.525112332598183 -0.945315204465262
0.175994914171725 -0.546126639320553 -0.928661610058113
0.170896692227836 -0.543052292367684 -0.887650622566981
0.181400278296359 -0.548330614834687 -0.970397115801528
0.188045783522515 -0.549128336694425 -1.01217073710099
0.254589673234481 -0.523639233419826 -1.14686632992892
0.237347569214036 -0.532487210086027 -1.11576840912825
0.269411865533541 -0.516559348449304 -1.05631255049347
0.252861776980391 -0.525419968763344 -1.08596192389655
0.28519482107528 -0.508741946670436 -1.09151913482573
0.21873736086582 -0.540385270708463 -1.08362618724589
0.200396137442181 -0.546593686918933 -1.04948515696907
0.244064645104749 -0.524830093430859 -0.983829040869226
0.264841203470175 -0.511876530194452 -0.952052225319242
0.222439591784992 -0.536484587137446 -1.01613041206549
0.255282323997695 -0.522048632098747 -1.02072215331853
0.286197083341484 -0.506206779997298 -1.02650433414151
0.284261478360176 -0.507841300572777 -1.15505668285955
0.343656263733485 -0.468641605271423 -1.17401798630377
0.313945605242606 -0.48958116856419 -1.16470063471619
0.300620935937043 -0.499457228492612 -1.12747633138798
0.315654558353691 -0.490544420460349 -1.09825209042071
0.383238384622955 -0.439754078054121 -1.0712495151352
0.371625390396093 -0.44982301424252 -1.10569007564108
0.397366529916845 -0.427383294900162 -1.10425564198697
0.34441571292903 -0.470888213963135 -1.10356379370497
0.329720172298033 -0.480888049293777 -1.06790896659559
0.358616901590904 -0.459361438060503 -1.14006350224174
0.372225879046121 -0.446159251619611 -1.17697574353906
0.449610291955922 -0.369807163401967 -1.16201449243266
0.426066622947383 -0.396103388507923 -1.16812128022203
0.411568135946093 -0.412982470232668 -1.13672547444831
0.421518686997021 -0.403731418969248 -1.10011299308032
0.400236129017221 -0.421654595375604 -1.17328546153638
0.555000787459356 -0.0329255867733328 -1.35081936929343
0.544036236204872 -0.0331276888904712 -1.39087533001383
0.55088262623797 -0.000265502237929775 -1.37067765347048
0.534946247489186 -0.066356206705076 -1.40981911745909
0.536704000151902 -0.0987195801368659 -1.38822931951683
0.531052089430714 -0.0332615581424401 -1.43032780422388
0.524946047026861 0.00042794909641137 -1.4496690464857
0.547794411520018 -0.0975546753775032 -1.34854273165926
0.536404936170366 -0.130246422527628 -1.36564441568625
0.564029649209248 -0.032684157452371 -1.31028941895714
0.557000119187347 -0.0649714007694454 -1.33004442159777
0.556953441887427 -0.0962886347951383 -1.3084658224671
0.564285978878361 -0.0949579004856945 -1.26809003824688
0.554941000426689 -0.126784552589412 -1.28619398068909
0.551049360039057 -0.156384031063615 -1.26332404948458
0.543484622482187 -0.158710808478547 -1.30280449600512
0.529947870572252 -0.190506545383706 -1.3178066883946
0.523940461220037 -0.219138609333919 -1.2926738401598
0.534127690790711 -0.160860299734808 -1.34214658050697
0.531769756634928 -0.216032655046285 -1.25423212360694
0.516189171841761 -0.246695482707739 -1.26676600390236
0.556943406115317 -0.153923594276604 -1.22376836104604
0.545373381655757 -0.185020014681171 -1.23991119422412
0.53802354714829 -0.212613490928716 -1.21593246223667
0.542819718688009 -0.208953792393894 -1.17787312300413
0.529142187758812 -0.239037921573531 -1.19124530112885
0.518929476711665 -0.264073335584742 -1.16558197512599
0.513515968989398 -0.268810822963664 -1.20269473679624
0.495958348906289 -0.298079628131758 -1.2125601194559
0.483901896201586 -0.321454089257165 -1.18422532707078
0.506805648601062 -0.273070351583768 -1.24007003767124
0.490299399445491 -0.315389002086414 -1.14732122623302
0.470980801651173 -0.342880106651188 -1.15507597823423
0.523123794911364 -0.258984123697186 -1.12886537495803
0.50765884986907 -0.287398383061568 -1.13866803575697
0.495643243415594 -0.308690356850489 -1.11040195080642
0.500040135478259 -0.301354965144213 -1.07352370421581
0.483140293071562 -0.327799157203711 -1.08092050830349
0.443885675528499 -0.37913863743187 -1.09444755617202
0.430067499475054 -0.394089901991068 -1.06317118319779
0.457555783785167 -0.362122101428039 -1.12513280608142
0.464423331832897 -0.35378123050766 -1.0879398011415
0.470255298775184 -0.344850249638023 -1.05050376426804
0.0569956589545463 -0.564057502159909 -0.871659672647965
0.0542548081275386 -0.559284487834563 -0.833284206975368
0.0591805659745303 -0.568423682357292 -0.91080499809353
0.0863865518802466 -0.562407784657186 -0.887910271668448
0.112206096263614 -0.554826736309467 -0.86299778510846
0.210021135360476 -0.514933867674334 -0.78760007722865
0.217217897293108 -0.518037307052006 -0.82668473187953
0.23877298154471 -0.503766629383867 -0.795902901496907
0.194582136862288 -0.531184347800636 -0.857383325382438
0.165590329944711 -0.539436949166494 -0.847443226354263
0.223490780919807 -0.521023786301836 -0.866080568140277
0.252060285976052 -0.509042549139173 -0.873921101513834
0.097494619766682 -0.540740272265534 -0.747780609715768
0.103014382475882 -0.5456262953634 -0.785477290033959
0.125065120849455 -0.536917030694439 -0.758650167712459
0.0793324744086737 -0.553152219020417 -0.810426999762804
0.0511106938582927 -0.554232477346434 -0.795895646935662
0.107867714758492 -0.550356232755525 -0.82383375085169
0.136651442614221 -0.545806066754016 -0.836212236673741
0.201719256209948 -0.511845532925429 -0.74872568778824
0.18143441777357 -0.524117118547183 -0.778655275923485
0.153085306968916 -0.531410866448021 -0.768985283994953
0.145464582448156 -0.527262969640971 -0.7304234430369
0.159730746018759 -0.535505912615181 -0.807940892838541
0.317548072722827 -0.456253077854505 -0.782002600888235
0.296436490262664 -0.475241920144381 -0.812087711764978
0.324819038937907 -0.458183157400584 -0.821941158737431
0.267617637691353 -0.49054007570114 -0.803859057471447
0.258964032687917 -0.488634132881153 -0.765135909797395
0.274401571541563 -0.492942521056041 -0.842638531877503
0.279817053374109 -0.49554624034165 -0.881691137027018
0.315317692718337 -0.489046746621495 -1.03262393211553
0.302490600744451 -0.494744139573545 -0.996641172140612
0.333665849381103 -0.468820987804795 -0.939171147033749
0.318136192037747 -0.482346531000229 -0.967216238117895
0.342236342763564 -0.466411831104491 -0.974764475540622
0.292404712670927 -0.497493938801508 -0.959294116248165
0.285218345317858 -0.497467796878606 -0.920781357039716
0.355185819245166 -0.459412082775274 -1.00658944153177
0.365882118670108 -0.448311984851746 -0.975621350298225
0.342955888067458 -0.470437181084693 -1.03722627679868
0.369088121887901 -0.450417698554922 -1.03857513500331
0.39345762497325 -0.429294285520986 -1.03634017938335
0.327759628840958 -0.462708539194569 -0.86290147050744
0.350083552351642 -0.442250238789832 -0.838919415327116
0.306043619027174 -0.481171124030024 -0.890650856553392
0.330273126806852 -0.466571758989836 -0.90200521391525
0.352460810716097 -0.452198010233074 -0.916871349841735
0.428090525194219 -0.387434460946765 -0.956220799712898
0.442956844920492 -0.374235116312011 -0.987941118784481
0.447572600157456 -0.364082561019997 -0.950215446365521
0.437195745000372 -0.384223680078691 -1.02573663141165
0.416076947955742 -0.407251694360426 -1.03161196108297
0.456921826800275 -0.36018759632135 -1.01943572808855
0.475243965508041 -0.335209121818004 -1.01302210271291
0.387282467033042 -0.429446328856606 -0.969545649549435
0.371868832608737 -0.439503569459232 -0.940409372031495
0.401850089247448 -0.418925682032556 -1.00022144257393
0.407950059917032 -0.409221309180577 -0.962726542509402
0.411894201644612 -0.400317225397326 -0.924572436708374
0.333587003033256 -0.438547341094422 -0.749385618846677
0.305476084518755 -0.456971843017673 -0.741795298925066
0.280015444584077 -0.457816222718682 -0.662200574652779
0.292813193819625 -0.457552232579222 -0.70180783653253
0.306229419229319 -0.442072444139987 -0.667959917881227
0.277120249846903 -0.47310211923384 -0.734022484433441
0.248767983640995 -0.487039514100637 -0.726268267040041
0.580492298851392 -0.0322581460477734 -1.18670527538114
0.576672082102803 -0.0322730684124155 -1.22817277460018
0.579789281326189 -0.0016008820774253 -1.20681133129852
0.57152021718967 -0.0634134447910244 -1.24867488812226
0.569898204849877 -0.0936301948619866 -1.22746293467329
0.571219194610479 -0.0324455663652851 -1.26938388456647
0.568913723204223 -0.000840219228486141 -1.2894409116183
0.573888845084035 -0.0924218143683101 -1.18658549600632
0.566447151987779 -0.1229956764642 -1.20590685232912
0.582782275689176 -0.0325233989028648 -1.14502501318077
0.579311672590375 -0.0622765105658551 -1.16616876330139
0.576340251354581 -0.0915200376341532 -1.14541066542815
0.577309364511317 -0.0912088168142613 -1.1038500947349
0.571694837768102 -0.119853422015346 -1.1247223630609
0.565520103454968 -0.147155581217943 -1.10448095844686
0.564121130995253 -0.149064791557379 -1.14443671212114
0.554497313954047 -0.178847941214604 -1.16228018966492
0.546255222307408 -0.205181505835495 -1.14017114783773
0.561273642519931 -0.151425427371181 -1.18415400166856
0.539712608419631 -0.221595095971232 -1.04771627437426
0.549302668031323 -0.198232897686706 -1.06641656651788
0.548756929284355 -0.196334291385307 -1.03044223462575
0.548406264231453 -0.201493070676601 -1.10297150346966
0.536724602808055 -0.230257855745806 -1.11733614888776
0.557988750880613 -0.173323958761957 -1.08503065497066
0.565412857337669 -0.146285632479973 -1.06402859569799
0.530007162747242 -0.241360502459478 -1.02321471612818
0.5283380965091 -0.247989243322062 -1.05746879668033
0.515111100294713 -0.274663059151833 -1.06576183424892
0.503778597511327 -0.293068233729022 -1.03677837206962
0.526199526733987 -0.253639140213611 -1.09274557993133
0.500142147829223 -0.28539822028432 -0.934933786984244
0.511315170810965 -0.270682108394575 -0.965154745490134
0.515414533587232 -0.25627267967197 -0.931531979952034
0.507401123213296 -0.283043641944564 -1.00042564658855
0.492094520279332 -0.309430049276687 -1.00663742561587
0.521138527953049 -0.25624540857486 -0.994719368996752
0.533453943506407 -0.229038856242442 -0.990632591707535
0.487542679519297 -0.300394460119953 -0.90419626147701
0.483736955821394 -0.313013957514322 -0.939497433558359
0.466183047741715 -0.339246175544766 -0.944651439276538
0.451431487556314 -0.35355431064952 -0.913081089699738
0.479661232841929 -0.324643919646182 -0.97586846950427
0.0443640592291693 -0.543737053073439 -0.724727370916164
0.0401748831166182 -0.538492321037668 -0.690851051331899
0.0477916490580737 -0.54901625659602 -0.759688999175585
0.0705291667533097 -0.542984290904856 -0.736491581650665
0.0909368733902054 -0.535807035252423 -0.710549030573361
0.164357011057341 -0.516862135809248 -0.701262977291652
0.136657653307621 -0.523162751399815 -0.692167972744624
0.220487393471372 -0.498905426048824 -0.718316072240532
0.192329013351625 -0.508811367382075 -0.70999901663758
0.181917555982434 -0.505855675106257 -0.671451298535012
0.198273941333386 -0.494348073601167 -0.64107659537893
0.170545446267927 -0.50300737815676 -0.633184438440063
0.267116820700796 -0.45785011514951 -0.623024042541546
0.253137847621397 -0.471784319494603 -0.655657616920359
0.225838551399846 -0.483955799911174 -0.648588959364329
0.213516911173115 -0.482422127558929 -0.610103714614233
0.237633181519791 -0.485499657624375 -0.68736134976165
0.0717122404375914 -0.526405828023294 -0.637553387740352
0.0868310677816792 -0.51937828620523 -0.609134308551666
0.0563736037401892 -0.532806652737352 -0.665012078474987
0.0825459270211403 -0.530983416290228 -0.67367983314742
0.109343053607992 -0.527826040274537 -0.682881045110919
0.158308454018291 -0.500278592081972 -0.595330365539702
0.142717081417123 -0.510001239286541 -0.625035042756079
0.114818403191717 -0.515418396528027 -0.616868780312953
0.101886870635055 -0.51178851856002 -0.580145988266711
0.126463761310766 -0.519199501728197 -0.654261119770383
0.227781178770203 -0.457402812856671 -0.508295136234089
0.240965508995906 -0.45759827359222 -0.546066948775979
0.253298064377968 -0.444852098157505 -0.512924586197247
0.227723768882383 -0.470148821763426 -0.578454132093752
0.200774828822571 -0.480916441221139 -0.572022046580097
0.254097469059635 -0.457755272350186 -0.58430778439572
0.279783079054091 -0.443740745667786 -0.58943030774944
0.360006051712522 -0.417756554464826 -0.751421612008703
0.345328592492393 -0.421874027426356 -0.712008927461035
0.364553194599678 -0.388904749710056 -0.63699540145703
0.355456931030076 -0.40538987485431 -0.674414299349873
0.378254107786795 -0.384517957334514 -0.67485894529227
0.331438063827211 -0.424596072052085 -0.672214390039831
0.317949934644047 -0.426565253212148 -0.632699237889636
0.372890511303049 -0.433734049613692 -0.903429791305783
0.414599254758494 -0.391608415937471 -0.886616680812734
0.393679475025149 -0.413602353996888 -0.893679558330921
0.373017749504533 -0.427654950761543 -0.864697923495418
0.373342732822062 -0.42038183400776 -0.824418624084446
0.435196182528622 -0.36778807377915 -0.88129533531908
0.417324595534632 -0.3820434225376 -0.849493908310979
0.425288017543899 -0.357972659310698 -0.77796053305814
0.420865781496732 -0.370880710657762 -0.813372245947646
0.442123758503133 -0.344663443810431 -0.809894056727226
0.397868888263361 -0.396146112960919 -0.817803731520896
0.377456134744418 -0.409331537273702 -0.785943618770999
0.45835843245809 -0.330321526625817 -0.841567766737644
0.461676436121801 -0.317451804208201 -0.806917167283412
0.45494477773328 -0.342363321050273 -0.876865838993604
0.473571392679753 -0.315457994131893 -0.873035437263873
0.490952422853219 -0.287105606338833 -0.869873818534267
0.392874886959643 -0.378225997383389 -0.711127449207164
0.399751658049357 -0.362274325844359 -0.674627471052714
0.385302973762313 -0.394080137431447 -0.748211180558724
0.408633651585179 -0.369379970938891 -0.745315696716734
0.430050463299491 -0.343825976350222 -0.742935843704404
0.304638812808729 -0.428127254461541 -0.593619753252574
0.291359298716745 -0.429494772407729 -0.555000306740383
0.311723767346278 -0.400939500079657 -0.484243689028024
0.30199360863268 -0.415184716320976 -0.519902796820491
0.325076386967489 -0.398070519759439 -0.522174231635005
0.278054946888184 -0.430777143781929 -0.51681661495248
0.264749401693933 -0.43201290806825 -0.479037988422534
0.328531274903063 -0.410946974411872 -0.596687333032483
0.373004280371169 -0.372198709992348 -0.599682340987115
0.351355820081703 -0.392255732281668 -0.598609274020496
0.33827811043007 -0.395200645970721 -0.560287103024755
0.347295348629263 -0.379405571127493 -0.523701071732269
0.581531815505589 -0.0362189988307409 -1.01972639979149
0.583183695378645 -0.0344437412174125 -1.06135099485293
0.583579942500383 -0.00572934980371225 -1.04026575231999
0.581103273092973 -0.0628592858405003 -1.0825693665006
0.576823250814819 -0.09187350689628 -1.06180808972526
0.58364357248494 -0.0332118273362173 -1.10319730577036
0.58436631245227 -0.00306855513969388 -1.1234255909076
0.574896810747008 -0.0938972113502475 -1.01926537914845
0.570923152473698 -0.120118169143021 -1.04149270387951
0.578864346879523 -0.0382407569781976 -0.978709727258305
0.577556838212902 -0.0667455184934273 -0.998378312084204
0.571586737715674 -0.0974042837382566 -0.976347018723217
0.567128570505271 -0.101697829752424 -0.933451071998197
0.563570099659852 -0.128374740366035 -0.954598227848674
0.554064363206034 -0.159803767599539 -0.93990838585328
0.559809082575839 -0.151906430541477 -0.981087291291798
0.554956292099744 -0.174268199299079 -1.00682538814166
0.545054384460882 -0.200803157222949 -0.994495022485541
0.563581953452639 -0.147532508012756 -1.02279352607167
0.510001832165687 -0.230475474089484 -0.800455739330747
0.522799198542415 -0.212475610410517 -0.833689817262198
0.522402218681288 -0.200390173863904 -0.798877434898382
0.519129726408811 -0.240898652849974 -0.899166208542834
0.521724787976818 -0.225994447862579 -0.866914720961437
0.507029458983754 -0.257285151752132 -0.867703347461418
0.534868088345504 -0.19333706647593 -0.867609801719273
0.545832672408401 -0.173906328355874 -0.902699800922905
0.54608953469087 -0.159718126319816 -0.86888315629821
0.53830370603953 -0.211779892015212 -0.962071181031018
0.542637439283264 -0.193002292070665 -0.933125400406771
0.529632092124024 -0.225411287262352 -0.930519435550277
0.455489412806097 -0.288770047540424 -0.67132440667476
0.469221818028342 -0.276277769872906 -0.702894022970767
0.470206887862343 -0.262722375009037 -0.666523457558981
0.464731296196784 -0.303963149069417 -0.772523829799608
0.467309374185088 -0.29014547786348 -0.737991690484293
0.449628946049586 -0.317374469829557 -0.74061446038311
0.483020739462572 -0.262425025685272 -0.735101037311466
0.496680799024361 -0.247147284615805 -0.767632695388639
0.496804628536188 -0.2344354508553 -0.7321837432459
0.493728249431128 -0.273587441747234 -0.836067464828756
0.495665593079169 -0.260207129257716 -0.802161688353589
0.479533783329352 -0.289264232331236 -0.804322035101304
0.0136206275707976 -0.508179103361 -0.501233761899441
0.0282497736489783 -0.502322610902361 -0.467239168868791
-0.000452427360860163 -0.513753986131867 -0.535083023022902
0.029111616912589 -0.513114478977172 -0.535125389789568
0.0586632675735224 -0.511308444677494 -0.538431200597346
0.118720370706203 -0.492399599599215 -0.485010861654306
0.132055979753199 -0.495048160434593 -0.52123813347637
0.147073525370613 -0.485918403838026 -0.491237887250403
0.116958253298971 -0.503675067290913 -0.550831237703947
0.0880293487643131 -0.508206402054824 -0.54406464076638
0.145384597803477 -0.497645838035974 -0.557999960306389
0.173320175309283 -0.490072391216846 -0.565148078730304
0.214658461604055 -0.457156028856334 -0.470949625440788
0.201560821194929 -0.468425695290443 -0.503040349171414
0.1746645592706 -0.47792726321983 -0.497301917723204
0.161785550925329 -0.476339605240073 -0.460627444897269
0.187754791358056 -0.479431281924552 -0.534416099019551
0.0736825338028963 -0.504539681077726 -0.508369973236829
0.105937698591713 -0.489600750303016 -0.449218631550143
0.0895005578809543 -0.497343322898641 -0.478778776081792
0.059312828675978 -0.500677989699515 -0.472702589596288
0.0457487322884163 -0.496553109574378 -0.436797186162918
0.0768289344456638 -0.479645122599788 -0.34102790037049
0.0849792261141599 -0.483163930381853 -0.377766920707457
0.101841393402222 -0.475899123506544 -0.346753468982264
0.0661534408118876 -0.490146399703099 -0.407790342036097
0.0375352548389303 -0.491943363294461 -0.400585109011816
0.0945330893015892 -0.48653113904693 -0.413645213659007
0.122318141588298 -0.481315627885463 -0.419069878926325
0.17737539601815 -0.455685355904908 -0.360048924220838
0.189261878253715 -0.4563423615491 -0.397037668797751
0.201687357323932 -0.446252064731486 -0.364060051992363
0.175920940053351 -0.46642824108883 -0.429246833632843
0.149450032941701 -0.47459718260682 -0.424264957237501
0.201755626364039 -0.456819523882238 -0.433926656468433
0.226967536506346 -0.445750049817176 -0.438120805690154
0.225591500256679 -0.435423979689146 -0.367710850555444
0.213171451274728 -0.436335019500964 -0.330614413884625
0.251512892268002 -0.433206436467954 -0.441638279887728
0.238429717146186 -0.434350521247133 -0.404573362991809
0.249003491209732 -0.423102262377299 -0.370298210676005
0.271684090193377 -0.409369852154657 -0.371713756153217
0.258561095001492 -0.41217635472927 -0.335003415272329
0.275313724663631 -0.419207021963368 -0.444402079634517
0.320520272412104 -0.38693144928426 -0.448042622990107
0.298319001380528 -0.403780501110452 -0.446488029087234
0.284951790377258 -0.406584570775977 -0.408947212049876
0.293599732144808 -0.394325523569769 -0.372551748240955
0.368683600040008 -0.359114663860441 -0.524663207907297
0.355407649394639 -0.36386076764488 -0.486972329437548
0.393302785571154 -0.351150121671074 -0.600698438506104
0.381205635293022 -0.354957955182367 -0.562440558497672
0.389374012082112 -0.336994271774013 -0.525419515828782
0.409789854511955 -0.312413149056838 -0.52669989458622
0.395674469386381 -0.320357221232438 -0.487955502632031
0.418741404478255 -0.312584741392137 -0.570976955879011
0.42685333420375 -0.295042895369355 -0.547859363116102
0.40600875447855 -0.346269013319119 -0.638671360432516
0.412011740520912 -0.329959244923995 -0.603535580662788
0.429369130427893 -0.308387519133554 -0.607511087135346
0.441903268760532 -0.300293638009018 -0.64112786015112
0.444614864847294 -0.287224988531338 -0.610787050706899
0.434544948237409 -0.329192092876307 -0.708257647282356
0.438522000375561 -0.314540726682658 -0.674128962468837
0.419855109431362 -0.338961214988258 -0.674533136149199
0.314854293596966 -0.377949659982791 -0.373334133509287
0.301298297404702 -0.382594816727805 -0.335337430998742
0.341909393828947 -0.368637817800493 -0.449172295483419
0.32837585448071 -0.373326961335017 -0.411283394778439
0.335380539625825 -0.360228761073975 -0.37400400782389
0.355041260595718 -0.341188015663329 -0.374365368052879
0.341734281307926 -0.347643511037132 -0.336343207858088
0.362433422864536 -0.348879112556228 -0.449896111058548
0.400142759184086 -0.3051229014011 -0.448725200592677
0.381954366149338 -0.32767488395938 -0.450051484680957
0.368431941787447 -0.334573531225767 -0.412254568305001
0.37367637912979 -0.320881849132814 -0.374152096069689
0.578597357366264 -0.00870756235389079 -0.959361543802233
0.575433591232678 -0.0396603122063617 -0.938800086559898
0.567151695282507 -0.0380074365244422 -0.862357730774503
0.571484076240645 -0.0396415169025251 -0.900103380867672
0.570841611471807 -0.00900085249118947 -0.88256240236001
0.570205838652715 -0.0707500298866799 -0.916771486187544
0.562855678194392 -0.101451233202118 -0.892842372091059
0.546313039042319 -0.111935779429155 -0.784729159896341
0.554631209741174 -0.0899067236972056 -0.813710585600839
0.550106329764499 -0.0833800156618894 -0.775735122560183
0.55889445663627 -0.0960369288364676 -0.852703792639676
0.553953405995206 -0.127634806737962 -0.864297515560099
0.561674335299628 -0.0652364353813978 -0.839612973859612
0.562497000110006 -0.0352894562732897 -0.825435674106983
0.532621341875645 -0.170457053852142 -0.796373371412534
0.520921620401123 -0.189129810942225 -0.762691345188966
0.543710188531698 -0.150045978234258 -0.830394990210682
0.540555127143422 -0.14097247836155 -0.791791298199832
0.537018450622531 -0.131734488813481 -0.753616383703486
0.505331053258627 -0.182283661233969 -0.656236961800154
0.516421095956493 -0.166567332622933 -0.689031962704217
0.513930725244189 -0.154543758791337 -0.652530622529855
0.518822779408448 -0.177999418658315 -0.725886426010795
0.508740009386031 -0.20626253835117 -0.729251480378789
0.527006045947153 -0.149812977107712 -0.721536565527155
0.53331660847931 -0.121847350162316 -0.715957660081227
0.493761282351169 -0.197145502662387 -0.62303982970513
0.495014762506866 -0.209728965531203 -0.659208860532052
0.483167594623998 -0.236633306682399 -0.662125643878579
0.46964178060727 -0.250418001881451 -0.627609213182543
0.496150441973231 -0.222034801347613 -0.695835901703429
0.469197969370001 -0.237851765698081 -0.590009909736989
0.45470849952021 -0.264779764853497 -0.591633173076627
0.492636208302778 -0.183961361422526 -0.587771656009497
0.481751434917989 -0.211151894699764 -0.589106298857972
0.469614317097581 -0.223526933134987 -0.55355906712526
0.470117072048296 -0.209211640569324 -0.519046474464274
0.457636736030846 -0.233576015895892 -0.514780259032175
0.442146837323573 -0.272657461204345 -0.550880934752255
0.445614510506027 -0.243815433254879 -0.477777267943462
0.443668632000115 -0.259004305958415 -0.515011152743377
0.427736683210581 -0.284657309603904 -0.516033966150277
0.41704802955257 -0.281079666927662 -0.445873478900528
0.0687544713021636 -0.476291998608112 -0.303453574058786
0.0528632564622347 -0.481828231566309 -0.334125566809741
0.0305988182117259 -0.482565404373473 -0.325756922156044
0.0226052506833211 -0.478877280895737 -0.290381009047839
0.0340333524476245 -0.487006569018053 -0.362613110471666
0.0488460710926911 -0.471136355151552 -0.230354241313584
0.0631896588408412 -0.466900051754241 -0.198777808488369
0.0353473838274804 -0.475138762276571 -0.261127544216862
0.0595436907290123 -0.473425252154093 -0.266163192534496
0.083477514487452 -0.470604704946148 -0.272006422353416
0.0889725181837041 -0.463225257781653 -0.202750907747455
0.0785362720431273 -0.462391150392294 -0.166891496844664
0.107273892818436 -0.466622782246244 -0.278214185088341
0.0980238434765456 -0.464744848988065 -0.240163660850969
0.11365048802027 -0.458474394330604 -0.208221159526438
0.134113120087567 -0.454015927229035 -0.218707894500305
0.135243415557837 -0.450500479597482 -0.179268216665902
0.137924898687749 -0.472668442348782 -0.388023169237165
0.166160169561573 -0.45491480051028 -0.32299972343471
0.152531128696952 -0.463831178338979 -0.356035670807952
0.127242248169288 -0.470607612963175 -0.351702131031722
0.117134871089264 -0.468551349917517 -0.315158806519092
0.144742557954794 -0.453879309135407 -0.25097251925697
0.1550071271733 -0.447096787670743 -0.214047086554152
0.131372565081408 -0.461198441306468 -0.283307341068692
0.155409801388013 -0.454230859992053 -0.286349463114386
0.178885433464377 -0.445987896204801 -0.28857730502809
0.201819916570774 -0.436725808960674 -0.292033882425641
0.19125289641791 -0.43702220579893 -0.253270203754819
0.21709619006175 -0.418526696210809 -0.184254110540819
0.204832301113111 -0.42752731313009 -0.218673832129469
0.23151470963295 -0.414614344918505 -0.22537734367865
0.179468041099381 -0.438215918877259 -0.215357696271909
0.164168633526098 -0.441011581731346 -0.178338319552852
0.223763550071 -0.426792174850638 -0.297506908894719
0.266461823807326 -0.402002714265366 -0.297511862422467
0.245668183133075 -0.415054176203386 -0.299412127190249
0.233401194463068 -0.418008754226282 -0.266713338973071
0.241823416014505 -0.405137010576649 -0.185623353619725
0.287527559084547 -0.387431076559095 -0.29730201425971
0.273071979046896 -0.39279910014129 -0.259337430475444
0.288056524688484 -0.374123403932088 -0.184155029107333
0.279940901443073 -0.383778106987136 -0.221700558403081
0.301520635906851 -0.367363428821731 -0.221975371583869
0.256917522284062 -0.399347264328519 -0.222190312587273
0.252112906188007 -0.395967021988057 -0.147084475716324
0.308309602081485 -0.371417097283685 -0.297705028721178
0.347696131005754 -0.335490528509673 -0.298494813287277
0.328440505826951 -0.354073487616755 -0.298206893888113
0.315060025581256 -0.360616975529641 -0.260031597633894
0.321936917035678 -0.349933354527958 -0.222459726093574
0.378467497473911 -0.307694473586221 -0.335895054433282
0.365923400580897 -0.315746853094412 -0.298345397270771
0.404011661078274 -0.290582048482456 -0.409935507695112
0.391157742145473 -0.299363552330227 -0.373149365522858
0.395108387605561 -0.286018656119106 -0.334663943888134
0.410462467331929 -0.263327494513229 -0.33266633161855
0.398872050723302 -0.273075518076521 -0.296210440518353
0.446645402048187 -0.22967146585698 -0.439426737536539
0.432662014936919 -0.255708537968835 -0.442562295319618
0.422252050276769 -0.253025566807149 -0.368637292864302
0.424427941948962 -0.239749947425505 -0.329854459461959
0.419886876205116 -0.266713374887538 -0.407336396056373
0.353507767818271 -0.323645394256014 -0.260611090107019
0.341221755930931 -0.331465169686483 -0.222793163725266
0.354569412210029 -0.309206447773024 -0.147404230717915
0.347810196141196 -0.320302714438611 -0.185131899813558
0.365263939036977 -0.300490353088734 -0.184890867483827
0.329120782628478 -0.339206433968138 -0.184981037906558
0.317329695247876 -0.346799253386653 -0.147210362036472
0.376251168693212 -0.291574080032873 -0.222235068412047
0.38149158728369 -0.279793844317507 -0.18424860558203
0.371084530332396 -0.303545372184464 -0.260271488135948
0.387465456995594 -0.28245361614216 -0.259368925840665
0.402597133696024 -0.260430209082756 -0.257861440953809
0.561435931648668 -0.00625768974111375 -0.809720673611383
0.557602952304454 -0.0321506789308067 -0.789521567274346
0.547531825322361 -0.0243999438466364 -0.721191970739264
0.552578595919137 -0.0287321865118424 -0.754775013047674
0.551457295907822 -0.00321379654839362 -0.742425521874943
0.552143413595255 -0.0555516082873831 -0.765656775879329
0.545434897472005 -0.0760770503061859 -0.738537938888654
0.529595514641439 -0.0707991049693841 -0.637197049689841
0.536274418953449 -0.0558884950245226 -0.666575338430119
0.53189820544223 -0.0425940315047033 -0.632637597535616
0.540779740831713 -0.067128913340435 -0.7020223041205
0.537856266284053 -0.0942355027062914 -0.709299492796559
0.542290082402282 -0.040652258700483 -0.694803354668423
0.54270292084643 -0.0146400691407487 -0.688899488264045
0.529603139196437 -0.110922686382054 -0.678908200992437
0.522336440139718 -0.0855714723316333 -0.607119038358784
0.525951352345131 -0.0987865232872797 -0.642604449413206
0.520778204851875 -0.126687720355067 -0.64790791589005
0.511453068124557 -0.141800678297152 -0.616581969460352
0.497580125757667 -0.129622605006016 -0.515011548057607
0.506299946575107 -0.114978489623339 -0.54594400957872
0.503439456130226 -0.101758380997051 -0.511048234221131
0.508947267088407 -0.128479370993181 -0.581108401472406
0.501706209726907 -0.156330521825213 -0.585077218065267
0.514558815389506 -0.100291176349366 -0.576653385209925
0.518662379270276 -0.0716509023086025 -0.572353196650724
0.488374553930709 -0.144390756217421 -0.483920198266348
0.490332062400908 -0.156649826476981 -0.518968817052622
0.481610941158709 -0.18294388282439 -0.52219842096118
0.472144933220415 -0.194048373469877 -0.49243514463065
0.491671959076295 -0.170147659783163 -0.553509903138745
0.458160477338667 -0.203545838418719 -0.432611155317431
0.44685750242413 -0.216594773854136 -0.399455455216028
0.448020653724069 -0.19031617310431 -0.322082912206565
0.447344883257294 -0.203436251546664 -0.36041300943821
0.457631732403195 -0.177579950687713 -0.355272655934124
0.435579229726929 -0.228577199452552 -0.365012532042306
0.426633354155182 -0.226700110753199 -0.291303568554979
0.486124297381473 -0.133024942646747 -0.448926428210853
0.47847064476613 -0.160224964179082 -0.453314524870975
0.468157534742412 -0.176094512287877 -0.423690270895332
0.467239303906519 -0.163763677083731 -0.387097867609931
0.469399237162602 -0.187511445057717 -0.459635325253953
0.00954652448778387 -0.46352712223607 -0.0644014107127001
0.0225174002738375 -0.462504291022406 -0.0303965493380285
-0.00433519670622697 -0.464598093407142 -0.0977762311967545
0.023582998362963 -0.464262874958222 -0.0977034541574929
0.0516079055254303 -0.46225799554436 -0.0981620542218364
0.0799478137248868 -0.458482594791777 -0.0986052031398375
0.0644025482185556 -0.45965363967311 -0.0650133143404499
0.0813733897990833 -0.456170258163368 0.00440381521675713
0.072639448978315 -0.457793539230631 -0.0308851401255232
0.0928097862403815 -0.454252194111502 -0.0248371643749674
0.0482022406335115 -0.460775890668716 -0.0307505865994492
0.0348650672273081 -0.461629751400783 0.00438783214802167
0.093702219688816 -0.45772549406762 -0.134670531622115
0.135646571140994 -0.44600909414411 -0.104913718798937
0.12178635283154 -0.451589138736647 -0.139370974142839
0.107829186185207 -0.453107780814107 -0.101304810816812
0.112690412582438 -0.450013389076095 -0.03209595323466
0.165753518890684 -0.433569310060084 0.00443473599005187
0.157462621308527 -0.4368487291565 -0.0333899551621223
0.176008314735524 -0.429817058458078 -0.0266003649723475
0.135326206049883 -0.443974925660851 -0.0333817714775816
0.124609134678705 -0.446722072070215 0.00441976332485144
0.148759130301942 -0.440641441108281 -0.0698712339785562
0.162912013242826 -0.437088940273796 -0.105513204306928
0.189146000087075 -0.426723978700502 -0.106708033272047
0.194278067582655 -0.422174007889438 -0.0338664444383201
0.176672746247959 -0.4338569459905 -0.14294904168484
0.202915279266415 -0.422641412578187 -0.14523066053897
0.214713523404545 -0.414861021842189 -0.10925157448779
0.239041284632653 -0.401645019161515 -0.109829085860204
0.226342329716033 -0.407239969928012 -0.0726855575746001
0.245530963331398 -0.394866105594019 0.00446489384735344
0.236415440983603 -0.400604282728784 -0.0347659158531654
0.256336386023446 -0.388396838428929 -0.0341462667915354
0.215378030889546 -0.412055174850057 -0.0346557874483336
0.205675725177882 -0.416565314105462 0.00444998556102804
0.262508323410811 -0.38690917981477 -0.108298845314
0.296738451753889 -0.364257219380905 -0.146531091479714
0.27501483052533 -0.380644700547146 -0.146337244468232
0.273046386794997 -0.377918464610253 -0.0679237792219107
0.272766565227625 -0.377134124619553 -0.0269575380749576
0.306043915813911 -0.354128102247746 -0.109457922702282
0.295680116702811 -0.360936202277531 -0.0717757855327491
0.316636183448103 -0.341515901595668 0.00449135696843179
0.307150202932739 -0.35028857980049 -0.034303330093328
0.325403192515608 -0.333658740318334 -0.0340894499693547
0.288825075608636 -0.365304401883433 -0.0339327143808556
0.281754038596874 -0.37035404152976 0.00447801957204646
0.334491675356088 -0.325864461304821 -0.072103959301226
0.34302274094683 -0.315780679267084 -0.0338597948045597
0.325839153617992 -0.336306585654684 -0.109868128086489
0.344266526839361 -0.317687270999017 -0.109815482077847
0.361455098054186 -0.29823744101269 -0.109533701730353
0.396492709382773 -0.258232944583778 -0.183203782498741
0.386830273236439 -0.268207736858546 -0.146319603844573
0.416435570553843 -0.237533014028405 -0.255747385326243
0.406377864107858 -0.248018640842565 -0.219693709356493
0.410256932077797 -0.235823758656047 -0.181757281986296
0.422764962490308 -0.212578245476227 -0.179911557553458
0.414242349906447 -0.223868832508776 -0.144088252535728
0.448852822495518 -0.177255452500185 -0.284215474936766
0.438446988375513 -0.202321476745717 -0.28793080358611
0.431393171342148 -0.201085926734662 -0.215201390400597
0.433985591942657 -0.18851075746475 -0.177669589026768
0.42894519723494 -0.213818244231788 -0.253081001346158
0.37745431087707 -0.277950958697644 -0.109080879270844
0.368424183565167 -0.287475526721736 -0.0715226821036921
0.382689938000817 -0.266613259219559 0.0045156210609306
0.375479429977298 -0.276956025400575 -0.0334631259240893
0.390085674035008 -0.256242830608949 -0.0332562725751635
0.359761231860139 -0.296837543656936 -0.0336586266048797
0.351386100738295 -0.306200382697505 0.0045041555965277
0.397819887558052 -0.245717915374963 -0.0707013951632779
0.403509444976827 -0.234805241824443 -0.0330366088194681
0.392271094365477 -0.256842230663476 -0.108464011561603
0.405895779446455 -0.234930105627692 -0.107679850813526
0.418316307870074 -0.212218218098796 -0.10671270277942
0.54300071571763 0.0122053872376854 -0.690175082008226
0.538243152595361 -0.000333221002157653 -0.660358908357924
0.527854737424587 0.0302592559962818 -0.602712258574108
0.5333335531185 0.0148486447649681 -0.631835772105828
0.532623662774504 0.0434949355485713 -0.636898769343553
0.533093360363195 -0.0139889265714368 -0.630425730694002
0.527450487103874 -0.0281070578139075 -0.599896586627515
0.486695106226172 -0.0828736632131919 -0.375032689264854
0.493597556706289 -0.0667460697286971 -0.407097797424742
0.490104676479182 -0.0562429153410383 -0.371826621871885
0.500360751545274 -0.0891766976929824 -0.476432206162782
0.497057407201135 -0.0775702251671388 -0.441922898625648
0.492333690958292 -0.105492345599342 -0.445228482385479
0.500219129600589 -0.049398507108616 -0.43876244412891
0.506412662085467 -0.0301384231490065 -0.469662924719738
0.501675494334396 -0.0216364398189781 -0.435044053401807
0.521342188272795 -0.042547116986998 -0.568950767893124
0.514822056371409 -0.0574635626672508 -0.538042705657764
0.510746102251531 -0.0434116483798 -0.50387907955558
0.511990300492767 -0.012944023154203 -0.500934373964652
0.507857247281834 -0.0730366423914844 -0.507297934713435
0.483914178142209 -0.121471767330732 -0.41381045324064
0.479641098683019 -0.0979218370914484 -0.342661653178799
0.481739632056607 -0.109785447152945 -0.378391567828887
0.47524867432366 -0.136784965729083 -0.38227405156347
0.466467435069329 -0.151177857082642 -0.350375165162999
0.457827422541619 -0.151625297679389 -0.280458393452853
0.449847366172083 -0.164227473578181 -0.246679069855916
0.452362904601509 -0.138164559321338 -0.172415961780527
0.451016259398664 -0.15120160107791 -0.209419859150011
0.458708519951556 -0.125403410250495 -0.206578866924175
0.441900158351993 -0.176467186490884 -0.212382746517117
0.436710211320876 -0.176143233874391 -0.140504846507026
0.46534425860415 -0.125595166975476 -0.276929475793279
0.465051487686724 -0.112511337967221 -0.24038355000491
0.465825934585261 -0.138464469096339 -0.31362862034561
0.472509630038319 -0.112101989366484 -0.309991126140713
0.477693550617908 -0.0856983197866789 -0.306774941635247
0.429525893658148 -0.188664130090563 -0.105489854947444
0.422435874104009 -0.200988814340454 -0.0696142307091084
0.430934577030613 -0.179697648746225 0.00453383256085276
0.426551101565378 -0.190325803536344 -0.0326219308198805
0.436016871972504 -0.167775562008446 -0.032417056901912
0.415686987295897 -0.212771999556028 -0.0328180716572443
0.409439591436109 -0.223943354350583 0.00452552877399724
0.44225876089668 -0.152991965034732 -0.0675696142894311
0.443929722081731 -0.145803511411383 -0.0317277671916013
0.439519501201946 -0.164135796325075 -0.103757999925836
0.445995387474505 -0.150968351003749 -0.138000930688955
0.453880599968504 -0.125128618054488 -0.135663525267507
0.500923328622431 0.00216776244750489 -0.426511670379987
0.496824617588166 -0.0130653987682863 -0.398728444253332
0.484513381009123 -0.00743453073865362 -0.29913576999173
0.488140069996722 -0.0196679381736751 -0.33352521888577
0.488161480496182 0.00500119248460651 -0.330472988697519
0.491975796786724 -0.0301719945556339 -0.368368970635667
0.486751562808008 -0.0452991392525732 -0.336389103492362
0.473064653343867 -0.0456840012293807 -0.200880237898253
0.476920103359826 -0.0328096337185862 -0.23407851473391
0.471808164051126 -0.0313831129866527 -0.166754518147865
0.479061263860203 -0.0465044077258023 -0.268655920234212
0.481389657868386 -0.0593915414735371 -0.303871811976774
0.480743605732666 -0.0200575166395149 -0.266856943472298
0.477968112611164 -0.00586917819799777 -0.233326628021086
0.469192167714442 -0.0586323040483633 -0.167205239942717
0.46974881179332 -0.0725866264839279 -0.202203426131039
0.470468949895391 -0.0861590698867159 -0.237775616857332
0.464957368372201 -0.0991745774885891 -0.204118942433573
0.475953211149145 -0.0729381458230523 -0.271008477911903
0.455571793025485 -0.112098536585261 -0.0993542406584617
0.450590440424846 -0.126240919696115 -0.0630988089895894
0.456769576780942 -0.0980192750110177 0.00454578299255814
0.454550281320379 -0.108712365840569 -0.0314434914595303
0.459187239184618 -0.0873321797665298 -0.0311934012530929
0.449559432477561 -0.127323737532356 -0.0248927011288463
0.446201766553975 -0.137993403063179 0.00453997106995362
0.465739619549887 -0.0571500845673053 -0.0981433430663054
0.465331121775662 -0.0715717136501863 -0.132987007274592
0.461526960631017 -0.0844529265958871 -0.0983962293733474
0.462374921341032 -0.0682319574882938 -0.024378112957822
0.460352492399308 -0.0985843969851423 -0.133885344891467
0.46838803727838 -0.0295710568801934 -0.099322939097587
0.466352886034067 -0.0413944561125249 -0.0652298377133798
0.46714790319625 -0.012430324825042 0.00455629397939457
0.466826542863735 -0.0253702512896447 -0.0310471548447925
0.467532156531701 -0.000643879392525161 -0.0310162368667493
0.464920488469149 -0.0489191445210728 -0.0307598464765886
0.463755561620448 -0.0570814820193789 0.00455065233545776
0.477586072538172 0.0211174297142305 -0.233760537756468
0.47518459092057 0.00888957870987687 -0.200276217358528
0.469392439949123 0.0385587344635818 -0.134423869650868
0.472326916142193 0.0238539102211121 -0.167417730853355
0.470170111801752 0.0517049749834079 -0.168656599937921
0.472865394107174 -0.00385464007222481 -0.166838320970676
0.470593642294152 -0.0168130468260997 -0.133222770337278
0.0644253053904041 -0.459770460167097 0.0738044449077758
0.0799861810433708 -0.458652536318319 0.107402120831019
0.0482119084540522 -0.460835525512987 0.0395340905217861
0.0726527844292291 -0.457854182408184 0.0396856156919644
0.0928230537232502 -0.454303081200747 0.0336519657079947
0.0100947268604955 -0.470603042130971 0.204092663093635
0.0232662152067276 -0.472947429922834 0.236537820795202
-0.00388003167447003 -0.46827113181047 0.1719145713662
0.0236984896663582 -0.467924180203144 0.171834846298729
0.0512033838182729 -0.466045735440253 0.17305078015875
0.176033490097946 -0.429871472305776 0.0354762193337882
0.157490310549066 -0.436914901072612 0.042252022551239
0.135711452100991 -0.446191190887927 0.113749266260623
0.148809138606723 -0.44076912615241 0.0787224283208174
0.162989897003185 -0.437272095019832 0.114368608338084
0.135349996972216 -0.444041150362385 0.0422275374866264
0.112709662385911 -0.450077197321892 0.0409251183446322
0.0937582465058177 -0.45794647590742 0.14346984850921
0.0785915245633641 -0.462648079323021 0.175672781895619
0.107880185350782 -0.453283499078514 0.110121061218614
0.121859423985924 -0.451818091688049 0.148189187751191
0.135338705492357 -0.450775325724856 0.18808613771468
0.0632399869656751 -0.467183933536002 0.207540980239046
0.0488890711244258 -0.471437968998443 0.239100324824496
0.0688106581542371 -0.476615096171743 0.312196587007322
0.0595946943132637 -0.473742980916518 0.274908049080151
0.0835461786872584 -0.470928999242963 0.280765639973357
0.0353814122815358 -0.475448872376675 0.269857857634039
0.0226295155432437 -0.479187557071371 0.299097181046543
0.0890406301694758 -0.463516577853094 0.211530569352671
0.134216985066791 -0.454323632092596 0.227514353462307
0.113736958931182 -0.458772944457843 0.217016373365472
0.0981026267898967 -0.465061037284639 0.248940121731411
0.107360981954279 -0.466952416006793 0.286987702530159
0.21482016254609 -0.415046767947754 0.118144124588782
0.226421683780101 -0.407369326929507 0.081593896800329
0.239161510323014 -0.401828793447724 0.118739453696662
0.215416915928658 -0.412122659361909 0.0435611444102966
0.194312064170734 -0.422240851001395 0.0427559246220186
0.236458813271959 -0.400670887268372 0.0436869822841124
0.256383164474595 -0.38846115496061 0.0430820629818482
0.189237553530779 -0.426907919884078 0.115582419977374
0.217254459303073 -0.418803042814364 0.193128923544965
0.203040933623386 -0.422876381727022 0.154105927191017
0.176780188224534 -0.434090823074998 0.151805830309541
0.164284152064403 -0.441285877197525 0.187176847774258
0.296931399677355 -0.364474824965502 0.155474097994845
0.295785589530586 -0.361055366932141 0.0807356298945673
0.306202540561446 -0.354297241906586 0.118417509353745
0.288877606177411 -0.365366498938298 0.0428926427463826
0.272807234566255 -0.377185952658743 0.0359055210987825
0.307207299526252 -0.350349388311096 0.0432770022781255
0.3254641997045 -0.333716911258743 0.0430767121571765
0.262640128787719 -0.387087122382521 0.117226982563432
0.25227340501799 -0.39619725625988 0.155995105391979
0.27313821108416 -0.378035354566847 0.0768677712996288
0.275191295837226 -0.380868656173288 0.155264675042626
0.288274219426343 -0.374382944218295 0.193080446886273
0.3616495768973 -0.29838459602585 0.118533512062577
0.368561871474542 -0.287573991107288 0.0805361099335347
0.377659103100756 -0.278088616775506 0.118092317655431
0.359829721351229 -0.296889549701967 0.0426711909238373
0.343087547870598 -0.315835880780883 0.0428600683261271
0.37555141579696 -0.277004592229261 0.042487203168364
0.390160916257053 -0.256287701684488 0.0422910653206382
0.334614499807774 -0.325975055809805 0.0810924718274975
0.354809795362274 -0.309398660921544 0.15638826969928
0.34444990512183 -0.317842961115428 0.118802792190056
0.326010649647538 -0.336469724167976 0.118842030120529
0.317539334427229 -0.347009914124065 0.156167896175011
0.418546446126403 -0.212322220517417 0.115754286333373
0.422596761976508 -0.201056406125505 0.0786675887583155
0.429762133110226 -0.188755360124779 0.114540171810615
0.415767946965445 -0.212808766690166 0.041871912568592
0.403587677508885 -0.234846169619894 0.0420813201479644
0.426634539747785 -0.190358241277994 0.0416841131731665
0.436102420346973 -0.167803555299897 0.0414867674006329
0.397970420931656 -0.245801964518564 0.0797363529956473
0.414531415002945 -0.224008697691082 0.153115668849806
0.406118509122315 -0.235046129522703 0.116712114333905
0.392485335459287 -0.25696949253932 0.117486250279717
0.387097408181996 -0.268376112316492 0.155326814935777
0.0768870033955991 -0.479962785577259 0.349769542596345
0.0529049896087295 -0.482141722297049 0.342853044895189
0.0340586955439736 -0.487303778031935 0.371324848441997
0.0375567300095566 -0.492221333446556 0.409295149805245
0.0306259909227263 -0.482874355632011 0.334471770389745
0.179032977460638 -0.446324435090928 0.29739664427251
0.191410060818254 -0.43734910508387 0.262107081681627
0.20198845135135 -0.437061845600022 0.300867969072049
0.179607589520694 -0.438521869590679 0.22419685794983
0.155126565685449 -0.447402065991404 0.222869507303933
0.204994211535257 -0.427833803537918 0.227529895778954
0.23170248084102 -0.414921629496216 0.23425032470167
0.14485932903456 -0.454205261645119 0.25977789592699
0.166292953231476 -0.45525014144777 0.331802983473343
0.155536669033437 -0.454566634961509 0.295153393380703
0.131479136860453 -0.461531949419701 0.292095768550829
0.117227456704526 -0.4688829528405 0.323931058095115
0.122389573828565 -0.481601755866442 0.42783243071849
0.138018167430925 -0.472976349050899 0.396798285329023
0.149538710099796 -0.474883634816404 0.433044687254461
0.127336895114211 -0.47093133487077 0.360474789754481
0.101917233268659 -0.476220308573501 0.35551034701314
0.152645304809877 -0.464156264937614 0.364824255040582
0.177509546571649 -0.456010455661718 0.368853249003204
0.085036431794147 -0.483467680568343 0.386509003679619
0.105987629834157 -0.489863063093251 0.457969209863116
0.0945874914370275 -0.486815588924602 0.422390305330803
0.0661910880547277 -0.490427929130255 0.416517811669085
0.045767107494132 -0.49681020691246 0.445510040549352
0.0736943292842984 -0.504758268883781 0.517097868144987
0.0880358146748889 -0.508412374922875 0.552800326907411
0.0593287008630249 -0.500914678760848 0.481422489082589
0.0895304294235516 -0.497582314405375 0.487517851850361
0.118764115390181 -0.492639337129831 0.493768684347979
0.266694465863846 -0.402328202454917 0.306388221275767
0.273309060804242 -0.393113488821995 0.268228979209678
0.287782741832306 -0.387749675052855 0.306192468502161
0.257127690996123 -0.399646787006973 0.231081941650838
0.242002432724506 -0.405410616990335 0.19451549664743
0.280172930390532 -0.384070363165163 0.230608406212812
0.301774206483732 -0.367647490847063 0.230898102998817
0.22395289451324 -0.427126465721302 0.306354466077894
0.21334585043571 -0.43666828306191 0.339447504577491
0.233599391325614 -0.418335583477903 0.275575500001616
0.245879247968324 -0.415384929450994 0.308273991231528
0.258779508581637 -0.412501946954555 0.343865660346238
0.348020426587272 -0.335777872028564 0.307424236023979
0.341517279327067 -0.331728544977603 0.231742844132844
0.35383401192035 -0.323918988091899 0.269556221462589
0.329376798300161 -0.339448756566896 0.193935079934533
0.322211722907139 -0.350207868482994 0.231396349615534
0.348084414743562 -0.320534248439648 0.194098933799084
0.365555378889411 -0.300709513802359 0.193870107295345
0.308587810178771 -0.371727063519229 0.306609087396132
0.301562443546315 -0.38290698197191 0.344227436649653
0.315342073174195 -0.360914336118651 0.268951345722479
0.328741845345002 -0.354373039387886 0.307123955742413
0.342044967729374 -0.347934949438571 0.345258676337628
0.396815024781365 -0.258422852866079 0.192205238175392
0.381799112636237 -0.279999103816691 0.193239302749682
0.423112310740587 -0.21273348915137 0.188932709558365
0.410592577178648 -0.235996958967326 0.190768862102157
0.406746226917844 -0.248220721300866 0.228688644680041
0.416839418532419 -0.237738243910979 0.264735798747811
0.402983529833732 -0.260655018800349 0.266839839762985
0.376585545956631 -0.291810085563414 0.231208668809876
0.399261753249656 -0.273315604996362 0.305173295306515
0.387832945636396 -0.282696396626818 0.26833681136517
0.371431888585272 -0.303804432575091 0.26922830291883
0.366270232520276 -0.316020200348336 0.307286546163818
0.45419399238687 -0.125200476535959 0.144725430808461
0.45075152483591 -0.12627838772283 0.0721768280174194
0.455815623436427 -0.112147612799056 0.108428919309908
0.449630599242715 -0.127340372205762 0.0339743622301398
0.444015798406225 -0.145826897126629 0.040804119714221
0.454638355646338 -0.108729694994957 0.040530292204341
0.459276062144701 -0.0873453784797041 0.0402858215576525
0.442425569162549 -0.15304102741552 0.0766389960984728
0.452734500586756 -0.138259978209905 0.18146325463827
0.446305037185403 -0.151058091815519 0.147054833460719
0.439759948436404 -0.164213445713742 0.112816692792572
0.43701501205862 -0.176250553429279 0.14955023787221
0.449312505924944 -0.177409652464392 0.293216225023539
0.450293054389682 -0.164365565725072 0.255694936444355
0.458300108128166 -0.151754615074269 0.289467597959123
0.442307110220386 -0.176607833804585 0.221405876135513
0.434342849549185 -0.188646920278239 0.186699856048595
0.451432386762929 -0.151319627817453 0.218451524125076
0.459132147876755 -0.125498121454687 0.215618588527517
0.448478918882484 -0.190481379376555 0.331070011541284
0.438891723676963 -0.202499348995082 0.296922680366259
0.429364835198287 -0.214002392879557 0.262078982044533
0.427061313762817 -0.226900261685762 0.30028617910144
0.431789101755579 -0.201248265747446 0.224215554060653
0.46598926572015 -0.0571706755844857 0.107231958960363
0.466527667044081 -0.0414035878053241 0.074328778017838
0.468642839433626 -0.0295769676993733 0.10841747437652
0.465009956723449 -0.0489258440853119 0.0398618272210369
0.462447727128097 -0.0682401239358596 0.0334753430752183
0.466917506785999 -0.0253721965388698 0.0401548366996468
0.46762347389187 -0.000640538098928436 0.0401295629838827
0.46957716596555 -0.0586633077800446 0.176274059833061
0.465651585572841 -0.0716072830977907 0.14206318866961
0.460669284094473 -0.0986381933475223 0.142954716186946
0.465387070890657 -0.0992454586483602 0.213166184357298
0.461773539994373 -0.0844877724287558 0.107478199138448
0.0165421504741382 -0.529418115882591 0.637161318737769
0.0306189917846714 -0.533856174109215 0.666612277170675
0.00145387715430762 -0.524588960174283 0.607578394898165
0.0301220774629945 -0.523875904613456 0.607542082160288
0.0586380309414218 -0.522259335884678 0.611368520765824
0.225766723647728 -0.435744668176558 0.376545647220023
0.201841783702999 -0.446575664764776 0.372879751670017
0.271903000082557 -0.409681270216611 0.380577797433214
0.249200247310958 -0.423418880716534 0.3791478477814
0.238600306287712 -0.43465108215078 0.413411956304103
0.251673679764259 -0.433481558648373 0.450482527478471
0.227109606881967 -0.446029692731312 0.446949669166167
0.189392958907067 -0.456649233927539 0.405845246490503
0.214771620865264 -0.457412592923443 0.479769604994443
0.201879520989762 -0.457102640404708 0.442739593270337
0.176027080457284 -0.466713667321172 0.438043376926803
0.161866757584867 -0.476601523377447 0.469413660028886
0.147131087386913 -0.486157512508401 0.500014015227405
0.132092052541154 -0.495267915643569 0.530003927490923
0.158329166526734 -0.500482496390502 0.60410983935244
0.145412450818244 -0.497852082780793 0.566773379462422
0.173358964158817 -0.49027724772732 0.573939887780434
0.116975398247263 -0.503881723492125 0.559585922067924
0.101887631950994 -0.511991258080292 0.58888816578721
0.227881165800615 -0.457633215290053 0.517123227410257
0.201646363121298 -0.468660019895801 0.51185166803234
0.187815282887038 -0.479647324526059 0.543218273659978
0.200824953328201 -0.481118962604993 0.580831813452165
0.17473600620523 -0.478164524129665 0.506095892022554
0.0868176228297423 -0.519589231768753 0.617861882097086
0.071686104479251 -0.526639618383404 0.646263602194704
0.0909110631821113 -0.536167379221539 0.719244252707281
0.0825181829788731 -0.53126573176599 0.6823859853518
0.109327192373672 -0.528118634774051 0.691604046241159
0.0563353590108414 -0.533079404938052 0.67370169717531
0.0401238251385702 -0.538819736979882 0.699516445059989
0.170562397953301 -0.503225504435279 0.64196699924731
0.142723153411713 -0.510217544774611 0.633799450541235
0.126458000110574 -0.519444536590636 0.663006957459182
0.136655453571471 -0.523465443681676 0.700908022788407
0.114814446797115 -0.515632198921289 0.625614841336005
0.315118501889515 -0.378246116063038 0.382225206921087
0.293841169686788 -0.394630320155745 0.381429610572959
0.355351431741209 -0.341462551426702 0.383280937647749
0.335667688116214 -0.36051511697191 0.382907656419417
0.328631919812077 -0.373600456127244 0.420177418220183
0.342150416675017 -0.368883601284527 0.458071136620863
0.320740551184418 -0.387186515253784 0.456928921258748
0.275493815221608 -0.419476609018798 0.453261069952096
0.264896212022668 -0.43226003348071 0.487889410897315
0.28516428415053 -0.40687432811481 0.417814838192731
0.298518945878156 -0.404043453949347 0.455361045112357
0.311906557570987 -0.401173393958316 0.493123578314198
0.378824208137048 -0.307958112870362 0.344833494801771
0.374009574492466 -0.321142927880884 0.383078947397174
0.410863157956008 -0.263556534177163 0.341625510458017
0.395487457804799 -0.286265830458395 0.343613005144275
0.391513871726605 -0.299609589114769 0.382086906020285
0.404357866900415 -0.290804600493302 0.418874248229653
0.400448577651823 -0.305332630892947 0.457657369104146
0.362695532566286 -0.349114131367655 0.45880676581657
0.355628708100081 -0.364076945666704 0.495877482091857
0.368732559346936 -0.334824408144443 0.421172236006087
0.382237902883185 -0.327897702273768 0.458973234941309
0.395935483396359 -0.320550023222798 0.496883019078707
0.447019341979405 -0.229833119339544 0.448386998972741
0.447270932853616 -0.216763866433889 0.408421979364609
0.458557727572163 -0.203689960609531 0.441579766375146
0.436001409627185 -0.22876865685767 0.37397916066331
0.424849231324193 -0.239959250415812 0.338823319672499
0.447787208895954 -0.20360656217586 0.369388556169024
0.458092686691075 -0.177727492864571 0.36425681065009
0.445943630053742 -0.243966708683776 0.486733552027442
0.433014176278923 -0.255888057926312 0.451513776277085
0.420256022187013 -0.266919529201184 0.416284880497649
0.41737709021335 -0.281275204292051 0.454815543728717
0.422652963851792 -0.253236719728187 0.377594661744797
0.488750953940821 -0.144466196907475 0.492905506817662
0.478872603319756 -0.160324976794849 0.462295141395834
0.486542821710939 -0.133103878440791 0.457914003455924
0.469780761756902 -0.187630505963854 0.468608518742006
0.472489061913908 -0.194157186593252 0.501407603454369
0.468578640354644 -0.176219395033669 0.432667241155121
0.467693715924204 -0.163890030166234 0.396081236676705
0.47350287062954 -0.0457059404514666 0.209940919996259
0.470183356834263 -0.07263324845725 0.211257636629424
0.478202158072328 -0.0857600344492617 0.315793556701458
0.476452748657305 -0.0729879405028786 0.280040256183907
0.481905178676772 -0.0594256641779525 0.312897208408753
0.470939827202742 -0.0862214657007945 0.246814865492245
0.465515735750033 -0.112599576934313 0.24941550323336
0.465827940100112 -0.12569863386401 0.285946676082223
0.480144367496552 -0.0979927554989907 0.351668946446867
0.473008998530275 -0.112190877612054 0.319002554574977
0.466313775189213 -0.138579855664908 0.322632405844684
0.466944953319591 -0.151301022087966 0.35936753189555
0.484369871807589 -0.121551305820735 0.422802232064938
0.492766197896133 -0.105548601942462 0.454222749734717
0.475719726638254 -0.136887231912304 0.391265139265887
0.482224509616243 -0.109862349621811 0.387389867034932
0.487191179506112 -0.0829242962970602 0.384037786153545
0.466995719592603 0.0243997946943046 0.0403354069606438
0.468271914540728 0.0117137254995327 0.0751031120156297
0.469722599842455 0.0386004004720974 0.143523294884863
0.468982872231742 0.0250303611230252 0.109473008146487
0.466720569788541 0.0525201830030383 0.110044816886073
0.469615326003072 -0.00224848530935941 0.108949762126549
0.470921094358674 -0.0168109557630268 0.142311068218994
0.472196326011079 -0.0313918566565428 0.175829467487652
0.477399251713896 -0.0328190505392194 0.243130939861832
0.485035875592629 -0.00741301914073144 0.308173591249286
0.481250878990673 -0.0200520748662324 0.275901570443316
0.478449224300664 -0.00585150857336412 0.242384956928918
0.479565645005896 -0.0465267289041305 0.277694332173866
0.487270682139877 -0.045315466221794 0.345409682697844
0.0443099467520911 -0.544156213554671 0.733375955826493
0.0974765873626002 -0.541213993815815 0.756457564335514
0.0704913733729074 -0.543431260455164 0.745153828672165
0.0477372966360103 -0.549563172670659 0.768314228934085
0.0510604156276302 -0.554950794605822 0.804490585053677
0.253412968350807 -0.44507766699704 0.52176878325476
0.241051712267501 -0.457806671924467 0.554903386974155
0.267185051703456 -0.458044721148222 0.63187330855189
0.25417191737176 -0.457950151460038 0.593151723157439
0.279870613773307 -0.443930222342125 0.598290184767798
0.227785755420042 -0.470348034281863 0.587281318358303
0.213559798005289 -0.482623704169943 0.618919193347271
0.291473355668369 -0.429691887973249 0.563868024522175
0.304740052897587 -0.428310242727394 0.602494603821709
0.278185335293361 -0.430997011887777 0.525676148122346
0.302140117395984 -0.415398024535112 0.528776810576365
0.325239688096362 -0.398276369763322 0.53106182946948
0.164370539422854 -0.517173959832553 0.710020084266574
0.145474150796802 -0.527655880821349 0.739150993857176
0.198302839775227 -0.494567025269125 0.649877012508091
0.181937015155372 -0.506110343882401 0.680232495482433
0.192360564047163 -0.509130629167924 0.718772997161773
0.220539453536614 -0.499229814513437 0.72710657365689
0.201776066175529 -0.512262915056771 0.757485455118912
0.280087372669019 -0.458028784805527 0.671051470810928
0.253194267871895 -0.472000756709134 0.664492346514786
0.237684621315262 -0.485758206836173 0.696176700822442
0.248843231093759 -0.487366288149462 0.735074793003914
0.225880594792249 -0.484174280982387 0.657406811635272
0.125070518240609 -0.537416026243687 0.767342362822748
0.103012439376085 -0.546254907521555 0.79412857942186
0.112272150752274 -0.555916951547909 0.871574967164646
0.107892790608557 -0.551187926772968 0.832451802518402
0.136724373274868 -0.546685624159702 0.844843248071478
0.0793164571883331 -0.553929788628297 0.819032818865795
0.0542143440047098 -0.560225185761221 0.841841282253672
0.210120129213411 -0.515488011018115 0.796337894824792
0.1814982796612 -0.524657567374827 0.787378165246724
0.159801277276432 -0.536200832282255 0.816620738802258
0.165717443819088 -0.540355730059031 0.856087443331202
0.15311797758583 -0.531932545917397 0.7776928872975
0.36888235719963 -0.359302412610977 0.533575417753424
0.347476098686941 -0.379602964099733 0.532601374633874
0.410025264162937 -0.312576141770018 0.535634360996868
0.389591119640045 -0.3371708293736 0.534343002743852
0.381382576978261 -0.355121598078208 0.571359379618706
0.393462838000783 -0.351296749410505 0.609622453599669
0.373149658228503 -0.37235589610177 0.608595643020153
0.3286468107386 -0.411122396744993 0.605576086704857
0.318046273907073 -0.426747069133833 0.641578811816358
0.33842261310807 -0.395382955094867 0.569182303422202
0.351486153072954 -0.392422538027777 0.607510834139959
0.364678938342706 -0.389067409620819 0.645900817815458
0.427083874586543 -0.295184498875693 0.556803007654134
0.41894325390745 -0.312723518996427 0.5799157056424
0.442083673518752 -0.300406721219767 0.650073637127987
0.429553631619065 -0.308510404948128 0.616453755323276
0.444809937500954 -0.287335855494841 0.619737801431824
0.412184704557457 -0.330094402269376 0.612469277687686
0.406163196722947 -0.346408048124192 0.647598341970488
0.442388977437189 -0.272785149267628 0.559832918250039
0.454924747504716 -0.264884585227711 0.600590936628137
0.428001579952715 -0.284811538242986 0.524978610238009
0.443951759279072 -0.259143956015847 0.523964753359187
0.457935710600883 -0.233699927248845 0.523742037710136
0.430279696495027 -0.344024680257817 0.751841916727509
0.434737853693906 -0.329344300199505 0.717182046467007
0.449869048944662 -0.317545285861729 0.749532926706157
0.420019974748238 -0.339102497308939 0.683460322358207
0.399902481658961 -0.362431218003614 0.683544202853162
0.438699918215857 -0.314665981975673 0.683066307802791
0.455678648834571 -0.288878329069804 0.680272195605929
0.497926403312113 -0.129675432864844 0.524002286889504
0.49066421123923 -0.156720325390345 0.52795303392695
0.492890111870939 -0.184022709690513 0.596754054109413
0.49196194818453 -0.170213251880481 0.562493361417729
0.501971187303612 -0.156376706428776 0.594066894760731
0.481928552070718 -0.18303104768478 0.531175882384281
0.470425207214611 -0.209317757108748 0.52801611618947
0.469428420592227 -0.237942577364747 0.598976449146733
0.469847789483408 -0.250504897594552 0.636573086275658
0.469881096227579 -0.223625090658549 0.562527235793566
0.481994066734707 -0.211228218383926 0.598080973504675
0.493988856619382 -0.197204283645756 0.632020253524007
0.490609462722203 -0.0562667719372445 0.380838181892194
0.494076434701902 -0.0667750702409089 0.416102810354255
0.506834210099773 -0.0301234121248196 0.47867407707024
0.500672387214401 -0.0494055093668863 0.447769491208657
0.502136095648342 -0.0216179131440809 0.444057092066663
0.497501470949945 -0.0776024072678643 0.450923655816536
0.500763940003194 -0.0892103635597192 0.485430524037164
0.50379849602866 -0.101792093457877 0.520045394246317
0.506615111517872 -0.115011021950535 0.554940795792146
0.522597899577755 -0.0855719159895539 0.616127923841206
0.514844739464536 -0.100306174336403 0.585656397750242
0.518956918934202 -0.0716492196951537 0.581362575450647
0.509223110611191 -0.128510235527608 0.590104895304934
0.511698875756136 -0.141830546435653 0.6255774007987
0.4973185470644 -0.0130417163849495 0.407745842700599
0.501393592304179 0.00220869123976814 0.435530150172482
0.492486996252186 -0.0301690244066272 0.377386741783261
0.488663453136832 -0.0196569221489144 0.342551908377968
0.488686855216628 0.00503883966911004 0.339505489862331
0.515156969255163 -0.0574589128764404 0.547052166704219
0.521642894164899 -0.0425278639630881 0.577966487049737
0.508227168487914 -0.0730497121137539 0.516301460543283
0.511124593126517 -0.0434025406868328 0.512888938668888
0.512374544845463 -0.0129113593892241 0.509950526047936
0.056972221816725 -0.565278208529494 0.880171097518951
0.116250704396121 -0.56032558251242 0.911599993207923
0.086430790074814 -0.563728194395102 0.896429690913608
0.0591826311511981 -0.569986684534944 0.919263795068516
0.0607621465141373 -0.574220991671446 0.958956439180182
0.146259454339373 -0.555007103926696 0.925438227186568
0.119935993784283 -0.564266948626043 0.952609124993442
0.126131378594564 -0.570166214037794 1.03759037477803
0.123375505108272 -0.567578050297117 0.994655976121381
0.155687396957645 -0.560967308592688 1.01106072224361
0.0917183708928719 -0.571931428240399 0.977104493506597
0.061455923209732 -0.577864787912543 0.999057044418091
0.317745132221846 -0.456676919999856 0.790820215488582
0.305606583759324 -0.457294527979165 0.750631895377181
0.333749086406714 -0.438862747815045 0.758236103354694
0.277221583056008 -0.473428342354559 0.742844414161644
0.259081579016006 -0.489061681090544 0.773926129003855
0.292903921042795 -0.457805925311333 0.710655041697958
0.30631767291547 -0.442278996259559 0.676826091267559
0.345461267682301 -0.422108846199055 0.720884637400502
0.360192382358731 -0.418050265750953 0.760286252244981
0.331542810370306 -0.424793948409072 0.68109475457265
0.355577695992286 -0.405576100967463 0.683307762160365
0.378390208621311 -0.384690111123256 0.683764506750616
0.236305159950133 -0.526676782796747 0.953889063451449
0.206381072627648 -0.53821121671942 0.946511596464445
0.229735159967079 -0.524813086864171 0.914382209879041
0.181860858017108 -0.550278981991265 0.978893366220028
0.188692176200344 -0.551535033242257 1.02061121420634
0.176311358362713 -0.547669364266151 0.937212596955307
0.171103948424539 -0.544252044882802 0.896251586650263
0.238911155982857 -0.504328787413224 0.804655077549626
0.217380122722293 -0.518771634277856 0.835392585401639
0.223742301668764 -0.5219861996137 0.874750533137521
0.252381117968259 -0.510009777593629 0.882602774126434
0.194769017408672 -0.532131140419916 0.866040636119359
0.325108970815359 -0.458747791454215 0.830729098391694
0.296667760879799 -0.475805811542849 0.82086574685227
0.274674095627844 -0.493685647916088 0.851371291709668
0.280212762757822 -0.496512562793327 0.89038261251753
0.267799483150735 -0.49110489274598 0.812624776685456
0.393040525391102 -0.378420906528226 0.720028841795724
0.425578263366179 -0.358241895319467 0.786842473417132
0.408850162797998 -0.36960803198007 0.754208998437969
0.385505322868946 -0.394339977513332 0.757090774093865
0.377720910058169 -0.409690069943493 0.794793996158148
0.415261386666996 -0.392277667896416 0.895392530500486
0.417826440165886 -0.382542276394681 0.858310860331012
0.435861742445712 -0.368375956227725 0.89009014773892
0.398238115441469 -0.396569336920973 0.826639125955177
0.37370366212589 -0.420872742630734 0.833234332642655
0.421245337448581 -0.371248390675611 0.822224428205261
0.442512867472382 -0.344981993531389 0.81876145127697
0.353157113047374 -0.453219179829912 0.925563993256522
0.373562693082232 -0.434610956181255 0.912155828422051
0.372738709597014 -0.440626285877676 0.949085080898838
0.373518198636278 -0.428320840353075 0.873471295086096
0.350457128620012 -0.442844186519387 0.847706631450908
0.394342278685257 -0.414365480476919 0.9024330002798
0.412756735002845 -0.401202656405818 0.93330100212581
0.470405864122271 -0.262814070521283 0.675481396763523
0.469434508007358 -0.276387738280171 0.71184101424745
0.497002402858569 -0.247280581297048 0.776567974586502
0.483276136721999 -0.262543411937933 0.744043974598378
0.497064991059348 -0.234529947307582 0.741138436916603
0.467558146418764 -0.290289435082016 0.746922470102613
0.465040743034959 -0.304160259154895 0.781432866142972
0.46207376512557 -0.317725166272582 0.815798966188389
0.458874255422671 -0.330698702549827 0.850417099329961
0.4884044167885 -0.300915091239173 0.91299943890747
0.4742442189046 -0.315902996614592 0.881863197039167
0.491629182490323 -0.287485916763507 0.878716962437127
0.455614172433392 -0.342877205939142 0.885677676228852
0.452294271993392 -0.35424390161622 0.921850407539487
0.505554875246477 -0.182329582177757 0.665221588769368
0.495231185733868 -0.209789865858281 0.668185063134087
0.496376390800443 -0.222106310582661 0.704804005575387
0.509003690552948 -0.206334939324325 0.738217337264757
0.483375585639055 -0.236709446077687 0.671092974410142
0.494256248777788 -0.273859611087587 0.844946378006843
0.50771257217896 -0.25760467208216 0.876561752797773
0.479938126624837 -0.289495277403109 0.813217908949552
0.496076077937899 -0.260398405445875 0.811071546762116
0.510417546821826 -0.230629528148502 0.809379542128395
0.533576612887599 -0.121863109409805 0.724953031942555
0.529841064306144 -0.110929879810958 0.687911246197489
0.538111361091913 -0.0942352910696147 0.718303346512683
0.521013930396627 -0.126704670765211 0.65690799780767
0.514160915775235 -0.154575027495959 0.661523214479749
0.526191959855689 -0.0987893704195843 0.651611576088008
0.529840290214573 -0.0707878386677053 0.646210879289013
0.51665574251391 -0.166604907859609 0.698018676846936
0.5373320129464 -0.131765895008784 0.762599155703848
0.527269592719734 -0.149846108255455 0.73052277091101
0.519087651605478 -0.178051405046958 0.734862788670646
0.521247139840546 -0.189207865588835 0.771651601630585
0.512450482689727 0.0172723394868769 0.511118330778279
0.517922289254218 0.00195752514053361 0.543940420758354
0.528119338621874 0.0303231233727248 0.611747510486479
0.523172532979558 0.01634332782445 0.577897673205015
0.522124272812991 0.0458009442734462 0.582106931680848
0.523013261401173 -0.013133848543546 0.57652798801527
0.527721123832937 -0.0280760461843054 0.608918359287632
0.532145918005519 -0.042568386812118 0.641657960114052
0.536513016926713 -0.0558678512437598 0.675592635627804
0.547795143338648 -0.0243635298613085 0.730210728404166
0.542534830601887 -0.040623688686054 0.703822269328053
0.542943352769011 -0.0145984937605673 0.697925160951996
0.541029515611968 -0.0671139980758415 0.711033982678909
0.545723410819504 -0.0760702946926724 0.747540256399485
0.0576257541915401 -0.58308676071929 1.07982013245115
0.052783498483967 -0.584407942936713 1.12088318047168
0.0605880170513155 -0.580844004778444 1.03931480220753
0.0920904253092143 -0.577809203520446 1.05938650064688
0.123450125513777 -0.572816478636199 1.07992954329427
0.102419320634622 -0.575204330269353 1.20943368259631
0.108408764781363 -0.57615681693663 1.16680489327908
0.134417604273068 -0.569628788349807 1.19173223212169
0.0813283927356405 -0.581077606189256 1.14319167860802
0.0470041643526194 -0.584513423018132 1.16251339812974
0.115681144959039 -0.575288075504543 1.12355201832623
0.150163010183808 -0.567060939590438 1.10477688824583
0.16543877318375 -0.562128197222541 1.17599188684528
0.160287746514101 -0.561287442680818 1.21692561645287
0.184430081256849 -0.556664060404016 1.09396890453915
0.173379993593219 -0.560626427018361 1.13466384033523
0.195573986090674 -0.552812127896473 1.1633973688472
0.225293054162302 -0.54162434479232 1.15483611738717
0.217657438077878 -0.543429999565848 1.18973105258798
0.265487037768516 -0.513424557474227 0.960636211794076
0.24479801549613 -0.526747046220904 0.992350101644414
0.270690521974588 -0.519202250533909 1.0647442103501
0.256263531047167 -0.524328021604933 1.02919408381152
0.287347266622539 -0.508429498287353 1.03499030116962
0.223252767448614 -0.538828486140242 1.02458715770265
0.20127973248055 -0.549429827183007 1.05787959566377
0.238861282012023 -0.536079273521857 1.12411178117476
0.25645863449668 -0.527594540492576 1.15520216840081
0.219919166895998 -0.543608976948163 1.09198947010514
0.254260847364155 -0.528520325789018 1.09434500464642
0.286821086853061 -0.511755032142238 1.09992264432586
0.328177003590513 -0.463465375226548 0.871647253946583
0.334434319864134 -0.470057881437637 0.947820048662348
0.330849977394903 -0.467555730292908 0.910703361370809
0.306522939479351 -0.482139948527484 0.899348368797754
0.285776244946139 -0.498700262394161 0.929424675199072
0.303507350502198 -0.49658977494661 1.00518346330783
0.316632007767089 -0.491212601122775 1.0411241109366
0.293168991421604 -0.499024582699272 0.967886005756456
0.319022176191722 -0.483862665361618 0.975813725922408
0.343240442797949 -0.467908339381353 0.983367455887946
0.36695920166587 -0.449727807583377 0.984242039424818
0.356451416380961 -0.461143692363235 1.01515774589891
0.385163496747671 -0.441992543243863 1.07976479218274
0.37065867602966 -0.452395578935385 1.04711409408388
0.395098003443599 -0.431126777648571 1.04490482739261
0.344415718329288 -0.472526677051009 1.04574349290874
0.331378386227284 -0.483380552634456 1.07637787503074
0.38837647120528 -0.430730757237361 0.978194242173899
0.429190973444545 -0.388461649743424 0.964920969567292
0.40904931690598 -0.410373594598061 0.971402260825545
0.403212810748864 -0.420395451360974 1.00884099767336
0.417754117953636 -0.408920143579707 1.04020354510338
0.501225349528669 -0.286000069337364 0.943710331084537
0.48482609991769 -0.313712122404644 0.948256869920657
0.476929849807987 -0.336389661675335 1.02168544233413
0.481024926036194 -0.325561133054529 0.984580869550737
0.493763282171788 -0.310463353229447 1.01532133554766
0.467278189139415 -0.340047021362691 0.953392834250778
0.448671666156164 -0.364992821872986 0.958937313023057
0.444334426990323 -0.375415298683846 0.99661150812278
0.472306449495189 -0.34633924804796 1.05911876105969
0.458616519896343 -0.361524442188219 1.0280770264223
0.438888708004347 -0.385724323899382 1.03435402926658
0.432104198199794 -0.395960560220564 1.07173810901871
0.522821003628842 -0.200509586987396 0.80781505858456
0.523341913035346 -0.212655270809977 0.842598293694928
0.546755802393939 -0.174149180259457 0.911566717183679
0.535577002120892 -0.193546175267034 0.876499264944841
0.546812738989698 -0.159876382375633 0.877788664856674
0.522418573762698 -0.226257001360757 0.875788528317818
0.520001455835673 -0.241270746438631 0.908001187685864
0.516496779280543 -0.256784761415153 0.94032512071248
0.512652151104557 -0.271368162220598 0.973903832334429
0.531938508418856 -0.242206838006978 1.031912524139
0.522760007837453 -0.257015312769774 1.00344156840414
0.535061939557477 -0.229695843578968 0.999372592962999
0.509046930347342 -0.283939734948865 1.00912908291525
0.505787199071693 -0.294209951336318 1.04543616106695
0.533037616555218 -0.170544339718777 0.805324468369359
0.546698821932233 -0.111966111085732 0.793705590956933
0.540960289156845 -0.141030023973192 0.800755367550315
0.544251045846518 -0.150144194891837 0.839333407954369
0.554654731928705 -0.127742093486619 0.87322030532938
0.539662352317318 -0.212275441299116 0.970853415591812
0.54672290471252 -0.201377551440744 1.00324833682467
0.530727779967846 -0.225841388493184 0.939328856982351
0.543770006149177 -0.193359546953571 0.941950460768422
0.555262502145291 -0.160097088389856 0.948747216023203
0.563011525256583 -0.035271902024585 0.834410903262134
0.557995978444833 -0.0321241977737829 0.798516382888542
0.56188717830006 -0.00621394033097015 0.818712210227526
0.552479860308184 -0.0555369097495806 0.774655655961913
0.550467981096267 -0.0833861570601446 0.784723163732057
0.552890449797454 -0.0286997935224383 0.763784082808782
0.55174502700999 -0.00316645751041935 0.751444430460285
0.555107798743564 -0.0899332105879619 0.822678478691678
0.567835262587671 -0.0380023266475623 0.871307963500107
0.562252612755364 -0.0652521485374023 0.8485716241358
0.559536479055553 -0.0960941162958854 0.861645071376756
0.56372301383881 -0.101551873486392 0.901750689415047
0.0412920461707891 -0.583141068461456 1.20434654058945
0.0976912049538578 -0.572392305775507 1.25138150383083
0.0695866209008744 -0.578733153168623 1.22779308042813
0.0360876355377092 -0.580125636577299 1.24609151984973
0.0315183132418258 -0.575348047221791 1.28755631843874
0.213650376405447 -0.533387802774548 1.29815295497399
0.215016652684303 -0.538200364393172 1.26134593251058
0.243467819021814 -0.52355895099316 1.27871527863437
0.187057040725907 -0.55084843174972 1.24060766122064
0.156982513362295 -0.55838748785641 1.25711120551813
0.216085545175079 -0.54158702533001 1.22524738881008
0.243802091832596 -0.530937139985764 1.21009339885929
0.0886758857114363 -0.552437877505555 1.37359687446676
0.0910062674903534 -0.561079702266199 1.33342543769615
0.121095716360854 -0.550714819212195 1.35505867760495
0.0611438327906221 -0.569283636035515 1.31080828296543
0.0275751557668709 -0.568705155583386 1.32860840646549
0.0939665383299346 -0.567702024138092 1.29268937143563
0.125937241397626 -0.564040958409988 1.2746271479347
0.152657288325718 -0.546946756473772 1.33620964179486
0.151282005222462 -0.5382119069913 1.37536853499848
0.154553729047693 -0.55362198110366 1.2967990915973
0.18344820630344 -0.541172939984286 1.31722561010686
0.212187647782014 -0.52685486298858 1.33559844065369
0.27282784098585 -0.511772579715322 1.25806052816885
0.271303647038653 -0.507289706724236 1.29368941148329
0.268114547055326 -0.520448274615052 1.18910495337043
0.272072955016193 -0.515936409659824 1.22329773929745
0.301012616241463 -0.498406115335155 1.23554626174736
0.32686863641555 -0.484206432238013 1.21111331631561
0.329816781099811 -0.47830887644792 1.24865787181814
0.286415900538077 -0.511738794520893 1.163417096231
0.317505719408939 -0.493480088677283 1.10667775630348
0.302642904238556 -0.502864709637253 1.1358655151841
0.31640528012533 -0.493420837548103 1.17308991797202
0.346427014014311 -0.47239339306882 1.18243995355868
0.399695482435475 -0.429888179891042 1.11275435670519
0.373840439349895 -0.452515132516442 1.11416403351798
0.361120352311021 -0.462558623869646 1.14850618662907
0.375233022898562 -0.449722390930645 1.18542582726031
0.346469166683241 -0.473723599627878 1.11201320999224
0.446324497680188 -0.381203480009154 1.10299541427304
0.423918888011894 -0.406020816124481 1.10863645733779
0.485584344059959 -0.329426429471245 1.08951434414711
0.466875259709449 -0.355623465095835 1.09651117322501
0.460435471138145 -0.364361038466258 1.13366973106544
0.474335142943717 -0.345262596853705 1.16361271439354
0.452935755377531 -0.372483049442516 1.17053041626333
0.444528629407972 -0.379684647147215 1.20709115114049
0.42932718359275 -0.3990781492668 1.17661580022932
0.403392499973031 -0.424929311690493 1.18175809147256
0.391353014878686 -0.433129250080376 1.218433916175
0.414343980845237 -0.415739687108777 1.14521644452872
0.541945027936155 -0.222475760105502 1.0563992721437
0.530654917266706 -0.249040387997745 1.06612739659372
0.526365407102122 -0.260541300337259 1.13746411908062
0.528954256404535 -0.25492604058368 1.10136992994511
0.539856364021066 -0.23156012529736 1.12595874041522
0.517486825693617 -0.27589382434448 1.07439859368461
0.502458205194575 -0.302777887548639 1.08213916561917
0.493649012910667 -0.317486257681883 1.15587829460087
0.487758500150203 -0.323942002369546 1.19277472144357
0.498510616869529 -0.310431808871891 1.11898242712004
0.510971265196684 -0.289220308060473 1.14724545211563
0.522699822176927 -0.265935011283504 1.17416810976246
0.564897670099442 -0.128620668242358 0.963440211830679
0.561372356870306 -0.152279991973075 0.989888834611793
0.567910601352492 -0.146893433815302 1.07275122649799
0.565582100371407 -0.148010929736285 1.0315549807811
0.573152175118811 -0.120541948126716 1.05025308337152
0.55676836353855 -0.174793568621256 1.01558473022177
0.550811975573229 -0.197032016752357 1.0391604908425
0.551789299676202 -0.199094755605995 1.07509838277129
0.568566581066934 -0.147914760289675 1.11317169072762
0.560743085596153 -0.174144883468601 1.0937156688465
0.551377080870263 -0.202548598808321 1.11162255329766
0.549761957555924 -0.206459707616818 1.14880167814175
0.58040908344276 -0.0382892896049333 0.987562807601813
0.576624219458895 -0.0396884092027517 0.947687966336884
0.579953108601297 -0.00867753665058577 0.96824094325069
0.571233223289974 -0.0708214583241038 0.925668923000144
0.568284391837089 -0.101846551852093 0.942323795182685
0.572390545082124 -0.039651832216912 0.909024030390386
0.571630622696515 -0.00896395818090707 0.891505722594541
0.576872009130205 -0.0941684824895791 1.02806047691343
0.579312640039688 -0.0922263419133269 1.07056610528832
0.573115598078663 -0.0976078993729171 0.985181451865827
0.579304968611744 -0.0668932423068816 1.00720394676627
0.583506406778157 -0.0362917892368766 1.02854391403875
0.0213592380919034 -0.549442715893072 1.40897507630701
0.018970993224519 -0.53666438043748 1.44797586386671
0.0242075742260092 -0.560099482229737 1.36912805125185
0.0554033636411966 -0.552043972424284 1.39162604141228
0.0869049979284185 -0.541682960183883 1.41312139842166
0.316151230236189 -0.466093744988188 1.35826756725142
0.32112069237968 -0.471372975972277 1.32333801583615
0.342036531536946 -0.452195824149667 1.34082641790101
0.29742075678567 -0.489786022075771 1.3080699747865
0.268739061593825 -0.501608147055992 1.33012466171518
0.32622814155643 -0.475085402080639 1.28683436667792
0.354544707798878 -0.457597013664906 1.26754444515023
0.211818559024894 -0.493455602753024 1.44837100659537
0.210997461955245 -0.507106320464833 1.41116857791965
0.240158744208501 -0.48869459834426 1.42641024670934
0.181331168015984 -0.523642576197541 1.39411431451204
0.150499578887994 -0.527264850444015 1.41412794155017
0.211155850902753 -0.518198201121569 1.37341837434526
0.240167649042351 -0.510915944215722 1.35206476906285
0.316172879844325 -0.455686707477855 1.39264283311633
0.292055132061544 -0.475180743868463 1.38075873741586
0.266892763599684 -0.482586275788706 1.40375557085502
0.268949858909242 -0.468469643769329 1.43947809626287
0.266864629519628 -0.49361806033591 1.36703477667152
0.0517046961241704 -0.526358722478658 1.46937147444909
0.0169739885324187 -0.521719507090698 1.48592502002625
0.11859154334695 -0.528999291523668 1.43339844123256
0.0856286013755557 -0.528739741140299 1.45184077361538
0.0847484602000239 -0.513565157385384 1.4895495648198
0.11794973726263 -0.498253128675897 1.50833871221953
0.0841193642017641 -0.496153493828216 1.52602034044647
0.21337445899076 -0.477272982885411 1.48467879740447
0.181936674772925 -0.496737131918435 1.46943399764851
0.150607268919292 -0.498389598216622 1.48945693987848
0.151148515282076 -0.480428397471086 1.52553549327937
0.150314433494716 -0.514004014234183 1.45224407403606
0.417307160627017 -0.390670618551066 1.31667623845303
0.426725423498239 -0.388912008746254 1.27987847183083
0.441195517880416 -0.365201826097267 1.31046972884626
0.409909463943043 -0.411757198323417 1.24924167245428
0.382115926774572 -0.436745021004681 1.25548176478848
0.435686666226677 -0.385316606552194 1.2434344547803
0.45930651418516 -0.357886892758598 1.23702525221145
0.367547957335226 -0.434336750425998 1.33084080675764
0.357898043712125 -0.432736379760396 1.3654930105086
0.375302927454686 -0.436003714935464 1.2940586003409
0.392641588210705 -0.413819747483079 1.32313778787082
0.406433105768603 -0.391507670387813 1.35357879050554
0.533377317915144 -0.240895026239466 1.19985195986938
0.517847440048906 -0.271009213359826 1.21128548750711
0.504206222233073 -0.279714943073599 1.28629270014548
0.511719462035624 -0.27563471418489 1.24868606792333
0.521642219617103 -0.249222161749538 1.27543445611777
0.500337421646436 -0.300629606337474 1.22113603212542
0.480836074839575 -0.329623647708897 1.22965543457817
0.4638268088416 -0.337973289215989 1.30360384039559
0.453325030845402 -0.340739829359885 1.34078752185475
0.472893415511976 -0.334325161566287 1.26656877210402
0.484893364545912 -0.309380586144652 1.29562605431791
0.49514171297522 -0.283235100895533 1.32404539334238
0.575056684976358 -0.120526067502227 1.13342121987825
0.567763340559189 -0.149995669267562 1.15310781704387
0.561893138096545 -0.155255927658889 1.23245459774233
0.565553070664001 -0.152547605958968 1.19282233256572
0.571124463030782 -0.123982188326887 1.21460319233881
0.558385646844366 -0.180066325629792 1.17092636485567
0.546907366910211 -0.210482844105438 1.18649792416777
0.53711264868507 -0.218141472000039 1.26290520478311
0.529929531092437 -0.221571027290011 1.30140506020377
0.54272738344589 -0.214420130851636 1.22457043443948
0.550547360906463 -0.18672854187462 1.24858988800653
0.556690380239874 -0.157944011176964 1.27205144669421
0.58578344188732 -0.00570506161530888 1.04907641055998
0.585662562864729 -0.0345455094465066 1.07013500062557
0.586468635998624 -0.0326970581621647 1.15376621727308
0.586695699600785 -0.033347336022967 1.11195416493494
0.587703587523102 -0.00305027361246952 1.132185148306
0.583870318755828 -0.063117543181046 1.09132584698662
0.58037407892041 -0.0916568516790586 1.11257793916159
0.57825634387963 -0.0930980813091119 1.19529462833875
0.574973707657311 -0.0944378794211372 1.23619264519826
0.580033953119752 -0.0920761557733676 1.15412054350092
0.5833447448293 -0.062681441994146 1.17489303068891
0.584863201410449 -0.0324738513846394 1.19544747364835
0.0835509568954259 -0.476538886416766 1.56101669685793
0.0493187164782434 -0.491902764254391 1.54248451868577
0.0138017869554722 -0.485310996078458 1.5577448875619
0.012409445222767 -0.463922365984786 1.59113700063779
0.0152843780099746 -0.504594764970539 1.52259453953462
0.342080073217464 -0.434950522494653 1.3973615646518
0.321213429184487 -0.440729619358908 1.42402251196107
0.331657360708107 -0.403478653730169 1.48635714779649
0.326666640210329 -0.42326081367517 1.45517508789549
0.355001826588475 -0.399136563447569 1.45661565860225
0.297787518635307 -0.446531054315967 1.44941750304805
0.272180805620095 -0.451642097399488 1.47397828572196
0.367674331415404 -0.414642986253231 1.39447575118129
0.41727923793755 -0.368891696871463 1.38431423674735
0.39278738782906 -0.392763408388462 1.38983132882431
0.37559440011032 -0.395312909008446 1.42444837298722
0.382265383159906 -0.374192756762192 1.4546831286206
0.244600744876546 -0.45574406268558 1.49755712627652
0.215216918256834 -0.458632933428204 1.51992742939251
0.217903558571267 -0.414138325114085 1.58698069769181
0.216869305041582 -0.437583557127807 1.55405009288745
0.249020423831895 -0.412990941174157 1.56464089825009
0.184180593530358 -0.460154083698332 1.54088261947556
0.151641374643702 -0.460157612107126 1.56027915910995
0.275556973037653 -0.432381035193288 1.50754306118868
0.335809500335516 -0.381429286543079 1.51733739720144
0.306057791757746 -0.407506415365321 1.51418814895463
0.278454380039654 -0.410754819858601 1.54030496800024
0.280447908754272 -0.38675816577391 1.57223822973747
0.0470769567687028 -0.448907808168789 1.60908085506962
0.0109738162057682 -0.440508325684345 1.62254642002589
0.117773826952726 -0.458456085303715 1.5780670505312
0.0828120129964066 -0.454802057120351 1.59429548345351
0.0816270869157048 -0.431082723864226 1.62560382840102
0.115810978196543 -0.41033862703218 1.64069741275428
0.0796660840979626 -0.405595478589651 1.6546789725419
0.151127881839623 -0.41302177802468 1.62495883801419
0.14932183823469 -0.386522280335419 1.65441166171356
0.15175557435525 -0.437646579599906 1.59349301714201
0.185229376470769 -0.414182653227832 1.60710809554155
0.217910607507481 -0.388294787843548 1.61862663847635
0.503582448880363 -0.255947533082758 1.35169317226982
0.48428929742027 -0.28628383217905 1.36184888241288
0.456094298862763 -0.291654285178001 1.43678461615451
0.471364706991558 -0.289029823099507 1.39952288520217
0.477593064967535 -0.261440777646192 1.42754863193635
0.463314464866039 -0.315411685622164 1.37054710086335
0.440885856009524 -0.343041071722963 1.37795749845031
0.408277476686209 -0.348071589011139 1.45045579208758
0.387729832496669 -0.351144094939652 1.4847146019187
0.425981519753274 -0.345374526251126 1.4147017865489
0.43293306199252 -0.3205672378621 1.44443182866301
0.438279363207482 -0.294267222632332 1.47328240590669
0.561038951832528 -0.128142370400513 1.29497659169746
0.549821559371709 -0.160513561491624 1.31159674861333
0.530509804832423 -0.165142208233141 1.39022223139377
0.54114491184767 -0.162917421067602 1.35102466386221
0.543894391302296 -0.132016122710379 1.37460103515529
0.536461465285202 -0.192783717306252 1.32660866831361
0.521017178030956 -0.224687335890748 1.33996834404664
0.497257784796034 -0.230119905456964 1.41671444527594
0.482038848987239 -0.232549962173841 1.45448603806615
0.510191069998413 -0.227517822407653 1.37846443587538
0.51493657504896 -0.197932596341861 1.40427072482418
0.517768465989801 -0.167191661283408 1.4290287942147
0.584487795482555 -0.00158731578999152 1.21557486525565
0.58176510594786 -0.0325341665279986 1.23693698603455
0.570614629746299 -0.0330433682462155 1.31916932562628
0.577056572248506 -0.0327547762116174 1.27819391587497
0.575095420459573 -0.000827532960646584 1.29829614323397
0.576985599511262 -0.0639959980132751 1.25744275309721
0.570090111891721 -0.095907189684988 1.27686422605932
0.555043591805315 -0.0988101862755683 1.35747485803617
0.544623116361413 -0.100133774995036 1.39726378445188
0.563489259313654 -0.0973880218345346 1.31730856233859
0.563944601670093 -0.0657547153681788 1.33895043734708
0.562314182685019 -0.0333355829402907 1.35978988380088
0.0765516272350053 -0.378633339188517 1.68126140103081
0.0432897358180699 -0.39822017680889 1.66728016024102
0.00738280554464331 -0.387889858978583 1.67870306605386
0.00500363260929647 -0.358646259208898 1.7032378293316
0.00934651682297432 -0.415151092690995 1.65178121109442
0.391917910274513 -0.326145032153936 1.51415823469793
0.364510861787332 -0.354312357880742 1.51718985600375
0.442052508476417 -0.266387749611997 1.50104021812718
0.417829808520756 -0.296847158532108 1.50866605489245
0.394752826185218 -0.299228771813365 1.54265246326347
0.39620212513167 -0.270462363411636 1.56982448758708
0.369111498191778 -0.301132058361814 1.57505143562858
0.311016492765519 -0.359258415359373 1.57652497683799
0.281180465686843 -0.360370013418944 1.60322781451612
0.338864281037214 -0.357151443376385 1.54780194890806
0.340623766662617 -0.330708378037047 1.57740699364444
0.340981383816368 -0.302206581771104 1.60574717261828
0.0594149939125657 -0.291153753523848 1.74435222116576
0.0659415026043436 -0.321425541716996 1.72615685981999
0.0936245361988873 -0.300308126091597 1.7352634700091
0.0361949735610386 -0.34076057989689 1.71566035189986
0.00235941025900272 -0.327144318228499 1.7253458167425
0.0719720960651029 -0.350508913649392 1.70513351411728
0.108830460335127 -0.356133873271362 1.69395030095699
0.129461846753793 -0.301574115680688 1.72743536240998
0.115137529730267 -0.273340918817458 1.74606388560497
0.14573076075439 -0.358603125361432 1.68152344775446
0.139397304357865 -0.330070340920394 1.70592150939134
0.166974991892953 -0.300197153650276 1.71754753317748
0.2057384101428 -0.29712555174474 1.70451666701677
0.19016275102409 -0.26721572962956 1.72876621212166
0.181769947785088 -0.359528076608931 1.66676908182046
0.249584947809552 -0.360479062199909 1.62756580669127
0.216428416080418 -0.360055483889288 1.64887396998088
0.212800309915942 -0.32949085095993 1.6775866924644
0.24243860037041 -0.297168567664496 1.68610206757728
0.280306895299354 -0.331572479952336 1.6331054532648
0.340044734904669 -0.271798337370293 1.63227592539697
0.310427105502759 -0.30207052371132 1.63465156085487
0.277516086894619 -0.300371682656262 1.66161664012411
0.272923661929706 -0.266891786315446 1.68813037116619
0.484685590406138 -0.20231834584688 1.48020896905326
0.464394722518541 -0.234828394708662 1.49150637748926
0.518614882061608 -0.135322938870649 1.45265754169216
0.502790231574162 -0.169068554108392 1.46723801688107
0.485475606697008 -0.170756434394727 1.5046048283853
0.484315198010442 -0.137923506261606 1.52758391915315
0.465768204787449 -0.172203863258961 1.54085633507021
0.443665404464847 -0.173312985496787 1.5757038803151
0.444801842764414 -0.205865225157379 1.55242642339081
0.421539931039725 -0.238677592812978 1.56216083069196
0.396306548259904 -0.239924424169 1.59528829629821
0.444239165046681 -0.236911527889417 1.5274885378372
0.558514855305856 -0.00024733587721747 1.37971187701381
0.552032982186177 -0.0335877832447643 1.39994906207204
0.525095331338171 -0.0338543339029617 1.47827066679553
0.539658327714957 -0.0337691568040429 1.43950310456454
0.533789609903964 0.000461028333011576 1.45890142492241
0.543241179320534 -0.0673483647315821 1.41892751570657
0.532105099013364 -0.101334643028794 1.43652906640348
0.500387535238504 -0.103274036840142 1.51268731216375
0.481077073770644 -0.103932559243018 1.54908652042639
0.517385062616813 -0.102391495374564 1.47508028318715
0.513974628695669 -0.0685051624644332 1.49622727575863
0.508274473468429 -0.0338168146755785 1.51603510219815
0.058331208518874 -0.257844513583128 1.76002015793022
0.0291738649380828 -0.274856670301317 1.75379406354889
-0.000783606359768416 -0.256234014005815 1.7612622340065
-0.000426142198592773 -0.217677319558974 1.77367216509702
0.000167769272960849 -0.292965103134139 1.74488562789692
0.364071232021556 -0.172688235684293 1.66884683565161
0.392606472286943 -0.17383147780218 1.64000061199643
0.388441927494272 -0.138538236250899 1.65920240973189
0.395127111560616 -0.207685876743112 1.61872602397589
0.368572190723212 -0.24036697272857 1.62668301027618
0.419229305661681 -0.173930110182398 1.6088517678262
0.440688151732116 -0.139369857194776 1.59725168967938
0.334114132718923 -0.169976378977086 1.69508787571138
0.336495579611059 -0.205641682554481 1.67708499801075
0.305835739194954 -0.237042617631106 1.68376747571187
0.271454348731174 -0.231408094537665 1.70927383437928
0.338382470978157 -0.239610621113833 1.65620708888047
0.0322088345892201 -0.201231301883136 1.77861517386398
0.000599171122852134 -0.177635448824326 1.78149710011485
0.0917963259752023 -0.246894965482775 1.76147561141845
0.0628336089976335 -0.224312051499223 1.77192171783076
0.0671548050728874 -0.188915642897193 1.78099163053839
0.103796658437031 -0.180633222326201 1.78068374132089
0.0709870628137412 -0.151660520496445 1.78682564466021
0.127414510328642 -0.242649056566952 1.75774616140241
0.203436736062758 -0.232120475286252 1.74121164350808
0.164828941362788 -0.238551116398678 1.75081754566449
0.135497186871769 -0.20956136440097 1.76848819913515
0.140899025092555 -0.17440426700144 1.77755737571636
0.214216958942344 -0.12217711312383 1.77200080551626
0.211144272939828 -0.157675048815644 1.76479800875209
0.24279330924433 -0.143716863161664 1.756722510917
0.177025787398388 -0.1674311284622 1.7720064842596
0.145779514079828 -0.138025229347827 1.78421300664048
0.208408712927339 -0.194472817022388 1.75440000359624
0.239428487318145 -0.2176301782045 1.73260354553277
0.273053294667506 -0.156311488603693 1.73896943779104
0.270311743636665 -0.120573223694675 1.74997760766115
0.273106960440841 -0.193424421151984 1.72570098159926
0.303560567242131 -0.164794742550996 1.71847081501458
0.330063048002922 -0.133132060289709 1.71086075933214
0.444101108723333 -0.0325849559613642 1.62073817477446
0.467752933355778 -0.0332312144127289 1.58754451357472
0.4573775216687 0.00295924946248468 1.60445253969136
0.475608769768441 -0.0689568778905825 1.56908001443277
0.459470095993647 -0.104289062778237 1.58398823580369
0.489159300699888 -0.0336235659299662 1.55254952808312
0.500183330802152 0.00147806081411806 1.53444228440902
0.409767471976439 -0.103592922342372 1.64805702359855
0.382081780186669 -0.102170027941194 1.67659162831165
0.435647194561794 -0.104229004317391 1.61708434559457
0.428266229454312 -0.0681843988105723 1.63526563915772
0.418289334094393 -0.0316234524284378 1.6518496209352
0.0755754764111179 -0.113526268054548 1.78899627271249
0.0376337119434698 -0.122260253859058 1.7864446965623
0.00372199171432293 -0.0927761667255773 1.78016462162054
0.00736607954103398 -0.0488498787752149 1.77422648094293
0.00184029241681128 -0.135912368989371 1.78396644483996
0.372923419276112 -0.0653060437728451 1.69243033031513
0.352928517126557 -0.0997127919778152 1.70239966895583
0.405567088374027 0.00502463263952027 1.66682934746736
0.39042754707641 -0.0302978585399293 1.68061607887115
0.360612553083155 -0.028621913961645 1.70681104511286
0.345206931035166 0.00733118508942846 1.71961542977115
0.328863622453568 -0.0267745505906237 1.73025191070537
0.291541869030778 -0.091326170902572 1.74500614553783
0.259371819236511 -0.0865889996558604 1.76157605907494
0.322666252652162 -0.0960500074518138 1.725254708003
0.310909024909762 -0.0598132917617118 1.73865140659106
0.295044399653602 -0.0252820312662668 1.75076949926267
0.138963986082386 -0.0369498084143806 1.79326723626918
0.164579699277979 -0.0661770556949961 1.79012299891954
0.180430543066348 -0.0319657032828943 1.79021817002049
0.153017667337395 -0.101624131353146 1.78821612255563
0.114637352168304 -0.107477304612762 1.79012455588391
0.1896356526201 -0.0948863651388768 1.78297999932253
0.224445805530187 -0.0878703006306538 1.77456542351655
0.241141437592406 -0.0568646031545409 1.772613903799
0.276252659518317 0.00758742015837464 1.7610601949911
0.258874540140826 -0.0252500166343348 1.7680778181433
0.220484795874253 -0.0275807079400557 1.78151198844029
0.198714994372371 0.00169403840330747 1.78795578145708
0.114029051208499 -0.00754098524700599 1.79310274534527
0.0962168113492911 -0.0411578884277657 1.78930718074101
0.0524229565940181 -0.0446269544658349 1.78075645189753
0.0218922344924625 -0.0108327679403795 1.77590692832387
0.0833793309602601 -0.0763686409212252 1.7884689413568
-0.00180478412328239 0.160166990438549 -1.81415880270644
-0.00557352619344125 0.117298764585817 -1.82602603849542
0.0596816026544731 0.086986430516006 -1.82862197412048
0.0260703321992303 0.0995127021807621 -1.82918170280634
0.0567828173769489 0.124354512483832 -1.82114283935799
-0.00596357305486199 0.0721204082190248 -1.83440659089923
-0.00147824674609832 0.026166708154079 -1.83878323480842
0.0903216093866538 0.021980729731429 -1.83097801667711
0.133863189463835 0.0255245792680463 -1.82110087727207
0.0446852455623617 0.0216980699177132 -1.83703778796347
0.0723061133781526 0.0535920262631727 -1.83156112702783
0.0974902560192666 0.0840055869210792 -1.82320988896373
0.0620074287752499 0.161139121663052 -1.80992633019569
0.0907201332877173 0.142153088381568 -1.81130220223117
0.00352675369185784 0.200461425504679 -1.79924716322158
0.0327553352613673 0.180305050495049 -1.80607874873105
0.068271269178385 0.197439974869534 -1.79563953538981
0.0740677326808564 0.23311368837522 -1.7784282452005
0.104285725596779 0.21069043688298 -1.78331943890048
0.0434888864872764 0.254389083372033 -1.77105952813205
0.078824253187868 0.26783753096913 -1.75847215187298
0.00867312032538993 0.238587106230174 -1.78148575898779
0.0126818123808425 0.274755988203528 -1.76104827446822
0.0152527179552151 0.308956804771038 -1.73816416633061
0.115663995682277 0.11747122647976 -1.81254789231234
0.134905540810673 0.0889842007595928 -1.81357928001109
0.208682241011899 0.100281911462686 -1.78491602138398
0.172020009588167 0.0949059958261428 -1.80074841588504
0.185768994659056 0.130321820656455 -1.78722518973402
0.154414036929904 0.0598243663098643 -1.812201012456
0.17501480469855 0.0305294779658062 -1.80791487278733
0.125628156232498 0.151766624178687 -1.80061856818104
0.14018806770716 0.220606731789566 -1.76913380066774
0.133556539617495 0.186255861773693 -1.78621484878866
0.160899257747446 0.159293162022704 -1.78752144163281
0.196205820739404 0.165466235979571 -1.77173158025099
0.0823383282364731 0.301292828972999 -1.73598279917515
0.114317126328306 0.278737504941328 -1.74387967320554
0.0165655593482938 0.341131698932251 -1.71306222097106
0.0497595297582987 0.32213347773206 -1.72568532568858
0.084644815996033 0.33321408682614 -1.71117337226847
0.0859267424203173 0.36340404770588 -1.68423469963145
0.119505641443728 0.342119698038144 -1.69471285720364
0.0517471156635119 0.382561145690604 -1.67153914906417
0.0864307871696082 0.391727632292182 -1.65532836746005
0.0170363134830681 0.371275179400111 -1.68590509038888
0.017075568511473 0.399413170296213 -1.65679686913601
0.0169746732348605 0.42555510076906 -1.62583224970307
0.244552302840642 0.10455224441538 -1.7662595417939
0.230511105923218 0.0697262188673203 -1.78013663168608
0.251492461299613 0.0387709116921694 -1.7727336285162
0.286971608121886 0.040772543660835 -1.75120951956412
0.214161078744976 0.0352594235070658 -1.79171638656001
0.145542487348734 0.254398021418371 -1.74944275448532
0.175675909836674 0.228152280913169 -1.75280939710274
0.244525361807255 0.237825830232377 -1.713335591146
0.210532537465159 0.233812450298459 -1.73421420721769
0.215129936022154 0.266576580293062 -1.71216499491947
0.204299868288251 0.200034591317042 -1.75408398353033
0.231117152499366 0.170314931836995 -1.7532705061685
0.149589036499147 0.287246606221471 -1.72729550901037
0.153975937438737 0.348902274037192 -1.67636077559247
0.152363315549949 0.318832991219958 -1.70287370734458
0.184319587629472 0.29362414971346 -1.70868658246699
0.218234906691084 0.298099239696959 -1.68804685821386
0.256076114830123 0.139376826778716 -1.75027481575192
0.279288222488695 0.107526388583933 -1.744972881234
0.34425590768034 0.109908400924227 -1.69524971703429
0.312597819227236 0.109249042959628 -1.72124651294002
0.322233371910846 0.143436191009318 -1.70314653821899
0.300813849392366 0.07489347971662 -1.73730919218827
0.320514309492325 0.0414505085563428 -1.72736208210015
0.265232356723692 0.173822413130405 -1.73225121639916
0.277409938641198 0.240354128621744 -1.69022944712148
0.272271879749221 0.207570872581538 -1.71221700412875
0.298208139003442 0.17603961191849 -1.70881670633579
0.329760990827181 0.17709136171023 -1.68311578456696
0.252089554918258 0.357832285711869 -1.61051600439135
0.220521023746831 0.356601032027268 -1.63419793923497
0.220026745165361 0.383250445941001 -1.60478060060375
0.219981610620276 0.328168257237595 -1.66200515572397
0.251089199357564 0.300866989896866 -1.66540808305601
0.187738443731981 0.353680039977292 -1.65616902247064
0.154592620772541 0.377259185424162 -1.64792921293831
0.0864047210057371 0.418093601967971 -1.62459572737142
0.12075289768798 0.39877333089434 -1.63736303511142
0.0169185354459577 0.449684105817563 -1.59312472767136
0.0517276893629008 0.435097270174982 -1.60978989017578
0.0860697404861345 0.44243692154273 -1.59217148011195
0.0856188622702495 0.464708274019525 -1.55819371766883
0.119745801402194 0.447640326714147 -1.57307473584101
0.152517031213948 0.450802265556007 -1.55261336266642
0.153643946426914 0.428298961048671 -1.58592162125825
0.187136544106708 0.406790919824962 -1.59654490746396
0.218696704057806 0.408004170732668 -1.57389370499536
0.154410770383331 0.403759459572203 -1.61773586208716
0.0514352170293789 0.479429604182154 -1.54146801985953
0.0852231410078074 0.484869726700742 -1.52281069200729
0.0170248274267636 0.471767245945038 -1.5588149103889
0.0173747025325805 0.491769675547606 -1.52306871588262
0.0180284370877593 0.509666305084819 -1.4860719337771
0.374099360264346 0.109748215166035 -1.66712910228099
0.364142862651223 0.0755568782997034 -1.68522358334605
0.381710208434879 0.0404840562177235 -1.67322033076144
0.409357306566687 0.0395130144970445 -1.64310773263104
0.352092105690033 0.0412206372594277 -1.70133553188258
0.280820413913551 0.271937104897673 -1.66638839048594
0.308949908863388 0.241555235763187 -1.66498624675522
0.367164199916365 0.240706350024038 -1.60851867341724
0.338930535741619 0.241606598888105 -1.63771177445194
0.34083687882874 0.271981078749869 -1.61261051944024
0.335284254952439 0.209902695938248 -1.66126248672542
0.359663156140458 0.177152851865717 -1.65529444850107
0.282658306987919 0.302112668083453 -1.64082847870397
0.282241576144941 0.35756217484755 -1.58518990309236
0.283077649057886 0.330703056579951 -1.61370669544052
0.312738938871098 0.302031590740091 -1.61437792077164
0.341147338839272 0.300840775459641 -1.58612618238482
0.381948025237633 0.143466629750878 -1.64717657810009
0.402009401286218 0.109001449150482 -1.63702181960452
0.451687207959103 0.106463113490631 -1.57143528529082
0.427895384882885 0.107858665353662 -1.60507113934079
0.433917644933817 0.141060786293622 -1.58356606579308
0.41972545657075 0.0739307313156597 -1.62495812628808
0.434996097256116 0.0384637416453858 -1.61111717202038
0.413837995014389 0.175087156536405 -1.59387059687385
0.437866081727121 0.173326612170991 -1.56057479235041
0.387735248115741 0.176420401783125 -1.62549672235094
0.391546402222707 0.208357381358167 -1.60222946405177
0.393490744056872 0.239064708725282 -1.57752654004914
0.362458979737213 0.350174004020771 -1.4996412578265
0.337596457004632 0.353437444267964 -1.52976452077428
0.334068271875873 0.376956110010328 -1.50030404336437
0.340013623806647 0.328033578482097 -1.55844392796781
0.367714963032568 0.298783552294602 -1.55613838025909
0.310799090892683 0.356009373319716 -1.55826858156802
0.280328901781695 0.382576100636227 -1.55544198361798
0.243309373125737 0.449356830249242 -1.48442126660825
0.2144890060797 0.451506026160825 -1.50813108751164
0.212228537811037 0.470116729564562 -1.47337058162683
0.21675937089202 0.430778456788859 -1.54165146465992
0.248889926225649 0.407562747094487 -1.54988531706811
0.184164396314172 0.452043091361899 -1.53091673160408
0.151267648783583 0.471211773248311 -1.51792903962184
0.270455131010325 0.445788442769118 -1.45997068618555
0.27413566685316 0.426752395517046 -1.49278274631385
0.304505194154668 0.40253612491402 -1.4980996434402
0.329620553561016 0.398512453056422 -1.47029425124327
0.277543467031956 0.405660482399842 -1.52460716536237
0.0850332814276178 0.502894539643706 -1.4861865541254
0.118187378501795 0.488182971344371 -1.50294473267952
0.0190288693576388 0.525449953753963 -1.44802341514958
0.0519314649437771 0.515317179395705 -1.46783244555661
0.0851715165190573 0.518770528206613 -1.44850590363865
0.085715938508761 0.532506820068122 -1.40997323916702
0.117612297035053 0.520113981205039 -1.42819082712489
0.180927211553034 0.48887920645022 -1.46008689879889
0.210397468389624 0.486514639835546 -1.43739887653314
0.150143457289391 0.489478817135831 -1.48199030985206
0.149380497844402 0.505561110781946 -1.44494604614383
0.149156452388359 0.519433238678295 -1.40699698580631
0.0242169156769794 0.560414428075467 -1.32955165423989
0.0221357668814964 0.550768769258074 -1.36957721846863
0.0538351578570046 0.542724185173327 -1.39040275628409
0.0866856805722771 0.544142114799468 -1.37080227039599
0.020398427147977 0.539136703401932 -1.40912641458489
0.458575571105073 0.0374161944099891 -1.57740122185033
0.473334785415632 0.104916591589982 -1.53628879622042
0.46707595553382 0.0715022693603974 -1.55759158112057
0.480047556667651 0.0364069703814946 -1.5421389124207
0.4993797989761 0.0354497788481916 -1.50552465048829
0.339865668907057 0.429735484611019 -1.38315073629629
0.319013329710257 0.435443531767824 -1.40951931843418
0.314060174631394 0.450487060286415 -1.37864133871143
0.324485690391614 0.418037261886183 -1.43997387030073
0.352662081654496 0.394091734648974 -1.44090686718305
0.295755396966546 0.44103775521559 -1.43496788855013
0.267073841236627 0.462644473334045 -1.4260051357491
0.393692098930791 0.268367109370144 -1.55155223538883
0.417776723288963 0.236890023471327 -1.54486875248542
0.459844975580753 0.231654499024338 -1.47521598294497
0.439917603078378 0.234370581505757 -1.51070256258617
0.438226058362133 0.262903943637184 -1.48411712975359
0.43983214434486 0.204477401684972 -1.53623809826026
0.459745713578363 0.171282358416812 -1.52578301060655
0.385175451541018 0.346618201446428 -1.46783607371451
0.389399342028047 0.322232817029541 -1.49650903411702
0.414702396489962 0.293130170066554 -1.4912590307643
0.43485165136039 0.290021624577554 -1.45662920040713
0.392282908859082 0.296124993821168 -1.52448319073152
0.477427154217492 0.137485150269706 -1.51361007954963
0.49281080925411 0.103287120053102 -1.49981826490656
0.525268537069512 0.0999219876928576 -1.42366347107141
0.510113660529416 0.101615653193906 -1.46221455105211
0.512219314260658 0.133460203822263 -1.43878408968467
0.505858939857506 0.0689020445830056 -1.48450289184877
0.516563660947358 0.0345461773415339 -1.46775655344677
0.496928444029094 0.166735129287315 -1.45247278098531
0.512252711431045 0.164336205840653 -1.41434465905219
0.479435478288902 0.169062010422827 -1.48968348367137
0.479445103461136 0.199535383507123 -1.46464289700035
0.477536740258114 0.228833426959973 -1.43862395508017
0.379733051835312 0.369243801482543 -1.4386972367501
0.405503461662033 0.343172603348137 -1.43437534871005
0.438466649324298 0.337353579249098 -1.36369487256897
0.423260521567077 0.340093961455762 -1.39950692094216
0.414929734352036 0.363328250284135 -1.37014687684892
0.429861078335127 0.315724985907414 -1.42838076146812
0.452670355751547 0.286928725109605 -1.42083852935617
0.35585923237629 0.427511389513657 -1.35191779065308
0.365404161235445 0.409365618371665 -1.38023654430277
0.3904789935805 0.387357381936637 -1.37564213297743
0.404493435815071 0.38581503502804 -1.34050513085871
0.373156569470676 0.390120061615339 -1.40937332888906
0.209405119041519 0.500580823067598 -1.40033569207754
0.238440386169229 0.482516697925738 -1.41412949046062
0.149534715169453 0.531110577248478 -1.36839805267687
0.179761637839623 0.516798991149794 -1.38504576447774
0.209468026902385 0.51224101103747 -1.36247900439415
0.210452612387229 0.521569187449523 -1.32425384367859
0.238447595569304 0.505695817282938 -1.33949365272505
0.290075923110957 0.469991831155758 -1.3670845435542
0.314227143343369 0.461093551425404 -1.34460296435735
0.26498528051122 0.476999384195727 -1.39055193357645
0.265029272294546 0.488428722587833 -1.35378137344826
0.267080883737872 0.49690516615677 -1.31645181673402
0.0880377672804082 0.553750133598341 -1.33119389470257
0.118886729506498 0.543446455921474 -1.35043470815995
0.0266034688078982 0.568164449540004 -1.28919209496858
0.0572112574905706 0.561990355305644 -1.31074504706244
0.0896829699632169 0.561437535966306 -1.29130865657402
0.091519839298212 0.567332543127712 -1.25124420865622
0.121585783870422 0.558797850692226 -1.27139209753111
0.181383634265258 0.535822843380066 -1.30790296071961
0.211872751275053 0.528834782255129 -1.28604030488971
0.150432049215887 0.540673711305491 -1.32942227558208
0.151640010933124 0.548273210983386 -1.29029746536325
0.152902497143664 0.55410394881307 -1.2511526700716
0.0353209912535826 0.581131355771369 -1.16690069448935
0.0321585461450297 0.578410261137326 -1.20782795605568
0.0616636058952432 0.573862393327539 -1.22999379711533
0.0934781718601133 0.571567134523163 -1.21102607944305
0.0292573213902177 0.574125265777407 -1.24859867934438
0.544583232300521 0.032871843730021 -1.38950861445351
0.555528197878161 0.0320743100643199 -1.34935951733411
0.53161698011113 0.0336905135055029 -1.42902589987054
0.536054763164247 0.066327364164825 -1.40720509701846
0.538325983909212 0.0982106303596241 -1.38433700355889
0.319513206307943 0.466588622923438 -1.30992074120675
0.340240343705083 0.447156527801527 -1.32756625573023
0.269951584763339 0.503081105680574 -1.27915406587359
0.295971187189863 0.485291625073969 -1.29414721776208
0.325216782990026 0.470404814931705 -1.27366346888843
0.329967749673191 0.473403102641744 -1.23574995604298
0.354191030509206 0.452328105837282 -1.25596450104097
0.365903100397868 0.429043948379635 -1.31816406504216
0.382243742983119 0.430747372199383 -1.24567908601636
0.374343782379718 0.430493613446192 -1.28259279979966
0.391162253475622 0.408150370798697 -1.31105566609723
0.415970368199331 0.384595648821137 -1.30493365212604
0.4737753485864 0.256930655685375 -1.4117610622282
0.493024043477277 0.22593787384921 -1.40115018577389
0.517743637653607 0.219829593150377 -1.32433127506063
0.506387996559815 0.222949601144694 -1.36299927765772
0.50060511947105 0.250650284244411 -1.33638654134488
0.510287400033073 0.194177122495805 -1.38903517499378
0.525468194472248 0.161873337135953 -1.37547698154182
0.451415809413908 0.334616462326246 -1.32745149343613
0.460773468288483 0.309699309711845 -1.35603455035796
0.481561568898868 0.280695371438877 -1.34695938448548
0.492974682960538 0.277295326554231 -1.30935555800676
0.468194252233074 0.283855667445648 -1.38418658937344
0.565708928975026 0.0929119847456114 -1.26311374201581
0.558452728387984 0.0947127107443631 -1.30394283831394
0.556872048904162 0.124834802386822 -1.28014023469796
0.558029407526981 0.0637665120666555 -1.32706514747245
0.564535279523872 0.0312766659588517 -1.3087099776214
0.549358006630133 0.0964768765522932 -1.34438699170223
0.538502594901339 0.12924024465018 -1.36056074270752
0.545924392602307 0.156736371328939 -1.29609824423973
0.553367681173318 0.154067241086538 -1.2558021886575
0.536659178480942 0.159341381403833 -1.33602119021239
0.532871255524114 0.188459474754395 -1.31086737374786
0.527216154118534 0.21655191204399 -1.28525146466598
0.439944107373489 0.358796662329186 -1.29860882404825
0.462572810567571 0.331410886223908 -1.29111123222448
0.480887229748958 0.322589836398712 -1.21809370128818
0.472342577205344 0.327402866252502 -1.25471986243055
0.45960686145528 0.350636037374632 -1.2274290482203
0.483530062811756 0.30289500523264 -1.28207589042792
0.50263153630525 0.273548570856729 -1.27145299065739
0.436077216407399 0.378206771121901 -1.23490408039093
0.44578342415783 0.372171402426896 -1.20023348462453
0.426193534417995 0.38234628133668 -1.26966826608194
0.41023533056264 0.405104888331167 -1.24062464245353
0.392890866893077 0.426294381547762 -1.21098224252485
0.213102556334906 0.534424646247266 -1.24801794785889
0.24206073292219 0.519587649158609 -1.26403292096977
0.154016670211821 0.558359574012172 -1.21200677784532
0.183620853748611 0.547383619526868 -1.23072709358722
0.213674119960767 0.538685729188135 -1.21017008241418
0.213446460394496 0.541817407236363 -1.17242198697327
0.242832721163888 0.528146887061466 -1.18935142422259
0.271997643106742 0.507963930914974 -1.24207075381347
0.270550541918847 0.516115796686433 -1.1678277779343
0.272215763154066 0.512256631262022 -1.20505941065718
0.3014204625524 0.494017236193395 -1.22018902444337
0.329421738004913 0.478332534247787 -1.19793506337689
0.0955606846327162 0.574258400795304 -1.1706123594613
0.124596976775048 0.567312734939302 -1.19189706752384
0.0387983260967977 0.582393256606005 -1.12581971672216
0.0669764582151114 0.579257220393876 -1.14847689953314
0.0978755631381349 0.575493502795199 -1.1299069583234
0.10065598955572 0.575319879243961 -1.08877946645328
0.127839410084661 0.569967411379851 -1.11151006522294
0.154913492938203 0.561191066329359 -1.17279591351475
0.156691662445834 0.562846269619658 -1.09366984036747
0.155699954395117 0.562684099364463 -1.13340493473427
0.184301510763567 0.553322868633336 -1.15381363820277
0.212580534662706 0.543874949312492 -1.1347844312573
0.0426694669196709 0.582292875694913 -1.08459909725653
0.0516606792096095 0.578413418383764 -1.00210573050358
0.0469856127021911 0.580927185670489 -1.04330561426615
0.073830762190665 0.578926247252491 -1.06590239411573
0.104246837464807 0.573744253683424 -1.04710421030597
0.571700546081932 0.0304514210354529 -1.26766949191006
0.571231657270521 0.0910748425867428 -1.22199494651024
0.572450371765609 0.0611109945283551 -1.24513842732432
0.577128440659677 0.0295644006854139 -1.22633165026002
0.580928905138406 0.0285763626320233 -1.18478500584768
0.428390133166868 0.398050385365789 -1.11243646213472
0.418522449994793 0.407305611938203 -1.14482343864699
0.406680240006927 0.42012079674557 -1.11513792223012
0.431782061460537 0.391245920165202 -1.1728805233895
0.454672464136987 0.365125776894762 -1.16501619413363
0.406428078563963 0.417091231158477 -1.1775025909185
0.379074185512683 0.441966713555655 -1.17847810080513
0.337810960928041 0.477217233161014 -1.09110345849766
0.318181435246685 0.490308445708621 -1.11922431801153
0.31266889934395 0.493877480098805 -1.07998566090879
0.323895273011482 0.485092634655265 -1.15867521750424
0.351778400340937 0.464440059775175 -1.17188144278094
0.295862578562072 0.503293935465365 -1.14474133399386
0.267695960953062 0.519240871792185 -1.13041387717742
0.384766688925981 0.440306533966718 -1.1095952700419
0.398827227374741 0.427566342986461 -1.08005886988247
0.36947996868825 0.452353597673905 -1.1406697734151
0.361878855110452 0.459309041205186 -1.10125421425843
0.355763145316612 0.463459524774133 -1.06132215300711
0.519778849227189 0.243574756647287 -1.25932609696312
0.534919804798248 0.213129358679883 -1.24582058778771
0.545382229635061 0.206115443003581 -1.16606625591895
0.540948847661695 0.209620178667883 -1.2060786204565
0.532243704982744 0.235813718804368 -1.18094855409201
0.548027325434063 0.182349528505005 -1.23106994921552
0.55909195371243 0.151362287767671 -1.21520881439496
0.510665932413416 0.269462810347495 -1.23323617105225
0.488100173854447 0.317315569088933 -1.1809850221053
0.5000298877419 0.294103894515486 -1.20710087415332
0.517131887907809 0.265168722311208 -1.19466846735572
0.522037817671123 0.260863616659605 -1.15576658501243
0.568119649354079 0.120282838269325 -1.19836984687374
0.575129550592416 0.0892122393602013 -1.18067671624204
0.578498866296295 0.0855453498331168 -1.09783850696549
0.577513862931773 0.0873518362431262 -1.1392544859938
0.573084293624992 0.115845751449619 -1.11590929920358
0.580150340950627 0.0582396448706508 -1.16223531096237
0.583216480568521 0.0274495604874188 -1.14312920969557
0.565780390730233 0.1460624028161 -1.13338922606757
0.56693665181475 0.143628696047016 -1.09227608290874
0.563197112107587 0.148670729228019 -1.17438432562332
0.556555634665234 0.17617026698936 -1.15016017886572
0.548294849925375 0.202718289350669 -1.12582809198646
0.499846805859303 0.303215636604413 -1.0672553092507
0.497628013211814 0.307367486521053 -1.10525153108805
0.48355486957593 0.328917982445764 -1.07969342139477
0.510463103627668 0.284716665369063 -1.13055678901681
0.52540447143402 0.256724914883256 -1.11662888542459
0.493736052468161 0.312101717678192 -1.14330384303534
0.475200533480883 0.338849974767411 -1.1548720971446
0.433224689246948 0.392695102852369 -1.07684434966938
0.447796894352079 0.376237865595477 -1.10249458193621
0.466141031233876 0.353291261442522 -1.0913424357845
0.468077421398712 0.349661617256882 -1.05374768999454
0.461689722068711 0.35849102232318 -1.12869533441735
0.23494169918601 0.534057038741771 -1.04425241283538
0.210436819720968 0.544655800694639 -1.06057324656413
0.210618085767631 0.54308518474856 -1.02433922276572
0.211421134472588 0.544837958114885 -1.09741926867148
0.23944996283044 0.533090287293558 -1.11505305205514
0.184275058684287 0.554333286618569 -1.07670013688671
0.158504829852595 0.561576220935576 -1.05335902998978
0.264397174980347 0.521330607205755 -1.09330683450295
0.256089787589961 0.523181647893468 -1.02169888475717
0.260772508424884 0.522469617397593 -1.0569900770931
0.286833390980018 0.509030093379297 -1.06860138171736
0.306738522395204 0.496376277146283 -1.04122700802461
0.146671842144038 0.557285544168515 -0.942313802865652
0.114895238713413 0.566403136211879 -0.962078268998674
0.121195063155796 0.560935062882403 -0.919158954401194
0.108978414344626 0.570757900103331 -1.00483837937218
0.133748632620473 0.566896669383788 -1.02882618012388
0.0832844514234483 0.573438434133017 -0.982370132691461
0.0562884819938557 0.574924451693435 -0.961302177638419
0.162229927190499 0.55860532817167 -1.01227033418315
0.178553803204229 0.546793363537755 -0.93003210828959
0.168820912959044 0.553684796774033 -0.970807117245646
0.189826578692591 0.549057117547802 -0.998574597631644
0.217020831556326 0.538270475174378 -0.988682676676769
0.0598982869509897 0.570732037183424 -0.921307286183709
0.0610336717844052 0.561204674283693 -0.843649739825163
0.0615561382878038 0.566109178858506 -0.882173142852856
0.0914004896700569 0.564364510508861 -0.900504883591383
0.122457663718362 0.555859377138769 -0.878012583600864
0.584111699090832 0.02616316483139 -1.10149537829865
0.578203396768891 0.0838734312328335 -1.0565606134977
0.582048775487221 0.0551723848815698 -1.07923024422922
0.5837445161466 0.0247403461143054 -1.06006543207085
0.582258164406536 0.0232836600836771 -1.01907760342005
0.395115738993027 0.429732136272082 -1.04277842275323
0.415248743903091 0.410997492993635 -1.0560420902511
0.349934723025444 0.465974481126655 -1.02169710281105
0.373373830966768 0.448098718010688 -1.03164368498757
0.391453879898176 0.430474132424945 -1.00377342766591
0.386789492186079 0.430770060996846 -0.963375543557136
0.40999703436118 0.41055443813405 -0.979159520568603
0.432956154425957 0.39155612330495 -1.04037155922847
0.429503921759885 0.388329627647295 -0.963164487401469
0.431320794218274 0.390533912422113 -1.00243448297383
0.450749634956033 0.370139217321736 -1.02770115050382
0.468341492995013 0.346748768295691 -1.01670768591513
0.305093234549261 0.489049068344525 -0.937739108281522
0.288689936679913 0.501778094024249 -0.966372953042954
0.275607918934749 0.50540928418169 -0.931111890300359
0.29909521606431 0.498763285042556 -1.00319169761737
0.325012073162176 0.48300874080837 -1.01232860202697
0.272568935340126 0.513030317331415 -0.99457066524451
0.245504166595776 0.525908985793758 -0.98762282787382
0.321470082597507 0.474955114816239 -0.90886148371876
0.333343725681059 0.471239765068362 -0.945440969267049
0.3606040599678 0.451782364669711 -0.953787903480627
0.37801657049427 0.433749873911649 -0.924674344407456
0.34280340211948 0.468269300843263 -0.982987041429529
0.572612377234063 0.11212089180826 -1.03342747008962
0.576753704639089 0.0824372217761358 -1.01557418678912
0.570962195593491 0.0805124191949189 -0.935123430958011
0.574288015152657 0.081319792078532 -0.975043204244713
0.567618630259849 0.109830228533616 -0.951733413330435
0.579169400745882 0.0523925194217592 -0.997435492329077
0.579809711891057 0.0219963525132821 -0.978795991964908
0.562763149969312 0.138529597079926 -0.968609545176391
0.559183470824654 0.137778946023803 -0.927473945664669
0.56675770238185 0.141483328582946 -1.05108526563792
0.565333553056614 0.139752125053502 -1.00984815262274
0.556450616581284 0.166622952716058 -0.985972987225286
0.548631238474912 0.194294972062075 -1.0037138545259
0.546078531210749 0.192630175187684 -0.962159930865888
0.538516010247144 0.228274626993446 -1.10152793732513
0.54976377917261 0.199532118295219 -1.08539093059289
0.549860682083088 0.19667142413008 -1.04472541165949
0.539154887079805 0.221795261810907 -1.02133933968401
0.559160450338224 0.170599496972245 -1.06847873066192
0.52786168578343 0.249247577479306 -1.03813405557794
0.527165722379802 0.245975585800544 -0.998757064876748
0.527306116601741 0.252846606945783 -1.07739250690666
0.514711114770537 0.276511475174053 -1.05349986534032
0.500705664477523 0.299414545240426 -1.02977785254827
0.485195235195218 0.321688980056439 -1.00583865632133
0.5006104891013 0.295596230337935 -0.993124394163509
0.498055437139179 0.288096918808634 -0.922177114000311
0.499816545406906 0.291608939890801 -0.957358932684898
0.484781846585723 0.312728990844406 -0.937742216585997
0.514011392797807 0.26925286430187 -0.977395454879118
0.525167382649615 0.243312648797977 -0.958919027768236
0.468493430908787 0.337918970586253 -0.946221179670822
0.47003294255042 0.330110978190692 -0.912893777867703
0.468164460275462 0.343179414210974 -0.980783675869492
0.449962744842624 0.363268211799404 -0.954032007915262
0.431349069547572 0.38112103409418 -0.925659414900466
0.453323113537559 0.33390688543567 -0.821009467477947
0.445208622267633 0.351753764543031 -0.853995915652408
0.432683294702629 0.360366533314749 -0.822046857984788
0.457531222068932 0.341883205611375 -0.884287238582314
0.475481070246914 0.315912894872539 -0.881357775076327
0.437611389030299 0.367801402961413 -0.889013225362591
0.415395891409375 0.39343118966055 -0.893911934826419
0.251653195268068 0.498703583765541 -0.795676242158955
0.233586849010623 0.512329539000458 -0.82751719591131
0.222055633422065 0.511596992633608 -0.790579655484672
0.261028253132527 0.50894925751044 -0.896936341165705
0.246639309621464 0.511442036533012 -0.862754574634917
0.277975520815092 0.495884733454001 -0.867131606364818
0.214082225573609 0.52537377420755 -0.859997574894018
0.193911526450887 0.537440686039592 -0.893699338117476
0.180677689447955 0.537360861102028 -0.858089172300029
0.229578512419359 0.530382674441613 -0.957171079333764
0.211954202144703 0.534461961584053 -0.926215136700561
0.244533404690362 0.5205632080682 -0.926819151258876
0.134895321251563 0.537210313602686 -0.768173192807521
0.112765958399156 0.54654694307179 -0.796470729879569
0.106693922325643 0.541626814316024 -0.757131303226472
0.118151196661691 0.551299792086356 -0.836757760262956
0.149042649694383 0.545835345679406 -0.850757346316711
0.0881082328608723 0.554635812770114 -0.821623407983701
0.0588931993785662 0.556070226392345 -0.805721693341992
0.171878788572484 0.534486351545396 -0.817950353499337
0.154879413446593 0.526909319311795 -0.737643228529109
0.163529424565697 0.530857970625455 -0.777608907204076
0.192584709324488 0.522353772254829 -0.784929502175307
0.211486670083479 0.509649466738047 -0.752127833289344
0.0479191300332131 0.540123711832832 -0.698340098067862
0.0524315516407481 0.545419609131218 -0.732945077187614
0.0791277432227064 0.54431630977434 -0.745305067883403
0.0996244142817983 0.536660784359636 -0.718542898799941
0.0559225475786573 0.550774391046446 -0.768734907061529
0.572672504723884 0.0207782584842743 -0.901026121957143
0.568276513692003 0.02092163680733 -0.86357679784188
0.576562754174025 0.0211158433827049 -0.939422028906957
0.572683890312986 0.0507381150347876 -0.918375805551854
0.566952933032502 0.0798362056392061 -0.895937671933203
0.363185759253382 0.429202821148578 -0.817755053314975
0.350867817446943 0.44472072021483 -0.849262580518654
0.336963172349011 0.449051646077029 -0.812632233981847
0.364764320179781 0.439486577078474 -0.886546054702676
0.391378350509249 0.417116412236465 -0.893174538149214
0.336948861950893 0.460016005568903 -0.879534807460101
0.308051296121586 0.478767496255285 -0.872897032773992
0.410921858694517 0.385004254731411 -0.82263693816176
0.419770964748874 0.368092518911387 -0.788780173770215
0.40149221636843 0.401382136769102 -0.857615734247072
0.387834002725554 0.40788207559114 -0.821310921937294
0.374213197255577 0.4133949725217 -0.785332925535791
0.310886464464771 0.441253538528274 -0.674518565695514
0.297441413529286 0.455889899124554 -0.70287211144431
0.285665965134854 0.45576285316605 -0.664227385427205
0.323326329766854 0.452369764978469 -0.776281385427789
0.310116712864302 0.454651656776473 -0.739838906099361
0.336042745398358 0.437098555135422 -0.745374434190276
0.283388370659165 0.470372012067994 -0.733112283059928
0.268210117835957 0.484677764043062 -0.764198135096664
0.256312646460669 0.484229207534851 -0.726070036589472
0.294280690540641 0.481892719292371 -0.837154085892547
0.280893944280282 0.483907511194484 -0.801096360647569
0.309433253461943 0.467325897263418 -0.806878701983903
0.552562661587483 0.0748648873437584 -0.782497717225366
0.557604658375437 0.077430259192556 -0.819777348717937
0.549818397462775 0.10335072219752 -0.79492575581888
0.563826454019848 0.0498464866166623 -0.842707258360439
0.563500245592725 0.021295264023517 -0.827036492961348
0.562444948030094 0.0789477614425016 -0.857521005159499
0.559402717643181 0.108207952966692 -0.872000025990596
0.545334780227853 0.132650474737712 -0.807315323902658
0.540743062380316 0.127325302624549 -0.768426217686756
0.554824310280772 0.137156903333556 -0.88667224153613
0.550081848056388 0.13577082213927 -0.846604283636567
0.539034853531755 0.162520603306539 -0.819876866793517
0.531050020540494 0.19239212335008 -0.833247742805079
0.526389989513576 0.18815363561398 -0.791827235257441
0.534374450769704 0.21773653463905 -0.939116503463602
0.542193059106782 0.191894721127385 -0.91987944592439
0.537051558145326 0.192067180402676 -0.876812993847363
0.523326494374047 0.218880920157966 -0.851973016883167
0.548999324974692 0.16514489227681 -0.902379858386695
0.492598602753732 0.289750374360117 -0.886565378696442
0.50766403440441 0.265863680316648 -0.900343096090146
0.515958911651025 0.242994961087832 -0.876488087433015
0.508417541846385 0.246505398884822 -0.834859445156971
0.521537809911148 0.242046227252428 -0.918130480619077
0.516716317102815 0.15678838785148 -0.670643079819851
0.519952381450931 0.168034595880865 -0.710285857365912
0.508625846638709 0.185020576087541 -0.678368630864163
0.530700927004331 0.148930939716513 -0.74029640541443
0.536279925968831 0.119932968195987 -0.729648161212273
0.523159837200197 0.178615346396358 -0.750701798310778
0.513401763951234 0.208797966024215 -0.760127583614524
0.483607458180649 0.296942779826296 -0.853930341953397
0.460915900669789 0.315458129952751 -0.789371599017951
0.472948909804799 0.305773664434867 -0.82176556330086
0.49143214217669 0.276378467548311 -0.826083057446666
0.498001434176392 0.255377496813409 -0.796527043572901
0.472425145181073 0.267418644601222 -0.688907103421411
0.470709276955632 0.281701326081428 -0.724304182997122
0.456537041849678 0.293753453807434 -0.68934199966935
0.484635194685382 0.268742505325266 -0.759875760298222
0.500731355854473 0.238528777326763 -0.762885432199946
0.4669063257817 0.297755068864486 -0.757596665587919
0.447891496387709 0.32526856899864 -0.756501950352512
0.427713323442856 0.351105983843958 -0.755851418327818
0.434357553113237 0.334573939233277 -0.723259152856804
0.406971320255492 0.350657553137106 -0.656145847361005
0.420614129426447 0.343134389473715 -0.689869771931242
0.400541006916343 0.365705358341286 -0.687691002068055
0.439347829315099 0.318980956891341 -0.690062116502053
0.442038488715991 0.305122925432071 -0.654690470004265
0.392949921418864 0.381365304163897 -0.720016146218634
0.379566868064065 0.386537588367187 -0.684395822635881
0.406458672963884 0.375128985423008 -0.754733604640573
0.384152924234939 0.397361247057526 -0.752643148950003
0.360719401497085 0.417973570426673 -0.749524470083778
0.206714239004613 0.491991521388832 -0.641536224661399
0.19039931961671 0.504230901057181 -0.673936854335622
0.178878126374424 0.501487107352502 -0.635289313908395
0.201126018155025 0.507049207842714 -0.713016633433513
0.228908958638994 0.496438182651308 -0.719433871327296
0.173233737491865 0.515880014807791 -0.706042253005063
0.145435381124379 0.522894630561777 -0.698188090264985
0.261134123148938 0.468035789421252 -0.653364443989375
0.278295350307828 0.451414147913248 -0.619154188274155
0.245247206149634 0.482664110957249 -0.686631125781662
0.234257834140114 0.48075654846907 -0.647352609399037
0.222315393110497 0.479202041761866 -0.60888287013628
0.0943903228204946 0.519872559572162 -0.614292013747582
0.0793850880499942 0.527314991313928 -0.643700425914929
0.0658080164944155 0.52306006881654 -0.608283151085069
0.0907329235609061 0.531837875302088 -0.680604816685959
0.117882506638047 0.528167924543097 -0.689565814115364
0.0641213444888406 0.534095752341008 -0.671957988748375
0.0379041083592283 0.535260979661423 -0.664862356148505
0.150867333318603 0.509240456023941 -0.628498983560732
0.16638234814954 0.498934782044476 -0.597224750427359
0.134782594650621 0.519002332192282 -0.659365851732466
0.122712765183737 0.515327134809091 -0.621338241999306
0.109323131061577 0.511844048396062 -0.584205717552562
0.0232690902052619 0.530966708972271 -0.635054941209713
0.00764439560945214 0.526261232016364 -0.60522717079641
0.0368255194724319 0.52513726429401 -0.604831598071033
0.55846775246293 0.0215501204128329 -0.791433915388182
0.547426070809818 0.0707679209108594 -0.745439796967795
0.55368283564791 0.0474218429721382 -0.769887136327406
0.553300169105631 0.0212850957443571 -0.756841531325066
0.548094295404229 0.0196746498312703 -0.723182105425105
0.209166942269364 0.478058025084291 -0.570905425182581
0.236590765384511 0.466187315291185 -0.575677991139505
0.260919013991603 0.440026886160699 -0.506125827900745
0.249321233887265 0.453133894704669 -0.541377295567474
0.235398492681543 0.45357899879406 -0.503856172969322
0.263511597559976 0.452460349377023 -0.579553477373827
0.289165776029901 0.436641374070168 -0.579201376632246
0.299842707020486 0.422149903018183 -0.542966228365249
0.305345532051692 0.432019058467467 -0.610256715548688
0.271794247395601 0.426916991881348 -0.470769657805629
0.285683877196466 0.424793185217683 -0.507249112177106
0.309791681657927 0.407859298638982 -0.507760203695398
0.318915666266193 0.393788039597154 -0.472699505102303
0.324220706818165 0.403899750911172 -0.542769668397282
0.347599602369547 0.384416484935637 -0.54389866361133
0.33884437070213 0.399345838487523 -0.577346228834014
0.366416077510152 0.390775585169726 -0.6482420783963
0.352989977141903 0.394867761565865 -0.6123828658562
0.374858835790799 0.374942481167367 -0.614962257616407
0.329900623127858 0.41378863319595 -0.610487599024433
0.321742228003464 0.42698251183456 -0.643288828466121
0.347511084385249 0.421619548553622 -0.713800922375458
0.334649589199631 0.424459709997271 -0.678290903909284
0.357572039258415 0.406157860571249 -0.681335242292233
0.537389962787062 0.055182975175209 -0.672125412509812
0.530816920553409 0.0718387133424945 -0.64443387405709
0.543190478866032 0.0379727070209899 -0.698571905553009
0.542326011046025 0.0643808728388021 -0.708503622970558
0.540093103565795 0.0917169787095467 -0.7189819073816
0.513508496868688 0.144886366352701 -0.631791322498304
0.523026980392304 0.128438073281374 -0.662008541103004
0.527679608764312 0.100113515510621 -0.65308066509272
0.523558974451604 0.0880474319101221 -0.615802110590289
0.531916529120756 0.110816205390179 -0.691107693839588
0.504081911409366 0.106405684737534 -0.519861434811271
0.507232829513225 0.119454081759118 -0.556463545175382
0.498245113926218 0.134719484637538 -0.525876953250946
0.515683286769729 0.103894771493986 -0.586441860109724
0.519479426751359 0.0749909037906429 -0.579292116764638
0.510355196910682 0.132382660855579 -0.593742270074107
0.503423606952276 0.160435579354198 -0.600622603852353
0.494819935412008 0.188024917745913 -0.606605489468883
0.492836129274831 0.175282066991299 -0.568721490295434
0.470529505513673 0.202991864762299 -0.50335195519423
0.481832061170958 0.189488088762699 -0.536269804426959
0.471184221571645 0.216051207357279 -0.540264873072211
0.490837342860335 0.1623947428066 -0.531422978353212
0.48878528422153 0.149572269762124 -0.494634796916851
0.50010716897238 0.225383359384105 -0.723752803958715
0.47271208798025 0.254345689751999 -0.651998867975444
0.486553130442438 0.240379053289557 -0.687613703359394
0.498618267511885 0.212906908369384 -0.68422895780079
0.496779625973838 0.200539522378107 -0.645115875922245
0.471785181638475 0.229004704419985 -0.577374607171243
0.45883844645947 0.242131327730657 -0.543381525626581
0.484476716989496 0.215124860121528 -0.611326625327006
0.472345690904913 0.241716139455488 -0.614656468026163
0.458447686178355 0.267733142680819 -0.616796007129731
0.384195002958076 0.357521432775309 -0.5822466312828
0.395177703716594 0.354513277723824 -0.618548048376775
0.355504941548887 0.369609848380321 -0.509966078623997
0.370009713421017 0.363604240461121 -0.546091765417707
0.376732024466432 0.348612795354759 -0.511959381321534
0.38221405259471 0.334213281074494 -0.476355875767066
0.396416002145014 0.32656147574523 -0.513214072466213
0.442973154072235 0.292955575735315 -0.618298130457428
0.443613317002059 0.280930994113962 -0.582086563563638
0.414476561650883 0.303400192870622 -0.512870608626432
0.428808849446113 0.293036120833949 -0.547777079890251
0.41102287286093 0.317903387415667 -0.54990505373645
0.444734884048465 0.267775067383572 -0.545766062482938
0.445826000416639 0.254310841014621 -0.509253594347198
0.412334555706236 0.336745477494135 -0.626892031413166
0.406906981788499 0.333140873005126 -0.588031217128013
0.426585228815381 0.316749810700521 -0.62021034203101
0.154015109568055 0.484648615383491 -0.491838523911075
0.139207330077111 0.494207578437518 -0.523007875155436
0.125315392276991 0.491819350092796 -0.486828452527633
0.153042682648537 0.496541878817361 -0.559791159913454
0.181326560226613 0.488153830077037 -0.565575105562338
0.124265776688269 0.503280966168686 -0.553751711049369
0.0949633587284035 0.508430856346455 -0.547872175216976
0.209043516141103 0.465521150464142 -0.500504496898697
0.221702033653577 0.453852490245348 -0.466775130273963
0.195578597609229 0.476985847328577 -0.533403171924862
0.18191163863506 0.475878195083553 -0.49643942090924
0.168455163422035 0.474669051966932 -0.460013187558677
0.20724136794663 0.443594701698317 -0.358958374630667
0.195246012937576 0.453972938413484 -0.393674662958105
0.182593322727885 0.45388441920728 -0.357597251084685
0.208293032018785 0.453976853539856 -0.430062584912201
0.233571676207951 0.442092149403469 -0.432275724870503
0.182268328867778 0.464390634013926 -0.427333990076085
0.155500489749124 0.473299146531458 -0.42403282634569
0.10632697734944 0.475626309151563 -0.348011181062735
0.089849545587111 0.483122627205764 -0.379651838937785
0.0812819852734645 0.479644251213625 -0.342651630686257
0.11194590311612 0.489256724695288 -0.451121256170432
0.099948726484153 0.486373900547113 -0.415600594981683
0.128036703402751 0.480645463006602 -0.420115861273183
0.0713076683249987 0.490415656703018 -0.410408538713689
0.0510947100169684 0.497185932728251 -0.44018291901068
0.0424348196593122 0.492576558645727 -0.403712638720552
0.0800856572279739 0.504930817042426 -0.51201962532678
0.0651775741196259 0.501212035310702 -0.476230378386877
0.0957323589784263 0.497361101681036 -0.481560960439226
0.0571827298356734 0.482099289923437 -0.336210087190813
0.0728843593917209 0.476311186782753 -0.304820588453409
0.0385356549620833 0.487569986629245 -0.365386541117709
0.0347257626255594 0.483067656387251 -0.328229563494183
0.0263294030613388 0.479376360546158 -0.292706962773458
0.517580880168072 0.00191175490412795 -0.534918238254249
0.512068092072281 0.0172158430092963 -0.502095734366079
0.522710277727179 -0.0131713426929635 -0.567505824531046
0.522872349662087 0.016287373738711 -0.568868857768766
0.521832089219631 0.0457268524140467 -0.573071259811384
0.21824051147549 0.43343603560563 -0.323366160519861
0.23141001808907 0.431901479293403 -0.360271634293836
0.278051997906333 0.40430841665794 -0.36270426208615
0.255047151937987 0.418801349423354 -0.361540809081414
0.264827750516677 0.407445305576302 -0.325602835153064
0.244670683362551 0.430370449188044 -0.397150647453401
0.258123067062065 0.428739020632184 -0.434004995562498
0.28195275747672 0.413911212463315 -0.435316104210033
0.300305346615757 0.388465394614131 -0.363738855185631
0.291423011458144 0.401084040051905 -0.399658980223286
0.305023949596899 0.397630551627548 -0.436372053520599
0.327234240062766 0.379975568464777 -0.437381967466816
0.342020059751119 0.353068633686261 -0.365452127938233
0.329355310242695 0.358490298758654 -0.328315797997276
0.33684219913173 0.345737653956256 -0.291733812204516
0.321674576984762 0.371348927811662 -0.364653144832799
0.34119620890924 0.375086822872374 -0.473790577603015
0.30875205261582 0.376042159023911 -0.327560415928019
0.296011821940865 0.380653540758716 -0.29041606182551
0.368409294154356 0.341094083443679 -0.439480383021283
0.38706413132945 0.320125611289312 -0.440147277092947
0.348423328031014 0.361079785830007 -0.438461302528683
0.355017262209172 0.347329342535594 -0.402520072967139
0.361212895038885 0.333755584762705 -0.366121290981285
0.515331408135454 0.0613757819930777 -0.543321372267679
0.500825532991195 0.0936864429680615 -0.48378802056755
0.508349044389832 0.0773926380377889 -0.513646356950192
0.511019238166066 0.0476352856992905 -0.507541361213754
0.506482985916824 0.0344719382950648 -0.471657671320896
0.489946336360828 0.0624394960036479 -0.375815259629598
0.493743352659002 0.0713847999782781 -0.41208170217005
0.486730958557288 0.0880395580745255 -0.381318738701057
0.500336764411439 0.0537117594262914 -0.442121822781564
0.501520558637535 0.0258367947517711 -0.435220527111886
0.497374105598754 0.0819412753108795 -0.448000935959685
0.492778977716946 0.109782003571668 -0.453340571162303
0.486629965497378 0.137085299545371 -0.458243096388273
0.484348013383706 0.125163082677626 -0.422094242896935
0.46687841472405 0.153143400441205 -0.356894667826903
0.475670628936785 0.139646970248192 -0.389989031464558
0.467940322281879 0.164978714413348 -0.393424534107268
0.481960933939453 0.11391451372951 -0.386024655453042
0.479555300908861 0.103195168055487 -0.349862096106064
0.478964395730238 0.163822058610109 -0.462687917840836
0.459071668626641 0.215681827028576 -0.469976492266718
0.469786820569474 0.190010746032775 -0.466623055366537
0.468926604150821 0.177288654399386 -0.430010614103545
0.458828126103661 0.189852344566642 -0.396615842587599
0.391536139670068 0.306263134752581 -0.403666027143258
0.404339396896251 0.298222532174397 -0.440223711056498
0.367217774940086 0.320258222687778 -0.329393512909795
0.379155635901722 0.313545174653735 -0.3666505087914
0.395794225160432 0.292559292320565 -0.367063890683597
0.399990944314423 0.278909012103349 -0.330434967201759
0.411121010541706 0.270866008017208 -0.367345697488729
0.448292759089971 0.214325981862924 -0.399526792969241
0.448826804477379 0.201484456555921 -0.362659204212202
0.446785154415515 0.240832697364911 -0.472684160686805
0.447605738898448 0.227475244316709 -0.436125352745094
0.436261214274507 0.238360602149922 -0.401796892846835
0.422740246599665 0.261788227683636 -0.403172808445279
0.425142107082269 0.248377379791959 -0.366972490846518
0.417498370315926 0.289273203205173 -0.476163897383478
0.420219587718844 0.275415113560621 -0.439596007278258
0.432916959993028 0.265403599739319 -0.474739466037347
0.204915792286797 0.435124216335315 -0.286412528762127
0.22846210234333 0.423587800220226 -0.287328445751479
0.248186184018707 0.404460428015638 -0.215194392829588
0.238314498049251 0.413982235855879 -0.25122593017337
0.224755496328768 0.417590209063178 -0.214170030901281
0.251632529189148 0.410627773033612 -0.288417848185677
0.274202571256451 0.396296451399232 -0.289482314015367
0.181359124945437 0.445191558079656 -0.286077198393422
0.190869524763872 0.43722826499235 -0.249486576741431
0.172707993261655 0.435616607298325 -0.14080905692347
0.17493621424133 0.440211760570099 -0.213273893008446
0.160156855455144 0.442736066647484 -0.177643283460063
0.200443196427348 0.429468711516007 -0.213383997864566
0.211186383092627 0.421319962347156 -0.177363782568922
0.14688934919258 0.45408068417309 -0.255330906869916
0.147149514593757 0.450180718891668 -0.215550902625931
0.170300468434543 0.453792776025037 -0.321948644825925
0.158320547948647 0.453815183972638 -0.2872727258004
0.134634127352069 0.460865080251138 -0.284559600222336
0.121111173024122 0.468154768321277 -0.316040790314514
0.111492146941035 0.466081088069412 -0.277997331187548
0.143274969343892 0.471737772408117 -0.388292260330925
0.131834348526442 0.470008588016601 -0.352465493112261
0.157403268002566 0.4627337345735 -0.355645914428073
0.0657676380810728 0.466994663809041 -0.199939748516882
0.0519950894229577 0.471317073623629 -0.231853921428943
0.0526694011864902 0.466012394150683 -0.16542122988859
0.063287601044715 0.473505823101712 -0.267517851931201
0.0875474900806835 0.470376498926705 -0.2726021884333
0.0388201015318893 0.47546545716749 -0.263023092571636
0.0261757050529536 0.473034966709859 -0.229729356692449
0.0797256261794429 0.462549050189257 -0.167524372541128
0.0921857069736436 0.463031520883858 -0.203355478227077
0.118932652789114 0.457539516761114 -0.207977977704476
0.133761479566674 0.450994633858198 -0.17555238792008
0.102428888530863 0.464209774833104 -0.240023284530317
0.012461565621802 0.470743488196048 -0.197230645883935
-0.0019546646122057 0.468442030850481 -0.164889018780486
0.0254079646513736 0.467983211680909 -0.164556651413839
0.496309200984406 0.0160831702811434 -0.395530909530069
0.486237754970812 0.053746050612096 -0.338841545850219
0.491596711238504 0.0378406773606235 -0.369261114763835
0.491510242884648 0.0167956722662809 -0.359478087447987
0.484230519103511 0.0184327914375006 -0.299136134720933
0.270769978347513 0.390059987578798 -0.216189873257218
0.283367477697355 0.385303330224039 -0.253274491014364
0.245926871478676 0.399827698606816 -0.142359879004709
0.258249894958419 0.394921597223944 -0.179213097112102
0.280366444941535 0.379872982203932 -0.180032185250743
0.289968556046421 0.36977437710071 -0.143719908030701
0.301515001858337 0.363630192142772 -0.180645965285071
0.304649582883603 0.369052750043807 -0.25405861649274
0.321698812403341 0.346202016520403 -0.181083621105895
0.313207227384863 0.357560540772992 -0.217610545535535
0.32497933737174 0.351604421501423 -0.254631332319818
0.344280558764828 0.333022867843235 -0.254999830045211
0.351746197414614 0.320318282555594 -0.218227527282398
0.35564469992128 0.326661518460382 -0.292129121258354
0.330066357969012 0.335068087375196 -0.144469814789716
0.340918289139603 0.327578759639543 -0.181364663383724
0.359169806272435 0.307729706683939 -0.181506572659364
0.36638819261159 0.295481503679274 -0.144791706953144
0.369480758285005 0.299953550537945 -0.218337932225801
0.386197757908489 0.278389277199712 -0.21859656079078
0.379496378414551 0.292815163113802 -0.25539838429197
0.389508380312583 0.286035833324693 -0.292859808790999
0.404337756897042 0.265065043462848 -0.293838586244426
0.373235745857806 0.306688663540502 -0.292438233073294
0.475811352237725 0.0478717894149524 -0.235605525449555
0.47119532042934 0.0638878940583714 -0.20339786840107
0.480140727264822 0.0327625505873713 -0.267613436988919
0.482942814077708 0.0438526618501036 -0.302317030856173
0.48065829607171 0.0684745111296397 -0.307583864318881
0.472727694440177 0.0740435029905608 -0.238869942168108
0.466379761731301 0.0796594571151563 -0.170952617866567
0.477212954079534 0.0927822813909916 -0.313368012699192
0.474836151569619 0.0831614369318358 -0.275807986779149
0.468574272448271 0.0989818504663902 -0.243761349503011
0.464694993978631 0.11958465599106 -0.253782172310386
0.460750833582612 0.120768034256905 -0.214404679105013
0.465088113728433 0.130473389824593 -0.285737514451496
0.458262708825846 0.140467574600621 -0.248725801127807
0.472322511695052 0.117296717256371 -0.31808346221011
0.465869543550252 0.141697450952028 -0.320735044486242
0.458091320307022 0.16557149052735 -0.322470818442048
0.40938402547298 0.25016118870681 -0.257350521596445
0.417634030347009 0.244329992204957 -0.296410922736998
0.392712483153422 0.264200501511405 -0.182142029204578
0.402063635174643 0.25535461595371 -0.219595440492887
0.417669618435674 0.229846140309099 -0.223350422491686
0.412804646904609 0.227092203985776 -0.1455842693567
0.421645400167144 0.215691890996789 -0.182973767348038
0.431018865499944 0.202802692419114 -0.217293923656386
0.440646446673031 0.188974052736169 -0.251666409384972
0.430214549974958 0.212272614173925 -0.255337666037785
0.450150608983522 0.164642828774983 -0.249421316343267
0.452002859979534 0.149672621709627 -0.212872666095922
0.449417771782288 0.177172814428185 -0.287089262172218
0.449143032338324 0.189138749256377 -0.325085287747208
0.429652294346183 0.22240025907099 -0.295138690402517
0.439059621784702 0.212278297559751 -0.328556284839972
0.427478696277566 0.235190380855889 -0.331072878953796
0.278416020626678 0.37350298761625 -0.032849375435819
0.267839525392549 0.381992351296503 -0.0699378463242852
0.257597324185688 0.387903982855643 -0.0328932088614855
0.278689016449659 0.375923171616884 -0.10682656172036
0.299478112010232 0.359861753844999 -0.107139845090235
0.256903382685046 0.390858675950992 -0.10640612881709
0.233999794136578 0.404686719671598 -0.105610563494235
0.222350433292347 0.413069918392423 -0.141243124317341
0.222910020460083 0.40930927631044 -0.0690371159285577
0.207697626382924 0.415916276927203 0.00454033654945272
0.215545957996461 0.412273672567894 -0.0324600445854706
0.197543349562775 0.420903991605339 -0.025668168981367
0.236430288002584 0.400910309376505 -0.0329500264941098
0.247520668521608 0.394005306197313 0.00455033940195357
0.197505769757792 0.42174384946916 -0.0650494522609702
0.179277075869686 0.428892698952506 -0.0324632070833284
0.197953698279675 0.424998846043959 -0.14060272175584
0.185115206756953 0.428637560411783 -0.103713540870354
0.159451249775337 0.438613302845072 -0.10468637136748
0.0641345168553699 0.459945172516522 -0.0649538110473749
0.0794999631947779 0.458822108850349 -0.0984123056351849
0.0349990192500997 0.46185977954476 0.0044901341977323
0.0481492554849652 0.461026616664511 -0.030754127625696
0.0722027491503504 0.458114458987674 -0.0306482449921698
0.0808956512698295 0.456516149595063 0.00450417435005891
0.0921838610596765 0.454639820879458 -0.0244803729185231
0.15744434270231 0.43714799913024 -0.0328633127011399
0.167500468080558 0.433234798345545 0.00453003239304683
0.133387918622664 0.446910280486188 -0.10348617512366
0.146260136645762 0.441719886759941 -0.0688574306475192
0.134640150172228 0.444457620966375 -0.0324950313975348
0.111925883203104 0.450470085137908 -0.0314377987598979
0.12417797655456 0.44713046740786 0.00451759856545682
0.0933637930599893 0.458069939150525 -0.134367937582305
0.106539127247891 0.453647850624506 -0.100254156245904
0.120270651771652 0.452194895179218 -0.137575832115118
0.468093511962481 0.0117019077920612 -0.0659923148579395
0.466903880166003 0.0243909634225482 -0.0312167336086099
0.469358007772541 -0.00225778801072841 -0.099849371213545
0.468724304692989 0.0250054782462607 -0.100367023506024
0.466461937698972 0.0524794673828513 -0.100933467957563
0.308801370960508 0.350258578328696 -0.0702298848644834
0.319316370365466 0.342660669203263 -0.107435978187742
0.288575965426363 0.365538681836684 0.00455905367142357
0.298589063228296 0.357843851479911 -0.0328799106766767
0.31792627950934 0.341041978327884 -0.0329845157370041
0.327006619615841 0.332138188573398 0.00456584104606387
0.336275041456244 0.323225663227338 -0.0331699696583702
0.338215282842472 0.324301977211782 -0.107734273353409
0.35348287315106 0.304570614888655 -0.0334466131238573
0.346045559304432 0.3140787148438 -0.0707959685926332
0.356186083514501 0.304733787597975 -0.107980352049699
0.373249671317899 0.283834855590977 -0.107920490819752
0.394597142972229 0.24957986440664 -0.0265916826379674
0.383547317006297 0.266220471309774 -0.0334646584186175
0.388241720919454 0.258939633836753 0.00457230901487693
0.379545624929482 0.27320769996662 -0.0708689099385429
0.383089907889297 0.273729183730601 -0.144696153535165
0.369356926370316 0.285365339591775 -0.0337475463848434
0.36097892644025 0.295373816082858 0.00457041463907846
0.405043940338872 0.232608247041414 -0.0337381277302874
0.395465294114559 0.249673847727054 -0.0672062350323984
0.404083198435323 0.238380851421327 -0.107249565247619
0.417680626709476 0.214055708872307 -0.108494346565389
0.398609057579303 0.250895940334056 -0.145142983016838
0.462450050448666 0.0803367878847816 -0.10092127561973
0.463733549136384 0.0648893777713887 -0.0668017537289079
0.460275811971532 0.0806159327832449 0.00456535916633162
0.461862712431173 0.0725524409745879 -0.031740984320108
0.458347100297781 0.0916856442972135 -0.0253847795378379
0.464955282742338 0.0490875948238355 -0.0316523714483351
0.465914379864623 0.0362607814936979 0.00456152906408837
0.461537113759218 0.0943124483626977 -0.137296583601423
0.455102063364452 0.121853094076122 -0.13922135515623
0.460921569956413 0.107730162481885 -0.174753681474389
0.456813427740943 0.107896349542446 -0.102104193391275
0.454214095745418 0.110600319931815 -0.0326859158298645
0.422495976288166 0.201451128026107 -0.0718144238945035
0.42972973814191 0.188867630875373 -0.10761600437755
0.410910998751118 0.221642385432616 0.00457345020781968
0.416223801032636 0.212183560494085 -0.0343638105055189
0.426562815003421 0.19076927790444 -0.0342997174025677
0.430223873183148 0.181743182490018 0.00457267581328008
0.435580263418277 0.169380949377799 -0.0335783251239244
0.446972779247595 0.149036930541731 -0.140888011697958
0.44929667018847 0.135828617649035 -0.103369774440163
0.442105608240974 0.15084836582986 0.00457023673277975
0.443404632150533 0.149906732979418 -0.0655828192074925
0.442341159136656 0.150703137497912 -0.0250287384474839
0.448479962139917 0.131827595319179 -0.033162378261368
0.451418271508324 0.120430786134736 0.00456901443495922
0.437145722933918 0.175836938170313 -0.142631182903319
0.444614702073775 0.162673685895423 -0.177758719692097
0.43393579383 0.189477171434027 -0.179845368767281
0.0795258862141178 0.459021192867536 0.107410025728717
0.0641484709868107 0.460081703033275 0.0739471997555295
0.0518488055322451 0.4627062165131 0.107560473666997
0.0722117072290941 0.458185062912318 0.0396502777261684
0.0921936656615673 0.45469896217001 0.0334946205703115
0.0481542624597098 0.461096236987919 0.0397412841340123
0.0228905177406917 0.46279024965767 0.039534194726676
0.010258618070066 0.463891202554053 0.073919407666269
-0.00318678005026345 0.465073097794545 0.107727531624084
0.0243282270398196 0.464697903337524 0.107453521107455
0.234110247471111 0.404901498030913 0.114691359895689
0.222981814660275 0.409458003490398 0.0781195923094185
0.222480397373973 0.413344453324235 0.150309930446062
0.23647035140835 0.400987033689193 0.0420437331875289
0.257642153146617 0.387979320956774 0.0419966562328184
0.215581019475097 0.412350212608953 0.0415434828757058
0.197569392925382 0.420966778074646 0.034742411602382
0.319484069438461 0.342858195469044 0.116550328352561
0.308912640473886 0.350396770446722 0.0793486272656014
0.299631954846497 0.360065573816589 0.116247552484177
0.317985640929403 0.341111291239175 0.0421114625113513
0.336339281240054 0.323292469064621 0.0423025878668501
0.298643556235747 0.357915421421196 0.0420000721738545
0.278465661198896 0.373576563274741 0.0419616824876602
0.267931530143045 0.382137980385239 0.0790407946953559
0.246075782216462 0.40010048373705 0.151437050219454
0.257028690248923 0.391071445902377 0.115497031853425
0.278828735440786 0.376132126691359 0.115926451083121
0.290154409816745 0.370037991815242 0.152814567065708
0.157468873941108 0.437225615523524 0.0419161160450303
0.179305669973445 0.428969425016599 0.041527887255975
0.111940985214848 0.450544038447398 0.040464043289822
0.134659951201781 0.444534267439552 0.0415348018439632
0.146302727574932 0.441869347639168 0.0778994538512176
0.133441346523813 0.447123404153393 0.112514831215273
0.159518774281201 0.438829688013632 0.113729442844861
0.0797608642738151 0.462852820256682 0.1765073997198
0.093403913747771 0.458329879530207 0.143366754627616
0.120328175633895 0.452463202375021 0.146589728811696
0.133837625957916 0.451317293269373 0.184564697703638
0.106578187046028 0.453853143952555 0.109267850793996
0.197564473181089 0.421885964300558 0.0741200518945355
0.172801530037568 0.435893072187438 0.149851229682974
0.185196046656232 0.42885234568734 0.11277072568433
0.198065159026818 0.425274423927686 0.149657904328543
0.211327369458838 0.421646101869506 0.186415501506575
0.0520071837911378 0.471674665085674 0.240805562690925
0.0657930591567083 0.467330970599959 0.208906802301108
0.0263097916400797 0.479744206044883 0.301631920263936
0.0388167724769732 0.475833257181981 0.271960547796879
0.0633034691971507 0.473884619769265 0.276468560745094
0.0729003205371668 0.476698924987614 0.313769972235083
0.0875834377806985 0.470765070855231 0.281565519968131
0.0922315988887044 0.46337784529313 0.212337153016683
0.111548994380687 0.466478001358197 0.28697261204397
0.102482178286863 0.464587598837083 0.249001984493656
0.119000736530441 0.457895599976115 0.216973666245079
0.147242969906578 0.450547780541889 0.224560108347988
0.0571763549289066 0.48247531870387 0.345146594548434
0.0812940098938117 0.480028103889096 0.351600532561596
0.0347035400210247 0.483435648456724 0.33715445596464
0.0385048403018191 0.487925049031253 0.374310335313907
0.0423926193269857 0.492908951554433 0.41263746940027
0.463912215785074 0.0649229616404018 0.0759229215841747
0.462706153624112 0.0803931734463123 0.110038020510465
0.465047806970927 0.0491019862332031 0.0407759300068345
0.461954674124039 0.0725718893407873 0.0408687869007926
0.45842247904661 0.0917045732990211 0.0345159232617684
0.475626888709712 0.00891835661195697 0.209348581551593
0.478068124080962 0.0211625374025876 0.242824220826424
0.473255832896902 -0.00384062020158903 0.175919050672815
0.472718600049078 0.0238911773428233 0.176503958720766
0.470562194701864 0.051766009796188 0.177747985358051
0.383624189687767 0.266277531627015 0.0426072532154574
0.394662373573695 0.249624600742788 0.0357354487199333
0.353551989455948 0.304634682196431 0.0425837471473521
0.369430720415591 0.285426381964525 0.0428879998761874
0.379692411510156 0.273322070152289 0.0800055051826617
0.373456081745945 0.284006221170727 0.117048044489925
0.383359363092661 0.273941312935765 0.153815143289809
0.33028754317974 0.335315876193916 0.15357743735815
0.338396521419248 0.324492086600361 0.116854101185865
0.356380389638243 0.304915284846593 0.117104535680845
0.366642409429284 0.295707163704941 0.153907901045672
0.346175682331638 0.31420684313459 0.0799258701573289
0.429976565408039 0.188988953023143 0.116745338354324
0.422665977109996 0.20154076828518 0.0809526151177662
0.417920259033428 0.214191713881782 0.117624799682519
0.426652369218754 0.190813270316633 0.043443329942373
0.435670575639939 0.169419555824612 0.0427200206862602
0.416310590973868 0.212232311714299 0.0435083747744156
0.405126316728211 0.232660361003382 0.0428826101056311
0.395612763979769 0.249775233608725 0.0763456028621464
0.393038761142259 0.264444724369205 0.19125034954883
0.398893624139409 0.251093810350099 0.154263436317653
0.404310705535783 0.238528350974148 0.11638071897693
0.413103216666478 0.227274617421011 0.154704850202531
0.455429325888527 0.121956611191869 0.148334587791011
0.449549077870995 0.135916992233925 0.112494814714631
0.447295618331446 0.149160875528077 0.150004359262126
0.448572211572852 0.131859282354961 0.0422996174474604
0.454306674525213 0.110627224287012 0.041820100748183
0.443571314268602 0.149970767113459 0.0747178868891897
0.44241265459396 0.150730625209848 0.0341684668377113
0.437462411857327 0.17598123911577 0.151749738178947
0.431427029675522 0.203021219566185 0.226390329441231
0.434305479426451 0.189660193160185 0.188953243680934
0.444993540230272 0.162832949252809 0.186864822952739
0.452433473665734 0.14983942587604 0.221965519043936
0.461866491099697 0.0943952719683104 0.146405860884288
0.466771923207974 0.0797449710883163 0.180048602516785
0.45706830621674 0.107968673848111 0.111225380053918
0.461313976053901 0.107841209876099 0.18385344248608
0.461194171445233 0.12090778578319 0.223493183296607
0.205066798766264 0.435535222789103 0.295432208099734
0.191007739472127 0.437623263292476 0.258508801302164
0.181484625943766 0.445601954506027 0.295086119744106
0.200586477257357 0.429835380162901 0.222420487407744
0.224923121383635 0.417955508224793 0.223217499443744
0.175055048728982 0.440578550531465 0.22229793249028
0.160254531085675 0.44306349867479 0.186669387605656
0.355981775021111 0.327020395598099 0.30119795870479
0.352056131692699 0.320635353354262 0.227317548068409
0.34459791160764 0.333373005151271 0.264076715918338
0.359458690236724 0.308004631593319 0.190609975848638
0.369812259887877 0.300255569929896 0.227431369701003
0.341187608127926 0.327866580042663 0.190463934381918
0.321947843845715 0.346500896037193 0.190177704640818
0.283608954988489 0.385685155156541 0.262334059470018
0.27098642695687 0.390417345186943 0.225255772689538
0.274433963377336 0.396697868732113 0.298529054330382
0.280573172348438 0.380188369120297 0.189112639266841
0.301743129823291 0.363938272923931 0.189733780402002
0.258434841745051 0.39524234623891 0.188285101470241
0.248378234732489 0.404822713034453 0.224251629550274
0.21839748239933 0.433850529165227 0.33238412526819
0.228639480722141 0.423997644617042 0.296358082667001
0.251836796882335 0.411034459393354 0.297456526872209
0.265039172831802 0.40785404451649 0.334638468647815
0.23850383231957 0.414374552966169 0.260268829039415
0.296270314927553 0.381047524981409 0.299469854974149
0.304916892685763 0.369426133763918 0.263124981718019
0.32527201264139 0.35196722605695 0.263703469189199
0.337153794391301 0.346110306076322 0.300798654529657
0.313471592900201 0.357901845381188 0.226690598683649
0.155538959837283 0.473658691915641 0.433015519649205
0.143323433205671 0.472119623702041 0.397269433024039
0.128053437943783 0.481000120809287 0.429085432436394
0.170405330734827 0.45420486796217 0.330945390159256
0.157481679259227 0.463135506466934 0.364632074118333
0.182696812336557 0.454289615694257 0.366594882879616
0.131888968895728 0.470405541322196 0.3614395271327
0.121168323088619 0.468557505475136 0.325014121194916
0.106359439053769 0.476017260241801 0.35697271873539
0.146982975072498 0.454475794452413 0.26432975117248
0.134712050211953 0.46126892116861 0.293545633880367
0.158421756718069 0.454223632900585 0.296270172740784
0.0948753640356018 0.508667775637485 0.556836095151026
0.0800115713772108 0.505188432843592 0.520971871979418
0.0650958336369659 0.512301029290759 0.551866178944399
0.111930771626031 0.489579685981151 0.460084278848573
0.0956867063487997 0.497650794764779 0.490518267345642
0.125286794441304 0.492114902421151 0.495801080062503
0.0651153508206833 0.501494059286284 0.485171170101936
0.0510421911004807 0.497493182271009 0.449113560038645
0.0336699662681334 0.503575243446874 0.480262814617369
0.089854562033441 0.483492151316355 0.388602545106236
0.0712838120481038 0.490756320142452 0.419349037556821
0.0999446695958949 0.486722234548122 0.424556077755999
0.0191484591829513 0.509727823943409 0.514940368054096
0.00511192056023113 0.515600301142437 0.549446389630595
0.0351127122239511 0.514565207989436 0.549073308426644
0.471638240877606 0.0639692763330636 0.21248004809326
0.476293500526404 0.0479445129038574 0.244673888277383
0.486758896436344 0.0538376854859246 0.347881702471572
0.483465099557905 0.0439306078145536 0.311364249761553
0.481177803752445 0.0685800479097456 0.316634289734038
0.480649673769112 0.0328244100618216 0.276668589643632
0.484753649157604 0.0184825449868083 0.308179219294622
0.473209046053523 0.0741437545936355 0.247942183366849
0.465176263147749 0.119736045263851 0.262857150064091
0.469054131408132 0.0991090154618046 0.252836410541542
0.475342138476613 0.0832788002001178 0.284870137885783
0.47772730483779 0.0929150506785669 0.322421193698632
0.496806249515439 0.0161366380947196 0.404554514190104
0.501981543584865 0.0259010417873333 0.444243228307279
0.492028067022849 0.0168481146707171 0.368507132227138
0.492108922605148 0.0379162771542502 0.378292529080646
0.490451627035211 0.0625414135475172 0.38485031721279
0.418059625789731 0.2446184464484 0.305484771015733
0.409789486725291 0.250443692137708 0.266435571714946
0.404743750598237 0.265372425782934 0.3029130684084
0.4180658383675 0.230092784352448 0.232446162485046
0.422005224687763 0.215898733731061 0.192082285741584
0.402436715249132 0.255621266648027 0.228692133285338
0.386550096549382 0.278674451712894 0.227692285166479
0.379860220961193 0.293134159305421 0.264481657828397
0.367563625165661 0.320615191349337 0.338455672804051
0.373597232570415 0.307031868127926 0.301510036666313
0.389892935667966 0.286361720942516 0.301933520255803
0.400384092548885 0.279231742901099 0.339500575483241
0.430648373318101 0.212518176322723 0.264422430242429
0.441093019875312 0.189195472502839 0.260750678453167
0.458575228533889 0.165783245310735 0.331532591768207
0.449889833754714 0.177392382057456 0.296161691888891
0.449612517795761 0.189375105747164 0.334148993268533
0.450609120145237 0.16483923696792 0.258503908520291
0.458731992885442 0.140639243391406 0.257805646312238
0.430095741410741 0.222667204334124 0.304212217651559
0.425553938908725 0.248668040480391 0.376032039462132
0.427913056146886 0.235472714691917 0.340138282775244
0.439512585775791 0.212538176384965 0.337621057423521
0.449278140256314 0.201731302296348 0.371716671221313
0.465583092446255 0.130643478382232 0.294804318982517
0.46736151955474 0.153341777707457 0.365947655582826
0.466365747305545 0.141883780568923 0.329794070754682
0.47282899089034 0.117456583380503 0.327139464485942
0.480061884184313 0.1033408706095 0.358908765629187
0.49320348795203 0.109922706554218 0.46237904370365
0.484799432436039 0.125324338195499 0.431135796029623
0.487038486351616 0.137249100578581 0.467286171845778
0.482445859300796 0.114069755346039 0.395067388473684
0.487227156726446 0.0881682915178024 0.390357664415536
0.476142266965818 0.139827946878125 0.399035333393722
0.468396737737149 0.165184333921113 0.402474003855635
0.404650108333111 0.298523930933487 0.44927903903715
0.391867499808499 0.306589362509597 0.412721233407188
0.387350951488919 0.320441415819975 0.449201346820723
0.396161879990542 0.292888166709097 0.376122956604153
0.411511316878497 0.271176568884945 0.37640539971547
0.379499283506152 0.313890680579876 0.3757079992503
0.361531322270818 0.334115931979192 0.375176220839349
0.20737079178559 0.444001580163928 0.367966626637978
0.231566000554133 0.432308037634201 0.369289586191901
0.258256994450382 0.429102965924817 0.443029399992064
0.244818812432582 0.43075939851604 0.406170714541732
0.233680572158617 0.442457395791361 0.44129136598058
0.255230191457765 0.419205510438594 0.370567493528405
0.278262430395027 0.404708064073243 0.371738671952142
0.195342731808129 0.45436176260286 0.402675259123183
0.168479832685835 0.475001342281278 0.46900353816407
0.182329448022561 0.464753614859819 0.436328766217147
0.208377645720169 0.454341758165213 0.439068350118476
0.221769702171353 0.454188411680999 0.475788097010512
0.329649011801591 0.358874249591143 0.33737042322895
0.342312286258645 0.353441912526792 0.374503484557796
0.300543289770782 0.388858385309802 0.372779957741041
0.309018587719521 0.376436528639207 0.336609737001931
0.321939881504763 0.371733115902072 0.373699896032981
0.32744598386577 0.380324502164415 0.44642606230687
0.341385564131226 0.37540637644563 0.482839376537938
0.271908731539715 0.427251317027262 0.479800409083782
0.282112364357298 0.414272116344413 0.444348165128693
0.305209629057354 0.397986507988985 0.4454106747255
0.319080124861211 0.394114604210939 0.481743387211189
0.291624557193273 0.401465295091601 0.408694362184701
0.368671699970066 0.341422739901194 0.448532185986239
0.382451170722451 0.334512638970701 0.485411224370975
0.355298650263211 0.34768345860903 0.411570464843928
0.348660717186102 0.361419568664011 0.447509788542182
0.355668378640411 0.369898750141454 0.519021108324126
0.395265321772659 0.354730566171184 0.62762220150272
0.384305806603036 0.357756039541843 0.59131547634365
0.37492916063633 0.375167042487815 0.624033518300087
0.376917756085583 0.348892260019067 0.521017747000649
0.396623960307078 0.326830265605956 0.522274584274065
0.370146063254241 0.363863887994743 0.555153797667971
0.347714503831932 0.384683691301241 0.552956724651715
0.13916280357015 0.494476329674546 0.531991261106311
0.15400415894244 0.484948455288224 0.500825277619206
0.109219890102295 0.512067606055503 0.593180530611241
0.124190410231851 0.503523171892412 0.562731345727639
0.152980516972208 0.496787996272735 0.568785494453617
0.166302364988901 0.499166880342053 0.606229077999571
0.181278471984989 0.48840272084438 0.574583013608563
0.209070176313482 0.465825517285434 0.50951585571194
0.235445406923653 0.453883868950253 0.512877935422221
0.181919064444059 0.476180931299426 0.505439095143453
0.195566271219234 0.477260020295212 0.542413140817689
0.209134022973937 0.478308629009428 0.579925706122351
0.0792341558875518 0.527538239843584 0.652659180058155
0.0942620417154892 0.520088795971432 0.623260138297985
0.0477266492091566 0.540409318500757 0.70726951087611
0.0639493845263571 0.534342197658404 0.680904023463844
0.09056964749543 0.532095704433801 0.689565955737987
0.0994519259382938 0.536981614618595 0.727500119358218
0.117729595649276 0.5284374494887 0.698541589488429
0.150759518865169 0.509467997370154 0.637497374828082
0.178782454417172 0.501719039325064 0.644301306207332
0.122594225203838 0.515549386386513 0.630321965568644
0.134650748889235 0.519241295028437 0.66835504899679
0.145295080425008 0.523175112673501 0.707177761521862
0.0522261067304207 0.545782127417973 0.741865097040277
0.058669844030884 0.556700521052037 0.81460323962718
0.0557063982167601 0.551249243375378 0.777639158842184
0.078935009786408 0.544707567917372 0.754238141742472
0.10651818480875 0.542046132797681 0.766077453557202
0.53847958238593 -0.000284961185240246 0.669389522532728
0.543238487110283 0.0122603019113086 0.699207179630314
0.533341613980583 -0.0139484598145363 0.63945268391228
0.533578764164296 0.0149041405077686 0.640869497918735
0.5328622392438 0.0435651365270504 0.645939372098234
0.494220313142842 0.0714945527773658 0.421114484653503
0.501218640018249 0.0938070914039147 0.492824720215568
0.497812699652191 0.0820574940194399 0.45703439485105
0.50078743059855 0.0538022613414123 0.451149946954356
0.506902102425674 0.0345433775559782 0.480682270445983
0.515656194471759 0.0614625942187439 0.552357041100239
0.519759449043542 0.0750822971824413 0.588334688844372
0.511391742278399 0.0477154514525211 0.516570737101068
0.508708277574931 0.0774950307105061 0.522682229005244
0.504425440711016 0.1065286828664 0.528903418546716
0.448712832201214 0.214577124055656 0.408580935165834
0.459267327196909 0.190081355706391 0.405667947785545
0.423117876058329 0.262079817273434 0.412229053560194
0.436660622502671 0.238632626681826 0.410852435519585
0.447984271499085 0.227724663170769 0.445179015403708
0.447114903415466 0.241075027163986 0.481739955296567
0.459422926105935 0.215906529476611 0.479030130936925
0.41470761387738 0.303657603606045 0.521932046733437
0.417782466937047 0.289546711693783 0.485221435241321
0.433224267738681 0.265662220266638 0.483796586799796
0.446103249375683 0.254541987522997 0.518313653891107
0.42055365720575 0.275700616271115 0.448651642090074
0.479355236309893 0.164007538578562 0.47173510956477
0.48914452178102 0.149735320022588 0.503681785866145
0.469344901061418 0.177496641773936 0.439059372307063
0.470158505128586 0.190216509483117 0.475673796597597
0.470849532531499 0.203191496735331 0.512406971536933
0.49857112904085 0.134861496301889 0.53492459282138
0.507526596308347 0.119577416682618 0.565512140353333
0.513722376575806 0.145008530739476 0.640853224550764
0.510603828463082 0.132505172280978 0.602797890633519
0.503654800053687 0.160571980304512 0.609684007792855
0.51594843689364 0.104002317427871 0.595491143360228
0.523801842044534 0.0881421128009493 0.6248512067089
0.493092993695783 0.175436458486606 0.577781075151996
0.495033264973955 0.1881743164483 0.61567193270904
0.491144561865935 0.162554291110769 0.54047573063427
0.482119623694937 0.189663856513512 0.54532702106049
0.471451533435863 0.216242038814454 0.549325795581349
0.458606138175781 0.267917730172469 0.625871659374984
0.443790884739815 0.281135801464101 0.591158162770265
0.443112354342046 0.29315044031635 0.627374720608887
0.444959947386674 0.26799286939705 0.554831744194477
0.459084979604563 0.242336173562947 0.552445295834916
0.429011342223857 0.293265640676031 0.556843687158686
0.411201212775435 0.318143031307243 0.55897157261947
0.407046423665205 0.350867070232769 0.665223198086322
0.412433263597934 0.336954436133827 0.635968494451728
0.42670450354176 0.316953472739573 0.629286954571345
0.442151278798254 0.305315114177873 0.663769857273746
0.407035975720911 0.333364159152486 0.597102941969012
0.222263443046572 0.479438671528794 0.617912216467329
0.236574253746987 0.466438563297128 0.584709380800667
0.289188930330639 0.436892672455979 0.588250275248002
0.263512994983908 0.452711265624986 0.588594600856448
0.278277527168136 0.451650321213957 0.628203829384912
0.249345261989932 0.453409132023713 0.550408753327036
0.260987528686358 0.440331406816594 0.515156657413286
0.305356456130685 0.432256494730465 0.619313186653926
0.299910866765046 0.422424385642842 0.552013334127601
0.309907542783808 0.408160048231003 0.516805353817503
0.324312904014314 0.404171976247847 0.551822751236915
0.285775518470111 0.425096504468437 0.516287700976589
0.360763423336049 0.418273511974262 0.758580615933591
0.347523684814614 0.421878914395507 0.722863647019498
0.33605943173948 0.437404182099147 0.754425945990491
0.366455769330815 0.390997932188197 0.657313888343232
0.357592280536139 0.40639050614962 0.690404532852273
0.379607037740633 0.386764595009204 0.693468759885784
0.334650164305067 0.424696926848514 0.687355480732643
0.321745060118857 0.427213547691598 0.652351232000287
0.310867917335968 0.441493939276137 0.683577461978902
0.338914602595598 0.399593920117035 0.586407038084918
0.329932642784756 0.414023466775032 0.619550080328239
0.353041525896328 0.39509820514513 0.62145025910375
0.448038587355816 0.32551874583934 0.765567212389103
0.434460939212676 0.334799147941766 0.732332700943335
0.42783528450617 0.351372492779691 0.764915507112542
0.439448529828573 0.319182405032774 0.699140686946741
0.45665704625867 0.293943215881427 0.698421101948318
0.420694761107943 0.343346291658195 0.698947123232064
0.400601260696586 0.365925710906469 0.696766534088373
0.39300796646526 0.381611534610001 0.729086065131999
0.374312782215681 0.413755731493646 0.794377341053313
0.384223634870125 0.397652852142718 0.761702893223636
0.406555338635436 0.375409485107486 0.763795923772095
0.419930000309919 0.368422594879693 0.79783002691751
0.190293235643278 0.504482350916541 0.682952663896122
0.206632329683531 0.492226741280968 0.650560628943562
0.154739027852587 0.52726306478403 0.74662695741207
0.173108624133459 0.516169723060809 0.7150448147424
0.20101879123854 0.507345780289437 0.722030871591548
0.211392076852981 0.510021490796896 0.761133839206205
0.228822239634767 0.496739383266232 0.72845836169031
0.261083895984907 0.468273865769755 0.662409588812805
0.285630115565468 0.456002338894108 0.673279943218759
0.234191250921743 0.480993798971861 0.656388121154038
0.245174762616095 0.482922378547147 0.695668335556449
0.256248890152739 0.484533870037559 0.735103088817035
0.112595865715085 0.547107651347656 0.80539824035044
0.134741141029002 0.537655513933993 0.777131879624938
0.0608072906238557 0.562040339623991 0.852501100189296
0.0879154409187506 0.555328799582506 0.830514640591208
0.117998682006677 0.552053119741527 0.845658600369881
0.122336982890571 0.556864957910512 0.886878492309303
0.148940561928033 0.546642600865954 0.859667110131739
0.180629815015094 0.538180931321189 0.867009298887184
0.171779776516882 0.535106788005383 0.826899294113132
0.192486839886745 0.52283021498003 0.793910496165492
0.221991874532179 0.512076286597325 0.799570305441117
0.163401313712542 0.531323232006099 0.78657923005456
0.0560714549903565 0.576734079571213 0.970023487659639
0.0596755401548483 0.572150323134165 0.930077280829028
0.0912369964945307 0.565570654988267 0.90932374364585
0.121110993697034 0.562256707406285 0.927981260302097
0.061330284498246 0.567205413139728 0.890986968447825
0.558855742882541 0.0216138843272779 0.800441849324569
0.564008293676882 0.0213623735265973 0.836025990792317
0.548353528625954 0.0197339140926569 0.732211429409098
0.553607581084802 0.0213464870117348 0.765862645978654
0.554010387063029 0.0475001073416963 0.778910938745194
0.547702042885846 0.0708563489105292 0.754477487221021
0.552911688586966 0.0749634073196822 0.791524250662526
0.531046415966375 0.0719230363970149 0.653481295272874
0.537617108914291 0.0552586744816063 0.681169153030016
0.542563271104281 0.0644622057030021 0.717546833205373
0.540331204570815 0.0918130606239963 0.728030416388375
0.543427567016479 0.0380404946306953 0.707609644146539
0.516912497951731 0.156913105287695 0.67970910286155
0.523234889462272 0.128549470228546 0.671068855661032
0.532132057217929 0.110919376909882 0.700163688865791
0.536519356436979 0.120045436018727 0.738701625466019
0.527898691564495 0.100211505918418 0.662134710323651
0.50880969297938 0.185158633032578 0.687439548970183
0.520155303533967 0.168167955827197 0.719352222660277
0.52671171187748 0.188338218149329 0.800876438813327
0.523401828755422 0.178767305157982 0.759763055862317
0.513642622717042 0.208973418402278 0.769191021271053
0.53094186053968 0.14906188691988 0.749354227711509
0.541040613330757 0.12745346407141 0.777471467521623
0.472003228023924 0.229185950388875 0.586442136419876
0.472861283780387 0.254516493759708 0.661076777269346
0.472522763054797 0.241889583969348 0.623730121346704
0.484672011997226 0.215286563847967 0.620397191584373
0.496962072374226 0.200686737139846 0.654187889364024
0.500291111342267 0.225549584043423 0.732825662494163
0.500958263529251 0.238725308335605 0.771950295608112
0.498788811713062 0.213058278225783 0.693303685679838
0.486708693391348 0.240543572129434 0.69669103820887
0.472563703992175 0.267596020202842 0.697985856204606
0.470856186528288 0.281898356094919 0.733379036888578
0.461130986697985 0.315744807498019 0.798423806255219
0.467079209038808 0.297987665326357 0.766662545585654
0.484835101521045 0.268957197630354 0.768941559462552
0.498288118256942 0.255621715431121 0.805578268329352
0.493190054184567 0.290218750322464 0.895552842244668
0.484041155862221 0.297336490099974 0.862943352331127
0.476011041739522 0.316408967540989 0.890347034425678
0.491786163423708 0.276688742883596 0.835116941557776
0.508830756841785 0.246797796905828 0.843890244426286
0.473258642769876 0.306108005819836 0.830800199817473
0.45359918645861 0.334270116005598 0.830043491608296
0.30824824276961 0.479514968179431 0.881856650844976
0.294371543644501 0.482490324243791 0.846139335861464
0.278106114433021 0.496642435140895 0.876083834765803
0.323358215791767 0.452744529945018 0.785316532249984
0.30949050622079 0.467796825219011 0.815891777700012
0.337064332601964 0.44951736494395 0.821650934980546
0.280908397036988 0.48438207910233 0.810102971798175
0.268174217778051 0.485054663414396 0.773220917260322
0.251627065306046 0.499181121876303 0.80467542542118
0.297408833066529 0.456153482343677 0.711923870864899
0.283349977415083 0.470679296453851 0.742152376276119
0.310105560020631 0.454959687499729 0.748885036926831
0.351069855522501 0.445304011495952 0.858259492549882
0.363330241856584 0.429660189141273 0.826778539355432
0.321806091851316 0.475883247877029 0.917791978676095
0.337215898202246 0.460755579556039 0.888500301869265
0.365105003010417 0.440217309090242 0.895515940073096
0.378539421538873 0.434661978755351 0.933612024319099
0.391793782277043 0.41783317071681 0.902147501297684
0.432931033538974 0.360760517243461 0.831079392632801
0.445572189089683 0.352222199174106 0.863006846420463
0.432000638150633 0.381911189348357 0.934606319940088
0.438098175069976 0.368410636284341 0.897995227357476
0.415860147782896 0.394106324062164 0.902888803466247
0.458037117592653 0.342431256798277 0.893273531898442
0.470706683439495 0.330738438724851 0.921853964879839
0.411140377354507 0.385426207711141 0.83166725627318
0.388018349097776 0.408325460041032 0.830338264345391
0.40179637690951 0.401931126832729 0.866620532312607
0.245949304184372 0.527610995110663 0.996429588950311
0.229862027053202 0.531843703703654 0.966005320568293
0.217376044996874 0.540051777156265 0.997475113497846
0.261203496872824 0.509902838028041 0.905851439387313
0.244758855759422 0.52175029829592 0.93569451214732
0.275921522693399 0.506570522388902 0.939997367739336
0.212099506592008 0.535701596432382 0.935077267798894
0.193943697562659 0.538470168238051 0.902589336040028
0.178626558312477 0.548119472219161 0.938876736699535
0.233576108694001 0.512944333393454 0.836486236478625
0.214090894570729 0.526169451514067 0.868930015821345
0.246707240801983 0.512215377599233 0.871697793891594
0.114853947884016 0.568127771932856 0.970848208543989
0.146686473316215 0.558769546539595 0.951128431883032
0.0514530138637139 0.580686686067023 1.01077591853216
0.0831711119638216 0.575430100510031 0.99109119101806
0.108992816326065 0.572953719647918 1.01355477275183
0.104330205172079 0.576469652596791 1.05577044423438
0.133919334703866 0.569320743943575 1.03753295410942
0.158863155954636 0.564239498680714 1.06205363011917
0.16246887560451 0.560766966233945 1.02101247102618
0.190123631496587 0.551003728382919 1.00734523088633
0.211090058969735 0.545257339281544 1.03308890650969
0.168964304727764 0.555395748136868 0.979600709544797
0.0386426690537218 0.586422403688356 1.13436698794403
0.0424930267573386 0.585684450564784 1.09317733429026
0.0738000720521998 0.581977623957237 1.07452530200133
0.100820311480156 0.578624400349934 1.09740371320661
0.0467915903695763 0.583730437012257 1.05192649692846
0.568951056178204 0.0209937308023326 0.872542681669556
0.573566956336863 0.0208577568305872 0.909963784709831
0.572070809059265 0.0807123923895892 0.944050821209566
0.573684468650218 0.0508715971158354 0.927308430713187
0.567787907061427 0.0799984841286509 0.90489710199689
0.577737484848943 0.0212059293713337 0.948327861290016
0.581331488982764 0.0221007874131508 0.987667731710575
0.550190303993774 0.1034735684829 0.803954724917225
0.558066769371401 0.0775434229647041 0.828786975424601
0.563066675486637 0.079081640242003 0.866508122448304
0.56008377287813 0.108386895192911 0.880985488177037
0.564390912072348 0.049943420574644 0.851695487536281
0.545730919323809 0.132802566748855 0.816346028630168
0.531501602765497 0.192622672413049 0.842277092578292
0.539456821117009 0.162707992706071 0.828908039781708
0.55062422103764 0.135957141940635 0.855613985893154
0.555568840628281 0.137390488772405 0.895654560874256
0.547298998831729 0.193123867044667 0.971085355889749
0.543097779988441 0.192277704978911 0.928844368673877
0.535383490743614 0.21822180220385 0.94806455967099
0.549816426350891 0.165445200902792 0.911355938318039
0.560192543602777 0.138075625216888 0.936423134053299
0.537699414911851 0.192362874400332 0.885813367613927
0.523832501653054 0.219169146911034 0.860993428570277
0.49885088698208 0.288675037287949 0.931132632089558
0.508360564120768 0.266331155727735 0.909322400677104
0.522372132093772 0.242520857531726 0.927096782506869
0.526289868812031 0.243920307402622 0.967845772680477
0.516555460757623 0.243364613470794 0.885489891970102
0.502344837973786 0.300512269296653 1.03862615503405
0.501921111050531 0.296487347109852 1.00200840766584
0.486558289851988 0.322727312979748 1.01470651516798
0.515239731297703 0.269998368197056 0.986299690475685
0.528623751123454 0.24674400485891 1.00764359597554
0.500847503571727 0.292328248414959 0.966279273432388
0.485638381327029 0.31341687556522 0.946678859858051
0.469360383879646 0.338700842728754 0.955147870318394
0.43037085207124 0.389332532072001 0.972072653306096
0.450829194599837 0.364151565264747 0.962950049806702
0.46927019770295 0.344146322117464 0.989674701143918
0.46973516152928 0.347937214004771 1.02556237680712
0.289175317820121 0.50318708916961 0.975227093241694
0.305501965548308 0.490200228970705 0.946632171378489
0.256723061751764 0.525197329380028 1.03047429044793
0.273131929044408 0.514729551082506 1.00338528723739
0.299787894897801 0.500471498630701 1.01201242069519
0.307675648215087 0.498437068462361 1.05001315464748
0.325843703136154 0.484725363079031 1.02115384091201
0.333853969014109 0.472385834567606 0.954339370332535
0.350913593569281 0.467695866465747 1.03052442256602
0.343526244908753 0.469678204541345 0.991850782096374
0.361223612361833 0.452923265046222 0.962689226681228
0.387531864858657 0.431907868971437 0.972276410036791
0.416758240279988 0.412754199330887 1.06484885861737
0.396425889605014 0.431466914503399 1.05159659012696
0.400470517421366 0.42962923609148 1.08884258258189
0.392462896556506 0.431895778379388 1.0126319108473
0.410905910309994 0.411727198317447 0.988048605886807
0.374510453777022 0.449824393713988 1.04046897536808
0.357047049855698 0.465539713934323 1.07011370470836
0.435010295747314 0.394538507514559 1.08563555089957
0.434409720397871 0.393091801485208 1.04919725172052
0.452168857593281 0.37148985220669 1.03654259913328
0.469806605152672 0.351113363454606 1.06256726138236
0.43246448116582 0.391789258345809 1.01130015663248
0.211066805569907 0.547253788766598 1.06928471151788
0.235601159745023 0.536384486369218 1.05299160612669
0.157189092173193 0.566051214535641 1.102325774094
0.184850512636295 0.557219826735164 1.08538447811043
0.212236548688295 0.547906401832013 1.10609921175807
0.21360544227611 0.547456253152593 1.14344312447488
0.240520211267422 0.536287830483928 1.12373575530393
0.269033906155502 0.522522566107945 1.13910479908321
0.265467694357191 0.524145809253069 1.10201913645643
0.28785628443739 0.511462317725621 1.07734896324252
0.313891292349354 0.496338116803859 1.08873940089485
0.261608699956849 0.524860704790401 1.06573191877166
0.125259607154649 0.57212879266154 1.20050380038217
0.0959157874410544 0.578835812481172 1.17919607167773
0.0939403526746709 0.576818947164308 1.21961898086916
0.0981310170284077 0.579418366948064 1.13850224636294
0.128231810564196 0.573520445067618 1.12013614941571
0.0670582785851431 0.583569038279287 1.15704096696783
0.0351885600603055 0.585836053292739 1.17543335159411
0.155017794070779 0.563377840173076 1.22064020148608
0.155734557404391 0.565580194699879 1.18141767555616
0.185242711413894 0.557299868064154 1.16245241726381
0.214700389432779 0.545946256698739 1.18107389304239
0.156352491131061 0.566466172935553 1.14203530415686
0.0320513436421275 0.583815426204597 1.21636600093252
0.0265529046881623 0.574978121167942 1.29780604511681
0.0291772889542602 0.580239632316363 1.25716401032749
0.0618793175796939 0.579550225538151 1.23857322525822
0.0920958565286054 0.573266940964553 1.2598688596369
0.58710433195077 0.0263360548646364 1.11027465192694
0.586832740276849 0.0276544082409395 1.15189379235111
0.584198559321571 0.0234065509960088 1.02791483082378
0.586176274099027 0.0248859941036488 1.06887051835999
0.584705515461601 0.0554652361527099 1.08803078859947
0.580536035584125 0.0842546478223606 1.06538416956765
0.58137448497159 0.086012325283585 1.10663521164412
0.578609413744649 0.0827457280480234 1.02443098147616
0.574635659655295 0.112562261095641 1.04227570449467
0.580857829197895 0.0525892410021777 1.00629991048716
0.575735841344362 0.0815681448086884 0.983935644021193
0.56883904624493 0.110110823275098 0.960654366749081
0.564101326561272 0.138907062840351 0.97752174612053
0.550224626994759 0.194923657288123 1.01259878405926
0.5579137100615 0.167115870140617 0.994873235681541
0.567065676266819 0.1402292672866 1.01872225111252
0.568947370817909 0.142079947782303 1.05992359456188
0.551328376642328 0.203907698169956 1.13462124099669
0.552267171478314 0.200507772071036 1.09420592446747
0.541154656119391 0.22947172292022 1.11033071383973
0.561511958498358 0.171374379094018 1.07730582177586
0.569644093231811 0.144365223392204 1.10108500700326
0.551882528368942 0.197460400726208 1.05357230532017
0.540877762425331 0.222580015120006 1.03020646806526
0.529703618608536 0.250206213333596 1.04698262784784
0.50186325766287 0.304558827868934 1.07607070267481
0.516652449136195 0.277657570564404 1.06233088579277
0.529580205056893 0.254027396536724 1.08620818896546
0.528155373653611 0.258161240729596 1.12541997938046
0.48562355632483 0.330466177988733 1.08849487356967
0.500065046018483 0.308997189514863 1.11403959854147
0.491463258823511 0.319631974514409 1.18975052952601
0.496626340712003 0.314057498890515 1.15207383108087
0.478113360151576 0.341080569328525 1.16363218912389
0.513298712020169 0.28640682147025 1.13933700637904
0.52530266818535 0.262588398156861 1.16454517937546
0.430507641051961 0.40025531079608 1.12119894910472
0.449918833558195 0.378221107963719 1.11126959039223
0.464188234959963 0.360608337368959 1.13745909764815
0.45757022581575 0.367636033110371 1.17376680520326
0.468243939274301 0.35505288326451 1.1001306666534
0.319734291290941 0.493206905453651 1.12795252371318
0.339242986922308 0.479693267366663 1.09986208655991
0.272183232255232 0.519896334647198 1.17650984797514
0.297485482912812 0.506628771822476 1.15344344391577
0.32582375356205 0.488454935411725 1.16738987607697
0.331762134398152 0.482172752933742 1.20665322699872
0.354027891876387 0.467797193667523 1.18060889843981
0.386610813272172 0.442745195539976 1.11835504158635
0.408702315294717 0.422488850607442 1.12389533490373
0.363521832786539 0.461780519350314 1.11001501149641
0.371535692213006 0.455225829754422 1.14940997115897
0.381589175410876 0.445217923478331 1.18721296571554
0.420932958134282 0.409902564995045 1.1535679606464
0.395890399823734 0.42981749810707 1.21972684247896
0.409131691193553 0.420127738313571 1.18624018766395
0.434613872289042 0.394030145897385 1.1816232034532
0.449075858119961 0.375102487428478 1.20898658316628
0.244215610801189 0.524946795031212 1.27276474443966
0.214854760969028 0.539714944986379 1.25671459885477
0.21389022011712 0.534716101856403 1.29479231862839
0.215171650845315 0.543387668375366 1.21883366890943
0.244420306989835 0.532382897066195 1.19802069482562
0.184986858687461 0.552560862953385 1.23939069311969
0.154093954599639 0.559762061227146 1.25982009813157
0.2725215071213 0.508471648735361 1.28792261862561
0.274252706279656 0.512804827300132 1.25078907991521
0.303740449515926 0.498350238799855 1.22890271918086
0.332695625544233 0.477743787261684 1.2444912448625
0.274157719380169 0.516558728019715 1.21374941004428
0.120196704351307 0.550838480852718 1.35925488402881
0.0888609614184515 0.561004315378967 1.3399447511601
0.0876413375710474 0.551987944926653 1.37963610944091
0.0903793782800899 0.568046186817599 1.29998715774154
0.122555562717644 0.56493593433474 1.28006517207101
0.0575789877238567 0.569050299723477 1.31942662277019
0.0241987609960061 0.567895905703512 1.33823168709225
0.183219498400972 0.542222828823993 1.3166787085693
0.21274795113687 0.528025839992999 1.33308150761845
0.153031796954795 0.554567249678633 1.2990212764157
0.152034170973383 0.54758041829349 1.33822189911716
0.15135616533266 0.538581678480682 1.37728593206166
0.0221536878916227 0.558860817752544 1.37833242341946
0.0191327235072317 0.53447695882 1.45689416538921
0.0204568168701643 0.547753936032601 1.41795205309711
0.0543731632024303 0.550981895425906 1.39923967926
0.0868083063098674 0.540862944659866 1.41888781251902
0.577446775533493 0.0307817267125963 1.27650267204813
0.571024071717974 0.0316584384937431 1.31761229703113
0.585221197164411 0.0288180637551714 1.19355100343152
0.582136010863621 0.0298479356866859 1.23511954044538
0.577740382221844 0.0617044937867523 1.25395312975066
0.576055415963324 0.0918786497426685 1.2307954745832
0.571247009822833 0.0938533766618548 1.27195701746121
0.579261756960896 0.0898907060409792 1.18945741867438
0.572476768428344 0.12124699976249 1.20716101158636
0.584033552578272 0.0586646116705956 1.17100704136887
0.580992496379845 0.0879179045328519 1.14803532375721
0.576169142969634 0.116514274249393 1.12470261510437
0.569060264477592 0.146959626975116 1.14217950759336
0.548987078900899 0.207545508513336 1.17485171852195
0.560010828168018 0.177322105077168 1.15894781941097
0.567095612222447 0.14974929634149 1.18317119905025
0.563643672078807 0.152642069288124 1.22401156787878
0.532664294777303 0.218848936462248 1.29413355987128
0.539745969503779 0.215115572828959 1.25464814426376
0.524674552327288 0.245941964320442 1.26816581038769
0.552737251562009 0.18397147522043 1.23988499894737
0.558593237409304 0.155566845267449 1.26464311669381
0.545155520320234 0.211316506866508 1.2148744934683
0.535966829970311 0.237542377927186 1.18973227449373
0.515025287270204 0.27185235744671 1.24204175654384
0.507546441049034 0.276307360889873 1.28030394528515
0.520936983428148 0.267212411056068 1.20345069213326
0.5038764983552 0.296474663067186 1.21588155162199
0.484730856184186 0.325294842578026 1.22687253069614
0.456661705311767 0.338610341584972 1.33639598820564
0.467367904419844 0.334957609585991 1.29998005958865
0.444603049460775 0.362726751636772 1.30748374248669
0.488411533701235 0.306049262749904 1.2909366724852
0.498431891162562 0.280442932918911 1.3182738334214
0.476666123739949 0.330519089497524 1.26353282173424
0.46339841072518 0.353676769722858 1.23620570362033
0.439763711016531 0.381578839597875 1.24367845966658
0.385577927416421 0.434767456433784 1.25445081210634
0.413764621970896 0.408800902405523 1.24939706049584
0.430278117279006 0.386175274473112 1.27848482181654
0.420452564296144 0.388896839829245 1.31381286739993
0.344127645593876 0.452567604580024 1.33645984644289
0.322945596671567 0.471989228303122 1.31876782276745
0.317991189007943 0.466968072970545 1.35352675266346
0.328306797306591 0.475286497718558 1.28244832639227
0.357376330893129 0.456729322442031 1.26473888967909
0.298966422398553 0.490690720733601 1.30295387634917
0.269973396580906 0.50283863549356 1.3252912666087
0.360247336498775 0.433019529491715 1.36087993865937
0.369983424966476 0.434072454932631 1.32704988705009
0.395445541899784 0.412814247512994 1.31993802791016
0.409350401876604 0.390602520358125 1.34946348731671
0.378063601457009 0.435024739122132 1.2914130619363
0.241876642103536 0.489868802667689 1.42319548876693
0.21229618308472 0.508032139376392 1.40934783872283
0.213597786363982 0.494327258118205 1.44649613268829
0.212055257846015 0.519231047496317 1.37139669538959
0.241211159311492 0.512163458910936 1.34837200547626
0.182112352873815 0.524289779421671 1.39399812480425
0.151203568968114 0.52739277209582 1.41597409335948
0.293776727381934 0.476360580799667 1.3760563149372
0.318215073432939 0.456738150134247 1.38765305068504
0.268263498578944 0.49486638176872 1.36270809993314
0.268584881859283 0.483865325761507 1.39957355283845
0.271053839620868 0.469833667051034 1.43511807770234
0.0867211526880853 0.493985959839705 1.53172828409684
0.0523432543237679 0.488675871445743 1.55022121000639
0.0872358820113555 0.473738175834255 1.56691857845019
0.0175861191540206 0.501153634997064 1.53183181430622
0.018183201597524 0.518957954596771 1.49493414833203
0.017298769865854 0.481047752013337 1.56734158877123
0.0172609160764391 0.458648388938999 1.60122072263204
0.120218171385897 0.497080145299714 1.51197075547408
0.0864008038514282 0.511912415455166 1.49517290185937
0.0864023497043803 0.527526678796136 1.45747997325973
0.11928592843982 0.528499114658502 1.43717713382807
0.052653848853052 0.524378788739426 1.47676698598613
0.183814309220257 0.497112093242514 1.46919388262356
0.215733735686522 0.478169063508021 1.48252567243715
0.151654785778961 0.513905103349817 1.45399675554019
0.152639592284634 0.498077614160885 1.49107656306923
0.153971995686973 0.479914198409549 1.52698373566387
0.562740704752187 0.0325117935990014 1.35835175727679
0.552474661603608 0.0333685696144461 1.3986037572644
0.533468179856894 0.101499935986475 1.43286490125582
0.544137502196211 0.0673466834144401 1.41635650896042
0.5459395227314 0.0996220900426607 1.39343558134382
0.540113870185359 0.0342489809843807 1.43822308802084
0.525562715409954 0.0351675122702507 1.47703391893814
0.562616546840239 0.126158587259496 1.28901305042768
0.564709076918785 0.0958026561760883 1.31285249147071
0.556314529379552 0.097724421421019 1.35338408006415
0.545605038643403 0.130973540874259 1.36960291439105
0.564779136366505 0.0645614788928588 1.33601518656378
0.551827130702479 0.158472319361813 1.30500070349849
0.523798027110789 0.2224546037106 1.33328972124631
0.538878627549463 0.190631455269199 1.31979867717069
0.543221939770797 0.161327123843454 1.34500664486321
0.532650533871644 0.164118099103604 1.38456103295619
0.485093336552716 0.232486255878255 1.44787363477901
0.500157360602751 0.22924873254364 1.41030405066102
0.480779962116443 0.260778402550436 1.42094110922838
0.51748037755609 0.19695069265368 1.39815677876103
0.519988086071289 0.166843393485531 1.42353190085562
0.513012047363972 0.225914834574361 1.37205132704079
0.506646649757193 0.25373774963409 1.34536957263362
0.444122647244601 0.341807470152028 1.37272935310866
0.466611783516878 0.313708502480767 1.36505614792052
0.474622187601674 0.2878196195697 1.39328847607021
0.459480657897047 0.29130454839343 1.43003805869266
0.487530242619449 0.284246807367415 1.35596367745353
0.391552410468503 0.352429095891049 1.47711690946468
0.411749521657214 0.348549232959748 1.44359196546558
0.385619586922925 0.375080997280671 1.44791080773235
0.436416604820303 0.320612571715288 1.43759259957645
0.441942590593948 0.294796371373714 1.46591050181058
0.429259175291123 0.345013024321 1.40863635854291
0.420359935675201 0.368208577477558 1.37918954208952
0.323595290960169 0.441929653247234 1.41861826150697
0.344429933398891 0.435741936930758 1.39218752705365
0.274815939303183 0.453185464282648 1.46915872004643
0.30026851152584 0.447990727057704 1.44411991308679
0.329504185137244 0.424677435426835 1.44915588743799
0.335072454358586 0.405221497935217 1.47954357862255
0.358140337215641 0.400354145172736 1.45010918390007
0.370287419097936 0.415029333659816 1.38928107476319
0.378541254986977 0.395902672926818 1.41850442873321
0.395649394730573 0.392642295878685 1.3846881852494
0.0882777061597806 0.399275308931811 1.66215397515743
0.0529441304789461 0.389732649237235 1.6774728258005
0.0877895918898666 0.370053513018331 1.68974009772949
0.017572878920924 0.407080208658533 1.66316423291928
0.017391436431853 0.43398144927111 1.63323528615033
0.0176212044404833 0.377971813505997 1.6907985305587
0.0172475560460295 0.346666268618706 1.71592670215019
0.123259459911165 0.406585457432374 1.64492532503819
0.0882020121291361 0.426342771947722 1.63234279437635
0.0877884985592545 0.451180409247161 1.6005270601383
0.122075855161515 0.456382346605882 1.58175762548238
0.0528017989565688 0.443735283108208 1.61771989232702
0.156684638778057 0.436690573822892 1.59455594697095
0.155406370399955 0.459439760815384 1.56153252718015
0.157792752574436 0.384600772663122 1.65532247228628
0.157558518587262 0.411718419454048 1.62588227819874
0.19088092244004 0.414779594701809 1.60513272255633
0.224464694881444 0.390793341019467 1.61333300569096
0.222970818516792 0.41591128867174 1.58279494014336
0.21828324558518 0.459661252732185 1.51729364189931
0.247431000143034 0.457159926072457 1.49361705082314
0.187545575980855 0.460481118150227 1.53999158846253
0.220814342055752 0.438888216975287 1.55074159308319
0.253609436429951 0.41528720276581 1.55898992901885
0.278863724215003 0.434239840652493 1.50201303373125
0.285696877953265 0.389865296515185 1.56456392512885
0.282611988744266 0.413114501967179 1.53382471155925
0.309819177534016 0.409646784505178 1.50735933014548
0.339936157709941 0.383636696487695 1.50958852886204
0.468170229050372 0.0382123158168399 1.58644213463795
0.444405652825613 0.0393039881218923 1.61975212016916
0.508747602722064 0.036133301823298 1.51483073868952
0.489622127409805 0.0371497029445245 1.55138290013421
0.476546731358989 0.0729479255857781 1.56678113443617
0.482580642543585 0.106955649576826 1.54557252352666
0.460955493164123 0.108618919149182 1.58054902892641
0.501854719731842 0.105185487685738 1.50914408056891
0.48635651562265 0.14004898388017 1.52293905395279
0.514925874879568 0.070148948286572 1.49381161487447
0.51879971536042 0.103357895655439 1.47150082275706
0.520456991825952 0.135623577617878 1.44802802648683
0.505123105677676 0.169500724919275 1.46175084117343
0.467713595798677 0.235634404258337 1.48453567832474
0.487515913458799 0.202909782376268 1.47394623590824
0.487968646554556 0.172072803778704 1.49901617308835
0.468471060040627 0.174514009680369 1.5351024700039
0.401416570735471 0.243791543486664 1.58660756914349
0.425846049086272 0.241423136500644 1.55414016372189
0.40132427048888 0.273517537469034 1.56079099631867
0.448268586063238 0.208368525422195 1.54553745778017
0.446615541495769 0.176741932250374 1.5697730531487
0.447963570237738 0.238649097059163 1.52004041065913
0.445818555016991 0.267477001340866 1.49344450429383
0.36883865631091 0.356379423057691 1.50894574990069
0.396241156303163 0.327924806838898 1.5058279873201
0.399548487891326 0.301597847508193 1.53379443664145
0.374848987515487 0.304521458429807 1.56534309322729
0.421950540845211 0.298276135389515 1.5005859150782
0.343847273752794 0.35998136361663 1.5390314797382
0.287852782233456 0.364550234481384 1.59410006940904
0.316791602067864 0.362819575512741 1.56741297682502
0.34659793006279 0.334325640124506 1.56761634473299
0.347999180957607 0.306764090961186 1.59509941626099
0.080524499628824 0.270889267473606 1.75655184163882
0.0447997669393157 0.256564097336545 1.76616886641614
0.0756690339586612 0.23483634044105 1.77244791935385
0.013618821581663 0.277521934417525 1.7575625717031
0.0160474876263009 0.313166616542783 1.73829760291825
0.00980842418884272 0.239860417452827 1.77325874773847
0.00495971036649383 0.200307930349783 1.78485015275748
0.116579547814077 0.282590952781135 1.74452037395735
0.0841240641537669 0.305652663673948 1.73723766916114
0.0864870256361081 0.338789742558159 1.71486017666921
0.122002183234975 0.3482422610559 1.69982992680722
0.0510232021573483 0.327061954510924 1.72770274851778
0.148257536097158 0.257817377975761 1.74965853037401
0.152536016025096 0.291794874999101 1.73009675373777
0.222704150979803 0.303644915928501 1.69406985171388
0.188019779619428 0.298740167794737 1.71327260656246
0.219423018044513 0.271222934601348 1.71665280984408
0.155468641435494 0.324441173399819 1.70767547046573
0.15716438087922 0.35545297855047 1.68266517842498
0.225054038533896 0.363620349514867 1.64219188741825
0.257208193231209 0.364894398256497 1.61905204538474
0.191617704115893 0.360530355182082 1.66342667569118
0.224528521225196 0.33451516629634 1.66917588382125
0.256294980312655 0.30670138774093 1.67255144708876
0.286676671081972 0.277247368888606 1.67356941901534
0.28852691631539 0.308099096850469 1.64881098559641
0.319164098503332 0.308043129604927 1.62295701647355
0.347874636341989 0.277423474743385 1.62124995352923
0.288860502936922 0.337254203174253 1.6222509039878
0.351601141487695 0.112085965593011 1.7010882907934
0.3720451037308 0.077114341914334 1.69158930145638
0.382224522835372 0.112009475956187 1.67433768379554
0.359669284571662 0.0420935901547625 1.70671182615474
0.327095205525129 0.0422836082437929 1.73060585399475
0.390104740144058 0.0413677663404575 1.68012134755426
0.418366614920461 0.0403840366101553 1.6510591072676
0.410721593325178 0.111279312382193 1.64517248210869
0.390185933494449 0.146422166950993 1.65507148773912
0.428832408283177 0.075499891575375 1.63336084997755
0.436988929940658 0.110097616205349 1.61383000683134
0.442889650461331 0.143920901462001 1.59258774523701
0.422427822867052 0.17863469107608 1.60279076537393
0.374774812585964 0.245548394637452 1.61723962697968
0.39967847712499 0.212567213155893 1.61104661546406
0.395974156813063 0.180033417238879 1.63392406874333
0.367362649401839 0.180749008487158 1.66294806540573
0.283146767498374 0.244901954327778 1.6963238382695
0.315444729685666 0.246323116765141 1.67226968782762
0.342397608407858 0.214101637880559 1.66870716346374
0.336747252687499 0.180573108666038 1.68964106360022
0.346058960090527 0.24646779928352 1.64585182784118
0.0921484283152055 0.141681150483361 1.79393018683882
0.0634855660542831 0.160570934136116 1.79259983273966
0.0583130365550141 0.123133874959958 1.79634758117356
0.0697863217439667 0.19791159810383 1.7845682313096
0.106129176702462 0.212105171613072 1.77663990149475
0.0342635414987806 0.179822908843779 1.78972833366833
8.87390843329461e-05 0.158840368594585 1.79172729072339
0.135094161079093 0.0257567045818952 1.79567888236955
0.0918767172289421 0.0222532545643133 1.79248941284458
0.0613287375185557 0.0857672489534395 1.79607607663632
0.0739939458918647 0.0530239467618054 1.79399191563196
0.0987686291571604 0.0832884272763714 1.7971733044446
0.0478764357329568 0.0223275169496937 1.78485190042366
0.00351827406660213 0.0268615528351253 1.77889772520533
-0.00296396650540835 0.115388721789247 1.79308690130901
-0.00225779446741908 0.0708272709360424 1.78806182783579
0.0282719581449404 0.097884341759177 1.79465606115213
0.211766818847082 0.101266549985519 1.77856591531478
0.234112959969257 0.0705939635889951 1.77494228794468
0.248745908465745 0.105974475712632 1.76424432995455
0.217147495250005 0.0357717155977824 1.7828880496953
0.176916131905739 0.030890465421028 1.79206524545766
0.255707352151117 0.0394211370812109 1.76914468184904
0.292413556839467 0.0415317935631954 1.75154083831951
0.136363941417324 0.0888573984021824 1.79515583173628
0.11708139422648 0.117155966855923 1.79480563712418
0.156009353206472 0.0599645204636189 1.79430684845482
0.174140353278945 0.0953667404672115 1.78895687627963
0.18843975406882 0.131374621877391 1.78025643504471
0.284615653388533 0.109292166830455 1.7463336364339
0.260798815281778 0.141497247076771 1.75094277666256
0.306770391833879 0.076235592587588 1.73955432442629
0.318996433055237 0.111264618475912 1.72517780038121
0.328979561956118 0.14617793984919 1.70850533988346
0.127353982254105 0.152099479206646 1.78874689398796
0.199394389031996 0.167297394892913 1.76860867826091
0.163242793760595 0.160413175190779 1.78037236399915
0.135634718667899 0.187482686121654 1.77917330353936
0.142606990560167 0.222892369811743 1.76609443681821
0.270397576466997 0.176730382470607 1.73513472626825
0.23527717630031 0.172747112370857 1.75348012449077
0.304335309492582 0.179295568352665 1.71377933959906
0.277777859008169 0.21130396636586 1.71689401504335
0.249418951228743 0.242016305089744 1.71785271985351
0.178843941181965 0.231204182945482 1.7528061103143
0.207944014005044 0.202766713826643 1.75407457898293
0.214549036269512 0.237503375543806 1.73671421181266
3 0 2754 2756
3 690 2755 2754
3 2754 2755 2756
3 2755 692 2756
3 1 2757 2759
3 691 2758 2757
3 2757 2758 2759
3 2758 690 2759
3 690 2758 2755
3 691 2760 2758
3 2758 2760 2755
3 2760 692 2755
3 691 2761 2760
3 2 2762 2761
3 2761 2762 2760
3 2762 692 2760
3 3 2763 2765
3 693 2764 2763
3 2763 2764 2765
3 2764 695 2765
3 4 2766 2768
3 694 2767 2766
3 2766 2767 2768
3 2767 693 2768
3 693 2767 2764
3 694 2769 2767
3 2767 2769 2764
3 2769 695 2764
3 694 2770 2769
3 1 2771 2770
3 2770 2771 2769
3 2771 695 2769
3 4 2768 2773
3 693 2772 2768
3 2768 2772 2773
3 2772 697 2773
3 3 2774 2763
3 696 2775 2774
3 2774 2775 2763
3 2775 693 2763
3 693 2775 2772
3 696 2776 2775
3 2775 2776 2772
3 2776 697 2772
3 696 2777 2776
3 5 2778 2777
3 2777 2778 2776
3 2778 697 2776
3 4 2773 2780
3 697 2779 2773
3 2773 2779 2780
3 2779 699 2780
3 5 2781 2778
3 698 2782 2781
3 2781 2782 2778
3 2782 697 2778
3 697 2782 2779
3 698 2783 2782
3 2782 2783 2779
3 2783 699 2779
3 698 2784 2783
3 6 2785 2784
3 2784 2785 2783
3 2785 699 2783
3 2 2786 2762
3 700 2787 2786
3 2786 2787 2762
3 2787 692 2762
3 7 2788 2790
3 701 2789 2788
3 2788 2789 2790
3 2789 700 2790
3 700 2789 2787
3 701 2791 2789
3 2789 2791 2787
3 2791 692 2787
3 701 2792 2791
3 0 2756 2792
3 2792 2756 2791
3 2756 692 2791
3 4 2793 2766
3 702 2794 2793
3 2793 2794 2766
3 2794 694 2766
3 8 2795 2797
3 703 2796 2795
3 2795 2796 2797
3 2796 702 2797
3 702 2796 2794
3 703 2798 2796
3 2796 2798 2794
3 2798 694 2794
3 703 2799 2798
3 1 2770 2799
3 2799 2770 2798
3 2770 694 2798
3 2 2761 2801
3 691 2800 2761
3 2761 2800 2801
3 2800 704 2801
3 1 2799 2757
3 703 2802 2799
3 2799 2802 2757
3 2802 691 2757
3 691 2802 2800
3 703 2803 2802
3 2802 2803 2800
3 2803 704 2800
3 703 2795 2803
3 8 2804 2795
3 2795 2804 2803
3 2804 704 2803
3 4 2780 2793
3 699 2805 2780
3 2780 2805 2793
3 2805 702 2793
3 6 2806 2785
3 705 2807 2806
3 2806 2807 2785
3 2807 699 2785
3 699 2807 2805
3 705 2808 2807
3 2807 2808 2805
3 2808 702 2805
3 705 2809 2808
3 8 2797 2809
3 2809 2797 2808
3 2797 702 2808
3 6 2810 2806
3 706 2811 2810
3 2810 2811 2806
3 2811 705 2806
3 9 2812 2814
3 707 2813 2812
3 2812 2813 2814
3 2813 706 2814
3 706 2813 2811
3 707 2815 2813
3 2813 2815 2811
3 2815 705 2811
3 707 2816 2815
3 8 2809 2816
3 2816 2809 2815
3 2809 705 2815
3 2 2817 2786
3 708 2818 2817
3 2817 2818 2786
3 2818 700 2786
3 10 2819 2821
3 709 2820 2819
3 2819 2820 2821
3 2820 708 2821
3 708 2820 2818
3 709 2822 2820
3 2820 2822 2818
3 2822 700 2818
3 709 2823 2822
3 7 2790 2823
3 2823 2790 2822
3 2790 700 2822
3 2 2801 2817
3 704 2824 2801
3 2801 2824 2817
3 2824 708 2817
3 8 2825 2804
3 710 2826 2825
3 2825 2826 2804
3 2826 704 2804
3 704 2826 2824
3 710 2827 2826
3 2826 2827 2824
3 2827 708 2824
3 710 2828 2827
3 10 2821 2828
3 2828 2821 2827
3 2821 708 2827
3 3 2765 2830
3 695 2829 2765
3 2765 2829 2830
3 2829 712 2830
3 1 2831 2771
3 711 2832 2831
3 2831 2832 2771
3 2832 695 2771
3 695 2832 2829
3 711 2833 2832
3 2832 2833 2829
3 2833 712 2829
3 711 2834 2833
3 11 2835 2834
3 2834 2835 2833
3 2835 712 2833
3 1 2759 2831
3 690 2836 2759
3 2759 2836 2831
3 2836 711 2831
3 0 2837 2754
3 713 2838 2837
3 2837 2838 2754
3 2838 690 2754
3 690 2838 2836
3 713 2839 2838
3 2838 2839 2836
3 2839 711 2836
3 713 2840 2839
3 11 2834 2840
3 2840 2834 2839
3 2834 711 2839
3 6 2784 2842
3 698 2841 2784
3 2784 2841 2842
3 2841 715 2842
3 5 2843 2781
3 714 2844 2843
3 2843 2844 2781
3 2844 698 2781
3 698 2844 2841
3 714 2845 2844
3 2844 2845 2841
3 2845 715 2841
3 714 2846 2845
3 12 2847 2846
3 2846 2847 2845
3 2847 715 2845
3 6 2842 2849
3 715 2848 2842
3 2842 2848 2849
3 2848 717 2849
3 12 2850 2847
3 716 2851 2850
3 2850 2851 2847
3 2851 715 2847
3 715 2851 2848
3 716 2852 2851
3 2851 2852 2848
3 2852 717 2848
3 716 2853 2852
3 13 2854 2853
3 2853 2854 2852
3 2854 717 2852
3 6 2849 2810
3 717 2855 2849
3 2849 2855 2810
3 2855 706 2810
3 13 2856 2854
3 718 2857 2856
3 2856 2857 2854
3 2857 717 2854
3 717 2857 2855
3 718 2858 2857
3 2857 2858 2855
3 2858 706 2855
3 718 2859 2858
3 9 2814 2859
3 2859 2814 2858
3 2814 706 2858
3 10 2860 2819
3 719 2861 2860
3 2860 2861 2819
3 2861 709 2819
3 14 2862 2864
3 720 2863 2862
3 2862 2863 2864
3 2863 719 2864
3 719 2863 2861
3 720 2865 2863
3 2863 2865 2861
3 2865 709 2861
3 720 2866 2865
3 7 2823 2866
3 2866 2823 2865
3 2823 709 2865
3 10 2828 2868
3 710 2867 2828
3 2828 2867 2868
3 2867 722 2868
3 8 2869 2825
3 721 2870 2869
3 2869 2870 2825
3 2870 710 2825
3 710 2870 2867
3 721 2871 2870
3 2870 2871 2867
3 2871 722 2867
3 721 2872 2871
3 15 2873 2872
3 2872 2873 2871
3 2873 722 2871
3 15 2872 2875
3 721 2874 2872
3 2872 2874 2875
3 2874 723 2875
3 8 2816 2869
3 707 2876 2816
3 2816 2876 2869
3 2876 721 2869
3 721 2876 2874
3 707 2877 2876
3 2876 2877 2874
3 2877 723 2874
3 707 2812 2877
3 9 2878 2812
3 2812 2878 2877
3 2878 723 2877
3 13 2879 2856
3 724 2880 2879
3 2879 2880 2856
3 2880 718 2856
3 16 2881 2883
3 725 2882 2881
3 2881 2882 2883
3 2882 724 2883
3 724 2882 2880
3 725 2884 2882
3 2882 2884 2880
3 2884 718 2880
3 725 2885 2884
3 9 2859 2885
3 2885 2859 2884
3 2859 718 2884
3 17 2886 2888
3 726 2887 2886
3 2886 2887 2888
3 2887 727 2888
3 9 2885 2890
3 725 2889 2885
3 2885 2889 2890
3 2889 726 2890
3 726 2889 2887
3 725 2891 2889
3 2889 2891 2887
3 2891 727 2887
3 725 2881 2891
3 16 2892 2881
3 2881 2892 2891
3 2892 727 2891
3 15 2875 2894
3 723 2893 2875
3 2875 2893 2894
3 2893 728 2894
3 9 2890 2878
3 726 2895 2890
3 2890 2895 2878
3 2895 723 2878
3 723 2895 2893
3 726 2896 2895
3 2895 2896 2893
3 2896 728 2893
3 726 2886 2896
3 17 2897 2886
3 2886 2897 2896
3 2897 728 2896
3 10 2898 2860
3 729 2899 2898
3 2898 2899 2860
3 2899 719 2860
3 18 2900 2902
3 730 2901 2900
3 2900 2901 2902
3 2901 729 2902
3 729 2901 2899
3 730 2903 2901
3 2901 2903 2899
3 2903 719 2899
3 730 2904 2903
3 14 2864 2904
3 2904 2864 2903
3 2864 719 2903
3 10 2868 2898
3 722 2905 2868
3 2868 2905 2898
3 2905 729 2898
3 15 2906 2873
3 731 2907 2906
3 2906 2907 2873
3 2907 722 2873
3 722 2907 2905
3 731 2908 2907
3 2907 2908 2905
3 2908 729 2905
3 731 2909 2908
3 18 2902 2909
3 2909 2902 2908
3 2902 729 2908
3 12 2910 2850
3 732 2911 2910
3 2910 2911 2850
3 2911 716 2850
3 19 2912 2914
3 733 2913 2912
3 2912 2913 2914
3 2913 732 2914
3 732 2913 2911
3 733 2915 2913
3 2913 2915 2911
3 2915 716 2911
3 733 2916 2915
3 13 2853 2916
3 2916 2853 2915
3 2853 716 2915
3 13 2916 2918
3 733 2917 2916
3 2916 2917 2918
3 2917 735 2918
3 19 2919 2912
3 734 2920 2919
3 2919 2920 2912
3 2920 733 2912
3 733 2920 2917
3 734 2921 2920
3 2920 2921 2917
3 2921 735 2917
3 734 2922 2921
3 20 2923 2922
3 2922 2923 2921
3 2923 735 2921
3 16 2883 2925
3 724 2924 2883
3 2883 2924 2925
3 2924 736 2925
3 13 2918 2879
3 735 2926 2918
3 2918 2926 2879
3 2926 724 2879
3 724 2926 2924
3 735 2927 2926
3 2926 2927 2924
3 2927 736 2924
3 735 2923 2927
3 20 2928 2923
3 2923 2928 2927
3 2928 736 2927
3 18 2929 2900
3 737 2930 2929
3 2929 2930 2900
3 2930 730 2900
3 21 2931 2933
3 738 2932 2931
3 2931 2932 2933
3 2932 737 2933
3 737 2932 2930
3 738 2934 2932
3 2932 2934 2930
3 2934 730 2930
3 738 2935 2934
3 14 2904 2935
3 2935 2904 2934
3 2904 730 2934
3 16 2925 2937
3 736 2936 2925
3 2925 2936 2937
3 2936 740 2937
3 20 2938 2928
3 739 2939 2938
3 2938 2939 2928
3 2939 736 2928
3 736 2939 2936
3 739 2940 2939
3 2939 2940 2936
3 2940 740 2936
3 739 2941 2940
3 22 2942 2941
3 2941 2942 2940
3 2942 740 2940
3 23 2943 2945
3 741 2944 2943
3 2943 2944 2945
3 2944 742 2945
3 18 2909 2947
3 731 2946 2909
3 2909 2946 2947
3 2946 741 2947
3 741 2946 2944
3 731 2948 2946
3 2946 2948 2944
3 2948 742 2944
3 731 2906 2948
3 15 2949 2906
3 2906 2949 2948
3 2949 742 2948
3 23 2945 2951
3 742 2950 2945
3 2945 2950 2951
3 2950 743 2951
3 15 2894 2949
3 728 2952 2894
3 2894 2952 2949
3 2952 742 2949
3 742 2952 2950
3 728 2953 2952
3 2952 2953 2950
3 2953 743 2950
3 728 2897 2953
3 17 2954 2897
3 2897 2954 2953
3 2954 743 2953
3 24 2955 2957
3 744 2956 2955
3 2955 2956 2957
3 2956 745 2957
3 16 2937 2959
3 740 2958 2937
3 2937 2958 2959
3 2958 744 2959
3 744 2958 2956
3 740 2960 2958
3 2958 2960 2956
3 2960 745 2956
3 740 2942 2960
3 22 2961 2942
3 2942 2961 2960
3 2961 745 2960
3 17 2888 2963
3 727 2962 2888
3 2888 2962 2963
3 2962 746 2963
3 16 2959 2892
3 744 2964 2959
3 2959 2964 2892
3 2964 727 2892
3 727 2964 2962
3 744 2965 2964
3 2964 2965 2962
3 2965 746 2962
3 744 2955 2965
3 24 2966 2955
3 2955 2966 2965
3 2966 746 2965
3 25 2967 2969
3 747 2968 2967
3 2967 2968 2969
3 2968 748 2969
3 23 2951 2971
3 743 2970 2951
3 2951 2970 2971
3 2970 747 2971
3 747 2970 2968
3 743 2972 2970
3 2970 2972 2968
3 2972 748 2968
3 743 2954 2972
3 17 2973 2954
3 2954 2973 2972
3 2973 748 2972
3 25 2969 2975
3 748 2974 2969
3 2969 2974 2975
3 2974 749 2975
3 17 2963 2973
3 746 2976 2963
3 2963 2976 2973
3 2976 748 2973
3 748 2976 2974
3 746 2977 2976
3 2976 2977 2974
3 2977 749 2974
3 746 2966 2977
3 24 2978 2966
3 2966 2978 2977
3 2978 749 2977
3 18 2979 2929
3 750 2980 2979
3 2979 2980 2929
3 2980 737 2929
3 26 2981 2983
3 751 2982 2981
3 2981 2982 2983
3 2982 750 2983
3 750 2982 2980
3 751 2984 2982
3 2982 2984 2980
3 2984 737 2980
3 751 2985 2984
3 21 2933 2985
3 2985 2933 2984
3 2933 737 2984
3 23 2986 2943
3 752 2987 2986
3 2986 2987 2943
3 2987 741 2943
3 26 2983 2989
3 750 2988 2983
3 2983 2988 2989
3 2988 752 2989
3 752 2988 2987
3 750 2990 2988
3 2988 2990 2987
3 2990 741 2987
3 750 2979 2990
3 18 2947 2979
3 2979 2947 2990
3 2947 741 2990
3 27 2991 2993
3 753 2992 2991
3 2991 2992 2993
3 2992 754 2993
3 20 2922 2995
3 734 2994 2922
3 2922 2994 2995
3 2994 753 2995
3 753 2994 2992
3 734 2996 2994
3 2994 2996 2992
3 2996 754 2992
3 734 2919 2996
3 19 2997 2919
3 2919 2997 2996
3 2997 754 2996
3 20 2995 2999
3 753 2998 2995
3 2995 2998 2999
3 2998 756 2999
3 27 3000 2991
3 755 3001 3000
3 3000 3001 2991
3 3001 753 2991
3 753 3001 2998
3 755 3002 3001
3 3001 3002 2998
3 3002 756 2998
3 755 3003 3002
3 28 3004 3003
3 3003 3004 3002
3 3004 756 3002
3 28 3005 3004
3 757 3006 3005
3 3005 3006 3004
3 3006 756 3004
3 22 2941 3008
3 739 3007 2941
3 2941 3007 3008
3 3007 757 3008
3 757 3007 3006
3 739 3009 3007
3 3007 3009 3006
3 3009 756 3006
3 739 2938 3009
3 20 2999 2938
3 2938 2999 3009
3 2999 756 3009
3 21 2985 3011
3 751 3010 2985
3 2985 3010 3011
3 3010 759 3011
3 26 3012 2981
3 758 3013 3012
3 3012 3013 2981
3 3013 751 2981
3 751 3013 3010
3 758 3014 3013
3 3013 3014 3010
3 3014 759 3010
3 758 3015 3014
3 29 3016 3015
3 3015 3016 3014
3 3016 759 3014
3 30 3017 3019
3 760 3018 3017
3 3017 3018 3019
3 3018 761 3019
3 22 3008 3021
3 757 3020 3008
3 3008 3020 3021
3 3020 760 3021
3 760 3020 3018
3 757 3022 3020
3 3020 3022 3018
3 3022 761 3018
3 757 3005 3022
3 28 3023 3005
3 3005 3023 3022
3 3023 761 3022
3 30 3024 3017
3 762 3025 3024
3 3024 3025 3017
3 3025 760 3017
3 31 3026 3028
3 763 3027 3026
3 3026 3027 3028
3 3027 762 3028
3 762 3027 3025
3 763 3029 3027
3 3027 3029 3025
3 3029 760 3025
3 763 3030 3029
3 22 3021 3030
3 3030 3021 3029
3 3021 760 3029
3 24 2957 3032
3 745 3031 2957
3 2957 3031 3032
3 3031 764 3032
3 22 3030 2961
3 763 3033 3030
3 3030 3033 2961
3 3033 745 2961
3 745 3033 3031
3 763 3034 3033
3 3033 3034 3031
3 3034 764 3031
3 763 3026 3034
3 31 3035 3026
3 3026 3035 3034
3 3035 764 3034
3 23 3036 2986
3 765 3037 3036
3 3036 3037 2986
3 3037 752 2986
3 32 3038 3040
3 766 3039 3038
3 3038 3039 3040
3 3039 765 3040
3 765 3039 3037
3 766 3041 3039
3 3039 3041 3037
3 3041 752 3037
3 766 3042 3041
3 26 2989 3042
3 3042 2989 3041
3 2989 752 3041
3 25 3043 2967
3 767 3044 3043
3 3043 3044 2967
3 3044 747 2967
3 32 3040 3046
3 765 3045 3040
3 3040 3045 3046
3 3045 767 3046
3 767 3045 3044
3 765 3047 3045
3 3045 3047 3044
3 3047 747 3044
3 765 3036 3047
3 23 2971 3036
3 3036 2971 3047
3 2971 747 3047
3 25 3048 3043
3 768 3049 3048
3 3048 3049 3043
3 3049 767 3043
3 33 3050 3052
3 769 3051 3050
3 3050 3051 3052
3 3051 768 3052
3 768 3051 3049
3 769 3053 3051
3 3051 3053 3049
3 3053 767 3049
3 769 3054 3053
3 32 3046 3054
3 3054 3046 3053
3 3046 767 3053
3 24 3032 3056
3 764 3055 3032
3 3032 3055 3056
3 3055 771 3056
3 31 3057 3035
3 770 3058 3057
3 3057 3058 3035
3 3058 764 3035
3 764 3058 3055
3 770 3059 3058
3 3058 3059 3055
3 3059 771 3055
3 770 3060 3059
3 33 3061 3060
3 3060 3061 3059
3 3061 771 3059
3 25 2975 3048
3 749 3062 2975
3 2975 3062 3048
3 3062 768 3048
3 24 3056 2978
3 771 3063 3056
3 3056 3063 2978
3 3063 749 2978
3 749 3063 3062
3 771 3064 3063
3 3063 3064 3062
3 3064 768 3062
3 771 3061 3064
3 33 3052 3061
3 3061 3052 3064
3 3052 768 3064
3 26 3065 3012
3 772 3066 3065
3 3065 3066 3012
3 3066 758 3012
3 34 3067 3069
3 773 3068 3067
3 3067 3068 3069
3 3068 772 3069
3 772 3068 3066
3 773 3070 3068
3 3068 3070 3066
3 3070 758 3066
3 773 3071 3070
3 29 3015 3071
3 3071 3015 3070
3 3015 758 3070
3 26 3042 3065
3 766 3072 3042
3 3042 3072 3065
3 3072 772 3065
3 32 3073 3038
3 774 3074 3073
3 3073 3074 3038
3 3074 766 3038
3 766 3074 3072
3 774 3075 3074
3 3074 3075 3072
3 3075 772 3072
3 774 3076 3075
3 34 3069 3076
3 3076 3069 3075
3 3069 772 3075
3 35 3077 3079
3 775 3078 3077
3 3077 3078 3079
3 3078 776 3079
3 28 3003 3081
3 755 3080 3003
3 3003 3080 3081
3 3080 775 3081
3 775 3080 3078
3 755 3082 3080
3 3080 3082 3078
3 3082 776 3078
3 755 3000 3082
3 27 3083 3000
3 3000 3083 3082
3 3083 776 3082
3 28 3081 3085
3 775 3084 3081
3 3081 3084 3085
3 3084 778 3085
3 35 3086 3077
3 777 3087 3086
3 3086 3087 3077
3 3087 775 3077
3 775 3087 3084
3 777 3088 3087
3 3087 3088 3084
3 3088 778 3084
3 777 3089 3088
3 36 3090 3089
3 3089 3090 3088
3 3090 778 3088
3 28 3085 3023
3 778 3091 3085
3 3085 3091 3023
3 3091 761 3023
3 36 3092 3090
3 779 3093 3092
3 3092 3093 3090
3 3093 778 3090
3 778 3093 3091
3 779 3094 3093
3 3093 3094 3091
3 3094 761 3091
3 779 3095 3094
3 30 3019 3095
3 3095 3019 3094
3 3019 761 3094
3 37 3096 3098
3 780 3097 3096
3 3096 3097 3098
3 3097 781 3098
3 30 3095 3100
3 779 3099 3095
3 3095 3099 3100
3 3099 780 3100
3 780 3099 3097
3 779 3101 3099
3 3099 3101 3097
3 3101 781 3097
3 779 3092 3101
3 36 3102 3092
3 3092 3102 3101
3 3102 781 3101
3 38 3103 3105
3 782 3104 3103
3 3103 3104 3105
3 3104 783 3105
3 29 3071 3107
3 773 3106 3071
3 3071 3106 3107
3 3106 782 3107
3 782 3106 3104
3 773 3108 3106
3 3106 3108 3104
3 3108 783 3104
3 773 3067 3108
3 34 3109 3067
3 3067 3109 3108
3 3109 783 3108
3 37 3110 3096
3 784 3111 3110
3 3110 3111 3096
3 3111 780 3096
3 39 3112 3114
3 785 3113 3112
3 3112 3113 3114
3 3113 784 3114
3 784 3113 3111
3 785 3115 3113
3 3113 3115 3111
3 3115 780 3111
3 785 3116 3115
3 30 3100 3116
3 3116 3100 3115
3 3100 780 3115
3 31 3028 3118
3 762 3117 3028
3 3028 3117 3118
3 3117 786 3118
3 30 3116 3024
3 785 3119 3116
3 3116 3119 3024
3 3119 762 3024
3 762 3119 3117
3 785 3120 3119
3 3119 3120 3117
3 3120 786 3117
3 785 3112 3120
3 39 3121 3112
3 3112 3121 3120
3 3121 786 3120
3 39 3122 3121
3 787 3123 3122
3 3122 3123 3121
3 3123 786 3121
3 40 3124 3126
3 788 3125 3124
3 3124 3125 3126
3 3125 787 3126
3 787 3125 3123
3 788 3127 3125
3 3125 3127 3123
3 3127 786 3123
3 788 3128 3127
3 31 3118 3128
3 3128 3118 3127
3 3118 786 3127
3 31 3128 3057
3 788 3129 3128
3 3128 3129 3057
3 3129 770 3057
3 40 3130 3124
3 789 3131 3130
3 3130 3131 3124
3 3131 788 3124
3 788 3131 3129
3 789 3132 3131
3 3131 3132 3129
3 3132 770 3129
3 789 3133 3132
3 33 3060 3133
3 3133 3060 3132
3 3060 770 3132
3 32 3134 3073
3 790 3135 3134
3 3134 3135 3073
3 3135 774 3073
3 41 3136 3138
3 791 3137 3136
3 3136 3137 3138
3 3137 790 3138
3 790 3137 3135
3 791 3139 3137
3 3137 3139 3135
3 3139 774 3135
3 791 3140 3139
3 34 3076 3140
3 3140 3076 3139
3 3076 774 3139
3 32 3054 3134
3 769 3141 3054
3 3054 3141 3134
3 3141 790 3134
3 33 3142 3050
3 792 3143 3142
3 3142 3143 3050
3 3143 769 3050
3 769 3143 3141
3 792 3144 3143
3 3143 3144 3141
3 3144 790 3141
3 792 3145 3144
3 41 3138 3145
3 3145 3138 3144
3 3138 790 3144
3 41 3145 3147
3 792 3146 3145
3 3145 3146 3147
3 3146 794 3147
3 33 3148 3142
3 793 3149 3148
3 3148 3149 3142
3 3149 792 3142
3 792 3149 3146
3 793 3150 3149
3 3149 3150 3146
3 3150 794 3146
3 793 3151 3150
3 42 3152 3151
3 3151 3152 3150
3 3152 794 3150
3 40 3153 3130
3 795 3154 3153
3 3153 3154 3130
3 3154 789 3130
3 42 3151 3156
3 793 3155 3151
3 3151 3155 3156
3 3155 795 3156
3 795 3155 3154
3 793 3157 3155
3 3155 3157 3154
3 3157 789 3154
3 793 3148 3157
3 33 3133 3148
3 3148 3133 3157
3 3133 789 3157
3 34 3158 3109
3 796 3159 3158
3 3158 3159 3109
3 3159 783 3109
3 43 3160 3162
3 797 3161 3160
3 3160 3161 3162
3 3161 796 3162
3 796 3161 3159
3 797 3163 3161
3 3161 3163 3159
3 3163 783 3159
3 797 3164 3163
3 38 3105 3164
3 3164 3105 3163
3 3105 783 3163
3 34 3140 3158
3 791 3165 3140
3 3140 3165 3158
3 3165 796 3158
3 41 3166 3136
3 798 3167 3166
3 3166 3167 3136
3 3167 791 3136
3 791 3167 3165
3 798 3168 3167
3 3167 3168 3165
3 3168 796 3165
3 798 3169 3168
3 43 3162 3169
3 3169 3162 3168
3 3162 796 3168
3 44 3170 3172
3 799 3171 3170
3 3170 3171 3172
3 3171 800 3172
3 39 3114 3174
3 784 3173 3114
3 3114 3173 3174
3 3173 799 3174
3 799 3173 3171
3 784 3175 3173
3 3173 3175 3171
3 3175 800 3171
3 784 3110 3175
3 37 3176 3110
3 3110 3176 3175
3 3176 800 3175
3 45 3177 3179
3 801 3178 3177
3 3177 3178 3179
3 3178 802 3179
3 36 3089 3181
3 777 3180 3089
3 3089 3180 3181
3 3180 801 3181
3 801 3180 3178
3 777 3182 3180
3 3180 3182 3178
3 3182 802 3178
3 777 3086 3182
3 35 3183 3086
3 3086 3183 3182
3 3183 802 3182
3 36 3181 3185
3 801 3184 3181
3 3181 3184 3185
3 3184 804 3185
3 45 3186 3177
3 803 3187 3186
3 3186 3187 3177
3 3187 801 3177
3 801 3187 3184
3 803 3188 3187
3 3187 3188 3184
3 3188 804 3184
3 803 3189 3188
3 46 3190 3189
3 3189 3190 3188
3 3190 804 3188
3 46 3191 3190
3 805 3192 3191
3 3191 3192 3190
3 3192 804 3190
3 37 3098 3194
3 781 3193 3098
3 3098 3193 3194
3 3193 805 3194
3 805 3193 3192
3 781 3195 3193
3 3193 3195 3192
3 3195 804 3192
3 781 3102 3195
3 36 3185 3102
3 3102 3185 3195
3 3185 804 3195
3 47 3196 3198
3 806 3197 3196
3 3196 3197 3198
3 3197 807 3198
3 37 3194 3200
3 805 3199 3194
3 3194 3199 3200
3 3199 806 3200
3 806 3199 3197
3 805 3201 3199
3 3199 3201 3197
3 3201 807 3197
3 805 3191 3201
3 46 3202 3191
3 3191 3202 3201
3 3202 807 3201
3 37 3200 3176
3 806 3203 3200
3 3200 3203 3176
3 3203 800 3176
3 47 3204 3196
3 808 3205 3204
3 3204 3205 3196
3 3205 806 3196
3 806 3205 3203
3 808 3206 3205
3 3205 3206 3203
3 3206 800 3203
3 808 3207 3206
3 44 3172 3207
3 3207 3172 3206
3 3172 800 3206
3 38 3164 3209
3 797 3208 3164
3 3164 3208 3209
3 3208 810 3209
3 43 3210 3160
3 809 3211 3210
3 3210 3211 3160
3 3211 797 3160
3 797 3211 3208
3 809 3212 3211
3 3211 3212 3208
3 3212 810 3208
3 809 3213 3212
3 48 3214 3213
3 3213 3214 3212
3 3214 810 3212
3 44 3215 3170
3 811 3216 3215
3 3215 3216 3170
3 3216 799 3170
3 49 3217 3219
3 812 3218 3217
3 3217 3218 3219
3 3218 811 3219
3 811 3218 3216
3 812 3220 3218
3 3218 3220 3216
3 3220 799 3216
3 812 3221 3220
3 39 3174 3221
3 3221 3174 3220
3 3174 799 3220
3 40 3126 3223
3 787 3222 3126
3 3126 3222 3223
3 3222 813 3223
3 39 3221 3122
3 812 3224 3221
3 3221 3224 3122
3 3224 787 3122
3 787 3224 3222
3 812 3225 3224
3 3224 3225 3222
3 3225 813 3222
3 812 3217 3225
3 49 3226 3217
3 3217 3226 3225
3 3226 813 3225
3 50 3227 3229
3 814 3228 3227
3 3227 3228 3229
3 3228 815 3229
3 42 3156 3231
3 795 3230 3156
3 3156 3230 3231
3 3230 814 3231
3 814 3230 3228
3 795 3232 3230
3 3230 3232 3228
3 3232 815 3228
3 795 3153 3232
3 40 3233 3153
3 3153 3233 3232
3 3233 815 3232
3 50 3229 3235
3 815 3234 3229
3 3229 3234 3235
3 3234 816 3235
3 40 3223 3233
3 813 3236 3223
3 3223 3236 3233
3 3236 815 3233
3 815 3236 3234
3 813 3237 3236
3 3236 3237 3234
3 3237 816 3234
3 813 3226 3237
3 49 3238 3226
3 3226 3238 3237
3 3238 816 3237
3 51 3239 3241
3 817 3240 3239
3 3239 3240 3241
3 3240 818 3241
3 43 3169 3243
3 798 3242 3169
3 3169 3242 3243
3 3242 817 3243
3 817 3242 3240
3 798 3244 3242
3 3242 3244 3240
3 3244 818 3240
3 798 3166 3244
3 41 3245 3166
3 3166 3245 3244
3 3245 818 3244
3 42 3246 3152
3 819 3247 3246
3 3246 3247 3152
3 3247 794 3152
3 51 3241 3249
3 818 3248 3241
3 3241 3248 3249
3 3248 819 3249
3 819 3248 3247
3 818 3250 3248
3 3248 3250 3247
3 3250 794 3247
3 818 3245 3250
3 41 3147 3245
3 3245 3147 3250
3 3147 794 3250
3 42 3231 3246
3 814 3251 3231
3 3231 3251 3246
3 3251 819 3246
3 50 3252 3227
3 820 3253 3252
3 3252 3253 3227
3 3253 814 3227
3 814 3253 3251
3 820 3254 3253
3 3253 3254 3251
3 3254 819 3251
3 820 3255 3254
3 51 3249 3255
3 3255 3249 3254
3 3249 819 3254
3 52 3256 3258
3 821 3257 3256
3 3256 3257 3258
3 3257 822 3258
3 51 3255 3260
3 820 3259 3255
3 3255 3259 3260
3 3259 821 3260
3 821 3259 3257
3 820 3261 3259
3 3259 3261 3257
3 3261 822 3257
3 820 3252 3261
3 50 3262 3252
3 3252 3262 3261
3 3262 822 3261
3 53 3263 3265
3 823 3264 3263
3 3263 3264 3265
3 3264 824 3265
3 48 3213 3267
3 809 3266 3213
3 3213 3266 3267
3 3266 823 3267
3 823 3266 3264
3 809 3268 3266
3 3266 3268 3264
3 3268 824 3264
3 809 3210 3268
3 43 3269 3210
3 3210 3269 3268
3 3269 824 3268
3 51 3270 3239
3 825 3271 3270
3 3270 3271 3239
3 3271 817 3239
3 53 3265 3273
3 824 3272 3265
3 3265 3272 3273
3 3272 825 3273
3 825 3272 3271
3 824 3274 3272
3 3272 3274 3271
3 3274 817 3271
3 824 3269 3274
3 43 3243 3269
3 3269 3243 3274
3 3243 817 3274
3 54 3275 3277
3 826 3276 3275
3 3275 3276 3277
3 3276 827 3277
3 49 3219 3279
3 811 3278 3219
3 3219 3278 3279
3 3278 826 3279
3 826 3278 3276
3 811 3280 3278
3 3278 3280 3276
3 3280 827 3276
3 811 3215 3280
3 44 3281 3215
3 3215 3281 3280
3 3281 827 3280
3 3283 3281 3207
3 808 3282 3207
3 3207 3282 3283
3 3282 829 3283
3 47 3284 3204
3 828 3285 3284
3 3284 3285 3204
3 3285 808 3204
3 808 3285 3282
3 828 3286 3285
3 3285 3286 3282
3 3286 829 3282
3 828 3287 3286
3 55 3288 3287
3 3287 3288 3286
3 3288 829 3286
3 3277 3289 54
3 827 3291 3277
3 3290 54 3289
3 3289 830 3290
3 44 3207 3281
3 829 3291 3283
3 3291 827 3283
3 3281 3283 827
3 3289 3277 3291
3 829 3292 3291
3 3291 3292 3289
3 3292 830 3289
3 829 3288 3292
3 55 3293 3288
3 3288 3293 3292
3 3293 830 3292
3 45 3294 3186
3 831 3295 3294
3 3294 3295 3186
3 3295 803 3186
3 56 3296 3298
3 832 3297 3296
3 3296 3297 3298
3 3297 831 3298
3 831 3297 3295
3 832 3299 3297
3 3297 3299 3295
3 3299 803 3295
3 832 3300 3299
3 46 3189 3300
3 3300 3189 3299
3 3189 803 3299
3 57 3312 3303
3 833 3302 3301
3 3301 3302 3303
3 3302 834 3303
3 46 3300 3305
3 832 3304 3300
3 3300 3304 3305
3 3304 833 3305
3 833 3304 3302
3 832 3306 3304
3 3304 3306 3302
3 3306 834 3302
3 832 3296 3306
3 56 3307 3296
3 3296 3307 3306
3 3307 834 3306
3 47 3198 3309
3 807 3308 3198
3 3198 3308 3309
3 3308 835 3309
3 46 3305 3202
3 833 3310 3305
3 3305 3310 3202
3 3310 807 3202
3 807 3310 3308
3 833 3311 3310
3 3310 3311 3308
3 3311 835 3308
3 833 3301 3311
3 3301 3303 3312
3 3301 3312 3311
3 3312 835 3311
3 58 3320 3315
3 836 3314 3313
3 3314 837 3313
3 3315 3313 837
3 47 3309 3317
3 835 3316 3309
3 3309 3316 3317
3 3316 836 3317
3 836 3316 3314
3 835 3318 3316
3 3316 3318 3314
3 3318 3319 3314
3 835 3312 3318
3 3319 3318 57
3 3312 57 3318
3 837 3314 3319
3 3313 3315 3320
3 838 3321 3320
3 3320 3321 3313
3 3321 836 3313
3 55 3287 3323
3 828 3322 3287
3 3287 3322 3323
3 3322 838 3323
3 838 3322 3321
3 828 3324 3322
3 3322 3324 3321
3 3324 836 3321
3 828 3284 3324
3 47 3317 3284
3 3284 3317 3324
3 3317 836 3324
3 59 3325 3327
3 839 3326 3325
3 3325 3326 3327
3 3326 840 3327
3 48 3267 3329
3 823 3328 3267
3 3267 3328 3329
3 3328 839 3329
3 839 3328 3326
3 823 3330 3328
3 3328 3330 3326
3 3330 840 3326
3 823 3263 3330
3 53 3331 3263
3 3263 3331 3330
3 3331 840 3330
3 50 3235 3262
3 816 3332 3235
3 3235 3332 3262
3 3332 822 3262
3 49 3333 3238
3 841 3334 3333
3 3333 3334 3238
3 3334 816 3238
3 816 3334 3332
3 841 3335 3334
3 3334 3335 3332
3 3335 822 3332
3 841 3336 3335
3 52 3258 3336
3 3336 3258 3335
3 3258 822 3335
3 54 3337 3275
3 842 3338 3337
3 3337 3338 3275
3 3338 826 3275
3 60 3344 3341
3 843 3340 3339
3 3339 3340 3341
3 3340 842 3341
3 842 3340 3338
3 843 3342 3340
3 3340 3342 3338
3 3342 826 3338
3 843 3343 3342
3 49 3279 3343
3 3343 3279 3342
3 3279 826 3342
3 3339 3341 3344
3 3345 3339 844
3 3344 844 3339
3 3345 843 3339
3 52 3336 3347
3 841 3346 3336
3 3336 3346 3347
3 3346 844 3347
3 844 3346 3345
3 841 3348 3346
3 3346 3348 3345
3 3348 843 3345
3 841 3333 3348
3 49 3343 3333
3 3333 3343 3348
3 3343 843 3348
3 53 3273 3350
3 825 3349 3273
3 3273 3349 3350
3 3349 846 3350
3 51 3351 3270
3 845 3352 3351
3 3351 3352 3270
3 3352 825 3270
3 825 3352 3349
3 845 3353 3352
3 3352 3353 3349
3 3353 846 3349
3 845 3354 3353
3 61 3355 3354
3 3354 3355 3353
3 3355 846 3353
3 52 3356 3256
3 847 3357 3356
3 3356 3357 3256
3 3357 821 3256
3 61 3354 3359
3 845 3358 3354
3 3354 3358 3359
3 3358 847 3359
3 847 3358 3357
3 845 3360 3358
3 3358 3360 3357
3 3360 821 3357
3 845 3351 3360
3 51 3260 3351
3 3351 3260 3360
3 3260 821 3360
3 61 3359 3362
3 847 3361 3359
3 3359 3361 3362
3 3361 849 3362
3 52 3363 3356
3 848 3364 3363
3 3363 3364 3356
3 3364 847 3356
3 847 3364 3361
3 848 3365 3364
3 3364 3365 3361
3 3365 849 3361
3 848 3366 3365
3 62 3367 3366
3 3366 3367 3365
3 3367 849 3365
3 52 3347 3363
3 844 3368 3347
3 3347 3368 3363
3 3368 848 3363
3 60 3369 3344
3 850 3370 3369
3 3369 3370 3344
3 3370 844 3344
3 844 3370 3368
3 850 3371 3370
3 3370 3371 3368
3 3371 848 3368
3 850 3372 3371
3 62 3366 3372
3 3372 3366 3371
3 3366 848 3371
3 63 3373 3375
3 851 3374 3373
3 3373 3374 3375
3 3374 852 3375
3 59 3327 3377
3 840 3376 3327
3 3327 3376 3377
3 3376 851 3377
3 851 3376 3374
3 840 3378 3376
3 3376 3378 3374
3 3378 852 3374
3 840 3331 3378
3 53 3379 3331
3 3331 3379 3378
3 3379 852 3378
3 61 3380 3355
3 853 3381 3380
3 3380 3381 3355
3 3381 846 3355
3 63 3375 3383
3 852 3382 3375
3 3375 3382 3383
3 3382 853 3383
3 853 3382 3381
3 852 3384 3382
3 3382 3384 3381
3 3384 846 3381
3 852 3379 3384
3 53 3350 3379
3 3379 3350 3384
3 3350 846 3384
3 54 3290 3386
3 830 3385 3290
3 3290 3385 3386
3 3385 855 3386
3 55 3387 3293
3 854 3388 3387
3 3387 3388 3293
3 3388 830 3293
3 830 3388 3385
3 854 3389 3388
3 3388 3389 3385
3 3389 855 3385
3 854 3390 3389
3 64 3393 3390
3 3390 3391 3389
3 3391 855 3389
3 54 3386 3337
3 855 3392 3386
3 3386 3392 3337
3 3392 842 3337
3 3391 3390 3393
3 3394 3391 856
3 3393 856 3391
3 3394 855 3391
3 855 3394 3392
3 856 3396 3394
3 3394 3395 3392
3 3395 842 3392
3 3395 3394 3396
3 3341 3395 60
3 3396 60 3395
3 3341 842 3395
3 55 3323 3398
3 838 3397 3323
3 3323 3397 3398
3 3397 858 3398
3 3399 3400 58
3 857 3401 3399
3 3320 58 3400
3 3400 838 3320
3 838 3400 3397
3 3400 3399 3401
3 3400 3401 3397
3 3401 858 3397
3 3402 3403 857
3 65 3405 3402
3 3401 857 3403
3 3403 858 3401
3 55 3398 3387
3 858 3404 3398
3 3398 3404 3387
3 3404 854 3387
3 3403 3402 3405
3 859 3406 3405
3 3405 3406 3403
3 3406 858 3403
3 858 3406 3404
3 859 3407 3406
3 3406 3407 3404
3 3407 854 3404
3 859 3408 3407
3 64 3390 3408
3 3408 3390 3407
3 3390 854 3407
3 56 3409 3307
3 860 3410 3409
3 3409 3410 3307
3 3410 834 3307
3 66 3411 3413
3 861 3412 3411
3 3411 3412 3413
3 3412 860 3413
3 860 3412 3410
3 861 3414 3412
3 3412 3414 3410
3 3414 834 3410
3 861 3415 3414
3 57 3303 3415
3 3415 3303 3414
3 3303 834 3414
3 67 3416 3418
3 862 3417 3416
3 3416 3417 3418
3 3417 863 3418
3 57 3415 3420
3 861 3419 3415
3 3415 3419 3420
3 3419 862 3420
3 862 3419 3417
3 861 3421 3419
3 3419 3421 3417
3 3421 863 3417
3 861 3411 3421
3 66 3422 3411
3 3411 3422 3421
3 3422 863 3421
3 57 3420 3319
3 862 3423 3420
3 3420 3423 3319
3 3423 837 3319
3 67 3424 3416
3 864 3425 3424
3 3424 3425 3416
3 3425 862 3416
3 862 3425 3423
3 864 3426 3425
3 3425 3426 3423
3 3426 837 3423
3 864 3427 3426
3 58 3315 3427
3 3427 3315 3426
3 3315 837 3426
3 68 3428 3430
3 865 3429 3428
3 3428 3429 3430
3 3429 866 3430
3 58 3427 3432
3 864 3431 3427
3 3427 3431 3432
3 3431 865 3432
3 865 3431 3429
3 864 3433 3431
3 3431 3433 3429
3 3433 866 3429
3 864 3424 3433
3 67 3434 3424
3 3424 3434 3433
3 3434 866 3433
3 68 3435 3428
3 867 3436 3435
3 3435 3436 3428
3 3436 865 3428
3 65 3402 3438
3 857 3437 3402
3 3402 3437 3438
3 3437 867 3438
3 867 3437 3436
3 857 3439 3437
3 3437 3439 3436
3 3439 865 3436
3 857 3399 3439
3 58 3432 3399
3 3399 3432 3439
3 3432 865 3439
3 69 3440 3442
3 868 3441 3440
3 3440 3441 3442
3 3441 869 3442
3 59 3377 3444
3 851 3443 3377
3 3377 3443 3444
3 3443 868 3444
3 868 3443 3441
3 851 3445 3443
3 3443 3445 3441
3 3445 869 3441
3 851 3373 3445
3 63 3446 3373
3 3373 3446 3445
3 3446 869 3445
3 70 3458 3449
3 870 3448 3447
3 3447 3448 3449
3 3448 871 3449
3 60 3396 3451
3 856 3450 3396
3 3396 3450 3451
3 3450 870 3451
3 870 3450 3448
3 856 3452 3450
3 3450 3452 3448
3 3452 871 3448
3 856 3393 3452
3 64 3453 3393
3 3393 3453 3452
3 3453 871 3452
3 3372 3454 62
3 850 3454 3372
3 3455 62 3454
3 3454 3457 3455
3 60 3451 3369
3 870 3456 3451
3 3451 3456 3369
3 3456 850 3369
3 850 3456 3454
3 870 3457 3456
3 3456 3457 3454
3 872 3455 3457
3 870 3447 3457
3 3447 3449 3458
3 3458 872 3447
3 3457 3447 872
3 71 3459 3461
3 873 3460 3459
3 3459 3460 3461
3 3460 874 3461
3 63 3383 3463
3 853 3462 3383
3 3383 3462 3463
3 3462 873 3463
3 873 3462 3460
3 853 3464 3462
3 3462 3464 3460
3 3464 874 3460
3 853 3380 3464
3 61 3465 3380
3 3380 3465 3464
3 3465 874 3464
3 71 3461 3467
3 874 3466 3461
3 3461 3466 3467
3 3466 875 3467
3 61 3362 3465
3 849 3468 3362
3 3362 3468 3465
3 3468 874 3465
3 874 3468 3466
3 849 3469 3468
3 3468 3469 3466
3 3469 875 3466
3 849 3367 3469
3 62 3470 3367
3 3367 3470 3469
3 3470 875 3469
3 72 3471 3473
3 876 3472 3471
3 3471 3472 3473
3 3472 877 3473
3 71 3467 3475
3 875 3474 3467
3 3467 3474 3475
3 3474 876 3475
3 876 3474 3472
3 875 3476 3474
3 3474 3476 3472
3 3476 877 3472
3 875 3470 3476
3 62 3477 3470
3 3470 3477 3476
3 3477 877 3476
3 62 3455 3477
3 872 3478 3455
3 3455 3478 3477
3 3478 877 3477
3 70 3479 3458
3 878 3480 3479
3 3479 3480 3458
3 3480 872 3458
3 872 3480 3478
3 878 3481 3480
3 3480 3481 3478
3 3481 877 3478
3 878 3482 3481
3 72 3473 3482
3 3482 3473 3481
3 3473 877 3481
3 63 3463 3446
3 879 3484 3483
3 3483 3484 3446
3 3484 869 3446
3 73 3485 3487
3 880 3486 3485
3 3485 3486 3487
3 3486 879 3487
3 879 3486 3484
3 880 3488 3486
3 3486 3488 3484
3 3488 869 3484
3 880 3489 3488
3 69 3442 3489
3 3489 3442 3488
3 3442 869 3488
3 3490 3491 71
3 881 3491 3490
3 3459 71 3491
3 3491 3494 3459
3 73 3487 3493
3 879 3492 3487
3 3487 3492 3493
3 3492 881 3493
3 881 3492 3491
3 879 3494 3492
3 3492 3494 3491
3 873 3459 3494
3 879 3483 3494
3 3483 3446 3463
3 3463 873 3483
3 3494 3483 873
3 3449 3495 70
3 871 3495 3449
3 3496 70 3495
3 3495 3499 3496
3 64 3497 3453
3 882 3498 3497
3 3497 3498 3453
3 3498 871 3453
3 871 3498 3495
3 882 3499 3498
3 3498 3499 3495
3 883 3496 3499
3 882 3500 3499
3 3500 3503 3501
3 3501 883 3500
3 3499 3500 883
3 74 3501 3503
3 882 3502 3500
3 3500 3502 3503
3 3502 885 3503
3 64 3504 3497
3 884 3505 3504
3 3504 3505 3497
3 3505 882 3497
3 882 3505 3502
3 884 3506 3505
3 3505 3506 3502
3 3506 885 3502
3 884 3507 3506
3 3507 3512 3508
3 3507 3508 3506
3 3508 885 3506
3 3509 3510 65
3 886 3511 3509
3 3405 65 3510
3 3510 859 3405
3 75 3508 3512
3 884 3511 3507
3 3511 886 3507
3 3512 3507 886
3 3510 3509 3511
3 884 3513 3511
3 3511 3513 3510
3 3513 859 3510
3 884 3504 3513
3 64 3408 3504
3 3504 3408 3513
3 3408 859 3513
3 65 3514 3509
3 887 3515 3514
3 3514 3515 3509
3 3515 886 3509
3 76 3516 3518
3 888 3517 3516
3 3516 3517 3518
3 3517 887 3518
3 887 3517 3515
3 888 3519 3517
3 3517 3519 3515
3 3519 886 3515
3 888 3520 3519
3 75 3512 3520
3 3520 3512 3519
3 3512 886 3519
3 68 3521 3435
3 889 3522 3521
3 3521 3522 3435
3 3522 867 3435
3 76 3518 3524
3 887 3523 3518
3 3518 3523 3524
3 3523 889 3524
3 889 3523 3522
3 887 3525 3523
3 3523 3525 3522
3 3525 867 3522
3 887 3514 3525
3 65 3438 3514
3 3514 3438 3525
3 3438 867 3525
3 66 3526 3422
3 890 3527 3526
3 3526 3527 3422
3 3527 863 3422
3 416 3528 3530
3 891 3529 3528
3 3528 3529 3530
3 3529 890 3530
3 890 3529 3527
3 891 3531 3529
3 3529 3531 3527
3 3531 863 3527
3 891 3532 3531
3 67 3418 3532
3 3532 3418 3531
3 3418 863 3531
3 78 3533 3535
3 892 3534 3533
3 3533 3534 3535
3 3534 894 3535
3 68 3536 3538
3 893 3537 3536
3 3536 3537 3538
3 3537 892 3538
3 892 3537 3534
3 893 3539 3537
3 3537 3539 3534
3 3539 894 3534
3 893 3540 3539
3 77 3541 3540
3 3540 3541 3539
3 3541 894 3539
3 67 3542 3434
3 895 3543 3542
3 3542 3543 3434
3 3543 866 3434
3 77 3540 3545
3 893 3544 3540
3 3540 3544 3545
3 3544 895 3545
3 895 3544 3543
3 893 3546 3544
3 3544 3546 3543
3 3546 866 3543
3 893 3536 3546
3 68 3430 3536
3 3536 3430 3546
3 3430 866 3546
3 68 3538 3521
3 892 3547 3538
3 3538 3547 3521
3 3547 889 3521
3 78 3548 3533
3 896 3549 3548
3 3548 3549 3533
3 3549 892 3533
3 892 3549 3547
3 896 3550 3549
3 3549 3550 3547
3 3550 889 3547
3 896 3551 3550
3 76 3524 3551
3 3551 3524 3550
3 3524 889 3550
3 79 3552 3554
3 897 3553 3552
3 3552 3553 3554
3 3553 899 3554
3 249 3555 3557
3 898 3556 3555
3 3555 3556 3557
3 3556 897 3557
3 897 3556 3553
3 898 3558 3556
3 3556 3558 3553
3 3558 899 3553
3 898 3559 3558
3 73 3560 3559
3 3559 3560 3558
3 3560 899 3558
3 80 3561 3563
3 900 3562 3561
3 3561 3562 3563
3 3562 901 3563
3 70 3496 3565
3 883 3564 3496
3 3496 3564 3565
3 3564 900 3565
3 900 3564 3562
3 883 3566 3564
3 3564 3566 3562
3 3566 901 3562
3 883 3501 3566
3 74 3567 3501
3 3501 3567 3566
3 3567 901 3566
3 72 3482 3569
3 878 3568 3482
3 3482 3568 3569
3 3568 902 3569
3 70 3565 3479
3 900 3570 3565
3 3565 3570 3479
3 3570 878 3479
3 878 3570 3568
3 900 3571 3570
3 3570 3571 3568
3 3571 902 3568
3 900 3561 3571
3 80 3572 3561
3 3561 3572 3571
3 3572 902 3571
3 81 3573 3575
3 903 3574 3573
3 3573 3574 3575
3 3574 904 3575
3 73 3493 3577
3 881 3576 3493
3 3493 3576 3577
3 3576 903 3577
3 903 3576 3574
3 881 3578 3576
3 3576 3578 3574
3 3578 904 3574
3 881 3490 3578
3 71 3475 3490
3 3490 3579 3578
3 3579 904 3578
3 3580 3581 72
3 905 3581 3580
3 3471 72 3581
3 3581 3584 3471
3 81 3575 3583
3 904 3582 3575
3 3575 3582 3583
3 3582 905 3583
3 905 3582 3581
3 904 3584 3582
3 3582 3584 3581
3 876 3471 3584
3 904 3579 3584
3 3579 3490 3475
3 3475 876 3579
3 3584 3579 876
3 82 3585 3587
3 906 3586 3585
3 3585 3586 3587
3 3586 907 3587
3 3589 3580 3569
3 3588 3589 902
3 3569 902 3589
3 3588 906 3589
3 906 3588 3586
3 902 3572 3588
3 3588 3590 3586
3 3590 907 3586
3 3590 3588 3572
3 3591 3590 80
3 3572 80 3590
3 3591 907 3590
3 82 3592 3585
3 908 3593 3592
3 3592 3593 3585
3 3593 906 3585
3 81 3583 3595
3 905 3594 3583
3 3583 3594 3595
3 3594 908 3595
3 908 3594 3593
3 905 3596 3594
3 3594 3596 3593
3 3596 906 3593
3 905 3580 3596
3 72 3569 3580
3 3580 3589 3596
3 3589 906 3596
3 73 3577 3560
3 903 3597 3577
3 3577 3597 3560
3 3597 899 3560
3 81 3598 3573
3 909 3599 3598
3 3598 3599 3573
3 3599 903 3573
3 903 3599 3597
3 909 3600 3599
3 3599 3600 3597
3 3600 899 3597
3 909 3601 3600
3 79 3554 3601
3 3601 3554 3600
3 3554 899 3600
3 83 3602 3604
3 910 3603 3602
3 3602 3603 3604
3 3603 911 3604
3 79 3601 3606
3 909 3605 3601
3 3601 3605 3606
3 3605 910 3606
3 910 3605 3603
3 909 3607 3605
3 3605 3607 3603
3 3607 911 3603
3 909 3598 3607
3 81 3608 3598
3 3598 3608 3607
3 3608 911 3607
3 80 3563 3610
3 901 3609 3563
3 3563 3609 3610
3 3609 913 3610
3 74 3611 3567
3 912 3612 3611
3 3611 3612 3567
3 3612 901 3567
3 901 3612 3609
3 912 3613 3612
3 3612 3613 3609
3 3613 913 3609
3 912 3614 3613
3 84 3615 3614
3 3614 3615 3613
3 3615 913 3613
3 74 3616 3611
3 914 3617 3616
3 3616 3617 3611
3 3617 912 3611
3 85 3618 3620
3 3619 3620 915
3 3618 915 3620
3 914 3624 3619
3 914 3619 3617
3 915 3621 3619
3 3619 3621 3617
3 3621 912 3617
3 915 3622 3621
3 84 3614 3622
3 3622 3614 3621
3 3614 912 3621
3 3624 3629 3620
3 3623 916 914
3 3620 3619 3624
3 3624 914 916
3 3503 3625 74
3 885 3625 3503
3 3616 74 3625
3 3625 3623 3616
3 914 3616 3623
3 885 3626 3625
3 3625 3626 3623
3 3626 3627 3623
3 885 3508 3626
3 3627 3626 75
3 3508 75 3626
3 916 3623 3627
3 85 3620 3629
3 916 3628 3624
3 3624 3628 3629
3 3628 918 3629
3 75 3630 3627
3 917 3631 3630
3 3630 3631 3627
3 3631 916 3627
3 916 3631 3628
3 917 3632 3631
3 3631 3632 3628
3 3632 918 3628
3 917 3633 3632
3 3633 3646 3634
3 3633 3634 3632
3 3634 918 3632
3 3636 3646 3633
3 917 3635 3633
3 3633 3635 3636
3 3635 919 3636
3 75 3520 3630
3 888 3637 3520
3 3520 3637 3630
3 3637 917 3630
3 917 3637 3635
3 888 3638 3637
3 3637 3638 3635
3 3638 919 3635
3 888 3516 3638
3 76 3639 3516
3 3516 3639 3638
3 3639 919 3638
3 76 3640 3639
3 920 3641 3640
3 3640 3641 3639
3 3641 919 3639
3 3644 3669 3642
3 921 3643 3642
3 3642 3643 3644
3 3643 920 3644
3 920 3643 3641
3 921 3645 3643
3 3643 3645 3641
3 3645 919 3641
3 921 3646 3645
3 86 3634 3646
3 3646 3636 3645
3 3636 919 3645
3 3648 3669 3644
3 920 3647 3644
3 3644 3647 3648
3 3647 922 3648
3 76 3551 3640
3 896 3649 3551
3 3551 3649 3640
3 3649 920 3640
3 920 3649 3647
3 896 3650 3649
3 3649 3650 3647
3 3650 922 3647
3 896 3548 3650
3 78 3651 3548
3 3548 3651 3650
3 3651 922 3650
3 77 3652 3541
3 923 3653 3652
3 3652 3653 3541
3 3653 894 3541
3 3656 7699 3654
3 924 3655 3654
3 3654 3655 3656
3 3655 923 3656
3 923 3655 3653
3 924 3657 3655
3 3655 3657 3653
3 3657 894 3653
3 924 3658 3657
3 78 3535 3658
3 3658 3535 3657
3 3535 894 3657
3 89 3666 3661
3 925 3660 3659
3 3660 926 3659
3 3661 3659 926
3 78 3658 3663
3 924 3662 3658
3 3658 3662 3663
3 3662 925 3663
3 925 3662 3660
3 924 3664 3662
3 3662 3664 3660
3 3664 3665 3660
3 924 3654 3664
3 3665 3664 88
3 3654 88 3664
3 926 3660 3665
3 3659 3661 3666
3 927 3667 3666
3 3666 3667 3659
3 3667 925 3659
3 87 3642 3669
3 922 3668 3648
3 3648 3668 3669
3 3668 927 3669
3 927 3668 3667
3 922 3670 3668
3 3668 3670 3667
3 3670 925 3667
3 922 3651 3670
3 78 3663 3651
3 3651 3663 3670
3 3663 925 3670
3 83 3671 3602
3 928 3672 3671
3 3671 3672 3602
3 3672 910 3602
3 90 5710 3675
3 929 3674 3673
3 3673 3674 3675
3 3674 928 3675
3 928 3674 3672
3 929 3676 3674
3 3674 3676 3672
3 3676 910 3672
3 929 3677 3676
3 79 3606 3677
3 3677 3606 3676
3 3606 910 3676
3 3679 3591 3610
3 3678 3679 913
3 3610 913 3679
3 3678 931 3679
3 3680 3681 84
3 930 3681 3680
3 3615 84 3681
3 3681 3678 3615
3 913 3615 3678
3 930 3682 3681
3 3681 3682 3678
3 3682 931 3678
3 930 3683 3682
3 91 3684 3683
3 3683 3684 3682
3 3684 931 3682
3 82 3587 3686
3 907 3685 3587
3 3587 3685 3686
3 3685 932 3686
3 80 3610 3591
3 931 3687 3679
3 3679 3687 3591
3 3687 907 3591
3 907 3687 3685
3 931 3688 3687
3 3687 3688 3685
3 3688 932 3685
3 931 3684 3688
3 91 3689 3684
3 3684 3689 3688
3 3689 932 3688
3 82 3686 3691
3 932 3690 3686
3 3686 3690 3691
3 3690 934 3691
3 91 3692 3689
3 933 3693 3692
3 3692 3693 3689
3 3693 932 3689
3 932 3693 3690
3 933 3694 3693
3 3693 3694 3690
3 3694 934 3690
3 933 3695 3694
3 92 3696 3695
3 3695 3696 3694
3 3696 934 3694
3 81 3595 3608
3 908 3697 3595
3 3595 3697 3608
3 3697 911 3608
3 82 3698 3592
3 935 3699 3698
3 3698 3699 3592
3 3699 908 3592
3 908 3699 3697
3 935 3700 3699
3 3699 3700 3697
3 3700 911 3697
3 935 3701 3700
3 83 3604 3701
3 3701 3604 3700
3 3604 911 3700
3 92 3702 3696
3 936 3703 3702
3 3702 3703 3696
3 3703 934 3696
3 83 3701 3705
3 935 3704 3701
3 3701 3704 3705
3 3704 936 3705
3 936 3704 3703
3 935 3706 3704
3 3704 3706 3703
3 3706 934 3703
3 935 3698 3706
3 82 3691 3698
3 3698 3691 3706
3 3691 934 3706
3 3709 3715 3707
3 3708 3709 937
3 3707 937 3709
3 3708 938 3709
3 3675 3710 90
3 928 3710 3675
3 3711 90 3710
3 3710 3708 3711
3 937 3711 3708
3 928 3712 3710
3 3710 3712 3708
3 3712 938 3708
3 928 3671 3712
3 83 3713 3671
3 3671 3713 3712
3 3713 938 3712
3 93 3707 3715
3 938 3714 3709
3 3709 3714 3715
3 3714 939 3715
3 83 3705 3713
3 936 3716 3705
3 3705 3716 3713
3 3716 938 3713
3 938 3716 3714
3 936 3717 3716
3 3716 3717 3714
3 3717 939 3714
3 936 3702 3717
3 92 3718 3702
3 3702 3718 3717
3 3718 939 3717
3 94 3719 3721
3 3720 941 940
3 3719 940 941
3 3721 3719 941
3 3629 3722 85
3 918 3722 3629
3 3723 85 3722
3 3722 3720 3723
3 940 3723 3720
3 918 3724 3722
3 3722 3724 3720
3 3724 3725 3720
3 918 3634 3724
3 3725 3724 86
3 3634 86 3724
3 941 3720 3725
3 91 3683 3727
3 930 3726 3683
3 3683 3726 3727
3 3726 943 3727
3 84 3733 3680
3 942 3729 3728
3 3728 3729 3680
3 3729 930 3680
3 930 3729 3726
3 942 3730 3729
3 3729 3730 3726
3 3730 943 3726
3 942 3731 3730
3 95 3732 3731
3 3731 3732 3730
3 3732 943 3730
3 3728 3680 3733
3 3734 3728 944
3 3733 944 3728
3 3734 942 3728
3 96 3735 3737
3 945 3736 3735
3 3735 3736 3737
3 3736 3734 3747
3 944 3747 3734
3 945 3738 3736
3 3736 3738 3734
3 3738 942 3734
3 945 3739 3738
3 95 3731 3739
3 3739 3731 3738
3 3731 942 3738
3 85 3723 3741
3 940 3740 3723
3 3723 3740 3741
3 3740 947 3741
3 94 3742 3719
3 946 3743 3742
3 3742 3743 3719
3 3743 940 3719
3 940 3743 3740
3 946 3744 3743
3 3743 3744 3740
3 3744 947 3740
3 946 3745 3744
3 96 3746 3745
3 3745 3746 3744
3 3746 947 3744
3 96 3737 3746
3 3737 3736 3747
3 3737 3747 3746
3 3747 947 3746
3 84 3622 3733
3 915 3748 3622
3 3622 3748 3733
3 3748 944 3733
3 3748 3749 944
3 915 3618 3748
3 3747 944 3749
3 3749 947 3747
3 3749 3748 3618
3 85 3741 3618
3 3618 3741 3749
3 3741 947 3749
3 86 3750 3725
3 948 3751 3750
3 3750 3751 3725
3 3751 941 3725
3 97 3752 3754
3 949 3753 3752
3 3752 3753 3754
3 3753 948 3754
3 948 3753 3751
3 949 3755 3753
3 3753 3755 3751
3 3755 941 3751
3 949 3756 3755
3 94 3721 3756
3 3756 3721 3755
3 3721 941 3755
3 97 3754 3758
3 3757 950 948
3 3754 948 950
3 3758 3754 950
3 3646 3759 86
3 921 3759 3646
3 3750 86 3759
3 3759 3757 3750
3 948 3750 3757
3 921 3760 3759
3 3759 3760 3757
3 3760 3761 3757
3 921 3642 3760
3 3761 3760 87
3 3642 87 3760
3 950 3757 3761
3 87 3762 3761
3 951 3763 3762
3 3762 3763 3761
3 3763 950 3761
3 98 3764 3766
3 952 3765 3764
3 3764 3765 3766
3 3765 951 3766
3 951 3765 3763
3 952 3767 3765
3 3765 3767 3763
3 3767 950 3763
3 952 3768 3767
3 97 3758 3768
3 3768 3758 3767
3 3758 950 3767
3 3769 3770 89
3 953 3771 3769
3 3666 89 3770
3 3770 927 3666
3 98 3766 3772
3 3771 953 951
3 3766 951 953
3 3772 3766 953
3 3770 3769 3771
3 951 3762 3771
3 3771 3773 3770
3 3773 927 3770
3 3773 3771 3762
3 3669 3773 87
3 3762 87 3773
3 3669 927 3773
3 89 3774 3769
3 954 3775 3774
3 3774 3775 3769
3 3775 953 3769
3 99 3776 3778
3 955 3777 3776
3 3776 3777 3778
3 3777 954 3778
3 954 3777 3775
3 955 3779 3777
3 3777 3779 3775
3 3779 953 3775
3 955 3780 3779
3 98 3772 3780
3 3780 3772 3779
3 3772 953 3779
3 88 3781 3665
3 956 3782 3781
3 3781 3782 3665
3 3782 926 3665
3 435 3783 3785
3 957 3784 3783
3 3783 3784 3785
3 3784 956 3785
3 956 3784 3782
3 957 3786 3784
3 3784 3786 3782
3 3786 926 3782
3 957 3787 3786
3 89 3661 3787
3 3787 3661 3786
3 3661 926 3786
3 100 3788 3790
3 958 3789 3788
3 3788 3789 3790
3 3789 960 3790
3 270 3791 3793
3 959 3792 3791
3 3791 3792 3793
3 3792 958 3793
3 958 3792 3789
3 959 3794 3792
3 3792 3794 3789
3 3794 960 3789
3 959 3795 3794
3 93 3796 3795
3 3795 3796 3794
3 3796 960 3794
3 91 3727 3798
3 943 3797 3727
3 3727 3797 3798
3 3797 962 3798
3 95 3799 3732
3 961 3800 3799
3 3799 3800 3732
3 3800 943 3732
3 943 3800 3797
3 961 3801 3800
3 3800 3801 3797
3 3801 962 3797
3 961 3802 3801
3 101 3803 3802
3 3802 3803 3801
3 3803 962 3801
3 101 3804 3803
3 963 3805 3804
3 3804 3805 3803
3 3805 962 3803
3 92 3695 3807
3 933 3806 3695
3 3695 3806 3807
3 3806 963 3807
3 963 3806 3805
3 933 3808 3806
3 3806 3808 3805
3 3808 962 3805
3 933 3692 3808
3 91 3798 3692
3 3692 3798 3808
3 3798 962 3808
3 93 3809 3796
3 964 3810 3809
3 3809 3810 3796
3 3810 960 3796
3 102 3811 3813
3 965 3812 3811
3 3811 3812 3813
3 3812 964 3813
3 964 3812 3810
3 965 3814 3812
3 3812 3814 3810
3 3814 960 3810
3 965 3815 3814
3 100 3790 3815
3 3815 3790 3814
3 3790 960 3814
3 101 3816 3804
3 966 3817 3816
3 3816 3817 3804
3 3817 963 3804
3 102 3818 3820
3 967 3819 3818
3 3818 3819 3820
3 3819 966 3820
3 966 3819 3817
3 967 3821 3819
3 3819 3821 3817
3 3821 963 3817
3 967 3822 3821
3 92 3807 3822
3 3822 3807 3821
3 3807 963 3821
3 3715 3823 93
3 939 3823 3715
3 3809 93 3823
3 3823 3825 3809
3 92 3822 3718
3 967 3824 3822
3 3822 3824 3718
3 3824 939 3718
3 939 3824 3823
3 967 3825 3824
3 3824 3825 3823
3 964 3809 3825
3 967 3818 3825
3 102 3813 3818
3 3813 964 3818
3 3825 3818 964
3 103 3826 3828
3 968 3827 3826
3 3826 3827 3828
3 3827 969 3828
3 94 3756 3830
3 949 3829 3756
3 3756 3829 3830
3 3829 968 3830
3 968 3829 3827
3 949 3831 3829
3 3829 3831 3827
3 3831 969 3827
3 949 3752 3831
3 97 3832 3752
3 3752 3832 3831
3 3832 969 3831
3 104 3833 3835
3 970 3834 3833
3 3833 3834 3835
3 3834 971 3835
3 96 3745 3837
3 946 3836 3745
3 3745 3836 3837
3 3836 970 3837
3 970 3836 3834
3 946 3838 3836
3 3836 3838 3834
3 3838 971 3834
3 946 3742 3838
3 94 3839 3742
3 3742 3839 3838
3 3839 971 3838
3 94 3830 3839
3 3840 971 968
3 3830 968 3839
3 3839 968 971
3 3841 3842 103
3 972 3842 3841
3 3826 103 3842
3 3842 3840 3826
3 968 3826 3840
3 972 3843 3842
3 3842 3843 3840
3 3843 3835 3840
3 972 3844 3843
3 3835 3843 104
3 3844 104 3843
3 971 3840 3835
3 105 3845 3847
3 973 3846 3845
3 3845 3846 3847
3 3846 974 3847
3 101 3802 3849
3 961 3848 3802
3 3802 3848 3849
3 3848 973 3849
3 973 3848 3846
3 961 3850 3848
3 3848 3850 3846
3 3850 974 3846
3 961 3799 3850
3 95 3851 3799
3 3799 3851 3850
3 3851 974 3850
3 106 3863 3854
3 975 3853 3852
3 3853 976 3852
3 3854 3852 976
3 95 3739 3856
3 945 3855 3739
3 3739 3855 3856
3 3855 975 3856
3 975 3855 3853
3 945 3857 3855
3 3855 3857 3853
3 3857 3864 3853
3 945 3735 3857
3 96 3858 3735
3 3735 3858 3857
3 3858 3864 3857
3 105 3847 3860
3 974 3859 3847
3 3847 3859 3860
3 3859 977 3860
3 95 3856 3851
3 975 3861 3856
3 3856 3861 3851
3 3861 974 3851
3 974 3861 3859
3 975 3862 3861
3 3861 3862 3859
3 3862 977 3859
3 975 3852 3862
3 3852 3854 3863
3 3852 3863 3862
3 3863 977 3862
3 96 3837 3858
3 970 3864 3837
3 3837 3864 3858
3 976 3853 3864
3 104 3865 3833
3 978 3867 3865
3 3865 3866 3833
3 3866 970 3833
3 970 3866 3864
3 3866 3865 3867
3 3867 976 3866
3 3864 3866 976
3 978 3868 3867
3 106 3854 3868
3 3868 3854 3867
3 3854 976 3867
3 107 3869 3871
3 979 3870 3869
3 3869 3870 3871
3 3870 980 3871
3 97 3768 3873
3 952 3872 3768
3 3768 3872 3873
3 3872 979 3873
3 979 3872 3870
3 952 3874 3872
3 3872 3874 3870
3 3874 980 3870
3 952 3764 3874
3 98 3875 3764
3 3764 3875 3874
3 3875 980 3874
3 97 3873 3832
3 3876 969 979
3 3873 979 3832
3 3832 979 969
3 3877 3878 107
3 981 3878 3877
3 3869 107 3878
3 3878 3876 3869
3 979 3869 3876
3 981 3879 3878
3 3878 3879 3876
3 3879 3828 3876
3 981 3880 3879
3 3828 3879 103
3 3880 103 3879
3 969 3876 3828
3 108 3881 3883
3 982 3882 3881
3 3881 3882 3883
3 3882 983 3883
3 98 3780 3885
3 955 3884 3780
3 3780 3884 3885
3 3884 982 3885
3 982 3884 3882
3 955 3886 3884
3 3884 3886 3882
3 3886 983 3882
3 955 3776 3886
3 99 3887 3776
3 3776 3887 3886
3 3887 983 3886
3 3888 3889 108
3 984 3889 3888
3 3881 108 3889
3 3889 3892 3881
3 3871 3890 107
3 980 3892 3871
3 3891 107 3890
3 3890 984 3891
3 984 3890 3889
3 3890 3871 3892
3 3890 3892 3889
3 982 3881 3892
3 3875 982 980
3 98 3885 3875
3 3885 982 3875
3 3892 980 982
3 109 3893 3895
3 985 3894 3893
3 3893 3894 3895
3 3894 986 3895
3 100 3815 3897
3 965 3896 3815
3 3815 3896 3897
3 3896 985 3897
3 985 3896 3894
3 965 3898 3896
3 3896 3898 3894
3 3898 986 3894
3 965 3811 3898
3 102 3899 3811
3 3811 3899 3898
3 3899 986 3898
3 99 3900 3887
3 987 3901 3900
3 3900 3901 3887
3 3901 983 3887
3 459 3902 3904
3 988 3903 3902
3 3902 3903 3904
3 3903 987 3904
3 987 3903 3901
3 988 3905 3903
3 3903 3905 3901
3 3905 983 3901
3 988 3906 3905
3 108 3883 3906
3 3906 3883 3905
3 3883 983 3905
3 111 3907 3909
3 989 3908 3907
3 3907 3908 3909
3 3908 991 3909
3 287 3910 3912
3 990 3911 3910
3 3910 3911 3912
3 3911 989 3912
3 989 3911 3908
3 990 3913 3911
3 3911 3913 3908
3 3913 991 3908
3 990 3914 3913
3 109 3915 3914
3 3914 3915 3913
3 3915 991 3913
3 101 3916 3816
3 992 3917 3916
3 3916 3917 3816
3 3917 966 3816
3 112 3918 3920
3 993 3919 3918
3 3918 3919 3920
3 3919 992 3920
3 992 3919 3917
3 993 3921 3919
3 3919 3921 3917
3 3921 966 3917
3 993 3922 3921
3 102 3820 3922
3 3922 3820 3921
3 3820 966 3921
3 3895 3923 109
3 986 3925 3895
3 3924 109 3923
3 3923 994 3924
3 102 3922 3899
3 993 3925 3922
3 3925 986 3922
3 3899 3922 986
3 3923 3895 3925
3 993 3926 3925
3 3925 3926 3923
3 3926 994 3923
3 993 3918 3926
3 112 3927 3918
3 3918 3927 3926
3 3927 994 3926
3 101 3849 3916
3 973 3928 3849
3 3849 3928 3916
3 3928 992 3916
3 105 3929 3845
3 995 3930 3929
3 3929 3930 3845
3 3930 973 3845
3 973 3930 3928
3 995 3931 3930
3 3930 3931 3928
3 3931 992 3928
3 995 3932 3931
3 112 3920 3932
3 3932 3920 3931
3 3920 992 3931
3 113 3933 3935
3 996 3934 3933
3 3933 3934 3935
3 3934 997 3935
3 112 3932 3937
3 995 3936 3932
3 3932 3936 3937
3 3936 996 3937
3 996 3936 3934
3 995 3938 3936
3 3936 3938 3934
3 3938 997 3934
3 995 3929 3938
3 105 3939 3929
3 3929 3939 3938
3 3939 997 3938
3 114 3940 3942
3 998 3941 3940
3 3940 3941 3942
3 3941 999 3942
3 3944 3949 3880
3 981 3943 3880
3 3880 3943 3944
3 3943 998 3944
3 998 3943 3941
3 981 3945 3943
3 3943 3945 3941
3 3945 999 3941
3 981 3877 3945
3 107 3891 3877
3 3877 3946 3945
3 3946 999 3945
3 3948 3965 3844
3 972 3947 3844
3 3844 3947 3948
3 3947 1001 3948
3 103 3880 3841
3 1000 3950 3949
3 3949 3950 3841
3 3950 972 3841
3 972 3950 3947
3 1000 3951 3950
3 3950 3951 3947
3 3951 1001 3947
3 1000 3952 3951
3 115 3953 3952
3 3952 3953 3951
3 3953 1001 3951
3 3949 3841 3880
3 998 3954 3944
3 3944 3954 3949
3 3954 1000 3949
3 114 3955 3940
3 1002 3956 3955
3 3955 3956 3940
3 3956 998 3940
3 998 3956 3954
3 1002 3957 3956
3 3956 3957 3954
3 3957 1000 3954
3 1002 3958 3957
3 115 3952 3958
3 3958 3952 3957
3 3952 1000 3957
3 116 3959 3961
3 1003 3960 3959
3 3959 3960 3961
3 3960 1004 3961
3 106 3868 3963
3 978 3962 3868
3 3868 3962 3963
3 3962 1003 3963
3 1003 3962 3960
3 978 3964 3962
3 3962 3964 3960
3 3964 1004 3960
3 3865 3965 978
3 104 3965 3865
3 3964 978 3965
3 3965 3948 3964
3 104 3844 3965
3 3966 1004 1001
3 3948 1001 1004
3 1004 3964 3948
3 3967 3968 115
3 1005 3968 3967
3 3953 115 3968
3 3968 3966 3953
3 1001 3953 3966
3 1005 3969 3968
3 3968 3969 3966
3 3969 3961 3966
3 1005 3970 3969
3 3961 3969 116
3 3970 116 3969
3 1004 3966 3961
3 117 3982 3973
3 1006 3972 3971
3 3972 1007 3971
3 3973 3971 1007
3 105 3860 3975
3 977 3974 3860
3 3860 3974 3975
3 3974 1006 3975
3 1006 3974 3972
3 977 3976 3974
3 3974 3976 3972
3 3976 3977 3972
3 977 3863 3976
3 3977 3976 106
3 3863 106 3976
3 1007 3972 3977
3 113 3935 3979
3 997 3978 3935
3 3935 3978 3979
3 3978 1008 3979
3 105 3975 3939
3 1006 3980 3975
3 3975 3980 3939
3 3980 997 3939
3 997 3980 3978
3 1006 3981 3980
3 3980 3981 3978
3 3981 1008 3978
3 1006 3971 3981
3 3971 3973 3982
3 3971 3982 3981
3 3982 1008 3981
3 117 3973 3984
3 1007 3983 3973
3 3973 3983 3984
3 3983 1009 3984
3 106 3963 3977
3 1003 3985 3963
3 3963 3985 3977
3 3985 1007 3977
3 1007 3985 3983
3 1003 3986 3985
3 3985 3986 3983
3 3986 1009 3983
3 1003 3959 3986
3 116 3987 3959
3 3959 3987 3986
3 3987 1009 3986
3 3990 3888 3988
3 3989 3990 1010
3 3988 1010 3990
3 3989 1012 3990
3 3991 3992 110
3 1011 3992 3991
3 3993 110 3992
3 3992 3989 3993
3 1010 3993 3989
3 1011 3994 3992
3 3992 3994 3989
3 3994 1012 3989
3 1011 3995 3994
3 118 3996 3995
3 3995 3996 3994
3 3996 1012 3994
3 108 3988 3888
3 1012 3997 3990
3 3990 3997 3888
3 3997 984 3888
3 118 3998 3996
3 1013 3999 3998
3 3998 3999 3996
3 3999 1012 3996
3 1012 3999 3997
3 1013 4000 3999
3 3999 4000 3997
3 4000 984 3997
3 1013 4001 4000
3 4001 3946 3891
3 4001 3891 4000
3 3891 984 4000
3 3946 3877 3891
3 1013 4002 4001
3 4001 4002 3946
3 4002 999 3946
3 118 4003 3998
3 1014 4004 4003
3 4003 4004 3998
3 4004 1013 3998
3 1013 4004 4002
3 1014 4005 4004
3 4004 4005 4002
3 4005 999 4002
3 1014 4006 4005
3 114 3942 4006
3 4006 3942 4005
3 3942 999 4005
3 109 3924 3915
3 1015 4008 4007
3 4008 991 4007
3 3915 4007 991
3 119 4009 4011
3 1016 4010 4009
3 4009 4010 4011
3 4010 1015 4011
3 1015 4010 4008
3 1016 4012 4010
3 4010 4012 4008
3 4012 3909 4008
3 1016 4013 4012
3 3909 4012 111
3 4013 111 4012
3 991 4008 3909
3 4007 3915 3924
3 994 4014 3924
3 3924 4014 4007
3 4014 1015 4007
3 112 4015 3927
3 1017 4016 4015
3 4015 4016 3927
3 4016 994 3927
3 994 4016 4014
3 1017 4017 4016
3 4016 4017 4014
3 4017 1015 4014
3 1017 4018 4017
3 119 4011 4018
3 4018 4011 4017
3 4011 1015 4017
3 120 4019 4021
3 1018 4020 4019
3 4019 4020 4021
3 4020 1019 4021
3 118 3995 4023
3 1011 4022 3995
3 3995 4022 4023
3 4022 1018 4023
3 1018 4022 4020
3 1011 4024 4022
3 4022 4024 4020
3 4024 1019 4020
3 1011 3991 4024
3 110 8014 3991
3 3991 4025 4024
3 4025 1019 4024
3 119 4026 4009
3 1020 4027 4026
3 4026 4027 4009
3 4027 1016 4009
3 121 4028 4030
3 1021 4029 4028
3 4028 4029 4030
3 4029 1020 4030
3 1020 4029 4027
3 1021 4031 4029
3 4029 4031 4027
3 4031 1016 4027
3 1021 4032 4031
3 4032 5994 4013
3 4032 4013 4031
3 4013 1016 4031
3 112 3937 4015
3 996 4033 3937
3 3937 4033 4015
3 4033 1017 4015
3 113 4034 3933
3 1022 4035 4034
3 4034 4035 3933
3 4035 996 3933
3 996 4035 4033
3 1022 4036 4035
3 4035 4036 4033
3 4036 1017 4033
3 1022 4037 4036
3 119 4018 4037
3 4037 4018 4036
3 4018 1017 4036
3 122 4038 4040
3 1023 4039 4038
3 4038 4039 4040
3 4039 1024 4040
3 119 4037 4042
3 1022 4041 4037
3 4037 4041 4042
3 4041 1023 4042
3 1023 4041 4039
3 1022 4043 4041
3 4041 4043 4039
3 4043 1024 4039
3 1022 4034 4043
3 113 4044 4034
3 4034 4044 4043
3 4044 1024 4043
3 123 4045 4047
3 1025 4046 4045
3 4045 4046 4047
3 4046 1026 4047
3 114 4006 4049
3 1014 4048 4006
3 4006 4048 4049
3 4048 1025 4049
3 1025 4048 4046
3 1014 4050 4048
3 4048 4050 4046
3 4050 1026 4046
3 1014 4003 4050
3 118 4051 4003
3 4003 4051 4050
3 4051 1026 4050
3 113 3979 4053
3 1008 4052 3979
3 3979 4052 4053
3 4052 1028 4053
3 4054 4055 117
3 1027 4056 4054
3 3982 117 4055
3 4055 1008 3982
3 1008 4055 4052
3 4055 4054 4056
3 4055 4056 4052
3 4056 1028 4052
3 4057 4058 1027
3 124 4060 4057
3 4056 1027 4058
3 4058 1028 4056
3 113 4053 4044
3 1028 4059 4053
3 4053 4059 4044
3 4059 1024 4044
3 4058 4057 4060
3 1029 4061 4060
3 4060 4061 4058
3 4061 1028 4058
3 1028 4061 4059
3 1029 4062 4061
3 4061 4062 4059
3 4062 1024 4059
3 1029 4063 4062
3 122 4040 4063
3 4063 4040 4062
3 4040 1024 4062
3 125 4064 4066
3 1030 4065 4064
3 4064 4065 4066
3 4065 1031 4066
3 115 3958 4068
3 1002 4067 3958
3 3958 4067 4068
3 4067 1030 4068
3 1030 4067 4065
3 1002 4069 4067
3 4067 4069 4065
3 4069 1031 4065
3 1002 3955 4069
3 114 4070 3955
3 3955 4070 4069
3 4070 1031 4069
3 123 4071 4045
3 1032 4072 4071
3 4071 4072 4045
3 4072 1025 4045
3 125 4066 4074
3 1031 4073 4066
3 4066 4073 4074
3 4073 1032 4074
3 1032 4073 4072
3 1031 4075 4073
3 4073 4075 4072
3 4075 1025 4072
3 1031 4070 4075
3 114 4049 4070
3 4070 4049 4075
3 4049 1025 4075
3 4077 4090 3970
3 1005 4076 3970
3 3970 4076 4077
3 4076 1034 4077
3 115 4068 3967
3 1033 4079 4078
3 4078 4079 3967
3 4079 1005 3967
3 1005 4079 4076
3 1033 4080 4079
3 4079 4080 4076
3 4080 1034 4076
3 1033 4081 4080
3 126 4082 4081
3 4081 4082 4080
3 4082 1034 4080
3 4083 4084 125
3 1035 4084 4083
3 4064 125 4084
3 4084 4087 4064
3 126 4081 4086
3 1033 4085 4081
3 4081 4085 4086
3 4085 1035 4086
3 1035 4085 4084
3 1033 4087 4085
3 4085 4087 4084
3 1030 4064 4087
3 1033 4078 4087
3 4078 3967 4068
3 4068 1030 4078
3 4087 4078 1030
3 117 3984 4089
3 1009 4088 3984
3 3984 4088 4089
3 4088 1037 4089
3 116 4090 3987
3 1036 4091 4090
3 4090 4091 3987
3 4091 1009 3987
3 1009 4091 4088
3 1036 4092 4091
3 4091 4092 4088
3 4092 1037 4088
3 1036 4093 4092
3 127 4094 4093
3 4093 4094 4092
3 4094 1037 4092
3 124 4057 4096
3 1027 4095 4057
3 4057 4095 4096
3 4095 1038 4096
3 117 4089 4054
3 1037 4097 4089
3 4089 4097 4054
3 4097 1027 4054
3 1027 4097 4095
3 1037 4098 4097
3 4097 4098 4095
3 4098 1038 4095
3 1037 4094 4098
3 127 4099 4094
3 4094 4099 4098
3 4099 1038 4098
3 4093 4100 127
3 1036 4102 4093
3 4101 127 4100
3 4100 1039 4101
3 116 3970 4090
3 1034 4102 4077
3 4102 1036 4077
3 4090 4077 1036
3 4100 4093 4102
3 1034 4103 4102
3 4102 4103 4100
3 4103 1039 4100
3 1034 4082 4103
3 126 4104 4082
3 4082 4104 4103
3 4104 1039 4103
3 128 4105 4107
3 1040 4106 4105
3 4105 4106 4107
3 4106 1042 4107
3 123 4108 4110
3 1041 4109 4108
3 4108 4109 4110
3 4109 1040 4110
3 1040 4109 4106
3 1041 4111 4109
3 4109 4111 4106
3 4111 1042 4106
3 1041 4112 4111
3 120 4113 4112
3 4112 4113 4111
3 4113 1042 4111
3 118 4023 4051
3 1018 4114 4023
3 4023 4114 4051
3 4114 1026 4051
3 120 4112 4019
3 1041 4115 4112
3 4112 4115 4019
3 4115 1018 4019
3 1018 4115 4114
3 1041 4116 4115
3 4115 4116 4114
3 4116 1026 4114
3 1041 4108 4116
3 123 4047 4108
3 4108 4047 4116
3 4047 1026 4116
3 119 4042 4026
3 1023 4117 4042
3 4042 4117 4026
3 4117 1020 4026
3 122 4118 4038
3 1043 4119 4118
3 4118 4119 4038
3 4119 1023 4038
3 1023 4119 4117
3 1043 4120 4119
3 4119 4120 4117
3 4120 1020 4117
3 1043 4121 4120
3 121 4030 4121
3 4121 4030 4120
3 4030 1020 4120
3 129 4122 4124
3 1044 4123 4122
3 4122 4123 4124
3 4123 1045 4124
3 121 4121 4126
3 1043 4125 4121
3 4121 4125 4126
3 4125 1044 4126
3 1044 4125 4123
3 1043 4127 4125
3 4125 4127 4123
3 4127 1045 4123
3 1043 4118 4127
3 122 4128 4118
3 4118 4128 4127
3 4128 1045 4127
3 120 4129 4113
3 1046 4130 4129
3 4129 4130 4113
3 4130 1042 4113
3 468 4131 4133
3 1047 4132 4131
3 4131 4132 4133
3 4132 1046 4133
3 1046 4132 4130
3 1047 4134 4132
3 4132 4134 4130
3 4134 1042 4130
3 1047 4135 4134
3 128 4107 4135
3 4135 4107 4134
3 4107 1042 4134
3 131 4136 4138
3 1048 4137 4136
3 4136 4137 4138
3 4137 1050 4138
3 302 4139 4141
3 1049 4140 4139
3 4139 4140 4141
3 4140 1048 4141
3 1048 4140 4137
3 1049 4142 4140
3 4140 4142 4137
3 4142 1050 4137
3 1049 4143 4142
3 129 4144 4143
3 4143 4144 4142
3 4144 1050 4142
3 122 4145 4128
3 1051 4146 4145
3 4145 4146 4128
3 4146 1045 4128
3 4149 4155 4147
3 1052 4148 4147
3 4147 4148 4149
3 4148 1051 4149
3 1051 4148 4146
3 1052 4150 4148
3 4148 4150 4146
3 4150 1045 4146
3 1052 4151 4150
3 129 4124 4151
3 4151 4124 4150
3 4124 1045 4150
3 4152 4153 124
3 1053 4154 4152
3 4060 124 4153
3 4153 1029 4060
3 132 4147 4155
3 1051 4154 4149
3 4154 1053 4149
3 4155 4149 1053
3 4153 4152 4154
3 1051 4156 4154
3 4154 4156 4153
3 4156 1029 4153
3 1051 4145 4156
3 122 4063 4145
3 4145 4063 4156
3 4063 1029 4156
3 123 4110 4158
3 1040 4157 4110
3 4110 4157 4158
3 4157 1055 4158
3 128 4159 4105
3 1054 4160 4159
3 4159 4160 4105
3 4160 1040 4105
3 1040 4160 4157
3 1054 4161 4160
3 4160 4161 4157
3 4161 1055 4157
3 1054 4162 4161
3 133 4163 4162
3 4162 4163 4161
3 4163 1055 4161
3 123 4158 4071
3 1055 4164 4158
3 4158 4164 4071
3 4164 1032 4071
3 133 4165 4163
3 1056 4166 4165
3 4165 4166 4163
3 4166 1055 4163
3 1055 4166 4164
3 1056 4167 4166
3 4166 4167 4164
3 4167 1032 4164
3 1056 4168 4167
3 125 4074 4168
3 4168 4074 4167
3 4074 1032 4167
3 124 4169 4152
3 1057 4170 4169
3 4169 4170 4152
3 4170 1053 4152
3 134 4171 4173
3 1058 4172 4171
3 4171 4172 4173
3 4172 1057 4173
3 1057 4172 4170
3 1058 4174 4172
3 4172 4174 4170
3 4174 1053 4170
3 1058 4175 4174
3 132 4155 4175
3 4175 4155 4174
3 4155 1053 4174
3 134 4173 4177
3 1057 4176 4173
3 4173 4176 4177
3 4176 1059 4177
3 124 4096 4169
3 1038 4178 4096
3 4096 4178 4169
3 4178 1057 4169
3 1057 4178 4176
3 1038 4179 4178
3 4178 4179 4176
3 4179 1059 4176
3 1038 4099 4179
3 127 4180 4099
3 4099 4180 4179
3 4180 1059 4179
3 135 4181 4183
3 1060 4182 4181
3 4181 4182 4183
3 4182 1061 4183
3 4185 4083 4168
3 4184 4185 1056
3 4168 1056 4185
3 4184 1060 4185
3 1060 4184 4182
3 1056 4165 4184
3 4184 4186 4182
3 4186 1061 4182
3 4186 4184 4165
3 4187 4186 133
3 4165 133 4186
3 4187 1061 4186
3 135 4188 4181
3 1062 4189 4188
3 4188 4189 4181
3 4189 1060 4181
3 126 4086 4191
3 1035 4190 4086
3 4086 4190 4191
3 4190 1062 4191
3 1062 4190 4189
3 1035 4192 4190
3 4190 4192 4189
3 4192 1060 4189
3 1035 4083 4192
3 125 4168 4083
3 4083 4185 4192
3 4185 1060 4192
3 136 4193 4195
3 1063 4194 4193
3 4193 4194 4195
3 4194 1064 4195
3 4197 4202 4191
3 1062 4196 4191
3 4191 4196 4197
3 4196 1063 4197
3 1063 4196 4194
3 1062 4198 4196
3 4196 4198 4194
3 4198 1064 4194
3 1062 4188 4198
3 135 4199 4188
3 4188 4199 4198
3 4199 1064 4198
3 4201 4180 4101
3 1039 4200 4101
3 4101 4200 4201
3 4200 1066 4201
3 126 4202 4104
3 1065 4203 4202
3 4202 4203 4104
3 4203 1039 4104
3 1039 4203 4200
3 1065 4204 4203
3 4203 4204 4200
3 4204 1066 4200
3 1065 4205 4204
3 137 4206 4205
3 4205 4206 4204
3 4206 1066 4204
3 136 4207 4193
3 1067 4208 4207
3 4207 4208 4193
3 4208 1063 4193
3 4205 4209 137
3 1065 4211 4205
3 4210 137 4209
3 4209 1067 4210
3 1067 4209 4208
3 4209 4205 4211
3 4209 4211 4208
3 4211 1063 4208
3 4202 4197 1065
3 126 4191 4202
3 4211 1065 4197
3 4197 1063 4211
3 4177 4212 134
3 1059 4214 4177
3 4213 134 4212
3 4212 1068 4213
3 127 4101 4180
3 1066 4214 4201
3 4214 1059 4201
3 4180 4201 1059
3 4212 4177 4214
3 1066 4215 4214
3 4214 4215 4212
3 4215 1068 4212
3 1066 4206 4215
3 137 4216 4206
3 4206 4216 4215
3 4216 1068 4215
3 128 4217 4219
3 1069 4218 4217
3 4217 4218 4219
3 4218 1071 4219
3 130 4220 4222
3 1070 4221 4220
3 4220 4221 4222
3 4221 1069 4222
3 1069 4221 4218
3 1070 4223 4221
3 4221 4223 4218
3 4223 1071 4218
3 1070 4224 4223
3 138 4225 4224
3 4224 4225 4223
3 4225 1071 4223
3 138 4226 4225
3 1072 4227 4226
3 4226 4227 4225
3 4227 1071 4225
3 133 4162 4229
3 1054 4228 4162
3 4162 4228 4229
3 4228 1072 4229
3 1072 4228 4227
3 1054 4230 4228
3 4228 4230 4227
3 4230 1071 4227
3 1054 4159 4230
3 128 4219 4159
3 4159 4219 4230
3 4219 1071 4230
3 4233 4241 4231
3 1073 4232 4231
3 4231 4232 4233
3 4232 1074 4233
3 131 4138 4235
3 1050 4234 4138
3 4138 4234 4235
3 4234 1073 4235
3 1073 4234 4232
3 1050 4236 4234
3 4234 4236 4232
3 4236 1074 4232
3 1050 4144 4236
3 129 4237 4144
3 4144 4237 4236
3 4237 1074 4236
3 4238 4239 132
3 1075 4240 4238
3 4147 132 4239
3 4239 1052 4147
3 139 4231 4241
3 1074 4240 4233
3 4240 1075 4233
3 4241 4233 1075
3 4239 4238 4240
3 1074 4242 4240
3 4240 4242 4239
3 4242 1052 4239
3 1074 4237 4242
3 129 4151 4237
3 4237 4151 4242
3 4151 1052 4242
3 140 4243 4245
3 1076 4244 4243
3 4243 4244 4245
3 4244 1077 4245
3 138 4224 4247
3 1070 4246 4224
3 4224 4246 4247
3 4246 1076 4247
3 1076 4246 4244
3 1070 4248 4246
3 4246 4248 4244
3 4248 1077 4244
3 1070 4220 4248
3 130 4249 4220
3 4220 4249 4248
3 4249 1077 4248
3 131 4235 4251
3 1073 4250 4235
3 4235 4250 4251
3 4250 1079 4251
3 139 4252 4231
3 1078 4253 4252
3 4252 4253 4231
3 4253 1073 4231
3 1073 4253 4250
3 1078 4254 4253
3 4253 4254 4250
3 4254 1079 4250
3 1078 4255 4254
3 141 4256 4255
3 4255 4256 4254
3 4256 1079 4254
3 132 4257 4238
3 1080 4258 4257
3 4257 4258 4238
3 4258 1075 4238
3 142 4259 4261
3 1081 4260 4259
3 4259 4260 4261
3 4260 1080 4261
3 1080 4260 4258
3 1081 4262 4260
3 4260 4262 4258
3 4262 1075 4258
3 1081 4263 4262
3 139 4241 4263
3 4263 4241 4262
3 4241 1075 4262
3 132 4175 4257
3 1058 4264 4175
3 4175 4264 4257
3 4264 1080 4257
3 134 4265 4171
3 1082 4266 4265
3 4265 4266 4171
3 4266 1058 4171
3 1058 4266 4264
3 1082 4267 4266
3 4266 4267 4264
3 4267 1080 4264
3 1082 4268 4267
3 142 4261 4268
3 4268 4261 4267
3 4261 1080 4267
3 4270 4187 4229
3 4269 4270 1072
3 4229 1072 4270
3 4269 1084 4270
3 4271 4272 138
3 1083 4272 4271
3 4226 138 4272
3 4272 4269 4226
3 1072 4226 4269
3 1083 4273 4272
3 4272 4273 4269
3 4273 1084 4269
3 1083 4274 4273
3 143 4275 4274
3 4274 4275 4273
3 4275 1084 4273
3 133 4229 4187
3 1084 4276 4270
3 4270 4276 4187
3 4276 1061 4187
3 143 4277 4275
3 1085 4278 4277
3 4277 4278 4275
3 4278 1084 4275
3 1084 4278 4276
3 1085 4279 4278
3 4278 4279 4276
3 4279 1061 4276
3 1085 4280 4279
3 135 4183 4280
3 4280 4183 4279
3 4183 1061 4279
3 142 4268 4282
3 1082 4281 4268
3 4268 4281 4282
3 4281 1087 4282
3 134 4283 4265
3 1086 4284 4283
3 4283 4284 4265
3 4284 1082 4265
3 1082 4284 4281
3 1086 4285 4284
3 4284 4285 4281
3 4285 1087 4281
3 1086 4286 4285
3 144 4287 4286
3 4286 4287 4285
3 4287 1087 4285
3 144 4286 4289
3 1086 4288 4286
3 4286 4288 4289
3 4288 1088 4289
3 134 4213 4283
3 1068 4290 4213
3 4213 4290 4283
3 4290 1086 4283
3 1086 4290 4288
3 1068 4291 4290
3 4290 4291 4288
3 4291 1088 4288
3 1068 4216 4291
3 137 4292 4216
3 4216 4292 4291
3 4292 1088 4291
3 145 4304 4295
3 1089 4294 4293
3 4293 4294 4295
3 4294 1090 4295
3 135 4280 4297
3 1085 4296 4280
3 4280 4296 4297
3 4296 1089 4297
3 1089 4296 4294
3 1085 4298 4296
3 4296 4298 4294
3 4298 1090 4294
3 1085 4277 4298
3 143 4299 4277
3 4277 4299 4298
3 4299 1090 4298
3 4195 4300 136
3 1064 4300 4195
3 4301 136 4300
3 4300 4303 4301
3 135 4297 4199
3 1089 4302 4297
3 4297 4302 4199
3 4302 1064 4199
3 1064 4302 4300
3 1089 4303 4302
3 4302 4303 4300
3 1091 4301 4303
3 1089 4293 4303
3 4293 4295 4304
3 4304 1091 4293
3 4303 4293 1091
3 136 4301 4306
3 1091 4305 4301
3 4301 4305 4306
3 4305 1093 4306
3 145 4307 4304
3 1092 4308 4307
3 4307 4308 4304
3 4308 1091 4304
3 1091 4308 4305
3 1092 4309 4308
3 4308 4309 4305
3 4309 1093 4305
3 1092 4310 4309
3 146 4311 4310
3 4310 4311 4309
3 4311 1093 4309
3 136 4306 4207
3 1093 4312 4306
3 4306 4312 4207
3 4312 1067 4207
3 146 4313 4311
3 1094 4314 4313
3 4313 4314 4311
3 4314 1093 4311
3 1093 4314 4312
3 1094 4315 4314
3 4314 4315 4312
3 4315 1067 4312
3 1094 4316 4315
3 4316 4292 4210
3 4316 4210 4315
3 4210 1067 4315
3 137 4210 4292
3 1094 4317 4316
3 4317 1088 4316
3 4292 4316 1088
3 146 4318 4313
3 1095 4319 4318
3 4318 4319 4313
3 4319 1094 4313
3 1094 4319 4317
3 1095 4320 4319
3 4319 4320 4317
3 4320 1088 4317
3 1095 4321 4320
3 144 4289 4321
3 4321 4289 4320
3 4289 1088 4320
3 147 4322 4324
3 1096 4323 4322
3 4322 4323 4324
3 4323 1097 4324
3 144 4321 4326
3 1095 4325 4321
3 4321 4325 4326
3 4325 1096 4326
3 1096 4325 4323
3 1095 4327 4325
3 4325 4327 4323
3 4327 1097 4323
3 1095 4318 4327
3 146 4328 4318
3 4318 4328 4327
3 4328 1097 4327
3 4330 4271 4247
3 1076 4329 4247
3 4247 4329 4330
3 4329 1099 4330
3 140 4331 4243
3 1098 4332 4331
3 4331 4332 4243
3 4332 1076 4243
3 1076 4332 4329
3 1098 4333 4332
3 4332 4333 4329
3 4333 1099 4329
3 1098 4334 4333
3 148 4335 4334
3 4334 4335 4333
3 4335 1099 4333
3 143 4274 4337
3 1083 4336 4274
3 4274 4336 4337
3 4336 1100 4337
3 138 4247 4271
3 1099 4338 4330
3 4330 4338 4271
3 4338 1083 4271
3 1083 4338 4336
3 1099 4339 4338
3 4338 4339 4336
3 4339 1100 4336
3 1099 4335 4339
3 148 4340 4335
3 4335 4340 4339
3 4340 1100 4339
3 139 4341 4252
3 1101 4342 4341
3 4341 4342 4252
3 4342 1078 4252
3 149 4343 4345
3 1102 4344 4343
3 4343 4344 4345
3 4344 1101 4345
3 1101 4344 4342
3 1102 4346 4344
3 4344 4346 4342
3 4346 1078 4342
3 1102 4347 4346
3 141 4255 4347
3 4347 4255 4346
3 4255 1078 4346
3 142 4348 4259
3 1103 4349 4348
3 4348 4349 4259
3 4349 1081 4259
3 149 4345 4351
3 1101 4350 4345
3 4345 4350 4351
3 4350 1103 4351
3 1103 4350 4349
3 1101 4352 4350
3 4350 4352 4349
3 4352 1081 4349
3 1101 4341 4352
3 139 4263 4341
3 4341 4263 4352
3 4263 1081 4352
3 150 4353 4355
3 1104 4354 4353
3 4353 4354 4355
3 4354 1105 4355
3 148 4334 4357
3 1098 4356 4334
3 4334 4356 4357
3 4356 1104 4357
3 1104 4356 4354
3 1098 4358 4356
3 4356 4358 4354
3 4358 1105 4354
3 1098 4331 4358
3 140 4359 4331
3 4331 4359 4358
3 4359 1105 4358
3 141 4347 4361
3 1102 4360 4347
3 4347 4360 4361
3 4360 1107 4361
3 149 4362 4343
3 1106 4363 4362
3 4362 4363 4343
3 4363 1102 4343
3 1102 4363 4360
3 1106 4364 4363
3 4363 4364 4360
3 4364 1107 4360
3 1106 4365 4364
3 151 4366 4365
3 4365 4366 4364
3 4366 1107 4364
3 149 4351 4368
3 1103 4367 4351
3 4351 4367 4368
3 4367 1109 4368
3 142 4369 4348
3 1108 4370 4369
3 4369 4370 4348
3 4370 1103 4348
3 1103 4370 4367
3 1108 4371 4370
3 4370 4371 4367
3 4371 1109 4367
3 1108 4372 4371
3 152 4373 4372
3 4372 4373 4371
3 4373 1109 4371
3 144 4374 4287
3 1110 4375 4374
3 4374 4375 4287
3 4375 1087 4287
3 152 4372 4377
3 1108 4376 4372
3 4372 4376 4377
3 4376 1110 4377
3 1110 4376 4375
3 1108 4378 4376
3 4376 4378 4375
3 4378 1087 4375
3 1108 4369 4378
3 142 4282 4369
3 4369 4282 4378
3 4282 1087 4378
3 143 4337 4380
3 1100 4379 4337
3 4337 4379 4380
3 4379 1112 4380
3 148 4381 4340
3 1111 4382 4381
3 4381 4382 4340
3 4382 1100 4340
3 1100 4382 4379
3 1111 4383 4382
3 4382 4383 4379
3 4383 1112 4379
3 1111 4384 4383
3 153 4385 4384
3 4384 4385 4383
3 4385 1112 4383
3 153 4386 4385
3 1113 4387 4386
3 4386 4387 4385
3 4387 1112 4385
3 145 4295 4389
3 1090 4388 4295
3 4295 4388 4389
3 4388 1113 4389
3 1113 4388 4387
3 1090 4390 4388
3 4388 4390 4387
3 4390 1112 4387
3 1090 4299 4390
3 143 4380 4299
3 4299 4380 4390
3 4380 1112 4390
3 144 4326 4374
3 1096 4391 4326
3 4326 4391 4374
3 4391 1110 4374
3 147 4392 4322
3 1114 4393 4392
3 4392 4393 4322
3 4393 1096 4322
3 1096 4393 4391
3 1114 4394 4393
3 4393 4394 4391
3 4394 1110 4391
3 1114 4395 4394
3 152 4377 4395
3 4395 4377 4394
3 4377 1110 4394
3 154 4396 4398
3 1115 4397 4396
3 4396 4397 4398
3 4397 1116 4398
3 152 4395 4400
3 1114 4399 4395
3 4395 4399 4400
3 4399 1115 4400
3 1115 4399 4397
3 1114 4401 4399
3 4399 4401 4397
3 4401 1116 4397
3 1114 4392 4401
3 147 4402 4392
3 4392 4402 4401
3 4402 1116 4401
3 145 4389 4404
3 1113 4403 4389
3 4389 4403 4404
3 4403 1118 4404
3 153 4405 4386
3 1117 4406 4405
3 4405 4406 4386
3 4406 1113 4386
3 1113 4406 4403
3 1117 4407 4406
3 4406 4407 4403
3 4407 1118 4403
3 1117 4408 4407
3 155 4409 4408
3 4408 4409 4407
3 4409 1118 4407
3 145 4404 4307
3 1118 4410 4404
3 4404 4410 4307
3 4410 1092 4307
3 155 4411 4409
3 1119 4412 4411
3 4411 4412 4409
3 4412 1118 4409
3 1118 4412 4410
3 1119 4413 4412
3 4412 4413 4410
3 4413 1092 4410
3 1119 4414 4413
3 146 4310 4414
3 4414 4310 4413
3 4310 1092 4413
3 156 4415 4417
3 1120 4416 4415
3 4415 4416 4417
3 4416 1121 4417
3 146 4414 4419
3 1119 4418 4414
3 4414 4418 4419
3 4418 1120 4419
3 1120 4418 4416
3 1119 4420 4418
3 4418 4420 4416
3 4420 1121 4416
3 1119 4411 4420
3 155 4421 4411
3 4411 4421 4420
3 4421 1121 4420
3 147 4422 4402
3 1122 4423 4422
3 4422 4423 4402
3 4423 1116 4402
3 156 4424 4426
3 1123 4425 4424
3 4424 4425 4426
3 4425 1122 4426
3 1122 4425 4423
3 1123 4427 4425
3 4425 4427 4423
3 4427 1116 4423
3 1123 4428 4427
3 154 4398 4428
3 4428 4398 4427
3 4398 1116 4427
3 147 4324 4422
3 1097 4429 4324
3 4324 4429 4422
3 4429 1122 4422
3 146 4419 4328
3 1120 4430 4419
3 4419 4430 4328
3 4430 1097 4328
3 1097 4430 4429
3 1120 4431 4430
3 4430 4431 4429
3 4431 1122 4429
3 1120 4415 4431
3 156 4426 4415
3 4415 4426 4431
3 4426 1122 4431
3 157 4432 4434
3 1124 4433 4432
3 4432 4433 4434
3 4433 1125 4434
3 148 4357 4436
3 1104 4435 4357
3 4357 4435 4436
3 4435 1124 4436
3 1124 4435 4433
3 1104 4437 4435
3 4435 4437 4433
3 4437 1125 4433
3 1104 4353 4437
3 150 4438 4353
3 4353 4438 4437
3 4438 1125 4437
3 148 4436 4381
3 1124 4439 4436
3 4436 4439 4381
3 4439 1111 4381
3 157 4440 4432
3 1126 4441 4440
3 4440 4441 4432
3 4441 1124 4432
3 1124 4441 4439
3 1126 4442 4441
3 4441 4442 4439
3 4442 1111 4439
3 1126 4443 4442
3 153 4384 4443
3 4443 4384 4442
3 4384 1111 4442
3 149 4444 4362
3 1127 4445 4444
3 4444 4445 4362
3 4445 1106 4362
3 158 4446 4448
3 1128 4447 4446
3 4446 4447 4448
3 4447 1127 4448
3 1127 4447 4445
3 1128 4449 4447
3 4447 4449 4445
3 4449 1106 4445
3 1128 4450 4449
3 151 4365 4450
3 4450 4365 4449
3 4365 1106 4449
3 152 4451 4373
3 1129 4452 4451
3 4451 4452 4373
3 4452 1109 4373
3 158 4448 4454
3 1127 4453 4448
3 4448 4453 4454
3 4453 1129 4454
3 1129 4453 4452
3 1127 4455 4453
3 4453 4455 4452
3 4455 1109 4452
3 1127 4444 4455
3 149 4368 4444
3 4444 4368 4455
3 4368 1109 4455
3 150 4456 4438
3 1130 4457 4456
3 4456 4457 4438
3 4457 1125 4438
3 159 4458 4460
3 1131 4459 4458
3 4458 4459 4460
3 4459 1130 4460
3 1130 4459 4457
3 1131 4461 4459
3 4459 4461 4457
3 4461 1125 4457
3 1131 4462 4461
3 157 4434 4462
3 4462 4434 4461
3 4434 1125 4461
3 160 4463 4465
3 1132 4464 4463
3 4463 4464 4465
3 4464 1133 4465
3 151 4450 4467
3 1128 4466 4450
3 4450 4466 4467
3 4466 1132 4467
3 1132 4466 4464
3 1128 4468 4466
3 4466 4468 4464
3 4468 1133 4464
3 1128 4446 4468
3 158 4469 4446
3 4446 4469 4468
3 4469 1133 4468
3 152 4470 4451
3 1134 4471 4470
3 4470 4471 4451
3 4471 1129 4451
3 161 4472 4474
3 1135 4473 4472
3 4472 4473 4474
3 4473 1134 4474
3 1134 4473 4471
3 1135 4475 4473
3 4473 4475 4471
3 4475 1129 4471
3 1135 4476 4475
3 158 4454 4476
3 4476 4454 4475
3 4454 1129 4475
3 154 4477 4396
3 1136 4478 4477
3 4477 4478 4396
3 4478 1115 4396
3 161 4474 4480
3 1134 4479 4474
3 4474 4479 4480
3 4479 1136 4480
3 1136 4479 4478
3 1134 4481 4479
3 4479 4481 4478
3 4481 1115 4478
3 1134 4470 4481
3 152 4400 4470
3 4470 4400 4481
3 4400 1115 4481
3 153 4443 4483
3 1126 4482 4443
3 4443 4482 4483
3 4482 1138 4483
3 157 4484 4440
3 1137 4485 4484
3 4484 4485 4440
3 4485 1126 4440
3 1126 4485 4482
3 1137 4486 4485
3 4485 4486 4482
3 4486 1138 4482
3 1137 4487 4486
3 162 4488 4487
3 4487 4488 4486
3 4488 1138 4486
3 153 4483 4405
3 1138 4489 4483
3 4483 4489 4405
3 4489 1117 4405
3 162 4490 4488
3 1139 4491 4490
3 4490 4491 4488
3 4491 1138 4488
3 1138 4491 4489
3 1139 4492 4491
3 4491 4492 4489
3 4492 1117 4489
3 1139 4493 4492
3 155 4408 4493
3 4493 4408 4492
3 4408 1117 4492
3 161 4480 4495
3 1136 4494 4480
3 4480 4494 4495
3 4494 1141 4495
3 154 4496 4477
3 1140 4497 4496
3 4496 4497 4477
3 4497 1136 4477
3 1136 4497 4494
3 1140 4498 4497
3 4497 4498 4494
3 4498 1141 4494
3 1140 4499 4498
3 163 4500 4499
3 4499 4500 4498
3 4500 1141 4498
3 156 4501 4424
3 1142 4502 4501
3 4501 4502 4424
3 4502 1123 4424
3 163 4499 4504
3 1140 4503 4499
3 4499 4503 4504
3 4503 1142 4504
3 1142 4503 4502
3 1140 4505 4503
3 4503 4505 4502
3 4505 1123 4502
3 1140 4496 4505
3 154 4428 4496
3 4496 4428 4505
3 4428 1123 4505
3 164 4506 4508
3 1143 4507 4506
3 4506 4507 4508
3 4507 1144 4508
3 155 4493 4510
3 1139 4509 4493
3 4493 4509 4510
3 4509 1143 4510
3 1143 4509 4507
3 1139 4511 4509
3 4509 4511 4507
3 4511 1144 4507
3 1139 4490 4511
3 162 4512 4490
3 4490 4512 4511
3 4512 1144 4511
3 155 4510 4421
3 1143 4513 4510
3 4510 4513 4421
3 4513 1121 4421
3 164 4514 4506
3 1145 4515 4514
3 4514 4515 4506
3 4515 1143 4506
3 1143 4515 4513
3 1145 4516 4515
3 4515 4516 4513
3 4516 1121 4513
3 1145 4517 4516
3 156 4417 4517
3 4517 4417 4516
3 4417 1121 4516
3 164 4518 4514
3 1146 4519 4518
3 4518 4519 4514
3 4519 1145 4514
3 163 4504 4521
3 1142 4520 4504
3 4504 4520 4521
3 4520 1146 4521
3 1146 4520 4519
3 1142 4522 4520
3 4520 4522 4519
3 4522 1145 4519
3 1142 4501 4522
3 156 4517 4501
3 4501 4517 4522
3 4517 1145 4522
3 165 4523 4525
3 1147 4524 4523
3 4523 4524 4525
3 4524 1148 4525
3 157 4462 4527
3 1131 4526 4462
3 4462 4526 4527
3 4526 1147 4527
3 1147 4526 4524
3 1131 4528 4526
3 4526 4528 4524
3 4528 1148 4524
3 1131 4458 4528
3 159 4529 4458
3 4458 4529 4528
3 4529 1148 4528
3 165 4530 4523
3 1149 4531 4530
3 4530 4531 4523
3 4531 1147 4523
3 162 4487 4533
3 1137 4532 4487
3 4487 4532 4533
3 4532 1149 4533
3 1149 4532 4531
3 1137 4534 4532
3 4532 4534 4531
3 4534 1147 4531
3 1137 4484 4534
3 157 4527 4484
3 4484 4527 4534
3 4527 1147 4534
3 166 4535 4537
3 1150 4536 4535
3 4535 4536 4537
3 4536 1151 4537
3 160 4465 4539
3 1133 4538 4465
3 4465 4538 4539
3 4538 1150 4539
3 1150 4538 4536
3 1133 4540 4538
3 4538 4540 4536
3 4540 1151 4536
3 1133 4469 4540
3 158 4541 4469
3 4469 4541 4540
3 4541 1151 4540
3 166 4537 4543
3 1151 4542 4537
3 4537 4542 4543
3 4542 1152 4543
3 158 4476 4541
3 1135 4544 4476
3 4476 4544 4541
3 4544 1151 4541
3 1151 4544 4542
3 1135 4545 4544
3 4544 4545 4542
3 4545 1152 4542
3 1135 4472 4545
3 161 4546 4472
3 4472 4546 4545
3 4546 1152 4545
3 159 4547 4529
3 1153 4548 4547
3 4547 4548 4529
3 4548 1148 4529
3 167 4549 4551
3 1154 4550 4549
3 4549 4550 4551
3 4550 1153 4551
3 1153 4550 4548
3 1154 4552 4550
3 4550 4552 4548
3 4552 1148 4548
3 1154 4553 4552
3 165 4525 4553
3 4553 4525 4552
3 4525 1148 4552
3 160 4539 4555
3 1150 4554 4539
3 4539 4554 4555
3 4554 1156 4555
3 166 4556 4535
3 1155 4557 4556
3 4556 4557 4535
3 4557 1150 4535
3 1150 4557 4554
3 1155 4558 4557
3 4557 4558 4554
3 4558 1156 4554
3 1155 4559 4558
3 168 4560 4559
3 4559 4560 4558
3 4560 1156 4558
3 169 4561 4563
3 1157 4562 4561
3 4561 4562 4563
3 4562 1158 4563
3 166 4543 4565
3 1152 4564 4543
3 4543 4564 4565
3 4564 1157 4565
3 1157 4564 4562
3 1152 4566 4564
3 4564 4566 4562
3 4566 1158 4562
3 1152 4546 4566
3 161 4567 4546
3 4546 4567 4566
3 4567 1158 4566
3 169 4563 4569
3 1158 4568 4563
3 4563 4568 4569
3 4568 1159 4569
3 161 4495 4567
3 1141 4570 4495
3 4495 4570 4567
3 4570 1158 4567
3 1158 4570 4568
3 1141 4571 4570
3 4570 4571 4568
3 4571 1159 4568
3 1141 4500 4571
3 163 4572 4500
3 4500 4572 4571
3 4572 1159 4571
3 170 4573 4575
3 1160 4574 4573
3 4573 4574 4575
3 4574 1161 4575
3 169 4569 4577
3 1159 4576 4569
3 4569 4576 4577
3 4576 1160 4577
3 1160 4576 4574
3 1159 4578 4576
3 4576 4578 4574
3 4578 1161 4574
3 1159 4572 4578
3 163 4579 4572
3 4572 4579 4578
3 4579 1161 4578
3 162 4533 4581
3 1149 4580 4533
3 4533 4580 4581
3 4580 1163 4581
3 165 4582 4530
3 1162 4583 4582
3 4582 4583 4530
3 4583 1149 4530
3 1149 4583 4580
3 1162 4584 4583
3 4583 4584 4580
3 4584 1163 4580
3 1162 4585 4584
3 171 4586 4585
3 4585 4586 4584
3 4586 1163 4584
3 162 4581 4512
3 1163 4587 4581
3 4581 4587 4512
3 4587 1144 4512
3 171 4588 4586
3 1164 4589 4588
3 4588 4589 4586
3 4589 1163 4586
3 1163 4589 4587
3 1164 4590 4589
3 4589 4590 4587
3 4590 1144 4587
3 1164 4591 4590
3 164 4508 4591
3 4591 4508 4590
3 4508 1144 4590
3 172 4592 4594
3 1165 4593 4592
3 4592 4593 4594
3 4593 1166 4594
3 164 4591 4596
3 1164 4595 4591
3 4591 4595 4596
3 4595 1165 4596
3 1165 4595 4593
3 1164 4597 4595
3 4595 4597 4593
3 4597 1166 4593
3 1164 4588 4597
3 171 4598 4588
3 4588 4598 4597
3 4598 1166 4597
3 172 4599 4592
3 1167 4600 4599
3 4599 4600 4592
3 4600 1165 4592
3 163 4521 4602
3 1146 4601 4521
3 4521 4601 4602
3 4601 1167 4602
3 1167 4601 4600
3 1146 4603 4601
3 4601 4603 4600
3 4603 1165 4600
3 1146 4518 4603
3 164 4596 4518
3 4518 4596 4603
3 4596 1165 4603
3 170 4575 4605
3 1161 4604 4575
3 4575 4604 4605
3 4604 1168 4605
3 163 4602 4579
3 1167 4606 4602
3 4602 4606 4579
3 4606 1161 4579
3 1161 4606 4604
3 1167 4607 4606
3 4606 4607 4604
3 4607 1168 4604
3 1167 4599 4607
3 172 4608 4599
3 4599 4608 4607
3 4608 1168 4607
3 173 4609 4611
3 1169 4610 4609
3 4609 4610 4611
3 4610 1170 4611
3 165 4553 4613
3 1154 4612 4553
3 4553 4612 4613
3 4612 1169 4613
3 1169 4612 4610
3 1154 4614 4612
3 4612 4614 4610
3 4614 1170 4610
3 1154 4549 4614
3 167 4615 4549
3 4549 4615 4614
3 4615 1170 4614
3 165 4613 4582
3 1169 4616 4613
3 4613 4616 4582
3 4616 1162 4582
3 173 4617 4609
3 1171 4618 4617
3 4617 4618 4609
3 4618 1169 4609
3 1169 4618 4616
3 1171 4619 4618
3 4618 4619 4616
3 4619 1162 4616
3 1171 4620 4619
3 171 4585 4620
3 4620 4585 4619
3 4585 1162 4619
3 174 4621 4623
3 1172 4622 4621
3 4621 4622 4623
3 4622 1173 4623
3 168 4559 4625
3 1155 4624 4559
3 4559 4624 4625
3 4624 1172 4625
3 1172 4624 4622
3 1155 4626 4624
3 4624 4626 4622
3 4626 1173 4622
3 1155 4556 4626
3 166 4627 4556
3 4556 4627 4626
3 4627 1173 4626
3 174 4623 4629
3 1173 4628 4623
3 4623 4628 4629
3 4628 1174 4629
3 166 4565 4627
3 1157 4630 4565
3 4565 4630 4627
3 4630 1173 4627
3 1173 4630 4628
3 1157 4631 4630
3 4630 4631 4628
3 4631 1174 4628
3 1157 4561 4631
3 169 4632 4561
3 4561 4632 4631
3 4632 1174 4631
3 167 4633 4615
3 1175 4634 4633
3 4633 4634 4615
3 4634 1170 4615
3 175 4635 4637
3 1176 4636 4635
3 4635 4636 4637
3 4636 1175 4637
3 1175 4636 4634
3 1176 4638 4636
3 4636 4638 4634
3 4638 1170 4634
3 1176 4639 4638
3 173 4611 4639
3 4639 4611 4638
3 4611 1170 4638
3 176 4640 4642
3 1177 4641 4640
3 4640 4641 4642
3 4641 1178 4642
3 168 4625 4644
3 1172 4643 4625
3 4625 4643 4644
3 4643 1177 4644
3 1177 4643 4641
3 1172 4645 4643
3 4643 4645 4641
3 4645 1178 4641
3 1172 4621 4645
3 174 4646 4621
3 4621 4646 4645
3 4646 1178 4645
3 177 4647 4649
3 1179 4648 4647
3 4647 4648 4649
3 4648 1180 4649
3 174 4629 4651
3 1174 4650 4629
3 4629 4650 4651
3 4650 1179 4651
3 1179 4650 4648
3 1174 4652 4650
3 4650 4652 4648
3 4652 1180 4648
3 1174 4632 4652
3 169 4653 4632
3 4632 4653 4652
3 4653 1180 4652
3 170 4654 4573
3 1181 4655 4654
3 4654 4655 4573
3 4655 1160 4573
3 177 4649 4657
3 1180 4656 4649
3 4649 4656 4657
3 4656 1181 4657
3 1181 4656 4655
3 1180 4658 4656
3 4656 4658 4655
3 4658 1160 4655
3 1180 4653 4658
3 169 4577 4653
3 4653 4577 4658
3 4577 1160 4658
3 170 4659 4654
3 1182 4660 4659
3 4659 4660 4654
3 4660 1181 4654
3 178 4661 4663
3 1183 4662 4661
3 4661 4662 4663
3 4662 1182 4663
3 1182 4662 4660
3 1183 4664 4662
3 4662 4664 4660
3 4664 1181 4660
3 1183 4665 4664
3 177 4657 4665
3 4665 4657 4664
3 4657 1181 4664
3 170 4605 4659
3 1168 4666 4605
3 4605 4666 4659
3 4666 1182 4659
3 172 4667 4608
3 1184 4668 4667
3 4667 4668 4608
3 4668 1168 4608
3 1168 4668 4666
3 1184 4669 4668
3 4668 4669 4666
3 4669 1182 4666
3 1184 4670 4669
3 178 4663 4670
3 4670 4663 4669
3 4663 1182 4669
3 179 4671 4673
3 1185 4672 4671
3 4671 4672 4673
3 4672 1186 4673
3 171 4620 4675
3 1171 4674 4620
3 4620 4674 4675
3 4674 1185 4675
3 1185 4674 4672
3 1171 4676 4674
3 4674 4676 4672
3 4676 1186 4672
3 1171 4617 4676
3 173 4677 4617
3 4617 4677 4676
3 4677 1186 4676
3 172 4594 4679
3 1166 4678 4594
3 4594 4678 4679
3 4678 1187 4679
3 171 4675 4598
3 1185 4680 4675
3 4675 4680 4598
3 4680 1166 4598
3 1166 4680 4678
3 1185 4681 4680
3 4680 4681 4678
3 4681 1187 4678
3 1185 4671 4681
3 179 4682 4671
3 4671 4682 4681
3 4682 1187 4681
3 178 4670 4684
3 1184 4683 4670
3 4670 4683 4684
3 4683 1188 4684
3 172 4679 4667
3 1187 4685 4679
3 4679 4685 4667
3 4685 1184 4667
3 1184 4685 4683
3 1187 4686 4685
3 4685 4686 4683
3 4686 1188 4683
3 1187 4682 4686
3 179 4687 4682
3 4682 4687 4686
3 4687 1188 4686
3 180 4688 4690
3 1189 4689 4688
3 4688 4689 4690
3 4689 1190 4690
3 173 4639 4692
3 1176 4691 4639
3 4639 4691 4692
3 4691 1189 4692
3 1189 4691 4689
3 1176 4693 4691
3 4691 4693 4689
3 4693 1190 4689
3 1176 4635 4693
3 175 4694 4635
3 4635 4694 4693
3 4694 1190 4693
3 179 4673 4696
3 1186 4695 4673
3 4673 4695 4696
3 4695 1191 4696
3 173 4692 4677
3 1189 4697 4692
3 4692 4697 4677
3 4697 1186 4677
3 1186 4697 4695
3 1189 4698 4697
3 4697 4698 4695
3 4698 1191 4695
3 1189 4688 4698
3 180 4699 4688
3 4688 4699 4698
3 4699 1191 4698
3 181 4700 4702
3 1192 4701 4700
3 4700 4701 4702
3 4701 1193 4702
3 176 4642 4704
3 1178 4703 4642
3 4642 4703 4704
3 4703 1192 4704
3 1192 4703 4701
3 1178 4705 4703
3 4703 4705 4701
3 4705 1193 4701
3 1178 4646 4705
3 174 4706 4646
3 4646 4706 4705
3 4706 1193 4705
3 177 4707 4647
3 1194 4708 4707
3 4707 4708 4647
3 4708 1179 4647
3 181 4702 4710
3 1193 4709 4702
3 4702 4709 4710
3 4709 1194 4710
3 1194 4709 4708
3 1193 4711 4709
3 4709 4711 4708
3 4711 1179 4708
3 1193 4706 4711
3 174 4651 4706
3 4706 4651 4711
3 4651 1179 4711
3 182 4712 4714
3 1195 4713 4712
3 4712 4713 4714
3 4713 1196 4714
3 180 4690 4716
3 1190 4715 4690
3 4690 4715 4716
3 4715 1195 4716
3 1195 4715 4713
3 1190 4717 4715
3 4715 4717 4713
3 4717 1196 4713
3 1190 4694 4717
3 175 4718 4694
3 4694 4718 4717
3 4718 1196 4717
3 181 4719 4700
3 1197 4720 4719
3 4719 4720 4700
3 4720 1192 4700
3 183 4721 4723
3 1198 4722 4721
3 4721 4722 4723
3 4722 1197 4723
3 1197 4722 4720
3 1198 4724 4722
3 4722 4724 4720
3 4724 1192 4720
3 1198 4725 4724
3 176 4704 4725
3 4725 4704 4724
3 4704 1192 4724
3 177 4726 4707
3 1199 4727 4726
3 4726 4727 4707
3 4727 1194 4707
3 184 4728 4730
3 1200 4729 4728
3 4728 4729 4730
3 4729 1199 4730
3 1199 4729 4727
3 1200 4731 4729
3 4729 4731 4727
3 4731 1194 4727
3 1200 4732 4731
3 181 4710 4732
3 4732 4710 4731
3 4710 1194 4731
3 177 4665 4726
3 1183 4733 4665
3 4665 4733 4726
3 4733 1199 4726
3 178 4734 4661
3 1201 4735 4734
3 4734 4735 4661
3 4735 1183 4661
3 1183 4735 4733
3 1201 4736 4735
3 4735 4736 4733
3 4736 1199 4733
3 1201 4737 4736
3 184 4730 4737
3 4737 4730 4736
3 4730 1199 4736
3 180 4738 4699
3 1202 4739 4738
3 4738 4739 4699
3 4739 1191 4699
3 185 4740 4742
3 1203 4741 4740
3 4740 4741 4742
3 4741 1202 4742
3 1202 4741 4739
3 1203 4743 4741
3 4741 4743 4739
3 4743 1191 4739
3 1203 4744 4743
3 179 4696 4744
3 4744 4696 4743
3 4696 1191 4743
3 178 4684 4746
3 1188 4745 4684
3 4684 4745 4746
3 4745 1204 4746
3 179 4744 4687
3 1203 4747 4744
3 4744 4747 4687
3 4747 1188 4687
3 1188 4747 4745
3 1203 4748 4747
3 4747 4748 4745
3 4748 1204 4745
3 1203 4740 4748
3 185 4749 4740
3 4740 4749 4748
3 4749 1204 4748
3 184 4737 4751
3 1201 4750 4737
3 4737 4750 4751
3 4750 1205 4751
3 178 4746 4734
3 1204 4752 4746
3 4746 4752 4734
3 4752 1201 4734
3 1201 4752 4750
3 1204 4753 4752
3 4752 4753 4750
3 4753 1205 4750
3 1204 4749 4753
3 185 4754 4749
3 4749 4754 4753
3 4754 1205 4753
3 186 4755 4757
3 1206 4756 4755
3 4755 4756 4757
3 4756 1207 4757
3 180 4716 4759
3 1195 4758 4716
3 4716 4758 4759
3 4758 1206 4759
3 1206 4758 4756
3 1195 4760 4758
3 4758 4760 4756
3 4760 1207 4756
3 1195 4712 4760
3 182 4761 4712
3 4712 4761 4760
3 4761 1207 4760
3 186 4762 4755
3 1208 4763 4762
3 4762 4763 4755
3 4763 1206 4755
3 185 4742 4765
3 1202 4764 4742
3 4742 4764 4765
3 4764 1208 4765
3 1208 4764 4763
3 1202 4766 4764
3 4764 4766 4763
3 4766 1206 4763
3 1202 4738 4766
3 180 4759 4738
3 4738 4759 4766
3 4759 1206 4766
3 187 4767 4769
3 1209 4768 4767
3 4767 4768 4769
3 4768 1210 4769
3 183 4723 4771
3 1197 4770 4723
3 4723 4770 4771
3 4770 1209 4771
3 1209 4770 4768
3 1197 4772 4770
3 4770 4772 4768
3 4772 1210 4768
3 1197 4719 4772
3 181 4773 4719
3 4719 4773 4772
3 4773 1210 4772
3 187 4769 4775
3 1210 4774 4769
3 4769 4774 4775
3 4774 1211 4775
3 181 4732 4773
3 1200 4776 4732
3 4732 4776 4773
3 4776 1210 4773
3 1210 4776 4774
3 1200 4777 4776
3 4776 4777 4774
3 4777 1211 4774
3 1200 4728 4777
3 184 4778 4728
3 4728 4778 4777
3 4778 1211 4777
3 186 4757 4780
3 1207 4779 4757
3 4757 4779 4780
3 4779 1213 4780
3 182 4781 4761
3 1212 4782 4781
3 4781 4782 4761
3 4782 1207 4761
3 1207 4782 4779
3 1212 4783 4782
3 4782 4783 4779
3 4783 1213 4779
3 1212 4784 4783
3 188 4785 4784
3 4784 4785 4783
3 4785 1213 4783
3 187 4786 4767
3 1214 4787 4786
3 4786 4787 4767
3 4787 1209 4767
3 189 4788 4790
3 1215 4789 4788
3 4788 4789 4790
3 4789 1214 4790
3 1214 4789 4787
3 1215 4791 4789
3 4789 4791 4787
3 4791 1209 4787
3 1215 4792 4791
3 183 4771 4792
3 4792 4771 4791
3 4771 1209 4791
3 186 4793 4762
3 1216 4794 4793
3 4793 4794 4762
3 4794 1208 4762
3 190 4795 4797
3 1217 4796 4795
3 4795 4796 4797
3 4796 1216 4797
3 1216 4796 4794
3 1217 4798 4796
3 4796 4798 4794
3 4798 1208 4794
3 1217 4799 4798
3 185 4765 4799
3 4799 4765 4798
3 4765 1208 4798
3 187 4775 4801
3 1211 4800 4775
3 4775 4800 4801
3 4800 1219 4801
3 184 4802 4778
3 1218 4803 4802
3 4802 4803 4778
3 4803 1211 4778
3 1211 4803 4800
3 1218 4804 4803
3 4803 4804 4800
3 4804 1219 4800
3 1218 4805 4804
3 190 4806 4805
3 4805 4806 4804
3 4806 1219 4804
3 184 4751 4802
3 1205 4807 4751
3 4751 4807 4802
3 4807 1218 4802
3 185 4799 4754
3 1217 4808 4799
3 4799 4808 4754
3 4808 1205 4754
3 1205 4808 4807
3 1217 4809 4808
3 4808 4809 4807
3 4809 1218 4807
3 1217 4795 4809
3 190 4805 4795
3 4795 4805 4809
3 4805 1218 4809
3 191 4810 4812
3 1220 4811 4810
3 4810 4811 4812
3 4811 1221 4812
3 186 4780 4814
3 1213 4813 4780
3 4780 4813 4814
3 4813 1220 4814
3 1220 4813 4811
3 1213 4815 4813
3 4813 4815 4811
3 4815 1221 4811
3 1213 4785 4815
3 188 4816 4785
3 4785 4816 4815
3 4816 1221 4815
3 191 4817 4810
3 1222 4818 4817
3 4817 4818 4810
3 4818 1220 4810
3 190 4797 4820
3 1216 4819 4797
3 4797 4819 4820
3 4819 1222 4820
3 1222 4819 4818
3 1216 4821 4819
3 4819 4821 4818
3 4821 1220 4818
3 1216 4793 4821
3 186 4814 4793
3 4793 4814 4821
3 4814 1220 4821
3 192 4822 4824
3 1223 4823 4822
3 4822 4823 4824
3 4823 1224 4824
3 189 4790 4826
3 1214 4825 4790
3 4790 4825 4826
3 4825 1223 4826
3 1223 4825 4823
3 1214 4827 4825
3 4825 4827 4823
3 4827 1224 4823
3 1214 4786 4827
3 187 4828 4786
3 4786 4828 4827
3 4828 1224 4827
3 192 4824 4830
3 1224 4829 4824
3 4824 4829 4830
3 4829 1225 4830
3 187 4801 4828
3 1219 4831 4801
3 4801 4831 4828
3 4831 1224 4828
3 1224 4831 4829
3 1219 4832 4831
3 4831 4832 4829
3 4832 1225 4829
3 1219 4806 4832
3 190 4833 4806
3 4806 4833 4832
3 4833 1225 4832
3 191 4812 4835
3 1221 4834 4812
3 4812 4834 4835
3 4834 1227 4835
3 188 4836 4816
3 1226 4837 4836
3 4836 4837 4816
3 4837 1221 4816
3 1221 4837 4834
3 1226 4838 4837
3 4837 4838 4834
3 4838 1227 4834
3 1226 4839 4838
3 193 4840 4839
3 4839 4840 4838
3 4840 1227 4838
3 192 4841 4822
3 1228 4842 4841
3 4841 4842 4822
3 4842 1223 4822
3 194 4843 4845
3 1229 4844 4843
3 4843 4844 4845
3 4844 1228 4845
3 1228 4844 4842
3 1229 4846 4844
3 4844 4846 4842
3 4846 1223 4842
3 1229 4847 4846
3 189 4826 4847
3 4847 4826 4846
3 4826 1223 4846
3 193 4848 4840
3 1230 4849 4848
3 4848 4849 4840
3 4849 1227 4840
3 195 4850 4852
3 1231 4851 4850
3 4850 4851 4852
3 4851 1230 4852
3 1230 4851 4849
3 1231 4853 4851
3 4851 4853 4849
3 4853 1227 4849
3 1231 4854 4853
3 191 4835 4854
3 4854 4835 4853
3 4835 1227 4853
3 194 4845 4856
3 1228 4855 4845
3 4845 4855 4856
3 4855 1233 4856
3 192 4857 4841
3 1232 4858 4857
3 4857 4858 4841
3 4858 1228 4841
3 1228 4858 4855
3 1232 4859 4858
3 4858 4859 4855
3 4859 1233 4855
3 1232 4860 4859
3 195 4861 4860
3 4860 4861 4859
3 4861 1233 4859
3 191 4854 4817
3 1231 4862 4854
3 4854 4862 4817
3 4862 1222 4817
3 195 4863 4850
3 1234 4864 4863
3 4863 4864 4850
3 4864 1231 4850
3 1231 4864 4862
3 1234 4865 4864
3 4864 4865 4862
3 4865 1222 4862
3 1234 4866 4865
3 190 4820 4866
3 4866 4820 4865
3 4820 1222 4865
3 192 4830 4857
3 1225 4867 4830
3 4830 4867 4857
3 4867 1232 4857
3 190 4866 4833
3 1234 4868 4866
3 4866 4868 4833
3 4868 1225 4833
3 1225 4868 4867
3 1234 4869 4868
3 4868 4869 4867
3 4869 1232 4867
3 1234 4863 4869
3 195 4860 4863
3 4863 4860 4869
3 4860 1232 4869
3 193 4870 4848
3 1235 4871 4870
3 4870 4871 4848
3 4871 1230 4848
3 196 4872 4874
3 1236 4873 4872
3 4872 4873 4874
3 4873 1235 4874
3 1235 4873 4871
3 1236 4875 4873
3 4873 4875 4871
3 4875 1230 4871
3 1236 4876 4875
3 195 4852 4876
3 4876 4852 4875
3 4852 1230 4875
3 195 4876 4861
3 1236 4877 4876
3 4876 4877 4861
3 4877 1233 4861
3 196 4878 4872
3 1237 4879 4878
3 4878 4879 4872
3 4879 1236 4872
3 1236 4879 4877
3 1237 4880 4879
3 4879 4880 4877
3 4880 1233 4877
3 1237 4881 4880
3 194 4856 4881
3 4881 4856 4880
3 4856 1233 4880
3 0 4882 4884
3 1238 4883 4882
3 4882 4883 4884
3 4883 1240 4884
3 197 4885 4887
3 1239 4886 4885
3 4885 4886 4887
3 4886 1238 4887
3 1238 4886 4883
3 1239 4888 4886
3 4886 4888 4883
3 4888 1240 4883
3 1239 4889 4888
3 198 4890 4889
3 4889 4890 4888
3 4890 1240 4888
3 197 4887 4892
3 1238 4891 4887
3 4887 4891 4892
3 4891 1241 4892
3 0 2792 4882
3 701 4893 2792
3 2792 4893 4882
3 4893 1238 4882
3 1238 4893 4891
3 701 4894 4893
3 4893 4894 4891
3 4894 1241 4891
3 701 2788 4894
3 7 4895 2788
3 2788 4895 4894
3 4895 1241 4894
3 197 4892 4897
3 1241 4896 4892
3 4892 4896 4897
3 4896 1243 4897
3 7 4898 4895
3 1242 4899 4898
3 4898 4899 4895
3 4899 1241 4895
3 1241 4899 4896
3 1242 4900 4899
3 4899 4900 4896
3 4900 1243 4896
3 1242 4901 4900
3 199 4902 4901
3 4901 4902 4900
3 4902 1243 4900
3 200 4903 4905
3 1244 4904 4903
3 4903 4904 4905
3 4904 1246 4905
3 198 4906 4908
3 1245 4907 4906
3 4906 4907 4908
3 4907 1244 4908
3 1244 4907 4904
3 1245 4909 4907
3 4907 4909 4904
3 4909 1246 4904
3 1245 4910 4909
3 201 4911 4910
3 4910 4911 4909
3 4911 1246 4909
3 197 4912 4885
3 1247 4913 4912
3 4912 4913 4885
3 4913 1239 4885
3 201 4910 4915
3 1245 4914 4910
3 4910 4914 4915
3 4914 1247 4915
3 1247 4914 4913
3 1245 4916 4914
3 4914 4916 4913
3 4916 1239 4913
3 1245 4906 4916
3 198 4889 4906
3 4906 4889 4916
3 4889 1239 4916
3 197 4897 4912
3 1243 4917 4897
3 4897 4917 4912
3 4917 1247 4912
3 199 4918 4902
3 1248 4919 4918
3 4918 4919 4902
3 4919 1243 4902
3 1243 4919 4917
3 1248 4920 4919
3 4919 4920 4917
3 4920 1247 4917
3 1248 4921 4920
3 201 4915 4921
3 4921 4915 4920
3 4915 1247 4920
3 198 4922 4890
3 1249 4923 4922
3 4922 4923 4890
3 4923 1240 4890
3 11 2840 4925
3 713 4924 2840
3 2840 4924 4925
3 4924 1249 4925
3 1249 4924 4923
3 713 4926 4924
3 4924 4926 4923
3 4926 1240 4923
3 713 2837 4926
3 0 4884 2837
3 2837 4884 4926
3 4884 1240 4926
3 202 4927 4929
3 1250 4928 4927
3 4927 4928 4929
3 4928 1251 4929
3 198 4908 4931
3 1244 4930 4908
3 4908 4930 4931
3 4930 1250 4931
3 1250 4930 4928
3 1244 4932 4930
3 4930 4932 4928
3 4932 1251 4928
3 1244 4903 4932
3 200 4933 4903
3 4903 4933 4932
3 4933 1251 4932
3 202 4934 4927
3 1252 4935 4934
3 4934 4935 4927
3 4935 1250 4927
3 11 4925 4937
3 1249 4936 4925
3 4925 4936 4937
3 4936 1252 4937
3 1252 4936 4935
3 1249 4938 4936
3 4936 4938 4935
3 4938 1250 4935
3 1249 4922 4938
3 198 4931 4922
3 4922 4931 4938
3 4931 1250 4938
3 199 4901 4940
3 1242 4939 4901
3 4901 4939 4940
3 4939 1253 4940
3 7 2866 4898
3 720 4941 2866
3 2866 4941 4898
3 4941 1242 4898
3 1242 4941 4939
3 720 4942 4941
3 4941 4942 4939
3 4942 1253 4939
3 720 2862 4942
3 14 4943 2862
3 2862 4943 4942
3 4943 1253 4942
3 199 4944 4918
3 1254 4945 4944
3 4944 4945 4918
3 4945 1248 4918
3 203 4946 4948
3 1255 4947 4946
3 4946 4947 4948
3 4947 1254 4948
3 1254 4947 4945
3 1255 4949 4947
3 4947 4949 4945
3 4949 1248 4945
3 1255 4950 4949
3 201 4921 4950
3 4950 4921 4949
3 4921 1248 4949
3 14 4951 4943
3 1256 4952 4951
3 4951 4952 4943
3 4952 1253 4943
3 204 4953 4955
3 1257 4954 4953
3 4953 4954 4955
3 4954 1256 4955
3 1256 4954 4952
3 1257 4956 4954
3 4954 4956 4952
3 4956 1253 4952
3 1257 4957 4956
3 199 4940 4957
3 4957 4940 4956
3 4940 1253 4956
3 199 4957 4944
3 1257 4958 4957
3 4957 4958 4944
3 4958 1254 4944
3 204 4959 4953
3 1258 4960 4959
3 4959 4960 4953
3 4960 1257 4953
3 1257 4960 4958
3 1258 4961 4960
3 4960 4961 4958
3 4961 1254 4958
3 1258 4962 4961
3 203 4948 4962
3 4962 4948 4961
3 4948 1254 4961
3 200 4963 4933
3 1259 4964 4963
3 4963 4964 4933
3 4964 1251 4933
3 205 4965 4967
3 1260 4966 4965
3 4965 4966 4967
3 4966 1259 4967
3 1259 4966 4964
3 1260 4968 4966
3 4966 4968 4964
3 4968 1251 4964
3 1260 4969 4968
3 202 4929 4969
3 4969 4929 4968
3 4929 1251 4968
3 200 4970 4963
3 1261 4971 4970
3 4970 4971 4963
3 4971 1259 4963
3 206 4972 4974
3 1262 4973 4972
3 4972 4973 4974
3 4973 1261 4974
3 1261 4973 4971
3 1262 4975 4973
3 4973 4975 4971
3 4975 1259 4971
3 1262 4976 4975
3 205 4967 4976
3 4976 4967 4975
3 4967 1259 4975
3 200 4905 4970
3 1246 4977 4905
3 4905 4977 4970
3 4977 1261 4970
3 201 4978 4911
3 1263 4979 4978
3 4978 4979 4911
3 4979 1246 4911
3 1246 4979 4977
3 1263 4980 4979
3 4979 4980 4977
3 4980 1261 4977
3 1263 4981 4980
3 206 4974 4981
3 4981 4974 4980
3 4974 1261 4980
3 206 4981 4983
3 1263 4982 4981
3 4981 4982 4983
3 4982 1265 4983
3 201 4984 4978
3 1264 4985 4984
3 4984 4985 4978
3 4985 1263 4978
3 1263 4985 4982
3 1264 4986 4985
3 4985 4986 4982
3 4986 1265 4982
3 1264 4987 4986
3 207 4988 4987
3 4987 4988 4986
3 4988 1265 4986
3 203 4989 4946
3 1266 4990 4989
3 4989 4990 4946
3 4990 1255 4946
3 207 4987 4992
3 1264 4991 4987
3 4987 4991 4992
3 4991 1266 4992
3 1266 4991 4990
3 1264 4993 4991
3 4991 4993 4990
3 4993 1255 4990
3 1264 4984 4993
3 201 4950 4984
3 4984 4950 4993
3 4950 1255 4993
3 203 4994 4989
3 1267 4995 4994
3 4994 4995 4989
3 4995 1266 4989
3 208 4996 4998
3 1268 4997 4996
3 4996 4997 4998
3 4997 1267 4998
3 1267 4997 4995
3 1268 4999 4997
3 4997 4999 4995
3 4999 1266 4995
3 1268 5000 4999
3 207 4992 5000
3 5000 4992 4999
3 4992 1266 4999
3 204 4955 5002
3 1256 5001 4955
3 4955 5001 5002
3 5001 1269 5002
3 14 2935 4951
3 738 5003 2935
3 2935 5003 4951
3 5003 1256 4951
3 1256 5003 5001
3 738 5004 5003
3 5003 5004 5001
3 5004 1269 5001
3 738 2931 5004
3 21 5005 2931
3 2931 5005 5004
3 5005 1269 5004
3 209 5006 5008
3 1270 5007 5006
3 5006 5007 5008
3 5007 1271 5008
3 203 4962 5010
3 1258 5009 4962
3 4962 5009 5010
3 5009 1270 5010
3 1270 5009 5007
3 1258 5011 5009
3 5009 5011 5007
3 5011 1271 5007
3 1258 4959 5011
3 204 5012 4959
3 4959 5012 5011
3 5012 1271 5011
3 209 5013 5006
3 1272 5014 5013
3 5013 5014 5006
3 5014 1270 5006
3 208 4998 5016
3 1267 5015 4998
3 4998 5015 5016
3 5015 1272 5016
3 1272 5015 5014
3 1267 5017 5015
3 5015 5017 5014
3 5017 1270 5014
3 1267 4994 5017
3 203 5010 4994
3 4994 5010 5017
3 5010 1270 5017
3 21 5018 5005
3 1273 5019 5018
3 5018 5019 5005
3 5019 1269 5005
3 210 5020 5022
3 1274 5021 5020
3 5020 5021 5022
3 5021 1273 5022
3 1273 5021 5019
3 1274 5023 5021
3 5021 5023 5019
3 5023 1269 5019
3 1274 5024 5023
3 204 5002 5024
3 5024 5002 5023
3 5002 1269 5023
3 209 5008 5026
3 1271 5025 5008
3 5008 5025 5026
3 5025 1275 5026
3 204 5024 5012
3 1274 5027 5024
3 5024 5027 5012
3 5027 1271 5012
3 1271 5027 5025
3 1274 5028 5027
3 5027 5028 5025
3 5028 1275 5025
3 1274 5020 5028
3 210 5029 5020
3 5020 5029 5028
3 5029 1275 5028
3 206 5030 4972
3 1276 5031 5030
3 5030 5031 4972
3 5031 1262 4972
3 211 5032 5034
3 1277 5033 5032
3 5032 5033 5034
3 5033 1276 5034
3 1276 5033 5031
3 1277 5035 5033
3 5033 5035 5031
3 5035 1262 5031
3 1277 5036 5035
3 205 4976 5036
3 5036 4976 5035
3 4976 1262 5035
3 206 5037 5030
3 1278 5038 5037
3 5037 5038 5030
3 5038 1276 5030
3 212 5039 5041
3 1279 5040 5039
3 5039 5040 5041
3 5040 1278 5041
3 1278 5040 5038
3 1279 5042 5040
3 5040 5042 5038
3 5042 1276 5038
3 1279 5043 5042
3 211 5034 5043
3 5043 5034 5042
3 5034 1276 5042
3 206 4983 5037
3 1265 5044 4983
3 4983 5044 5037
3 5044 1278 5037
3 207 5045 4988
3 1280 5046 5045
3 5045 5046 4988
3 5046 1265 4988
3 1265 5046 5044
3 1280 5047 5046
3 5046 5047 5044
3 5047 1278 5044
3 1280 5048 5047
3 212 5041 5048
3 5048 5041 5047
3 5041 1278 5047
3 212 5048 5050
3 1280 5049 5048
3 5048 5049 5050
3 5049 1282 5050
3 207 5051 5045
3 1281 5052 5051
3 5051 5052 5045
3 5052 1280 5045
3 1280 5052 5049
3 1281 5053 5052
3 5052 5053 5049
3 5053 1282 5049
3 1281 5054 5053
3 213 5055 5054
3 5054 5055 5053
3 5055 1282 5053
3 208 5056 4996
3 1283 5057 5056
3 5056 5057 4996
3 5057 1268 4996
3 213 5054 5059
3 1281 5058 5054
3 5054 5058 5059
3 5058 1283 5059
3 1283 5058 5057
3 1281 5060 5058
3 5058 5060 5057
3 5060 1268 5057
3 1281 5051 5060
3 207 5000 5051
3 5051 5000 5060
3 5000 1268 5060
3 214 5061 5063
3 1284 5062 5061
3 5061 5062 5063
3 5062 1285 5063
3 208 5016 5065
3 1272 5064 5016
3 5016 5064 5065
3 5064 1284 5065
3 1284 5064 5062
3 1272 5066 5064
3 5064 5066 5062
3 5066 1285 5062
3 1272 5013 5066
3 209 5067 5013
3 5013 5067 5066
3 5067 1285 5066
3 208 5068 5056
3 1286 5069 5068
3 5068 5069 5056
3 5069 1283 5056
3 215 5070 5072
3 1287 5071 5070
3 5070 5071 5072
3 5071 1286 5072
3 1286 5071 5069
3 1287 5073 5071
3 5071 5073 5069
3 5073 1283 5069
3 1287 5074 5073
3 213 5059 5074
3 5074 5059 5073
3 5059 1283 5073
3 214 5075 5061
3 1288 5076 5075
3 5075 5076 5061
3 5076 1284 5061
3 215 5072 5078
3 1286 5077 5072
3 5072 5077 5078
3 5077 1288 5078
3 1288 5077 5076
3 1286 5079 5077
3 5077 5079 5076
3 5079 1284 5076
3 1286 5068 5079
3 208 5065 5068
3 5068 5065 5079
3 5065 1284 5079
3 21 3011 5018
3 759 5080 3011
3 3011 5080 5018
3 5080 1273 5018
3 29 5081 3016
3 1289 5082 5081
3 5081 5082 3016
3 5082 759 3016
3 759 5082 5080
3 1289 5083 5082
3 5082 5083 5080
3 5083 1273 5080
3 1289 5084 5083
3 210 5022 5084
3 5084 5022 5083
3 5022 1273 5083
3 209 5026 5086
3 1275 5085 5026
3 5026 5085 5086
3 5085 1291 5086
3 210 5087 5029
3 1290 5088 5087
3 5087 5088 5029
3 5088 1275 5029
3 1275 5088 5085
3 1290 5089 5088
3 5088 5089 5085
3 5089 1291 5085
3 1290 5090 5089
3 216 5091 5090
3 5090 5091 5089
3 5091 1291 5089
3 214 5063 5093
3 1285 5092 5063
3 5063 5092 5093
3 5092 1292 5093
3 209 5086 5067
3 1291 5094 5086
3 5086 5094 5067
3 5094 1285 5067
3 1285 5094 5092
3 1291 5095 5094
3 5094 5095 5092
3 5095 1292 5092
3 1291 5091 5095
3 216 5096 5091
3 5091 5096 5095
3 5096 1292 5095
3 210 5084 5098
3 1289 5097 5084
3 5084 5097 5098
3 5097 1294 5098
3 29 5099 5081
3 1293 5100 5099
3 5099 5100 5081
3 5100 1289 5081
3 1289 5100 5097
3 1293 5101 5100
3 5100 5101 5097
3 5101 1294 5097
3 1293 5102 5101
3 217 5103 5102
3 5102 5103 5101
3 5103 1294 5101
3 210 5098 5087
3 1294 5104 5098
3 5098 5104 5087
3 5104 1290 5087
3 217 5105 5103
3 1295 5106 5105
3 5105 5106 5103
3 5106 1294 5103
3 1294 5106 5104
3 1295 5107 5106
3 5106 5107 5104
3 5107 1290 5104
3 1295 5108 5107
3 216 5090 5108
3 5108 5090 5107
3 5090 1290 5107
3 211 5043 5110
3 1279 5109 5043
3 5043 5109 5110
3 5109 1297 5110
3 212 5111 5039
3 1296 5112 5111
3 5111 5112 5039
3 5112 1279 5039
3 1279 5112 5109
3 1296 5113 5112
3 5112 5113 5109
3 5113 1297 5109
3 1296 5114 5113
3 218 5115 5114
3 5114 5115 5113
3 5115 1297 5113
3 212 5116 5111
3 1298 5117 5116
3 5116 5117 5111
3 5117 1296 5111
3 219 5118 5120
3 1299 5119 5118
3 5118 5119 5120
3 5119 1298 5120
3 1298 5119 5117
3 1299 5121 5119
3 5119 5121 5117
3 5121 1296 5117
3 1299 5122 5121
3 218 5114 5122
3 5122 5114 5121
3 5114 1296 5121
3 213 5123 5055
3 1300 5124 5123
3 5123 5124 5055
3 5124 1282 5055
3 219 5120 5126
3 1298 5125 5120
3 5120 5125 5126
3 5125 1300 5126
3 1300 5125 5124
3 1298 5127 5125
3 5125 5127 5124
3 5127 1282 5124
3 1298 5116 5127
3 212 5050 5116
3 5116 5050 5127
3 5050 1282 5127
3 213 5128 5123
3 1301 5129 5128
3 5128 5129 5123
3 5129 1300 5123
3 220 5130 5132
3 1302 5131 5130
3 5130 5131 5132
3 5131 1301 5132
3 1301 5131 5129
3 1302 5133 5131
3 5131 5133 5129
3 5133 1300 5129
3 1302 5134 5133
3 219 5126 5134
3 5134 5126 5133
3 5126 1300 5133
3 220 5132 5136
3 1301 5135 5132
3 5132 5135 5136
3 5135 1303 5136
3 213 5074 5128
3 1287 5137 5074
3 5074 5137 5128
3 5137 1301 5128
3 1301 5137 5135
3 1287 5138 5137
3 5137 5138 5135
3 5138 1303 5135
3 1287 5070 5138
3 215 5139 5070
3 5070 5139 5138
3 5139 1303 5138
3 214 5093 5141
3 1292 5140 5093
3 5093 5140 5141
3 5140 1305 5141
3 216 5142 5096
3 1304 5143 5142
3 5142 5143 5096
3 5143 1292 5096
3 1292 5143 5140
3 1304 5144 5143
3 5143 5144 5140
3 5144 1305 5140
3 1304 5145 5144
3 221 5146 5145
3 5145 5146 5144
3 5146 1305 5144
3 214 5141 5075
3 1305 5147 5141
3 5141 5147 5075
3 5147 1288 5075
3 221 5148 5146
3 1306 5149 5148
3 5148 5149 5146
3 5149 1305 5146
3 1305 5149 5147
3 1306 5150 5149
3 5149 5150 5147
3 5150 1288 5147
3 1306 5151 5150
3 215 5078 5151
3 5151 5078 5150
3 5078 1288 5150
3 215 5152 5139
3 1307 5153 5152
3 5152 5153 5139
3 5153 1303 5139
3 222 5154 5156
3 1308 5155 5154
3 5154 5155 5156
3 5155 1307 5156
3 1307 5155 5153
3 1308 5157 5155
3 5155 5157 5153
3 5157 1303 5153
3 1308 5158 5157
3 220 5136 5158
3 5158 5136 5157
3 5136 1303 5157
3 215 5151 5152
3 1306 5159 5151
3 5151 5159 5152
3 5159 1307 5152
3 221 5160 5148
3 1309 5161 5160
3 5160 5161 5148
3 5161 1306 5148
3 1306 5161 5159
3 1309 5162 5161
3 5161 5162 5159
3 5162 1307 5159
3 1309 5163 5162
3 222 5156 5163
3 5163 5156 5162
3 5156 1307 5162
3 38 5164 3103
3 1310 5165 5164
3 5164 5165 3103
3 5165 782 3103
3 217 5102 5167
3 1293 5166 5102
3 5102 5166 5167
3 5166 1310 5167
3 1310 5166 5165
3 1293 5168 5166
3 5166 5168 5165
3 5168 782 5165
3 1293 5099 5168
3 29 3107 5099
3 5099 3107 5168
3 3107 782 5168
3 216 5108 5170
3 1295 5169 5108
3 5108 5169 5170
3 5169 1312 5170
3 217 5171 5105
3 1311 5172 5171
3 5171 5172 5105
3 5172 1295 5105
3 1295 5172 5169
3 1311 5173 5172
3 5172 5173 5169
3 5173 1312 5169
3 1311 5174 5173
3 223 5175 5174
3 5174 5175 5173
3 5175 1312 5173
3 216 5170 5142
3 1312 5176 5170
3 5170 5176 5142
3 5176 1304 5142
3 223 5177 5175
3 1313 5178 5177
3 5177 5178 5175
3 5178 1312 5175
3 1312 5178 5176
3 1313 5179 5178
3 5178 5179 5176
3 5179 1304 5176
3 1313 5180 5179
3 221 5145 5180
3 5180 5145 5179
3 5145 1304 5179
3 217 5167 5182
3 1310 5181 5167
3 5167 5181 5182
3 5181 1315 5182
3 38 5183 5164
3 1314 5184 5183
3 5183 5184 5164
3 5184 1310 5164
3 1310 5184 5181
3 1314 5185 5184
3 5184 5185 5181
3 5185 1315 5181
3 1314 5186 5185
3 224 5187 5186
3 5186 5187 5185
3 5187 1315 5185
3 217 5182 5171
3 1315 5188 5182
3 5182 5188 5171
3 5188 1311 5171
3 224 5189 5187
3 1316 5190 5189
3 5189 5190 5187
3 5190 1315 5187
3 1315 5190 5188
3 1316 5191 5190
3 5190 5191 5188
3 5191 1311 5188
3 1316 5192 5191
3 223 5174 5192
3 5192 5174 5191
3 5174 1311 5191
3 225 5193 5195
3 1317 5194 5193
3 5193 5194 5195
3 5194 1318 5195
3 218 5122 5197
3 1299 5196 5122
3 5122 5196 5197
3 5196 1317 5197
3 1317 5196 5194
3 1299 5198 5196
3 5196 5198 5194
3 5198 1318 5194
3 1299 5118 5198
3 219 5199 5118
3 5118 5199 5198
3 5199 1318 5198
3 219 5200 5199
3 1319 5201 5200
3 5200 5201 5199
3 5201 1318 5199
3 226 5202 5204
3 1320 5203 5202
3 5202 5203 5204
3 5203 1319 5204
3 1319 5203 5201
3 1320 5205 5203
3 5203 5205 5201
3 5205 1318 5201
3 1320 5206 5205
3 225 5195 5206
3 5206 5195 5205
3 5195 1318 5205
3 226 5204 5208
3 1319 5207 5204
3 5204 5207 5208
3 5207 1321 5208
3 219 5134 5200
3 1302 5209 5134
3 5134 5209 5200
3 5209 1319 5200
3 1319 5209 5207
3 1302 5210 5209
3 5209 5210 5207
3 5210 1321 5207
3 1302 5130 5210
3 220 5211 5130
3 5130 5211 5210
3 5211 1321 5210
3 220 5212 5211
3 1322 5213 5212
3 5212 5213 5211
3 5213 1321 5211
3 227 5214 5216
3 1323 5215 5214
3 5214 5215 5216
3 5215 1322 5216
3 1322 5215 5213
3 1323 5217 5215
3 5215 5217 5213
3 5217 1321 5213
3 1323 5218 5217
3 226 5208 5218
3 5218 5208 5217
3 5208 1321 5217
3 227 5216 5220
3 1322 5219 5216
3 5216 5219 5220
3 5219 1324 5220
3 220 5158 5212
3 1308 5221 5158
3 5158 5221 5212
3 5221 1322 5212
3 1322 5221 5219
3 1308 5222 5221
3 5221 5222 5219
3 5222 1324 5219
3 1308 5154 5222
3 222 5223 5154
3 5154 5223 5222
3 5223 1324 5222
3 223 5224 5177
3 1325 5225 5224
3 5224 5225 5177
3 5225 1313 5177
3 228 5226 5228
3 1326 5227 5226
3 5226 5227 5228
3 5227 1325 5228
3 1325 5227 5225
3 1326 5229 5227
3 5227 5229 5225
3 5229 1313 5225
3 1326 5230 5229
3 221 5180 5230
3 5230 5180 5229
3 5180 1313 5229
3 229 5231 5233
3 1327 5232 5231
3 5231 5232 5233
3 5232 1328 5233
3 221 5230 5235
3 1326 5234 5230
3 5230 5234 5235
3 5234 1327 5235
3 1327 5234 5232
3 1326 5236 5234
3 5234 5236 5232
3 5236 1328 5232
3 1326 5226 5236
3 228 5237 5226
3 5226 5237 5236
3 5237 1328 5236
3 222 5163 5239
3 1309 5238 5163
3 5163 5238 5239
3 5238 1329 5239
3 221 5235 5160
3 1327 5240 5235
3 5235 5240 5160
3 5240 1309 5160
3 1309 5240 5238
3 1327 5241 5240
3 5240 5241 5238
3 5241 1329 5238
3 1327 5231 5241
3 229 5242 5231
3 5231 5242 5241
3 5242 1329 5241
3 222 5243 5223
3 1330 5244 5243
3 5243 5244 5223
3 5244 1324 5223
3 230 5245 5247
3 1331 5246 5245
3 5245 5246 5247
3 5246 1330 5247
3 1330 5246 5244
3 1331 5248 5246
3 5246 5248 5244
3 5248 1324 5244
3 1331 5249 5248
3 227 5220 5249
3 5249 5220 5248
3 5220 1324 5248
3 229 5250 5242
3 1332 5251 5250
3 5250 5251 5242
3 5251 1329 5242
3 230 5247 5253
3 1330 5252 5247
3 5247 5252 5253
3 5252 1332 5253
3 1332 5252 5251
3 1330 5254 5252
3 5252 5254 5251
3 5254 1329 5251
3 1330 5243 5254
3 222 5239 5243
3 5243 5239 5254
3 5239 1329 5254
3 38 3209 5183
3 810 5255 3209
3 3209 5255 5183
3 5255 1314 5183
3 48 5256 3214
3 1333 5257 5256
3 5256 5257 3214
3 5257 810 3214
3 810 5257 5255
3 1333 5258 5257
3 5257 5258 5255
3 5258 1314 5255
3 1333 5259 5258
3 224 5186 5259
3 5259 5186 5258
3 5186 1314 5258
3 231 5260 5262
3 1334 5261 5260
3 5260 5261 5262
3 5261 1335 5262
3 223 5192 5264
3 1316 5263 5192
3 5192 5263 5264
3 5263 1334 5264
3 1334 5263 5261
3 1316 5265 5263
3 5263 5265 5261
3 5265 1335 5261
3 1316 5189 5265
3 224 5266 5189
3 5189 5266 5265
3 5266 1335 5265
3 228 5228 5268
3 1325 5267 5228
3 5228 5267 5268
3 5267 1336 5268
3 223 5264 5224
3 1334 5269 5264
3 5264 5269 5224
3 5269 1325 5224
3 1325 5269 5267
3 1334 5270 5269
3 5269 5270 5267
3 5270 1336 5267
3 1334 5260 5270
3 231 5271 5260
3 5260 5271 5270
3 5271 1336 5270
3 232 5272 5274
3 1337 5273 5272
3 5272 5273 5274
3 5273 1338 5274
3 224 5259 5276
3 1333 5275 5259
3 5259 5275 5276
3 5275 1337 5276
3 1337 5275 5273
3 1333 5277 5275
3 5275 5277 5273
3 5277 1338 5273
3 1333 5256 5277
3 48 5278 5256
3 5256 5278 5277
3 5278 1338 5277
3 231 5262 5280
3 1335 5279 5262
3 5262 5279 5280
3 5279 1339 5280
3 224 5276 5266
3 1337 5281 5276
3 5276 5281 5266
3 5281 1335 5266
3 1335 5281 5279
3 1337 5282 5281
3 5281 5282 5279
3 5282 1339 5279
3 1337 5272 5282
3 232 5283 5272
3 5272 5283 5282
3 5283 1339 5282
3 233 5284 5286
3 1340 5285 5284
3 5284 5285 5286
3 5285 1341 5286
3 225 5206 5288
3 1320 5287 5206
3 5206 5287 5288
3 5287 1340 5288
3 1340 5287 5285
3 1320 5289 5287
3 5287 5289 5285
3 5289 1341 5285
3 1320 5202 5289
3 226 5290 5202
3 5202 5290 5289
3 5290 1341 5289
3 226 5291 5290
3 1342 5292 5291
3 5291 5292 5290
3 5292 1341 5290
3 234 5293 5295
3 1343 5294 5293
3 5293 5294 5295
3 5294 1342 5295
3 1342 5294 5292
3 1343 5296 5294
3 5294 5296 5292
3 5296 1341 5292
3 1343 5297 5296
3 233 5286 5297
3 5297 5286 5296
3 5286 1341 5296
3 234 5295 5299
3 1342 5298 5295
3 5295 5298 5299
3 5298 1344 5299
3 226 5218 5291
3 1323 5300 5218
3 5218 5300 5291
3 5300 1342 5291
3 1342 5300 5298
3 1323 5301 5300
3 5300 5301 5298
3 5301 1344 5298
3 1323 5214 5301
3 227 5302 5214
3 5214 5302 5301
3 5302 1344 5301
3 235 5303 5305
3 1345 5304 5303
3 5303 5304 5305
3 5304 1346 5305
3 234 5299 5307
3 1344 5306 5299
3 5299 5306 5307
3 5306 1345 5307
3 1345 5306 5304
3 1344 5308 5306
3 5306 5308 5304
3 5308 1346 5304
3 1344 5302 5308
3 227 5309 5302
3 5302 5309 5308
3 5309 1346 5308
3 235 5305 5311
3 1346 5310 5305
3 5305 5310 5311
3 5310 1347 5311
3 227 5249 5309
3 1331 5312 5249
3 5249 5312 5309
3 5312 1346 5309
3 1346 5312 5310
3 1331 5313 5312
3 5312 5313 5310
3 5313 1347 5310
3 1331 5245 5313
3 230 5314 5245
3 5245 5314 5313
3 5314 1347 5313
3 236 5315 5317
3 1348 5316 5315
3 5315 5316 5317
3 5316 1350 5317
3 237 5318 5320
3 1349 5319 5318
3 5318 5319 5320
3 5319 1348 5320
3 1348 5319 5316
3 1349 5321 5319
3 5319 5321 5316
3 5321 1350 5316
3 1349 5322 5321
3 231 5323 5322
3 5322 5323 5321
3 5323 1350 5321
3 237 5324 5326
3 1351 5325 5324
3 5324 5325 5326
3 5325 1352 5326
3 229 5233 5328
3 1328 5327 5233
3 5233 5327 5328
3 5327 1351 5328
3 1351 5327 5325
3 1328 5329 5327
3 5327 5329 5325
3 5329 1352 5325
3 1328 5237 5329
3 228 5330 5237
3 5237 5330 5329
3 5330 1352 5329
3 228 5268 5330
3 1336 5331 5268
3 5268 5331 5330
3 5331 1352 5330
3 231 5322 5271
3 1349 5332 5322
3 5322 5332 5271
3 5332 1336 5271
3 1336 5332 5331
3 1349 5333 5332
3 5332 5333 5331
3 5333 1352 5331
3 1349 5318 5333
3 237 5326 5318
3 5318 5326 5333
3 5326 1352 5333
3 238 5334 5336
3 1353 5335 5334
3 5334 5335 5336
3 5335 1354 5336
3 230 5253 5338
3 1332 5337 5253
3 5253 5337 5338
3 5337 1353 5338
3 1353 5337 5335
3 1332 5339 5337
3 5337 5339 5335
3 5339 1354 5335
3 1332 5250 5339
3 229 5340 5250
3 5250 5340 5339
3 5340 1354 5339
3 237 5341 5324
3 1355 5342 5341
3 5341 5342 5324
3 5342 1351 5324
3 238 5336 5344
3 1354 5343 5336
3 5336 5343 5344
3 5343 1355 5344
3 1355 5343 5342
3 1354 5345 5343
3 5343 5345 5342
3 5345 1351 5342
3 1354 5340 5345
3 229 5328 5340
3 5340 5328 5345
3 5328 1351 5345
3 239 5346 5348
3 1356 5347 5346
3 5346 5347 5348
3 5347 1357 5348
3 235 5311 5350
3 1347 5349 5311
3 5311 5349 5350
3 5349 1356 5350
3 1356 5349 5347
3 1347 5351 5349
3 5349 5351 5347
3 5351 1357 5347
3 1347 5314 5351
3 230 5352 5314
3 5314 5352 5351
3 5352 1357 5351
3 239 5348 5354
3 1357 5353 5348
3 5348 5353 5354
3 5353 1358 5354
3 230 5338 5352
3 1353 5355 5338
3 5338 5355 5352
3 5355 1357 5352
3 1357 5355 5353
3 1353 5356 5355
3 5355 5356 5353
3 5356 1358 5353
3 1353 5334 5356
3 238 5357 5334
3 5334 5357 5356
3 5357 1358 5356
3 59 5358 3325
3 1359 5359 5358
3 5358 5359 3325
3 5359 839 3325
3 232 5274 5361
3 1338 5360 5274
3 5274 5360 5361
3 5360 1359 5361
3 1359 5360 5359
3 1338 5362 5360
3 5360 5362 5359
3 5362 839 5359
3 1338 5278 5362
3 48 3329 5278
3 5278 3329 5362
3 3329 839 5362
3 240 5363 5365
3 1360 5364 5363
3 5363 5364 5365
3 5364 1361 5365
3 232 5361 5367
3 1359 5366 5361
3 5361 5366 5367
3 5366 1360 5367
3 1360 5366 5364
3 1359 5368 5366
3 5366 5368 5364
3 5368 1361 5364
3 1359 5358 5368
3 59 5369 5358
3 5358 5369 5368
3 5369 1361 5368
3 241 5370 5372
3 1362 5371 5370
3 5370 5371 5372
3 5371 1363 5372
3 232 5367 5374
3 1360 5373 5367
3 5367 5373 5374
3 5373 1362 5374
3 1362 5373 5371
3 1360 5375 5373
3 5373 5375 5371
3 5375 1363 5371
3 1360 5363 5375
3 240 5376 5363
3 5363 5376 5375
3 5376 1363 5375
3 241 5377 5370
3 1364 5378 5377
3 5377 5378 5370
3 5378 1362 5370
3 231 5280 5380
3 1339 5379 5280
3 5280 5379 5380
3 5379 1364 5380
3 1364 5379 5378
3 1339 5381 5379
3 5379 5381 5378
3 5381 1362 5378
3 1339 5283 5381
3 232 5374 5283
3 5283 5374 5381
3 5374 1362 5381
3 236 5317 5383
3 1350 5382 5317
3 5317 5382 5383
3 5382 1365 5383
3 231 5380 5323
3 1364 5384 5380
3 5380 5384 5323
3 5384 1350 5323
3 1350 5384 5382
3 1364 5385 5384
3 5384 5385 5382
3 5385 1365 5382
3 1364 5377 5385
3 241 5386 5377
3 5377 5386 5385
3 5386 1365 5385
3 236 5383 5388
3 1365 5387 5383
3 5383 5387 5388
3 5387 1367 5388
3 241 5389 5386
3 1366 5390 5389
3 5389 5390 5386
3 5390 1365 5386
3 1365 5390 5387
3 1366 5391 5390
3 5390 5391 5387
3 5391 1367 5387
3 1366 5392 5391
3 242 5393 5392
3 5392 5393 5391
3 5393 1367 5391
3 243 5394 5396
3 1368 5395 5394
3 5394 5395 5396
3 5395 1369 5396
3 233 5297 5398
3 1343 5397 5297
3 5297 5397 5398
3 5397 1368 5398
3 1368 5397 5395
3 1343 5399 5397
3 5397 5399 5395
3 5399 1369 5395
3 1343 5293 5399
3 234 5400 5293
3 5293 5400 5399
3 5400 1369 5399
3 234 5401 5400
3 1370 5402 5401
3 5401 5402 5400
3 5402 1369 5400
3 244 5403 5405
3 1371 5404 5403
3 5403 5404 5405
3 5404 1370 5405
3 1370 5404 5402
3 1371 5406 5404
3 5404 5406 5402
3 5406 1369 5402
3 1371 5407 5406
3 243 5396 5407
3 5407 5396 5406
3 5396 1369 5406
3 244 5405 5409
3 1370 5408 5405
3 5405 5408 5409
3 5408 1372 5409
3 234 5307 5401
3 1345 5410 5307
3 5307 5410 5401
3 5410 1370 5401
3 1370 5410 5408
3 1345 5411 5410
3 5410 5411 5408
3 5411 1372 5408
3 1345 5303 5411
3 235 5412 5303
3 5303 5412 5411
3 5412 1372 5411
3 245 5413 5415
3 1373 5414 5413
3 5413 5414 5415
3 5414 1374 5415
3 244 5409 5417
3 1372 5416 5409
3 5409 5416 5417
3 5416 1373 5417
3 1373 5416 5414
3 1372 5418 5416
3 5416 5418 5414
3 5418 1374 5414
3 1372 5412 5418
3 235 5419 5412
3 5412 5419 5418
3 5419 1374 5418
3 235 5350 5419
3 1356 5420 5350
3 5350 5420 5419
3 5420 1374 5419
3 239 5421 5346
3 1375 5422 5421
3 5421 5422 5346
3 5422 1356 5346
3 1356 5422 5420
3 1375 5423 5422
3 5422 5423 5420
3 5423 1374 5420
3 1375 5424 5423
3 245 5415 5424
3 5424 5415 5423
3 5415 1374 5423
3 236 5388 5426
3 1367 5425 5388
3 5388 5425 5426
3 5425 1377 5426
3 242 5427 5393
3 1376 5428 5427
3 5427 5428 5393
3 5428 1367 5393
3 1367 5428 5425
3 1376 5429 5428
3 5428 5429 5425
3 5429 1377 5425
3 1376 5430 5429
3 246 5431 5430
3 5430 5431 5429
3 5431 1377 5429
3 246 5453 5431
3 1378 5433 5432
3 5433 1377 5432
3 5431 5432 1377
3 238 5434 5436
3 1379 5435 5434
3 5434 5435 5436
3 5435 1378 5436
3 1378 5435 5433
3 1379 5437 5435
3 5435 5437 5433
3 5437 1377 5433
3 1379 5438 5437
3 236 5426 5438
3 5438 5426 5437
3 5426 1377 5437
3 237 5320 5341
3 1348 5439 5320
3 5320 5439 5341
3 5439 1355 5341
3 236 5438 5315
3 1379 5440 5438
3 5438 5440 5315
3 5440 1348 5315
3 1348 5440 5439
3 1379 5441 5440
3 5440 5441 5439
3 5441 1355 5439
3 1379 5434 5441
3 238 5344 5434
3 5434 5344 5441
3 5344 1355 5441
3 247 5442 5444
3 1380 5443 5442
3 5442 5443 5444
3 5443 1381 5444
3 239 5354 5446
3 1358 5445 5354
3 5354 5445 5446
3 5445 1380 5446
3 1380 5445 5443
3 1358 5447 5445
3 5445 5447 5443
3 5447 1381 5443
3 1358 5357 5447
3 238 5448 5357
3 5357 5448 5447
3 5448 1381 5447
3 247 5444 5450
3 1381 5449 5444
3 5444 5449 5450
3 5449 1382 5450
3 238 5436 5448
3 1378 5451 5436
3 5436 5451 5448
3 5451 1381 5448
3 1381 5451 5449
3 1378 5452 5451
3 5451 5452 5449
3 5452 1382 5449
3 1378 5432 5452
3 5432 5431 5453
3 5432 5453 5452
3 5453 1382 5452
3 248 5454 5456
3 1383 5455 5454
3 5454 5455 5456
3 5455 1384 5456
3 245 5424 5458
3 1375 5457 5424
3 5424 5457 5458
3 5457 1383 5458
3 1383 5457 5455
3 1375 5459 5457
3 5457 5459 5455
3 5459 1384 5455
3 1375 5421 5459
3 239 5446 5421
3 5421 5460 5459
3 5460 1384 5459
3 5461 5462 247
3 1385 5462 5461
3 5442 247 5462
3 5462 5465 5442
3 248 5456 5464
3 1384 5463 5456
3 5456 5463 5464
3 5463 1385 5464
3 1385 5463 5462
3 1384 5465 5463
3 5463 5465 5462
3 1380 5442 5465
3 1384 5460 5465
3 5460 5421 5446
3 5446 1380 5460
3 5465 5460 1380
3 69 5466 3440
3 1386 5467 5466
3 5466 5467 3440
3 5467 868 3440
3 5365 5468 240
3 1361 5468 5365
3 5469 240 5468
3 5468 1386 5469
3 1386 5468 5467
3 1361 5470 5468
3 5468 5470 5467
3 5470 868 5467
3 1361 5369 5470
3 59 3444 5369
3 5369 3444 5470
3 3444 868 5470
3 249 5471 5473
3 1387 5472 5471
3 5471 5472 5473
3 5472 1388 5473
3 5475 5482 5469
3 1386 5474 5469
3 5469 5474 5475
3 5474 1387 5475
3 1387 5474 5472
3 1386 5476 5474
3 5474 5476 5472
3 5476 1388 5472
3 1386 5466 5476
3 69 5477 5466
3 5466 5477 5476
3 5477 1388 5476
3 5478 5479 250
3 1389 5481 5478
3 5480 250 5479
3 5479 1390 5480
3 240 5469 5482
3 1387 5481 5475
3 5481 1389 5475
3 5482 5475 1389
3 5479 5478 5481
3 1387 5483 5481
3 5481 5483 5479
3 5483 1390 5479
3 1387 5471 5483
3 249 5484 5471
3 5471 5484 5483
3 5484 1390 5483
3 240 5482 5376
3 1389 5485 5482
3 5482 5485 5376
3 5485 1363 5376
3 250 5486 5478
3 1391 5487 5486
3 5486 5487 5478
3 5487 1389 5478
3 1389 5487 5485
3 1391 5488 5487
3 5487 5488 5485
3 5488 1363 5485
3 1391 5489 5488
3 241 5372 5489
3 5489 5372 5488
3 5372 1363 5488
3 242 5392 5491
3 1366 5490 5392
3 5392 5490 5491
3 5490 1392 5491
3 241 5489 5389
3 1391 5492 5489
3 5489 5492 5389
3 5492 1366 5389
3 1366 5492 5490
3 1391 5493 5492
3 5492 5493 5490
3 5493 1392 5490
3 1391 5486 5493
3 250 5494 5486
3 5486 5494 5493
3 5494 1392 5493
3 5495 5496 242
3 1393 5498 5495
3 5427 242 5496
3 5496 1376 5427
3 251 5545 5499
3 1394 5498 5497
3 5498 1393 5497
3 5499 5497 1393
3 5496 5495 5498
3 1394 5500 5498
3 5498 5500 5496
3 5500 1376 5496
3 1394 5501 5500
3 246 5430 5501
3 5501 5430 5500
3 5430 1376 5500
3 252 5502 5504
3 1395 5503 5502
3 5502 5503 5504
3 5503 1396 5504
3 242 5491 5506
3 1392 5505 5491
3 5491 5505 5506
3 5505 1395 5506
3 1395 5505 5503
3 1392 5507 5505
3 5505 5507 5503
3 5507 1396 5503
3 1392 5494 5507
3 250 5508 5494
3 5494 5508 5507
3 5508 1396 5507
3 242 5506 5495
3 1395 5509 5506
3 5506 5509 5495
3 5509 1393 5495
3 252 5510 5502
3 1397 5511 5510
3 5510 5511 5502
3 5511 1395 5502
3 1395 5511 5509
3 1397 5512 5511
3 5511 5512 5509
3 5512 1393 5509
3 1397 5513 5512
3 251 5499 5513
3 5513 5499 5512
3 5499 1393 5512
3 243 5407 5515
3 1371 5514 5407
3 5407 5514 5515
3 5514 1399 5515
3 244 5516 5403
3 1398 5517 5516
3 5516 5517 5403
3 5517 1371 5403
3 1371 5517 5514
3 1398 5518 5517
3 5517 5518 5514
3 5518 1399 5514
3 1398 5519 5518
3 253 5520 5519
3 5519 5520 5518
3 5520 1399 5518
3 254 5521 5523
3 1400 5522 5521
3 5521 5522 5523
3 5522 1401 5523
3 253 5519 5525
3 1398 5524 5519
3 5519 5524 5525
3 5524 1400 5525
3 1400 5524 5522
3 1398 5526 5524
3 5524 5526 5522
3 5526 1401 5522
3 1398 5516 5526
3 244 5527 5516
3 5516 5527 5526
3 5527 1401 5526
3 245 5528 5413
3 1402 5529 5528
3 5528 5529 5413
3 5529 1373 5413
3 254 5523 5531
3 1401 5530 5523
3 5523 5530 5531
3 5530 1402 5531
3 1402 5530 5529
3 1401 5532 5530
3 5530 5532 5529
3 5532 1373 5529
3 1401 5527 5532
3 244 5417 5527
3 5527 5417 5532
3 5417 1373 5532
3 5535 5541 5533
3 5534 5535 1403
3 5533 1403 5535
3 5534 1404 5535
3 5531 5536 254
3 1402 5536 5531
3 5537 254 5536
3 5536 5534 5537
3 1403 5537 5534
3 1402 5538 5536
3 5536 5538 5534
3 5538 1404 5534
3 1402 5528 5538
3 245 5539 5528
3 5528 5539 5538
3 5539 1404 5538
3 255 5533 5541
3 1404 5540 5535
3 5535 5540 5541
3 5540 1405 5541
3 245 5458 5539
3 1383 5542 5458
3 5458 5542 5539
3 5542 1404 5539
3 1404 5542 5540
3 1383 5543 5542
3 5542 5543 5540
3 5543 1405 5540
3 1383 5454 5543
3 248 5544 5454
3 5454 5544 5543
3 5544 1405 5543
3 5497 5499 5545
3 1406 5546 5545
3 5545 5546 5497
3 5546 1394 5497
3 256 5547 5549
3 1407 5548 5547
3 5547 5548 5549
3 5548 1406 5549
3 1406 5548 5546
3 1407 5550 5548
3 5548 5550 5546
3 5550 1394 5546
3 1407 5551 5550
3 246 5501 5551
3 5551 5501 5550
3 5501 1394 5550
3 247 5552 5461
3 1408 5553 5552
3 5552 5553 5461
3 5553 1385 5461
3 5556 5547 5554
3 1409 5555 5554
3 5554 5555 5556
3 5555 1408 5556
3 1408 5555 5553
3 1409 5557 5555
3 5555 5557 5553
3 5557 1385 5553
3 1409 5558 5557
3 248 5464 5558
3 5558 5464 5557
3 5464 1385 5557
3 247 5450 5552
3 1382 5559 5450
3 5450 5559 5552
3 5559 1408 5552
3 5551 5560 246
3 1407 5561 5551
3 5453 246 5560
3 5560 1382 5453
3 1382 5560 5559
3 5560 5551 5561
3 5560 5561 5559
3 5561 1408 5559
3 5547 5556 1407
3 256 5554 5547
3 5561 1407 5556
3 5556 1408 5561
3 248 5562 5544
3 1410 5563 5562
3 5562 5563 5544
3 5563 1405 5544
3 5566 5573 5564
3 5565 5566 1411
3 5564 1411 5566
3 5565 1410 5566
3 1410 5565 5563
3 1411 5568 5565
3 5565 5567 5563
3 5567 1405 5563
3 5567 5565 5568
3 5541 5567 255
3 5568 255 5567
3 5541 1405 5567
3 248 5558 5562
3 1409 5569 5558
3 5558 5569 5562
3 5569 1410 5562
3 256 5570 5554
3 1412 5571 5570
3 5570 5571 5554
3 5571 1409 5554
3 1409 5571 5569
3 1412 5572 5571
3 5571 5572 5569
3 5572 1410 5569
3 1412 5573 5572
3 257 5564 5573
3 5573 5566 5572
3 5566 1410 5572
3 5574 5575 251
3 1413 5577 5574
3 5545 251 5575
3 5575 1406 5545
3 258 5663 5578
3 1414 5577 5576
3 5577 1413 5576
3 5578 5576 1413
3 5575 5574 5577
3 1414 5579 5577
3 5577 5579 5575
3 5579 1406 5575
3 1414 5580 5579
3 256 5549 5580
3 5580 5549 5579
3 5549 1406 5579
3 69 3489 5477
3 880 5581 3489
3 3489 5581 5477
3 5581 1388 5477
3 73 3559 3485
3 898 5582 3559
3 3559 5582 3485
3 5582 880 3485
3 880 5582 5581
3 898 5583 5582
3 5582 5583 5581
3 5583 1388 5581
3 898 3555 5583
3 249 5473 3555
3 3555 5473 5583
3 5473 1388 5583
3 259 5584 5586
3 1415 5585 5584
3 5584 5585 5586
3 5585 1417 5586
3 260 5587 5589
3 1416 5588 5587
3 5587 5588 5589
3 5588 1415 5589
3 1415 5588 5585
3 1416 5590 5588
3 5588 5590 5585
3 5590 1417 5585
3 1416 5591 5590
3 79 5592 5591
3 5591 5592 5590
3 5592 1417 5590
3 249 3557 5594
3 897 5593 3557
3 3557 5593 5594
3 5593 1418 5594
3 79 5591 3552
3 1416 5595 5591
3 5591 5595 3552
3 5595 897 3552
3 897 5595 5593
3 1416 5596 5595
3 5595 5596 5593
3 5596 1418 5593
3 1416 5587 5596
3 260 5597 5587
3 5587 5597 5596
3 5597 1418 5596
3 260 5598 5597
3 1419 5599 5598
3 5598 5599 5597
3 5599 1418 5597
3 5601 5508 5480
3 1390 5600 5480
3 5480 5600 5601
3 5600 1419 5601
3 1419 5600 5599
3 1390 5602 5600
3 5600 5602 5599
3 5602 1418 5599
3 1390 5484 5602
3 249 5594 5484
3 5484 5594 5602
3 5594 1418 5602
3 5504 5603 252
3 1396 5605 5504
3 5604 252 5603
3 5603 1420 5604
3 250 5480 5508
3 1419 5605 5601
3 5605 1396 5601
3 5508 5601 1396
3 5603 5504 5605
3 1419 5606 5605
3 5605 5606 5603
3 5606 1420 5603
3 1419 5598 5606
3 260 5607 5598
3 5598 5607 5606
3 5607 1420 5606
3 261 5608 5610
3 1421 5609 5608
3 5608 5609 5610
3 5609 1422 5610
3 258 5578 5612
3 1413 5611 5578
3 5578 5611 5612
3 5611 1421 5612
3 1421 5611 5609
3 1413 5613 5611
3 5611 5613 5609
3 5613 1422 5609
3 1413 5574 5613
3 251 5614 5574
3 5574 5614 5613
3 5614 1422 5613
3 252 5615 5510
3 1423 5616 5615
3 5615 5616 5510
3 5616 1397 5510
3 261 5610 5618
3 1422 5617 5610
3 5610 5617 5618
3 5617 1423 5618
3 1423 5617 5616
3 1422 5619 5617
3 5617 5619 5616
3 5619 1397 5616
3 1422 5614 5619
3 251 5513 5614
3 5614 5513 5619
3 5513 1397 5619
3 262 5620 5622
3 1424 5621 5620
3 5620 5621 5622
3 5621 1425 5622
3 5618 5623 261
3 1423 5625 5618
3 5624 261 5623
3 5623 1424 5624
3 1424 5623 5621
3 5623 5618 5625
3 5623 5625 5621
3 5625 1425 5621
3 5615 5626 1423
3 252 5604 5615
3 5625 1423 5626
3 5626 1425 5625
3 262 5622 5628
3 1425 5627 5622
3 5622 5627 5628
3 5627 1426 5628
3 5626 5615 5604
3 1420 5629 5604
3 5604 5629 5626
3 5629 1425 5626
3 1425 5629 5627
3 1420 5630 5629
3 5629 5630 5627
3 5630 1426 5627
3 1420 5607 5630
3 260 5631 5607
3 5607 5631 5630
3 5631 1426 5630
3 253 5525 5633
3 1400 5632 5525
3 5525 5632 5633
3 5632 1428 5633
3 254 5634 5521
3 1427 5635 5634
3 5634 5635 5521
3 5635 1400 5521
3 1400 5635 5632
3 1427 5636 5635
3 5635 5636 5632
3 5636 1428 5632
3 1427 5637 5636
3 263 5638 5637
3 5637 5638 5636
3 5638 1428 5636
3 264 5639 5641
3 1429 5640 5639
3 5639 5640 5641
3 5640 1430 5641
3 263 5637 5643
3 1427 5642 5637
3 5637 5642 5643
3 5642 1429 5643
3 1429 5642 5640
3 1427 5644 5642
3 5642 5644 5640
3 5644 1430 5640
3 1427 5634 5644
3 254 5645 5634
3 5634 5645 5644
3 5645 1430 5644
3 254 5537 5645
3 1403 5646 5537
3 5537 5646 5645
3 5646 1430 5645
3 255 5647 5533
3 1431 5648 5647
3 5647 5648 5533
3 5648 1403 5533
3 1403 5648 5646
3 1431 5649 5648
3 5648 5649 5646
3 5649 1430 5646
3 1431 5650 5649
3 264 5641 5650
3 5650 5641 5649
3 5641 1430 5649
3 265 5651 5653
3 1432 5652 5651
3 5651 5652 5653
3 5652 1433 5653
3 264 5650 5655
3 1431 5654 5650
3 5650 5654 5655
3 5654 1432 5655
3 1432 5654 5652
3 1431 5656 5654
3 5654 5656 5652
3 5656 1433 5652
3 1431 5647 5656
3 255 5657 5647
3 5647 5657 5656
3 5657 1433 5656
3 265 5653 5659
3 1433 5658 5653
3 5653 5658 5659
3 5658 1434 5659
3 255 5568 5657
3 1411 5660 5568
3 5568 5660 5657
3 5660 1433 5657
3 1433 5660 5658
3 1411 5661 5660
3 5660 5661 5658
3 5661 1434 5658
3 1411 5564 5661
3 257 5662 5564
3 5564 5662 5661
3 5662 1434 5661
3 5576 5578 5663
3 1435 5664 5663
3 5663 5664 5576
3 5664 1414 5576
3 266 5674 5667
3 1436 5666 5665
3 5665 5666 5667
3 5666 1435 5667
3 1435 5666 5664
3 1436 5668 5666
3 5666 5668 5664
3 5668 1414 5664
3 1436 5669 5668
3 256 5580 5669
3 5669 5580 5668
3 5580 1414 5668
3 5573 5670 257
3 1412 5670 5573
3 5671 257 5670
3 5670 5673 5671
3 256 5669 5570
3 1436 5672 5669
3 5669 5672 5570
3 5672 1412 5570
3 1412 5672 5670
3 1436 5673 5672
3 5672 5673 5670
3 1437 5671 5673
3 1436 5665 5673
3 5665 5667 5674
3 5674 1437 5665
3 5673 5665 1437
3 257 5671 5676
3 1437 5675 5671
3 5671 5675 5676
3 5675 1439 5676
3 266 5677 5674
3 1438 5678 5677
3 5677 5678 5674
3 5678 1437 5674
3 1437 5678 5675
3 1438 5679 5678
3 5678 5679 5675
3 5679 1439 5675
3 1438 5680 5679
3 267 5681 5680
3 5680 5681 5679
3 5681 1439 5679
3 265 5659 5683
3 1434 5682 5659
3 5659 5682 5683
3 5682 1440 5683
3 257 5676 5662
3 1439 5684 5676
3 5676 5684 5662
3 5684 1434 5662
3 1434 5684 5682
3 1439 5685 5684
3 5684 5685 5682
3 5685 1440 5682
3 1439 5681 5685
3 267 5686 5681
3 5681 5686 5685
3 5686 1440 5685
3 261 5687 5608
3 1441 5688 5687
3 5687 5688 5608
3 5688 1421 5608
3 268 5689 5691
3 1442 5690 5689
3 5689 5690 5691
3 5690 1441 5691
3 1441 5690 5688
3 1442 5692 5690
3 5690 5692 5688
3 5692 1421 5688
3 1442 5693 5692
3 258 5612 5693
3 5693 5612 5692
3 5612 1421 5692
3 258 5693 5695
3 1442 5694 5693
3 5693 5694 5695
3 5694 1444 5695
3 268 5696 5689
3 1443 5697 5696
3 5696 5697 5689
3 5697 1442 5689
3 1442 5697 5694
3 1443 5698 5697
3 5697 5698 5694
3 5698 1444 5694
3 5699 5700 1443
3 269 5700 5699
3 5698 1443 5700
3 5700 5701 5698
3 269 5778 5700
3 5702 1444 1445
3 5701 1445 1444
3 1444 5698 5701
3 5667 5703 266
3 1435 5703 5667
3 5704 266 5703
3 5703 5702 5704
3 1445 5704 5702
3 1435 5705 5703
3 5703 5705 5702
3 5705 5695 5702
3 1435 5663 5705
3 5695 5705 258
3 5663 258 5705
3 1444 5702 5695
3 259 5586 5707
3 1417 5706 5586
3 5586 5706 5707
3 5706 1446 5707
3 79 3677 5592
3 929 5708 3677
3 3677 5708 5592
3 5708 1417 5592
3 1417 5708 5706
3 929 5709 5708
3 5708 5709 5706
3 5709 1446 5706
3 929 3673 5709
3 3673 3675 5710
3 3673 5710 5709
3 5710 1446 5709
3 270 5718 5713
3 1447 5712 5711
3 5712 1448 5711
3 5713 5711 1448
3 259 5707 5715
3 1446 5714 5707
3 5707 5714 5715
3 5714 1447 5715
3 1447 5714 5712
3 1446 5716 5714
3 5714 5716 5712
3 5716 5717 5712
3 1446 5710 5716
3 5717 5716 90
3 5710 90 5716
3 1448 5712 5717
3 5711 5713 5718
3 1449 5719 5718
3 5718 5719 5711
3 5719 1447 5711
3 271 5720 5722
3 1450 5721 5720
3 5720 5721 5722
3 5721 1449 5722
3 1449 5721 5719
3 1450 5723 5721
3 5721 5723 5719
3 5723 1447 5719
3 1450 5724 5723
3 259 5715 5724
3 5724 5715 5723
3 5715 1447 5723
3 271 5725 5720
3 1451 5726 5725
3 5725 5726 5720
3 5726 1450 5720
3 262 5727 5729
3 1452 5728 5727
3 5727 5728 5729
3 5728 1451 5729
3 1451 5728 5726
3 1452 5730 5728
3 5728 5730 5726
3 5730 1450 5726
3 1452 5731 5730
3 259 5724 5731
3 5731 5724 5730
3 5724 1450 5730
3 260 5589 5631
3 1415 5732 5589
3 5589 5732 5631
3 5732 1426 5631
3 259 5731 5584
3 1452 5733 5731
3 5731 5733 5584
3 5733 1415 5584
3 1415 5733 5732
3 1452 5734 5733
3 5733 5734 5732
3 5734 1426 5732
3 1452 5727 5734
3 262 5628 5727
3 5727 5628 5734
3 5628 1426 5734
3 262 5729 5736
3 1451 5735 5729
3 5729 5735 5736
3 5735 1454 5736
3 271 5737 5725
3 1453 5738 5737
3 5737 5738 5725
3 5738 1451 5725
3 1451 5738 5735
3 1453 5739 5738
3 5738 5739 5735
3 5739 1454 5735
3 1453 5740 5739
3 272 5741 5740
3 5740 5741 5739
3 5741 1454 5739
3 261 5624 5687
3 1455 5743 5742
3 5743 1441 5742
3 5687 5742 1441
3 272 5744 5746
3 1456 5745 5744
3 5744 5745 5746
3 5745 1455 5746
3 1455 5745 5743
3 1456 5747 5745
3 5745 5747 5743
3 5747 5691 5743
3 1456 5748 5747
3 5691 5747 268
3 5748 268 5747
3 1441 5743 5691
3 262 5736 5620
3 1454 5749 5736
3 5736 5749 5620
3 5749 1424 5620
3 272 5746 5741
3 1455 5750 5746
3 5746 5750 5741
3 5750 1454 5741
3 1454 5750 5749
3 1455 5751 5750
3 5750 5751 5749
3 5751 1424 5749
3 1455 5742 5751
3 5742 5687 5624
3 5742 5624 5751
3 5624 1424 5751
3 273 5752 5754
3 1457 5753 5752
3 5752 5753 5754
3 5753 1459 5754
3 589 5755 5757
3 1458 5756 5755
3 5755 5756 5757
3 5756 1457 5757
3 1457 5756 5753
3 1458 5758 5756
3 5756 5758 5753
3 5758 1459 5753
3 1458 5759 5758
3 264 5760 5759
3 5759 5760 5758
3 5760 1459 5758
3 264 5655 5760
3 1432 5761 5655
3 5655 5761 5760
3 5761 1459 5760
3 265 5762 5651
3 1460 5763 5762
3 5762 5763 5651
3 5763 1432 5651
3 1432 5763 5761
3 1460 5764 5763
3 5763 5764 5761
3 5764 1459 5761
3 1460 5765 5764
3 273 5754 5765
3 5765 5754 5764
3 5754 1459 5764
3 274 5766 5768
3 1461 5767 5766
3 5766 5767 5768
3 5767 1462 5768
3 273 5765 5770
3 1460 5769 5765
3 5765 5769 5770
3 5769 1461 5770
3 1461 5769 5767
3 1460 5771 5769
3 5769 5771 5767
3 5771 1462 5767
3 1460 5762 5771
3 265 5772 5762
3 5762 5772 5771
3 5772 1462 5771
3 265 5683 5772
3 1440 5773 5683
3 5683 5773 5772
3 5773 1462 5772
3 267 5774 5686
3 1463 5775 5774
3 5774 5775 5686
3 5775 1440 5686
3 1440 5775 5773
3 1463 5776 5775
3 5775 5776 5773
3 5776 1462 5773
3 1463 5777 5776
3 274 5768 5777
3 5777 5768 5776
3 5768 1462 5776
3 5701 5700 5778
3 1464 5779 5778
3 5778 5779 5701
3 5779 1445 5701
3 275 5792 5782
3 1465 5781 5780
3 5780 5781 5782
3 5781 1464 5782
3 1464 5781 5779
3 1465 5783 5781
3 5781 5783 5779
3 5783 1445 5779
3 1465 5784 5783
3 266 5704 5784
3 5784 5704 5783
3 5704 1445 5783
3 267 5680 5786
3 1438 5785 5680
3 5680 5785 5786
3 5785 1466 5786
3 266 5784 5677
3 1465 5787 5784
3 5784 5787 5677
3 5787 1438 5677
3 1438 5787 5785
3 1465 5788 5787
3 5787 5788 5785
3 5788 1466 5785
3 1465 5780 5788
3 5780 5782 5792
3 5780 5789 5788
3 5789 1466 5788
3 267 5786 5791
3 1466 5790 5786
3 5786 5790 5791
3 5790 1468 5791
3 5789 5780 5792
3 1467 5793 5792
3 5792 5793 5789
3 5793 1466 5789
3 1466 5793 5790
3 1467 5794 5793
3 5793 5794 5790
3 5794 1468 5790
3 1467 5795 5794
3 276 5883 5795
3 5795 5796 5794
3 5796 1468 5794
3 5796 5795 5883
3 1469 5798 5797
3 5797 5798 5796
3 5798 1468 5796
3 274 5777 5800
3 1463 5799 5777
3 5777 5799 5800
3 5799 1469 5800
3 1469 5799 5798
3 1463 5801 5799
3 5799 5801 5798
3 5801 1468 5798
3 1463 5774 5801
3 267 5791 5774
3 5774 5791 5801
3 5791 1468 5801
3 272 5802 5744
3 1470 5803 5802
3 5802 5803 5744
3 5803 1456 5744
3 277 5804 5806
3 1471 5805 5804
3 5804 5805 5806
3 5805 1470 5806
3 1470 5805 5803
3 1471 5807 5805
3 5805 5807 5803
3 5807 1456 5803
3 1471 5808 5807
3 5808 5817 5748
3 5808 5748 5807
3 5748 1456 5807
3 278 5809 5811
3 5810 1473 1472
3 5809 1472 5811
3 5811 1472 1473
3 5782 5812 275
3 1464 5812 5782
3 5813 275 5812
3 5812 5810 5813
3 1472 5813 5810
3 1464 5814 5812
3 5812 5814 5810
3 5814 5815 5810
3 1464 5778 5814
3 5815 5814 269
3 5778 269 5814
3 1473 5810 5815
3 268 5748 5817
3 1471 5816 5808
3 5816 1475 5808
3 5817 5808 1475
3 277 5818 5804
3 1474 5819 5818
3 5818 5819 5804
3 5819 1471 5804
3 1471 5819 5816
3 1474 5820 5819
3 5819 5820 5816
3 5820 5830 5816
3 1474 5821 5820
3 279 5822 5821
3 5821 5822 5820
3 5822 5830 5820
3 269 5823 5815
3 1476 5824 5823
3 5823 5824 5815
3 5824 1473 5815
3 279 5825 5827
3 1477 5826 5825
3 5825 5826 5827
3 5826 1476 5827
3 1476 5826 5824
3 1477 5828 5826
3 5826 5828 5824
3 5828 1473 5824
3 1477 5829 5828
3 278 5811 5829
3 5829 5811 5828
3 5811 1473 5828
3 279 5827 5822
3 1476 5830 5827
3 5827 5830 5822
3 1475 5816 5830
3 269 5699 5823
3 1443 5832 5699
3 5699 5831 5823
3 5831 1476 5823
3 1476 5831 5830
3 5831 5699 5832
3 5832 1475 5831
3 5830 5831 1475
3 1443 5696 5832
3 268 5817 5696
3 5696 5817 5832
3 5817 1475 5832
3 90 3711 5717
3 937 5833 3711
3 3711 5833 5717
3 5833 1448 5717
3 93 3795 3707
3 959 5834 3795
3 3795 5834 3707
3 5834 937 3707
3 937 5834 5833
3 959 5835 5834
3 5834 5835 5833
3 5835 1448 5833
3 959 3791 5835
3 270 5713 3791
3 3791 5713 5835
3 5713 1448 5835
3 270 3793 5837
3 958 5836 3793
3 3793 5836 5837
3 5836 1479 5837
3 100 5838 3788
3 1478 5839 5838
3 5838 5839 3788
3 5839 958 3788
3 958 5839 5836
3 1478 5840 5839
3 5839 5840 5836
3 5840 1479 5836
3 1478 5841 5840
3 280 5842 5841
3 5841 5842 5840
3 5842 1479 5840
3 5837 5843 270
3 1479 5845 5837
3 5718 270 5843
3 5843 1449 5718
3 280 5844 5842
3 1480 5845 5844
3 5845 1479 5844
3 5842 5844 1479
3 5843 5837 5845
3 1480 5846 5845
3 5845 5846 5843
3 5846 1449 5843
3 1480 5847 5846
3 271 5722 5847
3 5847 5722 5846
3 5722 1449 5846
3 281 5848 5850
3 1481 5849 5848
3 5848 5849 5850
3 5849 1482 5850
3 271 5847 5852
3 1480 5851 5847
3 5847 5851 5852
3 5851 1481 5852
3 1481 5851 5849
3 1480 5853 5851
3 5851 5853 5849
3 5853 1482 5849
3 1480 5844 5853
3 280 5854 5844
3 5844 5854 5853
3 5854 1482 5853
3 272 5855 5802
3 1483 5856 5855
3 5855 5856 5802
3 5856 1470 5802
3 281 5857 5859
3 1484 5858 5857
3 5857 5858 5859
3 5858 1483 5859
3 1483 5858 5856
3 1484 5860 5858
3 5858 5860 5856
3 5860 1470 5856
3 1484 5861 5860
3 277 5806 5861
3 5861 5806 5860
3 5806 1470 5860
3 281 5859 5848
3 1483 5862 5859
3 5859 5862 5848
3 5862 1481 5848
3 272 5740 5855
3 1453 5863 5740
3 5740 5863 5855
3 5863 1483 5855
3 1483 5863 5862
3 1453 5864 5863
3 5863 5864 5862
3 5864 1481 5862
3 1453 5737 5864
3 271 5852 5737
3 5737 5852 5864
3 5852 1481 5864
3 273 5770 5866
3 1461 5865 5770
3 5770 5865 5866
3 5865 1486 5866
3 274 5867 5766
3 1485 5868 5867
3 5867 5868 5766
3 5868 1461 5766
3 1461 5868 5865
3 1485 5869 5868
3 5868 5869 5865
3 5869 1486 5865
3 1485 5870 5869
3 282 9751 5870
3 5870 5871 5869
3 5871 1486 5869
3 5874 5880 5872
3 5873 5874 1487
3 5872 1487 5874
3 5873 1488 5874
3 5870 5875 282
3 1485 5875 5870
3 5876 282 5875
3 5875 5873 5876
3 1487 5876 5873
3 1485 5877 5875
3 5875 5877 5873
3 5877 1488 5873
3 1485 5867 5877
3 274 5878 5867
3 5867 5878 5877
3 5878 1488 5877
3 283 5872 5880
3 1488 5879 5874
3 5874 5879 5880
3 5879 1489 5880
3 274 5800 5878
3 1469 5881 5800
3 5800 5881 5878
3 5881 1488 5878
3 1488 5881 5879
3 1469 5882 5881
3 5881 5882 5879
3 5882 1489 5879
3 1469 5797 5882
3 5797 5796 5883
3 5797 5883 5882
3 5883 1489 5882
3 275 5813 5885
3 1472 5884 5813
3 5813 5884 5885
3 5884 1491 5885
3 278 5886 5809
3 1490 5887 5886
3 5886 5887 5809
3 5887 1472 5809
3 1472 5887 5884
3 1490 5888 5887
3 5887 5888 5884
3 5888 1491 5884
3 1490 5889 5888
3 284 5890 5889
3 5889 5890 5888
3 5890 1491 5888
3 284 5891 5890
3 5892 1491 1492
3 5891 1492 5890
3 5890 1492 1491
3 5795 5893 276
3 1467 5893 5795
3 5894 276 5893
3 5893 5892 5894
3 1492 5894 5892
3 1467 5895 5893
3 5893 5895 5892
3 5895 5885 5892
3 1467 5792 5895
3 5885 5895 275
3 5792 275 5895
3 1491 5892 5885
3 276 5894 5897
3 1492 5896 5894
3 5894 5896 5897
3 5896 1494 5897
3 284 5898 5891
3 1493 5899 5898
3 5898 5899 5891
3 5899 1492 5891
3 1492 5899 5896
3 1493 5900 5899
3 5899 5900 5896
3 5900 1494 5896
3 1493 5901 5900
3 285 5902 5901
3 5901 5902 5900
3 5902 1494 5900
3 5880 5903 283
3 1489 5903 5880
3 5904 283 5903
3 5903 5906 5904
3 5897 5905 276
3 1494 5906 5897
3 5883 276 5905
3 5905 1489 5883
3 1489 5905 5903
3 5905 5897 5906
3 5905 5906 5903
3 1495 5904 5906
3 5902 1495 1494
3 285 5907 5902
3 5907 1495 5902
3 5906 1494 1495
3 283 5904 5909
3 1495 5908 5904
3 5904 5908 5909
3 5908 1497 5909
3 285 5910 5907
3 1496 5911 5910
3 5910 5911 5907
3 5911 1495 5907
3 1495 5911 5908
3 1496 5912 5911
3 5911 5912 5908
3 5912 1497 5908
3 1496 5913 5912
3 286 5914 5913
3 5913 5914 5912
3 5914 1497 5912
3 286 5915 5914
3 1498 5916 5915
3 5915 5916 5914
3 5916 1497 5914
3 606 5917 5919
3 1499 5918 5917
3 5917 5918 5919
3 5918 1498 5919
3 1498 5918 5916
3 1499 5920 5918
3 5918 5920 5916
3 5920 1497 5916
3 1499 5921 5920
3 283 5909 5921
3 5921 5909 5920
3 5909 1497 5920
3 287 5922 5924
3 1500 5923 5922
3 5922 5923 5924
3 5923 1501 5924
3 280 5841 5926
3 1478 5925 5841
3 5841 5925 5926
3 5925 1500 5926
3 1500 5925 5923
3 1478 5927 5925
3 5925 5927 5923
3 5927 1501 5923
3 1478 5838 5927
3 100 5928 5838
3 5838 5928 5927
3 5928 1501 5927
3 288 5929 5931
3 1502 5930 5929
3 5929 5930 5931
3 5930 1503 5931
3 277 5861 5933
3 1484 5932 5861
3 5861 5932 5933
3 5932 1502 5933
3 1502 5932 5930
3 1484 5934 5932
3 5932 5934 5930
3 5934 1503 5930
3 1484 5857 5934
3 281 5935 5857
3 5857 5935 5934
3 5935 1503 5934
3 5938 5946 5936
3 5937 5938 1504
3 5936 1504 5938
3 5937 1505 5938
3 279 5821 5940
3 1474 5939 5821
3 5821 5939 5940
3 5939 5937 5962
3 1504 5962 5937
3 1474 5941 5939
3 5939 5941 5937
3 5941 1505 5937
3 1474 5818 5941
3 277 5942 5818
3 5818 5942 5941
3 5942 1505 5941
3 288 5943 5929
3 1506 5944 5943
3 5943 5944 5929
3 5944 1502 5929
3 289 5936 5946
3 1505 5945 5938
3 5938 5945 5946
3 5945 1506 5946
3 1506 5945 5944
3 1505 5947 5945
3 5945 5947 5944
3 5947 1502 5944
3 1505 5942 5947
3 277 5933 5942
3 5942 5933 5947
3 5933 1502 5947
3 290 5948 5950
3 1507 5949 5948
3 5948 5949 5950
3 5949 1508 5950
3 284 5889 5952
3 1490 5951 5889
3 5889 5951 5952
3 5951 1507 5952
3 1507 5951 5949
3 1490 5953 5951
3 5951 5953 5949
3 5953 1508 5949
3 1490 5886 5953
3 278 5954 5886
3 5886 5954 5953
3 5954 1508 5953
3 291 5955 5957
3 1509 5956 5955
3 5955 5956 5957
3 5956 1510 5957
3 278 5829 5959
3 1477 5958 5829
3 5829 5958 5959
3 5958 1509 5959
3 1509 5958 5956
3 1477 5960 5958
3 5958 5960 5956
3 5960 1510 5956
3 1477 5825 5960
3 279 5961 5825
3 5825 5961 5960
3 5961 1510 5960
3 279 5940 5961
3 5940 5939 5962
3 5940 5962 5961
3 5962 1510 5961
3 289 5963 5936
3 1511 5964 5963
3 5963 5964 5936
3 5964 1504 5936
3 5964 5965 1504
3 1511 5966 5964
3 5962 1504 5965
3 5965 1510 5962
3 5965 5964 5966
3 291 5957 5966
3 5966 5957 5965
3 5957 1510 5965
3 278 5959 5954
3 5967 1508 1509
3 5959 1509 1508
3 5954 5959 1508
3 5968 5969 291
3 1512 5969 5968
3 5955 291 5969
3 5969 5967 5955
3 1509 5955 5967
3 1512 5970 5969
3 5969 5970 5967
3 5970 5950 5967
3 1512 5971 5970
3 5950 5970 290
3 5971 290 5970
3 1508 5967 5950
3 100 3897 5928
3 985 5972 3897
3 3897 5972 5928
3 5972 1501 5928
3 109 3914 3893
3 990 5973 3914
3 3914 5973 3893
3 5973 985 3893
3 985 5973 5972
3 990 5974 5973
3 5973 5974 5972
3 5974 1501 5972
3 990 3910 5974
3 287 5924 3910
3 3910 5924 5974
3 5924 1501 5974
3 281 5850 5976
3 1482 5975 5850
3 5850 5975 5976
3 5975 1514 5976
3 280 5977 5854
3 1513 5978 5977
3 5977 5978 5854
3 5978 1482 5854
3 1482 5978 5975
3 1513 5979 5978
3 5978 5979 5975
3 5979 1514 5975
3 1513 5980 5979
3 292 5981 5980
3 5980 5981 5979
3 5981 1514 5979
3 5982 5983 287
3 1515 5983 5982
3 5922 287 5983
3 5983 5986 5922
3 292 5980 5985
3 1513 5984 5980
3 5980 5984 5985
3 5984 1515 5985
3 1515 5984 5983
3 1513 5986 5984
3 5984 5986 5983
3 1500 5922 5986
3 1513 5977 5986
3 280 5926 5977
3 5926 1500 5977
3 5986 5977 1500
3 281 5976 5935
3 1514 5987 5976
3 5976 5987 5935
3 5987 1503 5935
3 292 5988 5981
3 1516 5989 5988
3 5988 5989 5981
3 5989 1514 5981
3 1514 5989 5987
3 1516 5990 5989
3 5989 5990 5987
3 5990 1503 5987
3 1516 5991 5990
3 288 5931 5991
3 5991 5931 5990
3 5931 1503 5990
3 5993 5982 3912
3 5992 5993 989
3 3912 989 5993
3 5992 1518 5993
3 5994 5995 111
3 1517 5995 5994
3 3907 111 5995
3 5995 5992 3907
3 989 3907 5992
3 1517 5996 5995
3 5995 5996 5992
3 5996 1518 5992
3 1517 5997 5996
3 293 5998 5997
3 5997 5998 5996
3 5998 1518 5996
3 287 3912 5982
3 1518 5999 5993
3 5993 5999 5982
3 5999 1515 5982
3 293 6000 5998
3 1519 6001 6000
3 6000 6001 5998
3 6001 1518 5998
3 1518 6001 5999
3 1519 6002 6001
3 6001 6002 5999
3 6002 1515 5999
3 1519 6003 6002
3 292 5985 6003
3 6003 5985 6002
3 5985 1515 6002
3 294 6004 6006
3 1520 6005 6004
3 6004 6005 6006
3 6005 1521 6006
3 288 5991 6008
3 1516 6007 5991
3 5991 6007 6008
3 6007 1520 6008
3 1520 6007 6005
3 1516 6009 6007
3 6007 6009 6005
3 6009 1521 6005
3 1516 5988 6009
3 292 6010 5988
3 5988 6010 6009
3 6010 1521 6009
3 6013 6021 6011
3 6012 6013 1522
3 6011 1522 6013
3 6012 1523 6013
3 5946 6014 289
3 1506 6014 5946
3 6015 289 6014
3 6014 6012 6015
3 1522 6015 6012
3 1506 6016 6014
3 6014 6016 6012
3 6016 1523 6012
3 1506 5943 6016
3 288 6017 5943
3 5943 6017 6016
3 6017 1523 6016
3 294 6018 6004
3 1524 6019 6018
3 6018 6019 6004
3 6019 1520 6004
3 295 6011 6021
3 1523 6020 6013
3 6013 6020 6021
3 6020 1524 6021
3 1524 6020 6019
3 1523 6022 6020
3 6020 6022 6019
3 6022 1520 6019
3 1523 6017 6022
3 288 6008 6017
3 6017 6008 6022
3 6008 1520 6022
3 296 6023 6025
3 1525 6024 6023
3 6023 6024 6025
3 6024 1526 6025
3 285 5901 6027
3 1493 6026 5901
3 5901 6026 6027
3 6026 1525 6027
3 1525 6026 6024
3 1493 6028 6026
3 6026 6028 6024
3 6028 1526 6024
3 1493 5898 6028
3 284 6029 5898
3 5898 6029 6028
3 6029 1526 6028
3 284 5952 6029
3 6030 1526 1507
3 5952 1507 1526
3 6029 5952 1526
3 6031 6032 290
3 1527 6032 6031
3 5948 290 6032
3 6032 6030 5948
3 1507 5948 6030
3 1527 6033 6032
3 6032 6033 6030
3 6033 6025 6030
3 1527 6034 6033
3 6025 6033 296
3 6034 296 6033
3 1526 6030 6025
3 297 6035 6037
3 1528 6036 6035
3 6035 6036 6037
3 6036 1529 6037
3 286 5913 6039
3 1496 6038 5913
3 5913 6038 6039
3 6038 1528 6039
3 1528 6038 6036
3 1496 6040 6038
3 6038 6040 6036
3 6040 1529 6036
3 1496 5910 6040
3 285 6041 5910
3 5910 6041 6040
3 6041 1529 6040
3 6037 6042 297
3 1529 6044 6037
3 6043 297 6042
3 6042 1530 6043
3 285 6027 6041
3 6044 1529 1525
3 6027 1525 1529
3 6041 6027 1529
3 6042 6037 6044
3 1525 6023 6044
3 6044 6045 6042
3 6045 1530 6042
3 6045 6044 6023
3 6046 6045 296
3 6023 296 6045
3 6046 1530 6045
3 298 6047 6049
3 1531 6048 6047
3 6047 6048 6049
3 6048 1532 6049
3 6051 6046 6034
3 1527 6050 6034
3 6034 6050 6051
3 6050 1531 6051
3 1531 6050 6048
3 1527 6052 6050
3 6050 6052 6048
3 6052 1532 6048
3 1527 6031 6052
3 290 5971 6031
3 6031 6053 6052
3 6053 1532 6052
3 299 6054 6056
3 1533 6055 6054
3 6054 6055 6056
3 6055 1534 6056
3 291 5966 6058
3 6057 6058 1511
3 5966 1511 6058
3 1533 6066 6057
3 1533 6057 6055
3 1511 6059 6057
3 6057 6059 6055
3 6059 1534 6055
3 1511 5963 6059
3 289 6060 5963
3 5963 6060 6059
3 6060 1534 6059
3 295 6061 6011
3 1535 6062 6061
3 6061 6062 6011
3 6062 1522 6011
3 299 6056 6064
3 1534 6063 6056
3 6056 6063 6064
3 6063 1535 6064
3 1535 6063 6062
3 1534 6065 6063
3 6063 6065 6062
3 6065 1522 6062
3 1534 6060 6065
3 289 6015 6060
3 6060 6015 6065
3 6015 1522 6065
3 291 6058 5968
3 1536 6067 6066
3 6066 6067 5968
3 6067 1512 5968
3 300 6068 6070
3 1537 6069 6068
3 6068 6069 6070
3 6069 1536 6070
3 1536 6069 6067
3 1537 6071 6069
3 6069 6071 6067
3 6071 1512 6067
3 1537 6072 6071
3 6072 6031 5971
3 6072 5971 6071
3 5971 1512 6071
3 6066 5968 6058
3 6073 1536 1533
3 6058 6057 6066
3 6066 1533 1536
3 6074 6075 299
3 1538 6075 6074
3 6054 299 6075
3 6075 6073 6054
3 1533 6054 6073
3 1538 6076 6075
3 6075 6076 6073
3 6076 6070 6073
3 1538 6077 6076
3 6070 6076 300
3 6077 300 6076
3 1536 6073 6070
3 298 6049 6079
3 1532 6078 6049
3 6049 6078 6079
3 6078 1539 6079
3 6053 6031 6072
3 1537 6080 6072
3 6072 6080 6053
3 6080 1532 6053
3 1532 6080 6078
3 1537 6081 6080
3 6080 6081 6078
3 6081 1539 6078
3 1537 6068 6081
3 300 6082 6068
3 6068 6082 6081
3 6082 1539 6081
3 293 5997 6084
3 1517 6083 5997
3 5997 6083 6084
3 6083 1540 6084
3 111 4013 5994
3 1021 6085 4032
3 4032 6085 5994
3 6085 1517 5994
3 1517 6085 6083
3 1021 6086 6085
3 6085 6086 6083
3 6086 1540 6083
3 1021 4028 6086
3 121 6087 4028
3 4028 6087 6086
3 6087 1540 6086
3 301 6088 6090
3 1541 6089 6088
3 6088 6089 6090
3 6089 1543 6090
3 294 6091 6093
3 1542 6092 6091
3 6091 6092 6093
3 6092 1541 6093
3 1541 6092 6089
3 1542 6094 6092
3 6092 6094 6089
3 6094 1543 6089
3 1542 6095 6094
3 293 6096 6095
3 6095 6096 6094
3 6096 1543 6094
3 292 6003 6010
3 1519 6097 6003
3 6003 6097 6010
3 6097 1521 6010
3 293 6095 6000
3 1542 6098 6095
3 6095 6098 6000
3 6098 1519 6000
3 1519 6098 6097
3 1542 6099 6098
3 6098 6099 6097
3 6099 1521 6097
3 1542 6091 6099
3 294 6006 6091
3 6091 6006 6099
3 6006 1521 6099
3 302 6100 6102
3 1544 6101 6100
3 6100 6101 6102
3 6101 1546 6102
3 301 6103 6105
3 1545 6104 6103
3 6103 6104 6105
3 6104 1544 6105
3 1544 6104 6101
3 1545 6106 6104
3 6104 6106 6101
3 6106 1546 6101
3 1545 6107 6106
3 121 6108 6107
3 6107 6108 6106
3 6108 1546 6106
3 293 6084 6096
3 1540 6109 6084
3 6084 6109 6096
3 6109 1543 6096
3 121 6107 6087
3 1545 6110 6107
3 6107 6110 6087
3 6110 1540 6087
3 1540 6110 6109
3 1545 6111 6110
3 6110 6111 6109
3 6111 1543 6109
3 1545 6103 6111
3 301 6090 6103
3 6103 6090 6111
3 6090 1543 6111
3 294 6112 6018
3 1547 6113 6112
3 6112 6113 6018
3 6113 1524 6018
3 6116 6123 6114
3 6115 6116 1548
3 6114 1548 6116
3 6115 1547 6116
3 1547 6115 6113
3 1548 6118 6115
3 6115 6117 6113
3 6117 1524 6113
3 6117 6115 6118
3 6021 6117 295
3 6118 295 6117
3 6021 1524 6117
3 294 6093 6112
3 1541 6119 6093
3 6093 6119 6112
3 6119 1547 6112
3 301 6120 6088
3 1549 6121 6120
3 6120 6121 6088
3 6121 1541 6088
3 1541 6121 6119
3 1549 6122 6121
3 6121 6122 6119
3 6122 1547 6119
3 1549 6123 6122
3 303 6114 6123
3 6123 6116 6122
3 6116 1547 6122
3 304 6124 6126
3 1550 6125 6124
3 6124 6125 6126
3 6125 1552 6126
3 619 6127 6129
3 1551 6128 6127
3 6127 6128 6129
3 6128 1550 6129
3 1550 6128 6125
3 1551 6130 6128
3 6128 6130 6125
3 6130 1552 6125
3 1551 6131 6130
3 297 6132 6131
3 6131 6132 6130
3 6132 1552 6130
3 295 6133 6061
3 1553 6134 6133
3 6133 6134 6061
3 6134 1535 6061
3 305 6135 6137
3 1554 6136 6135
3 6135 6136 6137
3 6136 1553 6137
3 1553 6136 6134
3 1554 6138 6136
3 6136 6138 6134
3 6138 1535 6134
3 1554 6139 6138
3 299 6064 6139
3 6139 6064 6138
3 6064 1535 6138
3 303 6140 6114
3 1555 6141 6140
3 6140 6141 6114
3 6141 1548 6114
3 305 6137 6143
3 1553 6142 6137
3 6137 6142 6143
3 6142 1555 6143
3 1555 6142 6141
3 1553 6144 6142
3 6142 6144 6141
3 6144 1548 6141
3 1553 6133 6144
3 295 6118 6133
3 6133 6118 6144
3 6118 1548 6144
3 297 6043 6132
3 1556 6146 6145
3 6146 1552 6145
3 6132 6145 1552
3 306 6147 6149
3 1557 6148 6147
3 6147 6148 6149
3 6148 1556 6149
3 1556 6148 6146
3 1557 6150 6148
3 6148 6150 6146
3 6150 6126 6146
3 1557 6151 6150
3 6126 6150 304
3 6151 304 6150
3 1552 6146 6126
3 6145 6132 6043
3 1530 6152 6043
3 6043 6152 6145
3 6152 1556 6145
3 296 6034 6046
3 1558 6154 6153
3 6153 6154 6046
3 6154 1530 6046
3 1530 6154 6152
3 1558 6155 6154
3 6154 6155 6152
3 6155 1556 6152
3 1558 6156 6155
3 306 6149 6156
3 6156 6149 6155
3 6149 1556 6155
3 6153 6046 6051
3 1531 6157 6051
3 6051 6157 6153
3 6157 1558 6153
3 298 6158 6047
3 1559 6159 6158
3 6158 6159 6047
3 6159 1531 6047
3 1531 6159 6157
3 1559 6160 6159
3 6159 6160 6157
3 6160 1558 6157
3 1559 6161 6160
3 306 6156 6161
3 6161 6156 6160
3 6156 1558 6160
3 307 6162 6164
3 1560 6163 6162
3 6162 6163 6164
3 6163 1561 6164
3 306 6161 6166
3 1559 6165 6161
3 6161 6165 6166
3 6165 1560 6166
3 1560 6165 6163
3 1559 6167 6165
3 6165 6167 6163
3 6167 1561 6163
3 1559 6158 6167
3 298 6168 6158
3 6158 6168 6167
3 6168 1561 6167
3 308 6169 6171
3 1562 6170 6169
3 6169 6170 6171
3 6170 1563 6171
3 298 6079 6173
3 1539 6172 6079
3 6079 6172 6173
3 6172 1562 6173
3 1562 6172 6170
3 1539 6174 6172
3 6172 6174 6170
3 6174 1563 6170
3 1539 6082 6174
3 300 6175 6082
3 6082 6175 6174
3 6175 1563 6174
3 307 6164 6177
3 1561 6176 6164
3 6164 6176 6177
3 6176 1564 6177
3 298 6173 6168
3 1562 6178 6173
3 6173 6178 6168
3 6178 1561 6168
3 1561 6178 6176
3 1562 6179 6178
3 6178 6179 6176
3 6179 1564 6176
3 1562 6169 6179
3 308 6180 6169
3 6169 6180 6179
3 6180 1564 6179
3 299 6139 6074
3 1565 6182 6181
3 6181 6182 6074
3 6182 1538 6074
3 309 6183 6185
3 1566 6184 6183
3 6183 6184 6185
3 6184 1565 6185
3 1565 6184 6182
3 1566 6186 6184
3 6184 6186 6182
3 6186 1538 6182
3 1566 6187 6186
3 6187 6175 6077
3 6187 6077 6186
3 6077 1538 6186
3 6188 6189 305
3 1567 6189 6188
3 6135 305 6189
3 6189 6192 6135
3 309 6185 6191
3 1565 6190 6185
3 6185 6190 6191
3 6190 1567 6191
3 1567 6190 6189
3 1565 6192 6190
3 6190 6192 6189
3 1554 6135 6192
3 1565 6181 6192
3 6181 6074 6139
3 6139 1554 6181
3 6192 6181 1554
3 6171 6193 308
3 1563 6195 6171
3 6194 308 6193
3 6193 1568 6194
3 300 6077 6175
3 1566 6195 6187
3 6195 1563 6187
3 6175 6187 1563
3 6193 6171 6195
3 1566 6196 6195
3 6195 6196 6193
3 6196 1568 6193
3 1566 6183 6196
3 309 6197 6183
3 6183 6197 6196
3 6197 1568 6196
3 121 4126 6108
3 1044 6198 4126
3 4126 6198 6108
3 6198 1546 6108
3 129 4143 4122
3 1049 6199 4143
3 4143 6199 4122
3 6199 1044 4122
3 1044 6199 6198
3 1049 6200 6199
3 6199 6200 6198
3 6200 1546 6198
3 1049 4139 6200
3 302 6102 4139
3 4139 6102 6200
3 6102 1546 6200
3 301 6105 6202
3 1544 6201 6105
3 6105 6201 6202
3 6201 1570 6202
3 302 6203 6100
3 1569 6204 6203
3 6203 6204 6100
3 6204 1544 6100
3 1544 6204 6201
3 1569 6205 6204
3 6204 6205 6201
3 6205 1570 6201
3 1569 6206 6205
3 310 6212 6206
3 6206 6207 6205
3 6207 1570 6205
3 6123 6208 303
3 1549 6208 6123
3 6209 303 6208
3 6208 6211 6209
3 301 6202 6120
3 1570 6210 6202
3 6202 6210 6120
3 6210 1549 6120
3 1549 6210 6208
3 1570 6211 6210
3 6210 6211 6208
3 1571 6209 6211
3 1570 6207 6211
3 6207 6206 6212
3 6212 1571 6207
3 6211 6207 1571
3 302 4141 6214
3 1048 6213 4141
3 4141 6213 6214
3 6213 1573 6214
3 131 6215 4136
3 1572 6216 6215
3 6215 6216 4136
3 6216 1048 4136
3 1048 6216 6213
3 1572 6217 6216
3 6216 6217 6213
3 6217 1573 6213
3 1572 6218 6217
3 311 6224 6218
3 6218 6219 6217
3 6219 1573 6217
3 6206 6220 310
3 1569 6220 6206
3 6221 310 6220
3 6220 6223 6221
3 302 6214 6203
3 1573 6222 6214
3 6214 6222 6203
3 6222 1569 6203
3 1569 6222 6220
3 1573 6223 6222
3 6222 6223 6220
3 1574 6221 6223
3 1573 6219 6223
3 6219 6218 6224
3 6224 1574 6219
3 6223 6219 1574
3 303 6209 6226
3 1571 6225 6209
3 6209 6225 6226
3 6225 1576 6226
3 310 6227 6212
3 1575 6228 6227
3 6227 6228 6212
3 6228 1571 6212
3 1571 6228 6225
3 1575 6229 6228
3 6228 6229 6225
3 6229 1576 6225
3 1575 6230 6229
3 312 6231 6230
3 6230 6231 6229
3 6231 1576 6229
3 312 6232 6231
3 1577 6233 6232
3 6232 6233 6231
3 6233 1576 6231
3 305 6143 6235
3 1555 6234 6143
3 6143 6234 6235
3 6234 1577 6235
3 1577 6234 6233
3 1555 6236 6234
3 6234 6236 6233
3 6236 1576 6233
3 1555 6140 6236
3 303 6226 6140
3 6140 6226 6236
3 6226 1576 6236
3 313 6237 6239
3 1578 6238 6237
3 6237 6238 6239
3 6238 1579 6239
3 6241 10066 6151
3 1557 6240 6151
3 6151 6240 6241
3 6240 1578 6241
3 1578 6240 6238
3 1557 6242 6240
3 6240 6242 6238
3 6242 1579 6238
3 1557 6147 6242
3 306 6243 6147
3 6147 6243 6242
3 6243 1579 6242
3 305 6235 6188
3 1580 6245 6244
3 6244 6245 6188
3 6245 1567 6188
3 314 6246 6248
3 1581 6247 6246
3 6246 6247 6248
3 6247 1580 6248
3 1580 6247 6245
3 1581 6249 6247
3 6247 6249 6245
3 6249 1567 6245
3 1581 6250 6249
3 309 6191 6250
3 6250 6191 6249
3 6191 1567 6249
3 6251 6252 312
3 1582 6252 6251
3 6232 312 6252
3 6252 6255 6232
3 314 6248 6254
3 1580 6253 6248
3 6248 6253 6254
3 6253 1582 6254
3 1582 6253 6252
3 1580 6255 6253
3 6253 6255 6252
3 1577 6232 6255
3 1580 6244 6255
3 6244 6188 6235
3 6235 1577 6244
3 6255 6244 1577
3 306 6166 6243
3 1560 6256 6166
3 6166 6256 6243
3 6256 1579 6243
3 307 6257 6162
3 1583 6258 6257
3 6257 6258 6162
3 6258 1560 6162
3 1560 6258 6256
3 1583 6259 6258
3 6258 6259 6256
3 6259 1579 6256
3 1583 6260 6259
3 313 6239 6260
3 6260 6239 6259
3 6239 1579 6259
3 315 6261 6263
3 1584 6262 6261
3 6261 6262 6263
3 6262 1585 6263
3 313 6260 6265
3 1583 6264 6260
3 6260 6264 6265
3 6264 1584 6265
3 1584 6264 6262
3 1583 6266 6264
3 6264 6266 6262
3 6266 1585 6262
3 1583 6257 6266
3 307 6267 6257
3 6257 6267 6266
3 6267 1585 6266
3 307 6268 6267
3 1586 6269 6268
3 6268 6269 6267
3 6269 1585 6267
3 316 6270 6272
3 1587 6271 6270
3 6270 6271 6272
3 6271 1586 6272
3 1586 6271 6269
3 1587 6273 6271
3 6271 6273 6269
3 6273 1585 6269
3 1587 6274 6273
3 315 6263 6274
3 6274 6263 6273
3 6263 1585 6273
3 307 6177 6268
3 1564 6275 6177
3 6177 6275 6268
3 6275 1586 6268
3 308 6276 6180
3 1588 6277 6276
3 6276 6277 6180
3 6277 1564 6180
3 1564 6277 6275
3 1588 6278 6277
3 6277 6278 6275
3 6278 1586 6275
3 1588 6279 6278
3 316 6272 6279
3 6279 6272 6278
3 6272 1586 6278
3 317 6280 6282
3 1589 6281 6280
3 6280 6281 6282
3 6281 1590 6282
3 6279 6283 316
3 1588 6285 6279
3 6284 316 6283
3 6283 1589 6284
3 1589 6283 6281
3 6283 6279 6285
3 6283 6285 6281
3 6285 1590 6281
3 6276 6286 1588
3 308 6194 6276
3 6285 1588 6286
3 6286 1590 6285
3 317 6282 6288
3 1590 6287 6282
3 6282 6287 6288
3 6287 1591 6288
3 6286 6276 6194
3 1568 6289 6194
3 6194 6289 6286
3 6289 1590 6286
3 1590 6289 6287
3 1568 6290 6289
3 6289 6290 6287
3 6290 1591 6287
3 1568 6197 6290
3 309 6291 6197
3 6197 6291 6290
3 6291 1591 6290
3 318 6292 6294
3 1592 6293 6292
3 6292 6293 6294
3 6293 1593 6294
3 317 6288 6296
3 1591 6295 6288
3 6288 6295 6296
3 6295 1592 6296
3 1592 6295 6293
3 1591 6297 6295
3 6295 6297 6293
3 6297 1593 6293
3 1591 6291 6297
3 309 6250 6291
3 6291 6298 6297
3 6298 1593 6297
3 318 6294 6300
3 1593 6299 6294
3 6294 6299 6300
3 6299 1594 6300
3 6298 6291 6250
3 6301 6298 1581
3 6250 1581 6298
3 6301 1593 6298
3 1593 6301 6299
3 1581 6246 6301
3 6301 6302 6299
3 6302 1594 6299
3 6302 6301 6246
3 6303 6302 314
3 6246 314 6302
3 6303 1594 6302
3 131 4251 6215
3 1079 6304 4251
3 4251 6304 6215
3 6304 1572 6215
3 141 6305 4256
3 1595 6306 6305
3 6305 6306 4256
3 6306 1079 4256
3 1079 6306 6304
3 1595 6307 6306
3 6306 6307 6304
3 6307 1572 6304
3 1595 6308 6307
3 6218 6307 311
3 6308 311 6307
3 6218 1572 6307
3 311 6309 6224
3 1596 6310 6309
3 6309 6310 6224
3 6310 1574 6224
3 319 6311 6313
3 1597 6312 6311
3 6311 6312 6313
3 6312 1596 6313
3 1596 6312 6310
3 1597 6314 6312
3 6312 6314 6310
3 6314 1574 6310
3 1597 6315 6314
3 310 6221 6315
3 6315 6221 6314
3 6221 1574 6314
3 312 6230 6317
3 1575 6316 6230
3 6230 6316 6317
3 6316 1598 6317
3 310 6315 6227
3 1597 6318 6315
3 6315 6318 6227
3 6318 1575 6227
3 1575 6318 6316
3 1597 6319 6318
3 6318 6319 6316
3 6319 1598 6316
3 1597 6311 6319
3 319 6320 6311
3 6311 6320 6319
3 6320 1598 6319
3 311 6308 6322
3 1595 6321 6308
3 6308 6321 6322
3 6321 1600 6322
3 141 6323 6305
3 1599 6324 6323
3 6323 6324 6305
3 6324 1595 6305
3 1595 6324 6321
3 1599 6325 6324
3 6324 6325 6321
3 6325 1600 6321
3 1599 6326 6325
3 320 6327 6326
3 6326 6327 6325
3 6327 1600 6325
3 319 6313 6329
3 1596 6328 6313
3 6313 6328 6329
3 6328 1601 6329
3 311 6322 6309
3 1600 6330 6322
3 6322 6330 6309
3 6330 1596 6309
3 1596 6330 6328
3 1600 6331 6330
3 6330 6331 6328
3 6331 1601 6328
3 1600 6327 6331
3 320 6332 6327
3 6327 6332 6331
3 6332 1601 6331
3 321 6333 6335
3 1602 6334 6333
3 6333 6334 6335
3 6334 1603 6335
3 312 6317 6337
3 1598 6336 6317
3 6317 6336 6337
3 6336 1602 6337
3 1602 6336 6334
3 1598 6338 6336
3 6336 6338 6334
3 6338 1603 6334
3 1598 6320 6338
3 319 6339 6320
3 6320 6339 6338
3 6339 1603 6338
3 321 6340 6333
3 1604 6341 6340
3 6340 6341 6333
3 6341 1602 6333
3 314 6254 6343
3 1582 6342 6254
3 6254 6342 6343
3 6342 1604 6343
3 1604 6342 6341
3 1582 6344 6342
3 6342 6344 6341
3 6344 1602 6341
3 1582 6251 6344
3 312 6337 6251
3 6251 6337 6344
3 6337 1602 6344
3 322 6345 6347
3 1605 6346 6345
3 6345 6346 6347
3 6346 1607 6347
3 324 6348 6350
3 1606 6349 6348
3 6348 6349 6350
3 6349 1605 6350
3 1605 6349 6346
3 1606 6351 6349
3 6349 6351 6346
3 6351 1607 6346
3 1606 6352 6351
3 321 6353 6352
3 6352 6353 6351
3 6353 1607 6351
3 323 6354 6356
3 1608 6355 6354
3 6354 6355 6356
3 6355 1610 6356
3 632 6357 6359
3 1609 6358 6357
3 6357 6358 6359
3 6358 1608 6359
3 1608 6358 6355
3 1609 6360 6358
3 6358 6360 6355
3 6360 1610 6355
3 1609 6361 6360
3 315 6362 6361
3 6361 6362 6360
3 6362 1610 6360
3 318 6300 6364
3 1594 6363 6300
3 6300 6363 6364
3 6363 1612 6364
3 314 6343 6303
3 1611 6366 6365
3 6365 6366 6303
3 6366 1594 6303
3 1594 6366 6363
3 1611 6367 6366
3 6366 6367 6363
3 6367 1612 6363
3 1611 6368 6367
3 324 6369 6368
3 6368 6369 6367
3 6369 1612 6367
3 6365 6303 6343
3 6370 6365 1604
3 6343 1604 6365
3 6370 1611 6365
3 321 6352 6340
3 1606 6371 6352
3 6352 6371 6340
3 6371 1604 6340
3 1604 6371 6370
3 1606 6372 6371
3 6371 6372 6370
3 6372 1611 6370
3 1606 6348 6372
3 324 6368 6348
3 6348 6368 6372
3 6368 1611 6372
3 315 6373 6362
3 1613 6374 6373
3 6373 6374 6362
3 6374 1610 6362
3 325 6375 6377
3 1614 6376 6375
3 6375 6376 6377
3 6376 1613 6377
3 1613 6376 6374
3 1614 6378 6376
3 6376 6378 6374
3 6378 1610 6374
3 1614 6379 6378
3 323 6356 6379
3 6379 6356 6378
3 6356 1610 6378
3 325 6377 6381
3 1613 6380 6377
3 6377 6380 6381
3 6380 1615 6381
3 315 6274 6373
3 1587 6382 6274
3 6274 6382 6373
3 6382 1613 6373
3 1613 6382 6380
3 1587 6383 6382
3 6382 6383 6380
3 6383 1615 6380
3 1587 6270 6383
3 316 6384 6270
3 6270 6384 6383
3 6384 1615 6383
3 316 6284 6384
3 1616 6386 6385
3 6386 1615 6385
3 6384 6385 1615
3 326 6387 6389
3 1617 6388 6387
3 6387 6388 6389
3 6388 1616 6389
3 1616 6388 6386
3 1617 6390 6388
3 6388 6390 6386
3 6390 6381 6386
3 1617 6391 6390
3 6381 6390 325
3 6391 325 6390
3 1615 6386 6381
3 6385 6384 6284
3 1589 6392 6284
3 6284 6392 6385
3 6392 1616 6385
3 317 6393 6280
3 1618 6394 6393
3 6393 6394 6280
3 6394 1589 6280
3 1589 6394 6392
3 1618 6395 6394
3 6394 6395 6392
3 6395 1616 6392
3 1618 6396 6395
3 326 6389 6396
3 6396 6389 6395
3 6389 1616 6395
3 317 6397 6393
3 1619 6398 6397
3 6397 6398 6393
3 6398 1618 6393
3 6401 6407 6399
3 1620 6400 6399
3 6399 6400 6401
3 6400 1619 6401
3 1619 6400 6398
3 1620 6402 6400
3 6400 6402 6398
3 6402 1618 6398
3 1620 6403 6402
3 326 6396 6403
3 6403 6396 6402
3 6396 1618 6402
3 6404 6405 318
3 1621 6406 6404
3 6292 318 6405
3 6405 1592 6292
3 327 6399 6407
3 1619 6406 6401
3 6406 1621 6401
3 6407 6401 1621
3 6405 6404 6406
3 1619 6408 6406
3 6406 6408 6405
3 6408 1592 6405
3 1619 6397 6408
3 317 6296 6397
3 6397 6296 6408
3 6296 1592 6408
3 318 6364 6404
3 1612 6409 6364
3 6364 6409 6404
3 6409 1621 6404
3 324 6410 6369
3 1622 6411 6410
3 6410 6411 6369
3 6411 1612 6369
3 1612 6411 6409
3 1622 6412 6411
3 6411 6412 6409
3 6412 1621 6409
3 1622 6413 6412
3 327 6407 6413
3 6413 6407 6412
3 6407 1621 6412
3 141 4361 6323
3 1107 6414 4361
3 4361 6414 6323
3 6414 1599 6323
3 151 6415 4366
3 1623 6416 6415
3 6415 6416 4366
3 6416 1107 4366
3 1107 6416 6414
3 1623 6417 6416
3 6416 6417 6414
3 6417 1599 6414
3 1623 6418 6417
3 320 6326 6418
3 6418 6326 6417
3 6326 1599 6417
3 319 6329 6420
3 1601 6419 6329
3 6329 6419 6420
3 6419 1625 6420
3 320 6421 6332
3 1624 6422 6421
3 6421 6422 6332
3 6422 1601 6332
3 1601 6422 6419
3 1624 6423 6422
3 6422 6423 6419
3 6423 1625 6419
3 1624 6424 6423
3 328 6425 6424
3 6424 6425 6423
3 6425 1625 6423
3 321 6335 6427
3 1603 6426 6335
3 6335 6426 6427
3 6426 1626 6427
3 319 6420 6339
3 1625 6428 6420
3 6420 6428 6339
3 6428 1603 6339
3 1603 6428 6426
3 1625 6429 6428
3 6428 6429 6426
3 6429 1626 6426
3 1625 6425 6429
3 328 6430 6425
3 6425 6430 6429
3 6430 1626 6429
3 320 6418 6432
3 1623 6431 6418
3 6418 6431 6432
3 6431 1628 6432
3 151 6433 6415
3 1627 6434 6433
3 6433 6434 6415
3 6434 1623 6415
3 1623 6434 6431
3 1627 6435 6434
3 6434 6435 6431
3 6435 1628 6431
3 1627 6436 6435
3 329 6437 6436
3 6436 6437 6435
3 6437 1628 6435
3 328 6424 6439
3 1624 6438 6424
3 6424 6438 6439
3 6438 1629 6439
3 320 6432 6421
3 1628 6440 6432
3 6432 6440 6421
3 6440 1624 6421
3 1624 6440 6438
3 1628 6441 6440
3 6440 6441 6438
3 6441 1629 6438
3 1628 6437 6441
3 329 6442 6437
3 6437 6442 6441
3 6442 1629 6441
3 330 6443 6445
3 1630 6444 6443
3 6443 6444 6445
3 6444 1632 6445
3 322 6446 6448
3 1631 6447 6446
3 6446 6447 6448
3 6447 1630 6448
3 1630 6447 6444
3 1631 6449 6447
3 6447 6449 6444
3 6449 1632 6444
3 1631 6450 6449
3 328 6451 6450
3 6450 6451 6449
3 6451 1632 6449
3 321 6427 6353
3 1626 6452 6427
3 6427 6452 6353
3 6452 1607 6353
3 328 6450 6430
3 1631 6453 6450
3 6450 6453 6430
3 6453 1626 6430
3 1626 6453 6452
3 1631 6454 6453
3 6453 6454 6452
3 6454 1607 6452
3 1631 6446 6454
3 322 6347 6446
3 6446 6347 6454
3 6347 1607 6454
3 322 6448 6456
3 1630 6455 6448
3 6448 6455 6456
3 6455 1634 6456
3 330 6457 6443
3 1633 6458 6457
3 6457 6458 6443
3 6458 1630 6443
3 1630 6458 6455
3 1633 6459 6458
3 6458 6459 6455
3 6459 1634 6455
3 1633 6460 6459
3 331 6461 6460
3 6460 6461 6459
3 6461 1634 6459
3 322 6456 6345
3 1634 6462 6456
3 6456 6462 6345
3 6462 1605 6345
3 331 6463 6461
3 1635 6464 6463
3 6463 6464 6461
3 6464 1634 6461
3 1634 6464 6462
3 1635 6465 6464
3 6464 6465 6462
3 6465 1605 6462
3 1635 6466 6465
3 324 6350 6466
3 6466 6350 6465
3 6350 1605 6465
3 332 6467 6469
3 1636 6468 6467
3 6467 6468 6469
3 6468 1637 6469
3 323 6379 6471
3 1614 6470 6379
3 6379 6470 6471
3 6470 1636 6471
3 1636 6470 6468
3 1614 6472 6470
3 6470 6472 6468
3 6472 1637 6468
3 1614 6375 6472
3 325 6473 6375
3 6375 6473 6472
3 6473 1637 6472
3 327 6413 6475
3 1622 6474 6413
3 6413 6474 6475
3 6474 1639 6475
3 324 6476 6410
3 1638 6477 6476
3 6476 6477 6410
3 6477 1622 6410
3 1622 6477 6474
3 1638 6478 6477
3 6477 6478 6474
3 6478 1639 6474
3 1638 6479 6478
3 333 6480 6479
3 6479 6480 6478
3 6480 1639 6478
3 324 6466 6476
3 1635 6481 6466
3 6466 6481 6476
3 6481 1638 6476
3 331 6482 6463
3 1640 6483 6482
3 6482 6483 6463
3 6483 1635 6463
3 1635 6483 6481
3 1640 6484 6483
3 6483 6484 6481
3 6484 1638 6481
3 1640 6485 6484
3 333 6479 6485
3 6485 6479 6484
3 6479 1638 6484
3 325 6486 6473
3 1641 6487 6486
3 6486 6487 6473
3 6487 1637 6473
3 334 6488 6490
3 1642 6489 6488
3 6488 6489 6490
3 6489 1641 6490
3 1641 6489 6487
3 1642 6491 6489
3 6489 6491 6487
3 6491 1637 6487
3 1642 6492 6491
3 332 6469 6492
3 6492 6469 6491
3 6469 1637 6491
3 326 6493 6387
3 1643 6494 6493
3 6493 6494 6387
3 6494 1617 6387
3 334 6490 6496
3 1641 6495 6490
3 6490 6495 6496
3 6495 1643 6496
3 1643 6495 6494
3 1641 6497 6495
3 6495 6497 6494
3 6497 1617 6494
3 1641 6486 6497
3 325 6391 6486
3 6486 6391 6497
3 6391 1617 6497
3 326 6498 6493
3 1644 6499 6498
3 6498 6499 6493
3 6499 1643 6493
3 335 6500 6502
3 1645 6501 6500
3 6500 6501 6502
3 6501 1644 6502
3 1644 6501 6499
3 1645 6503 6501
3 6501 6503 6499
3 6503 1643 6499
3 1645 6504 6503
3 334 6496 6504
3 6504 6496 6503
3 6496 1643 6503
3 335 6502 6506
3 1644 6505 6502
3 6502 6505 6506
3 6505 1646 6506
3 326 6403 6498
3 1620 6507 6403
3 6403 6507 6498
3 6507 1644 6498
3 1644 6507 6505
3 1620 6508 6507
3 6507 6508 6505
3 6508 1646 6505
3 1620 6399 6508
3 327 6509 6399
3 6399 6509 6508
3 6509 1646 6508
3 327 6475 6509
3 1639 6510 6475
3 6475 6510 6509
3 6510 1646 6509
3 333 6511 6480
3 1647 6512 6511
3 6511 6512 6480
3 6512 1639 6480
3 1639 6512 6510
3 1647 6513 6512
3 6512 6513 6510
3 6513 1646 6510
3 1647 6514 6513
3 335 6506 6514
3 6514 6506 6513
3 6506 1646 6513
3 160 6515 4463
3 1648 6516 6515
3 6515 6516 4463
3 6516 1132 4463
3 329 6436 6518
3 1627 6517 6436
3 6436 6517 6518
3 6517 1648 6518
3 1648 6517 6516
3 1627 6519 6517
3 6517 6519 6516
3 6519 1132 6516
3 1627 6433 6519
3 151 4467 6433
3 6433 4467 6519
3 4467 1132 6519
3 328 6439 6521
3 1629 6520 6439
3 6439 6520 6521
3 6520 1650 6521
3 329 6522 6442
3 1649 6523 6522
3 6522 6523 6442
3 6523 1629 6442
3 1629 6523 6520
3 1649 6524 6523
3 6523 6524 6520
3 6524 1650 6520
3 1649 6525 6524
3 336 6526 6525
3 6525 6526 6524
3 6526 1650 6524
3 330 6445 6528
3 1632 6527 6445
3 6445 6527 6528
3 6527 1651 6528
3 328 6521 6451
3 1650 6529 6521
3 6521 6529 6451
3 6529 1632 6451
3 1632 6529 6527
3 1650 6530 6529
3 6529 6530 6527
3 6530 1651 6527
3 1650 6526 6530
3 336 6531 6526
3 6526 6531 6530
3 6531 1651 6530
3 337 6532 6534
3 1652 6533 6532
3 6532 6533 6534
3 6533 1653 6534
3 329 6518 6536
3 1648 6535 6518
3 6518 6535 6536
3 6535 1652 6536
3 1652 6535 6533
3 1648 6537 6535
3 6535 6537 6533
3 6537 1653 6533
3 1648 6515 6537
3 160 6538 6515
3 6515 6538 6537
3 6538 1653 6537
3 337 6539 6532
3 1654 6540 6539
3 6539 6540 6532
3 6540 1652 6532
3 336 6525 6542
3 1649 6541 6525
3 6525 6541 6542
3 6541 1654 6542
3 1654 6541 6540
3 1649 6543 6541
3 6541 6543 6540
3 6543 1652 6540
3 1649 6522 6543
3 329 6536 6522
3 6522 6536 6543
3 6536 1652 6543
3 336 6544 6531
3 1655 6545 6544
3 6544 6545 6531
3 6545 1651 6531
3 338 6546 6548
3 1656 6547 6546
3 6546 6547 6548
3 6547 1655 6548
3 1655 6547 6545
3 1656 6549 6547
3 6547 6549 6545
3 6549 1651 6545
3 1656 6550 6549
3 330 6528 6550
3 6550 6528 6549
3 6528 1651 6549
3 331 6460 6552
3 1633 6551 6460
3 6460 6551 6552
3 6551 1657 6552
3 330 6550 6457
3 1656 6553 6550
3 6550 6553 6457
3 6553 1633 6457
3 1633 6553 6551
3 1656 6554 6553
3 6553 6554 6551
3 6554 1657 6551
3 1656 6546 6554
3 338 6555 6546
3 6546 6555 6554
3 6555 1657 6554
3 331 6556 6482
3 1658 6557 6556
3 6556 6557 6482
3 6557 1640 6482
3 339 6558 6560
3 1659 6559 6558
3 6558 6559 6560
3 6559 1658 6560
3 1658 6559 6557
3 1659 6561 6559
3 6559 6561 6557
3 6561 1640 6557
3 1659 6562 6561
3 333 6485 6562
3 6562 6485 6561
3 6485 1640 6561
3 339 6560 6564
3 1658 6563 6560
3 6560 6563 6564
3 6563 1660 6564
3 331 6552 6556
3 1657 6565 6552
3 6552 6565 6556
3 6565 1658 6556
3 1658 6565 6563
3 1657 6566 6565
3 6565 6566 6563
3 6566 1660 6563
3 1657 6555 6566
3 338 6567 6555
3 6555 6567 6566
3 6567 1660 6566
3 340 6568 6570
3 1661 6569 6568
3 6568 6569 6570
3 6569 1662 6570
3 332 6492 6572
3 1642 6571 6492
3 6492 6571 6572
3 6571 1661 6572
3 1661 6571 6569
3 1642 6573 6571
3 6571 6573 6569
3 6573 1662 6569
3 1642 6488 6573
3 334 6574 6488
3 6488 6574 6573
3 6574 1662 6573
3 335 6514 6576
3 1647 6575 6514
3 6514 6575 6576
3 6575 1664 6576
3 333 6577 6511
3 1663 6578 6577
3 6577 6578 6511
3 6578 1647 6511
3 1647 6578 6575
3 1663 6579 6578
3 6578 6579 6575
3 6579 1664 6575
3 1663 6580 6579
3 341 6581 6580
3 6580 6581 6579
3 6581 1664 6579
3 339 6582 6558
3 1665 6583 6582
3 6582 6583 6558
3 6583 1659 6558
3 341 6580 6585
3 1663 6584 6580
3 6580 6584 6585
3 6584 1665 6585
3 1665 6584 6583
3 1663 6586 6584
3 6584 6586 6583
3 6586 1659 6583
3 1663 6577 6586
3 333 6562 6577
3 6577 6562 6586
3 6562 1659 6586
3 342 6587 6589
3 1666 6588 6587
3 6587 6588 6589
3 6588 1667 6589
3 340 6570 6591
3 1662 6590 6570
3 6570 6590 6591
3 6590 1666 6591
3 1666 6590 6588
3 1662 6592 6590
3 6590 6592 6588
3 6592 1667 6588
3 1662 6574 6592
3 334 6593 6574
3 6574 6593 6592
3 6593 1667 6592
3 334 6504 6593
3 1645 6594 6504
3 6504 6594 6593
3 6594 1667 6593
3 335 6595 6500
3 1668 6596 6595
3 6595 6596 6500
3 6596 1645 6500
3 1645 6596 6594
3 1668 6597 6596
3 6596 6597 6594
3 6597 1667 6594
3 1668 6598 6597
3 342 6589 6598
3 6598 6589 6597
3 6589 1667 6597
3 335 6576 6595
3 1664 6599 6576
3 6576 6599 6595
3 6599 1668 6595
3 341 6600 6581
3 1669 6601 6600
3 6600 6601 6581
3 6601 1664 6581
3 1664 6601 6599
3 1669 6602 6601
3 6601 6602 6599
3 6602 1668 6599
3 1669 6603 6602
3 342 6598 6603
3 6603 6598 6602
3 6598 1668 6602
3 160 4555 6538
3 1156 6604 4555
3 4555 6604 6538
3 6604 1653 6538
3 168 6605 4560
3 1670 6606 6605
3 6605 6606 4560
3 6606 1156 4560
3 1156 6606 6604
3 1670 6607 6606
3 6606 6607 6604
3 6607 1653 6604
3 1670 6608 6607
3 337 6534 6608
3 6608 6534 6607
3 6534 1653 6607
3 343 6609 6611
3 1671 6610 6609
3 6609 6610 6611
3 6610 1672 6611
3 336 6542 6613
3 1654 6612 6542
3 6542 6612 6613
3 6612 1671 6613
3 1671 6612 6610
3 1654 6614 6612
3 6612 6614 6610
3 6614 1672 6610
3 1654 6539 6614
3 337 6615 6539
3 6539 6615 6614
3 6615 1672 6614
3 343 6616 6609
3 1673 6617 6616
3 6616 6617 6609
3 6617 1671 6609
3 338 6548 6619
3 1655 6618 6548
3 6548 6618 6619
3 6618 1673 6619
3 1673 6618 6617
3 1655 6620 6618
3 6618 6620 6617
3 6620 1671 6617
3 1655 6544 6620
3 336 6613 6544
3 6544 6613 6620
3 6613 1671 6620
3 344 6621 6623
3 1674 6622 6621
3 6621 6622 6623
3 6622 1675 6623
3 337 6608 6625
3 1670 6624 6608
3 6608 6624 6625
3 6624 1674 6625
3 1674 6624 6622
3 1670 6626 6624
3 6624 6626 6622
3 6626 1675 6622
3 1670 6605 6626
3 168 6627 6605
3 6605 6627 6626
3 6627 1675 6626
3 344 6628 6621
3 1676 6629 6628
3 6628 6629 6621
3 6629 1674 6621
3 343 6611 6631
3 1672 6630 6611
3 6611 6630 6631
3 6630 1676 6631
3 1676 6630 6629
3 1672 6632 6630
3 6630 6632 6629
3 6632 1674 6629
3 1672 6615 6632
3 337 6625 6615
3 6615 6625 6632
3 6625 1674 6632
3 345 6633 6635
3 1677 6634 6633
3 6633 6634 6635
3 6634 1678 6635
3 338 6619 6637
3 1673 6636 6619
3 6619 6636 6637
3 6636 1677 6637
3 1677 6636 6634
3 1673 6638 6636
3 6636 6638 6634
3 6638 1678 6634
3 1673 6616 6638
3 343 6639 6616
3 6616 6639 6638
3 6639 1678 6638
3 346 6640 6642
3 1679 6641 6640
3 6640 6641 6642
3 6641 1680 6642
3 339 6564 6644
3 1660 6643 6564
3 6564 6643 6644
3 6643 1679 6644
3 1679 6643 6641
3 1660 6645 6643
3 6643 6645 6641
3 6645 1680 6641
3 1660 6567 6645
3 338 6646 6567
3 6567 6646 6645
3 6646 1680 6645
3 345 6647 6633
3 1681 6648 6647
3 6647 6648 6633
3 6648 1677 6633
3 346 6642 6650
3 1680 6649 6642
3 6642 6649 6650
3 6649 1681 6650
3 1681 6649 6648
3 1680 6651 6649
3 6649 6651 6648
3 6651 1677 6648
3 1680 6646 6651
3 338 6637 6646
3 6646 6637 6651
3 6637 1677 6651
3 341 6585 6653
3 1665 6652 6585
3 6585 6652 6653
3 6652 1683 6653
3 339 6654 6582
3 1682 6655 6654
3 6654 6655 6582
3 6655 1665 6582
3 1665 6655 6652
3 1682 6656 6655
3 6655 6656 6652
3 6656 1683 6652
3 1682 6657 6656
3 347 6658 6657
3 6657 6658 6656
3 6658 1683 6656
3 346 6659 6640
3 1684 6660 6659
3 6659 6660 6640
3 6660 1679 6640
3 347 6657 6662
3 1682 6661 6657
3 6657 6661 6662
3 6661 1684 6662
3 1684 6661 6660
3 1682 6663 6661
3 6661 6663 6660
3 6663 1679 6660
3 1682 6654 6663
3 339 6644 6654
3 6654 6644 6663
3 6644 1679 6663
3 340 6591 6665
3 1666 6664 6591
3 6591 6664 6665
3 6664 1686 6665
3 342 6666 6587
3 1685 6667 6666
3 6666 6667 6587
3 6667 1666 6587
3 1666 6667 6664
3 1685 6668 6667
3 6667 6668 6664
3 6668 1686 6664
3 1685 6669 6668
3 348 6670 6669
3 6669 6670 6668
3 6670 1686 6668
3 349 6671 6673
3 1687 6672 6671
3 6671 6672 6673
3 6672 1688 6673
3 348 6669 6675
3 1685 6674 6669
3 6669 6674 6675
3 6674 1687 6675
3 1687 6674 6672
3 1685 6676 6674
3 6674 6676 6672
3 6676 1688 6672
3 1685 6666 6676
3 342 6677 6666
3 6666 6677 6676
3 6677 1688 6676
3 342 6603 6677
3 1669 6678 6603
3 6603 6678 6677
3 6678 1688 6677
3 341 6679 6600
3 1689 6680 6679
3 6679 6680 6600
3 6680 1669 6600
3 1669 6680 6678
3 1689 6681 6680
3 6680 6681 6678
3 6681 1688 6678
3 1689 6682 6681
3 349 6673 6682
3 6682 6673 6681
3 6673 1688 6681
3 347 6683 6658
3 1690 6684 6683
3 6683 6684 6658
3 6684 1683 6658
3 349 6682 6686
3 1689 6685 6682
3 6682 6685 6686
3 6685 1690 6686
3 1690 6685 6684
3 1689 6687 6685
3 6685 6687 6684
3 6687 1683 6684
3 1689 6679 6687
3 341 6653 6679
3 6679 6653 6687
3 6653 1683 6687
3 176 6688 4640
3 1691 6689 6688
3 6688 6689 4640
3 6689 1177 4640
3 344 6623 6691
3 1675 6690 6623
3 6623 6690 6691
3 6690 1691 6691
3 1691 6690 6689
3 1675 6692 6690
3 6690 6692 6689
3 6692 1177 6689
3 1675 6627 6692
3 168 4644 6627
3 6627 4644 6692
3 4644 1177 6692
3 350 6693 6695
3 1692 6694 6693
3 6693 6694 6695
3 6694 1693 6695
3 343 6631 6697
3 1676 6696 6631
3 6631 6696 6697
3 6696 1692 6697
3 1692 6696 6694
3 1676 6698 6696
3 6696 6698 6694
3 6698 1693 6694
3 1676 6628 6698
3 344 6699 6628
3 6628 6699 6698
3 6699 1693 6698
3 345 6635 6701
3 1678 6700 6635
3 6635 6700 6701
3 6700 1694 6701
3 343 6697 6639
3 1692 6702 6697
3 6697 6702 6639
3 6702 1678 6639
3 1678 6702 6700
3 1692 6703 6702
3 6702 6703 6700
3 6703 1694 6700
3 1692 6693 6703
3 350 6704 6693
3 6693 6704 6703
3 6704 1694 6703
3 176 6705 6688
3 1695 6706 6705
3 6705 6706 6688
3 6706 1691 6688
3 351 6707 6709
3 1696 6708 6707
3 6707 6708 6709
3 6708 1695 6709
3 1695 6708 6706
3 1696 6710 6708
3 6708 6710 6706
3 6710 1691 6706
3 1696 6711 6710
3 344 6691 6711
3 6711 6691 6710
3 6691 1691 6710
3 350 6695 6713
3 1693 6712 6695
3 6695 6712 6713
3 6712 1697 6713
3 344 6711 6699
3 1696 6714 6711
3 6711 6714 6699
3 6714 1693 6699
3 1693 6714 6712
3 1696 6715 6714
3 6714 6715 6712
3 6715 1697 6712
3 1696 6707 6715
3 351 6716 6707
3 6707 6716 6715
3 6716 1697 6715
3 345 6701 6718
3 1694 6717 6701
3 6701 6717 6718
3 6717 1699 6718
3 350 6719 6704
3 1698 6720 6719
3 6719 6720 6704
3 6720 1694 6704
3 1694 6720 6717
3 1698 6721 6720
3 6720 6721 6717
3 6721 1699 6717
3 1698 6722 6721
3 352 6723 6722
3 6722 6723 6721
3 6723 1699 6721
3 345 6718 6647
3 1699 6724 6718
3 6718 6724 6647
3 6724 1681 6647
3 352 6725 6723
3 1700 6726 6725
3 6725 6726 6723
3 6726 1699 6723
3 1699 6726 6724
3 1700 6727 6726
3 6726 6727 6724
3 6727 1681 6724
3 1700 6728 6727
3 346 6650 6728
3 6728 6650 6727
3 6650 1681 6727
3 347 6662 6730
3 1684 6729 6662
3 6662 6729 6730
3 6729 1702 6730
3 346 6731 6659
3 1701 6732 6731
3 6731 6732 6659
3 6732 1684 6659
3 1684 6732 6729
3 1701 6733 6732
3 6732 6733 6729
3 6733 1702 6729
3 1701 6734 6733
3 353 6735 6734
3 6734 6735 6733
3 6735 1702 6733
3 352 6736 6725
3 1703 6737 6736
3 6736 6737 6725
3 6737 1700 6725
3 353 6734 6739
3 1701 6738 6734
3 6734 6738 6739
3 6738 1703 6739
3 1703 6738 6737
3 1701 6740 6738
3 6738 6740 6737
3 6740 1700 6737
3 1701 6731 6740
3 346 6728 6731
3 6731 6728 6740
3 6728 1700 6740
3 349 6686 6742
3 1690 6741 6686
3 6686 6741 6742
3 6741 1705 6742
3 347 6743 6683
3 1704 6744 6743
3 6743 6744 6683
3 6744 1690 6683
3 1690 6744 6741
3 1704 6745 6744
3 6744 6745 6741
3 6745 1705 6741
3 1704 6746 6745
3 354 6747 6746
3 6746 6747 6745
3 6747 1705 6745
3 353 6748 6735
3 1706 6749 6748
3 6748 6749 6735
3 6749 1702 6735
3 354 6746 6751
3 1704 6750 6746
3 6746 6750 6751
3 6750 1706 6751
3 1706 6750 6749
3 1704 6752 6750
3 6750 6752 6749
3 6752 1702 6749
3 1704 6743 6752
3 347 6730 6743
3 6743 6730 6752
3 6730 1702 6752
3 348 6675 6754
3 1687 6753 6675
3 6675 6753 6754
3 6753 1708 6754
3 349 6755 6671
3 1707 6756 6755
3 6755 6756 6671
3 6756 1687 6671
3 1687 6756 6753
3 1707 6757 6756
3 6756 6757 6753
3 6757 1708 6753
3 1707 6758 6757
3 355 6759 6758
3 6758 6759 6757
3 6759 1708 6757
3 354 6760 6747
3 1709 6761 6760
3 6760 6761 6747
3 6761 1705 6747
3 355 6758 6763
3 1707 6762 6758
3 6758 6762 6763
3 6762 1709 6763
3 1709 6762 6761
3 1707 6764 6762
3 6762 6764 6761
3 6764 1705 6761
3 1707 6755 6764
3 349 6742 6755
3 6755 6742 6764
3 6742 1705 6764
3 351 6709 6766
3 1695 6765 6709
3 6709 6765 6766
3 6765 1710 6766
3 176 4725 6705
3 1198 6767 4725
3 4725 6767 6705
3 6767 1695 6705
3 1695 6767 6765
3 1198 6768 6767
3 6767 6768 6765
3 6768 1710 6765
3 1198 4721 6768
3 183 6769 4721
3 4721 6769 6768
3 6769 1710 6768
3 350 6713 6771
3 1697 6770 6713
3 6713 6770 6771
3 6770 1712 6771
3 351 6772 6716
3 1711 6773 6772
3 6772 6773 6716
3 6773 1697 6716
3 1697 6773 6770
3 1711 6774 6773
3 6773 6774 6770
3 6774 1712 6770
3 1711 6775 6774
3 356 6776 6775
3 6775 6776 6774
3 6776 1712 6774
3 350 6771 6719
3 1712 6777 6771
3 6771 6777 6719
3 6777 1698 6719
3 356 6778 6776
3 1713 6779 6778
3 6778 6779 6776
3 6779 1712 6776
3 1712 6779 6777
3 1713 6780 6779
3 6779 6780 6777
3 6780 1698 6777
3 1713 6781 6780
3 352 6722 6781
3 6781 6722 6780
3 6722 1698 6780
3 183 6782 6769
3 1714 6783 6782
3 6782 6783 6769
3 6783 1710 6769
3 357 6784 6786
3 1715 6785 6784
3 6784 6785 6786
3 6785 1714 6786
3 1714 6785 6783
3 1715 6787 6785
3 6785 6787 6783
3 6787 1710 6783
3 1715 6788 6787
3 351 6766 6788
3 6788 6766 6787
3 6766 1710 6787
3 357 6789 6784
3 1716 6790 6789
3 6789 6790 6784
3 6790 1715 6784
3 356 6775 6792
3 1711 6791 6775
3 6775 6791 6792
3 6791 1716 6792
3 1716 6791 6790
3 1711 6793 6791
3 6791 6793 6790
3 6793 1715 6790
3 1711 6772 6793
3 351 6788 6772
3 6772 6788 6793
3 6788 1715 6793
3 352 6794 6736
3 1717 6795 6794
3 6794 6795 6736
3 6795 1703 6736
3 358 6796 6798
3 1718 6797 6796
3 6796 6797 6798
3 6797 1717 6798
3 1717 6797 6795
3 1718 6799 6797
3 6797 6799 6795
3 6799 1703 6795
3 1718 6800 6799
3 353 6739 6800
3 6800 6739 6799
3 6739 1703 6799
3 356 6801 6778
3 1719 6802 6801
3 6801 6802 6778
3 6802 1713 6778
3 358 6798 6804
3 1717 6803 6798
3 6798 6803 6804
3 6803 1719 6804
3 1719 6803 6802
3 1717 6805 6803
3 6803 6805 6802
3 6805 1713 6802
3 1717 6794 6805
3 352 6781 6794
3 6794 6781 6805
3 6781 1713 6805
3 353 6806 6748
3 1720 6807 6806
3 6806 6807 6748
3 6807 1706 6748
3 359 6808 6810
3 1721 6809 6808
3 6808 6809 6810
3 6809 1720 6810
3 1720 6809 6807
3 1721 6811 6809
3 6809 6811 6807
3 6811 1706 6807
3 1721 6812 6811
3 354 6751 6812
3 6812 6751 6811
3 6751 1706 6811
3 359 6810 6814
3 1720 6813 6810
3 6810 6813 6814
3 6813 1722 6814
3 353 6800 6806
3 1718 6815 6800
3 6800 6815 6806
3 6815 1720 6806
3 1720 6815 6813
3 1718 6816 6815
3 6815 6816 6813
3 6816 1722 6813
3 1718 6796 6816
3 358 6817 6796
3 6796 6817 6816
3 6817 1722 6816
3 355 6763 6819
3 1709 6818 6763
3 6763 6818 6819
3 6818 1724 6819
3 354 6820 6760
3 1723 6821 6820
3 6820 6821 6760
3 6821 1709 6760
3 1709 6821 6818
3 1723 6822 6821
3 6821 6822 6818
3 6822 1724 6818
3 1723 6823 6822
3 360 6824 6823
3 6823 6824 6822
3 6824 1724 6822
3 359 6825 6808
3 1725 6826 6825
3 6825 6826 6808
3 6826 1721 6808
3 360 6823 6828
3 1723 6827 6823
3 6823 6827 6828
3 6827 1725 6828
3 1725 6827 6826
3 1723 6829 6827
3 6827 6829 6826
3 6829 1721 6826
3 1723 6820 6829
3 354 6812 6820
3 6820 6812 6829
3 6812 1721 6829
3 357 6786 6831
3 1714 6830 6786
3 6786 6830 6831
3 6830 1726 6831
3 183 4792 6782
3 1215 6832 4792
3 4792 6832 6782
3 6832 1714 6782
3 1714 6832 6830
3 1215 6833 6832
3 6832 6833 6830
3 6833 1726 6830
3 1215 4788 6833
3 189 6834 4788
3 4788 6834 6833
3 6834 1726 6833
3 361 6835 6837
3 1727 6836 6835
3 6835 6836 6837
3 6836 1728 6837
3 357 6831 6839
3 1726 6838 6831
3 6831 6838 6839
3 6838 1727 6839
3 1727 6838 6836
3 1726 6840 6838
3 6838 6840 6836
3 6840 1728 6836
3 1726 6834 6840
3 189 6841 6834
3 6834 6841 6840
3 6841 1728 6840
3 361 6842 6835
3 1729 6843 6842
3 6842 6843 6835
3 6843 1727 6835
3 362 6844 6846
3 1730 6845 6844
3 6844 6845 6846
3 6845 1729 6846
3 1729 6845 6843
3 1730 6847 6845
3 6845 6847 6843
3 6847 1727 6843
3 1730 6848 6847
3 357 6839 6848
3 6848 6839 6847
3 6839 1727 6847
3 357 6848 6789
3 1730 6849 6848
3 6848 6849 6789
3 6849 1716 6789
3 362 6850 6844
3 1731 6851 6850
3 6850 6851 6844
3 6851 1730 6844
3 1730 6851 6849
3 1731 6852 6851
3 6851 6852 6849
3 6852 1716 6849
3 1731 6853 6852
3 356 6792 6853
3 6853 6792 6852
3 6792 1716 6852
3 356 6853 6801
3 1731 6854 6853
3 6853 6854 6801
3 6854 1719 6801
3 362 6855 6850
3 1732 6856 6855
3 6855 6856 6850
3 6856 1731 6850
3 1731 6856 6854
3 1732 6857 6856
3 6856 6857 6854
3 6857 1719 6854
3 1732 6858 6857
3 358 6804 6858
3 6858 6804 6857
3 6804 1719 6857
3 363 6859 6861
3 1733 6860 6859
3 6859 6860 6861
3 6860 1734 6861
3 359 6814 6863
3 1722 6862 6814
3 6814 6862 6863
3 6862 1733 6863
3 1733 6862 6860
3 1722 6864 6862
3 6862 6864 6860
3 6864 1734 6860
3 1722 6817 6864
3 358 6865 6817
3 6817 6865 6864
3 6865 1734 6864
3 363 6861 6867
3 1734 6866 6861
3 6861 6866 6867
3 6866 1735 6867
3 358 6858 6865
3 1732 6868 6858
3 6858 6868 6865
3 6868 1734 6865
3 1734 6868 6866
3 1732 6869 6868
3 6868 6869 6866
3 6869 1735 6866
3 1732 6855 6869
3 362 6870 6855
3 6855 6870 6869
3 6870 1735 6869
3 364 6871 6873
3 1736 6872 6871
3 6871 6872 6873
3 6872 1737 6873
3 360 6828 6875
3 1725 6874 6828
3 6828 6874 6875
3 6874 1736 6875
3 1736 6874 6872
3 1725 6876 6874
3 6874 6876 6872
3 6876 1737 6872
3 1725 6825 6876
3 359 6877 6825
3 6825 6877 6876
3 6877 1737 6876
3 363 6878 6859
3 1738 6879 6878
3 6878 6879 6859
3 6879 1733 6859
3 364 6873 6881
3 1737 6880 6873
3 6873 6880 6881
3 6880 1738 6881
3 1738 6880 6879
3 1737 6882 6880
3 6880 6882 6879
3 6882 1733 6879
3 1737 6877 6882
3 359 6863 6877
3 6877 6863 6882
3 6863 1733 6882
3 361 6837 6884
3 1728 6883 6837
3 6837 6883 6884
3 6883 1739 6884
3 189 4847 6841
3 1229 6885 4847
3 4847 6885 6841
3 6885 1728 6841
3 1728 6885 6883
3 1229 6886 6885
3 6885 6886 6883
3 6886 1739 6883
3 1229 4843 6886
3 194 6887 4843
3 4843 6887 6886
3 6887 1739 6886
3 194 6888 6887
3 1740 6889 6888
3 6888 6889 6887
3 6889 1739 6887
3 365 6890 6892
3 1741 6891 6890
3 6890 6891 6892
3 6891 1740 6892
3 1740 6891 6889
3 1741 6893 6891
3 6891 6893 6889
3 6893 1739 6889
3 1741 6894 6893
3 361 6884 6894
3 6894 6884 6893
3 6884 1739 6893
3 361 6894 6842
3 1741 6895 6894
3 6894 6895 6842
3 6895 1729 6842
3 365 6896 6890
3 1742 6897 6896
3 6896 6897 6890
3 6897 1741 6890
3 1741 6897 6895
3 1742 6898 6897
3 6897 6898 6895
3 6898 1729 6895
3 1742 6899 6898
3 362 6846 6899
3 6899 6846 6898
3 6846 1729 6898
3 366 6900 6902
3 1743 6901 6900
3 6900 6901 6902
3 6901 1744 6902
3 362 6899 6904
3 1742 6903 6899
3 6899 6903 6904
3 6903 1743 6904
3 1743 6903 6901
3 1742 6905 6903
3 6903 6905 6901
3 6905 1744 6901
3 1742 6896 6905
3 365 6906 6896
3 6896 6906 6905
3 6906 1744 6905
3 366 6907 6900
3 1745 6908 6907
3 6907 6908 6900
3 6908 1743 6900
3 363 6867 6910
3 1735 6909 6867
3 6867 6909 6910
3 6909 1745 6910
3 1745 6909 6908
3 1735 6911 6909
3 6909 6911 6908
3 6911 1743 6908
3 1735 6870 6911
3 362 6904 6870
3 6870 6904 6911
3 6904 1743 6911
3 363 6912 6878
3 1746 6913 6912
3 6912 6913 6878
3 6913 1738 6878
3 367 6914 6916
3 1747 6915 6914
3 6914 6915 6916
3 6915 1746 6916
3 1746 6915 6913
3 1747 6917 6915
3 6915 6917 6913
3 6917 1738 6913
3 1747 6918 6917
3 364 6881 6918
3 6918 6881 6917
3 6881 1738 6917
3 366 6919 6907
3 1748 6920 6919
3 6919 6920 6907
3 6920 1745 6907
3 367 6916 6922
3 1746 6921 6916
3 6916 6921 6922
3 6921 1748 6922
3 1748 6921 6920
3 1746 6923 6921
3 6921 6923 6920
3 6923 1745 6920
3 1746 6912 6923
3 363 6910 6912
3 6912 6910 6923
3 6910 1745 6923
3 365 6892 6925
3 1740 6924 6892
3 6892 6924 6925
3 6924 1749 6925
3 194 4881 6888
3 1237 6926 4881
3 4881 6926 6888
3 6926 1740 6888
3 1740 6926 6924
3 1237 6927 6926
3 6926 6927 6924
3 6927 1749 6924
3 1237 4878 6927
3 196 6928 4878
3 4878 6928 6927
3 6928 1749 6927
3 368 6929 6931
3 1750 6930 6929
3 6929 6930 6931
3 6930 1751 6931
3 366 6902 6933
3 1744 6932 6902
3 6902 6932 6933
3 6932 1750 6933
3 1750 6932 6930
3 1744 6934 6932
3 6932 6934 6930
3 6934 1751 6930
3 1744 6906 6934
3 365 6935 6906
3 6906 6935 6934
3 6935 1751 6934
3 366 6933 6919
3 1750 6936 6933
3 6933 6936 6919
3 6936 1748 6919
3 368 6937 6929
3 1752 6938 6937
3 6937 6938 6929
3 6938 1750 6929
3 1750 6938 6936
3 1752 6939 6938
3 6938 6939 6936
3 6939 1748 6936
3 1752 6940 6939
3 367 6922 6940
3 6940 6922 6939
3 6922 1748 6939
3 368 6931 6942
3 1751 6941 6931
3 6931 6941 6942
3 6941 1753 6942
3 365 6925 6935
3 1749 6943 6925
3 6925 6943 6935
3 6943 1751 6935
3 1751 6943 6941
3 1749 6944 6943
3 6943 6944 6941
3 6944 1753 6941
3 1749 6928 6944
3 196 6945 6928
3 6928 6945 6944
3 6945 1753 6944
3 369 6946 6948
3 1754 6947 6946
3 6946 6947 6948
3 6947 1755 6948
3 3 2830 6950
3 712 6949 2830
3 2830 6949 6950
3 6949 1754 6950
3 1754 6949 6947
3 712 6951 6949
3 6949 6951 6947
3 6951 1755 6947
3 712 2835 6951
3 11 6952 2835
3 2835 6952 6951
3 6952 1755 6951
3 3 6950 6954
3 1754 6953 6950
3 6950 6953 6954
3 6953 1757 6954
3 369 6955 6946
3 1756 6956 6955
3 6955 6956 6946
3 6956 1754 6946
3 1754 6956 6953
3 1756 6957 6956
3 6956 6957 6953
3 6957 1757 6953
3 1756 6958 6957
3 370 6959 6958
3 6958 6959 6957
3 6959 1757 6957
3 370 6960 6959
3 1758 6961 6960
3 6960 6961 6959
3 6961 1757 6959
3 5 2777 6963
3 696 6962 2777
3 2777 6962 6963
3 6962 1758 6963
3 1758 6962 6961
3 696 6964 6962
3 6962 6964 6961
3 6964 1757 6961
3 696 2774 6964
3 3 6954 2774
3 2774 6954 6964
3 6954 1757 6964
3 370 6965 6960
3 1759 6966 6965
3 6965 6966 6960
3 6966 1758 6960
3 371 6967 6969
3 1760 6968 6967
3 6967 6968 6969
3 6968 1759 6969
3 1759 6968 6966
3 1760 6970 6968
3 6968 6970 6966
3 6970 1758 6966
3 1760 6971 6970
3 5 6963 6971
3 6971 6963 6970
3 6963 1758 6970
3 371 6972 6967
3 1761 6973 6972
3 6972 6973 6967
3 6973 1760 6967
3 12 2846 6975
3 714 6974 2846
3 2846 6974 6975
3 6974 1761 6975
3 1761 6974 6973
3 714 6976 6974
3 6974 6976 6973
3 6976 1760 6973
3 714 2843 6976
3 5 6971 2843
3 2843 6971 6976
3 6971 1760 6976
3 12 6975 6978
3 1761 6977 6975
3 6975 6977 6978
3 6977 1763 6978
3 371 6979 6972
3 1762 6980 6979
3 6979 6980 6972
3 6980 1761 6972
3 1761 6980 6977
3 1762 6981 6980
3 6980 6981 6977
3 6981 1763 6977
3 1762 6982 6981
3 372 6983 6982
3 6982 6983 6981
3 6983 1763 6981
3 373 6984 6986
3 1764 6985 6984
3 6984 6985 6986
3 6985 1765 6986
3 369 6948 6988
3 1755 6987 6948
3 6948 6987 6988
3 6987 1764 6988
3 1764 6987 6985
3 1755 6989 6987
3 6987 6989 6985
3 6989 1765 6985
3 1755 6952 6989
3 11 6990 6952
3 6952 6990 6989
3 6990 1765 6989
3 373 6991 6984
3 1766 6992 6991
3 6991 6992 6984
3 6992 1764 6984
3 374 6993 6995
3 1767 6994 6993
3 6993 6994 6995
3 6994 1766 6995
3 1766 6994 6992
3 1767 6996 6994
3 6994 6996 6992
3 6996 1764 6992
3 1767 6997 6996
3 369 6988 6997
3 6997 6988 6996
3 6988 1764 6996
3 374 6998 6993
3 1768 6999 6998
3 6998 6999 6993
3 6999 1767 6993
3 375 7000 7002
3 1769 7001 7000
3 7000 7001 7002
3 7001 1768 7002
3 1768 7001 6999
3 1769 7003 7001
3 7001 7003 6999
3 7003 1767 6999
3 1769 7004 7003
3 369 6997 7004
3 7004 6997 7003
3 6997 1767 7003
3 370 6958 7006
3 1756 7005 6958
3 6958 7005 7006
3 7005 1770 7006
3 369 7004 6955
3 1769 7007 7004
3 7004 7007 6955
3 7007 1756 6955
3 1756 7007 7005
3 1769 7008 7007
3 7007 7008 7005
3 7008 1770 7005
3 1769 7000 7008
3 375 7009 7000
3 7000 7009 7008
3 7009 1770 7008
3 370 7006 6965
3 1770 7010 7006
3 7006 7010 6965
3 7010 1759 6965
3 375 7011 7009
3 1771 7012 7011
3 7011 7012 7009
3 7012 1770 7009
3 1770 7012 7010
3 1771 7013 7012
3 7012 7013 7010
3 7013 1759 7010
3 1771 7014 7013
3 371 6969 7014
3 7014 6969 7013
3 6969 1759 7013
3 371 7015 6979
3 1772 7016 7015
3 7015 7016 6979
3 7016 1762 6979
3 376 7017 7019
3 1773 7018 7017
3 7017 7018 7019
3 7018 1772 7019
3 1772 7018 7016
3 1773 7020 7018
3 7018 7020 7016
3 7020 1762 7016
3 1773 7021 7020
3 372 6982 7021
3 7021 6982 7020
3 6982 1762 7020
3 371 7014 7015
3 1771 7022 7014
3 7014 7022 7015
3 7022 1772 7015
3 375 7023 7011
3 1774 7024 7023
3 7023 7024 7011
3 7024 1771 7011
3 1771 7024 7022
3 1774 7025 7024
3 7024 7025 7022
3 7025 1772 7022
3 1774 7026 7025
3 376 7019 7026
3 7026 7019 7025
3 7019 1772 7025
3 372 7027 6983
3 1775 7028 7027
3 7027 7028 6983
3 7028 1763 6983
3 19 2914 7030
3 732 7029 2914
3 2914 7029 7030
3 7029 1775 7030
3 1775 7029 7028
3 732 7031 7029
3 7029 7031 7028
3 7031 1763 7028
3 732 2910 7031
3 12 6978 2910
3 2910 6978 7031
3 6978 1763 7031
3 19 7030 7033
3 1775 7032 7030
3 7030 7032 7033
3 7032 1777 7033
3 372 7034 7027
3 1776 7035 7034
3 7034 7035 7027
3 7035 1775 7027
3 1775 7035 7032
3 1776 7036 7035
3 7035 7036 7032
3 7036 1777 7032
3 1776 7037 7036
3 377 7038 7037
3 7037 7038 7036
3 7038 1777 7036
3 378 7039 7041
3 1778 7040 7039
3 7039 7040 7041
3 7040 1779 7041
3 377 7037 7043
3 1776 7042 7037
3 7037 7042 7043
3 7042 1778 7043
3 1778 7042 7040
3 1776 7044 7042
3 7042 7044 7040
3 7044 1779 7040
3 1776 7034 7044
3 372 7045 7034
3 7034 7045 7044
3 7045 1779 7044
3 378 7041 7047
3 1779 7046 7041
3 7041 7046 7047
3 7046 1780 7047
3 372 7021 7045
3 1773 7048 7021
3 7021 7048 7045
3 7048 1779 7045
3 1779 7048 7046
3 1773 7049 7048
3 7048 7049 7046
3 7049 1780 7046
3 1773 7017 7049
3 376 7050 7017
3 7017 7050 7049
3 7050 1780 7049
3 374 6995 7052
3 1766 7051 6995
3 6995 7051 7052
3 7051 1782 7052
3 373 7053 6991
3 1781 7054 7053
3 7053 7054 6991
3 7054 1766 6991
3 1766 7054 7051
3 1781 7055 7054
3 7054 7055 7051
3 7055 1782 7051
3 1781 7056 7055
3 379 7057 7056
3 7056 7057 7055
3 7057 1782 7055
3 374 7052 7059
3 1782 7058 7052
3 7052 7058 7059
3 7058 1784 7059
3 379 7060 7057
3 1783 7061 7060
3 7060 7061 7057
3 7061 1782 7057
3 1782 7061 7058
3 1783 7062 7061
3 7061 7062 7058
3 7062 1784 7058
3 1783 7063 7062
3 380 7064 7063
3 7063 7064 7062
3 7064 1784 7062
3 374 7059 6998
3 1784 7065 7059
3 7059 7065 6998
3 7065 1768 6998
3 380 7066 7064
3 1785 7067 7066
3 7066 7067 7064
3 7067 1784 7064
3 1784 7067 7065
3 1785 7068 7067
3 7067 7068 7065
3 7068 1768 7065
3 1785 7069 7068
3 375 7002 7069
3 7069 7002 7068
3 7002 1768 7068
3 380 7070 7066
3 1786 7071 7070
3 7070 7071 7066
3 7071 1785 7066
3 381 7072 7074
3 1787 7073 7072
3 7072 7073 7074
3 7073 1786 7074
3 1786 7073 7071
3 1787 7075 7073
3 7073 7075 7071
3 7075 1785 7071
3 1787 7076 7075
3 375 7069 7076
3 7076 7069 7075
3 7069 1785 7075
3 376 7026 7078
3 1774 7077 7026
3 7026 7077 7078
3 7077 1788 7078
3 375 7076 7023
3 1787 7079 7076
3 7076 7079 7023
3 7079 1774 7023
3 1774 7079 7077
3 1787 7080 7079
3 7079 7080 7077
3 7080 1788 7077
3 1787 7072 7080
3 381 7081 7072
3 7072 7081 7080
3 7081 1788 7080
3 378 7047 7083
3 1780 7082 7047
3 7047 7082 7083
3 7082 1790 7083
3 376 7084 7050
3 1789 7085 7084
3 7084 7085 7050
3 7085 1780 7050
3 1780 7085 7082
3 1789 7086 7085
3 7085 7086 7082
3 7086 1790 7082
3 1789 7087 7086
3 382 7088 7087
3 7087 7088 7086
3 7088 1790 7086
3 376 7078 7084
3 1788 7089 7078
3 7078 7089 7084
3 7089 1789 7084
3 381 7090 7081
3 1791 7091 7090
3 7090 7091 7081
3 7091 1788 7081
3 1788 7091 7089
3 1791 7092 7091
3 7091 7092 7089
3 7092 1789 7089
3 1791 7093 7092
3 382 7087 7093
3 7093 7087 7092
3 7087 1789 7092
3 19 7033 2997
3 1777 7094 7033
3 7033 7094 2997
3 7094 754 2997
3 377 7095 7038
3 1792 7096 7095
3 7095 7096 7038
3 7096 1777 7038
3 1777 7096 7094
3 1792 7097 7096
3 7096 7097 7094
3 7097 754 7094
3 1792 7098 7097
3 27 2993 7098
3 7098 2993 7097
3 2993 754 7097
3 377 7099 7095
3 1793 7100 7099
3 7099 7100 7095
3 7100 1792 7095
3 383 7101 7103
3 1794 7102 7101
3 7101 7102 7103
3 7102 1793 7103
3 1793 7102 7100
3 1794 7104 7102
3 7102 7104 7100
3 7104 1792 7100
3 1794 7105 7104
3 27 7098 7105
3 7105 7098 7104
3 7098 1792 7104
3 377 7106 7099
3 1795 7107 7106
3 7106 7107 7099
3 7107 1793 7099
3 384 7108 7110
3 1796 7109 7108
3 7108 7109 7110
3 7109 1795 7110
3 1795 7109 7107
3 1796 7111 7109
3 7109 7111 7107
3 7111 1793 7107
3 1796 7112 7111
3 383 7103 7112
3 7112 7103 7111
3 7103 1793 7111
3 378 7113 7039
3 1797 7114 7113
3 7113 7114 7039
3 7114 1778 7039
3 384 7110 7116
3 1795 7115 7110
3 7110 7115 7116
3 7115 1797 7116
3 1797 7115 7114
3 1795 7117 7115
3 7115 7117 7114
3 7117 1778 7114
3 1795 7106 7117
3 377 7043 7106
3 7106 7043 7117
3 7043 1778 7117
3 385 7118 7120
3 1798 7119 7118
3 7118 7119 7120
3 7119 1799 7120
3 378 7083 7122
3 1790 7121 7083
3 7083 7121 7122
3 7121 1798 7122
3 1798 7121 7119
3 1790 7123 7121
3 7121 7123 7119
3 7123 1799 7119
3 1790 7088 7123
3 382 7124 7088
3 7088 7124 7123
3 7124 1799 7123
3 385 7125 7118
3 1800 7126 7125
3 7125 7126 7118
3 7126 1798 7118
3 384 7116 7128
3 1797 7127 7116
3 7116 7127 7128
3 7127 1800 7128
3 1800 7127 7126
3 1797 7129 7127
3 7127 7129 7126
3 7129 1798 7126
3 1797 7113 7129
3 378 7122 7113
3 7113 7122 7129
3 7122 1798 7129
3 380 7063 7131
3 1783 7130 7063
3 7063 7130 7131
3 7130 1802 7131
3 379 7132 7060
3 1801 7133 7132
3 7132 7133 7060
3 7133 1783 7060
3 1783 7133 7130
3 1801 7134 7133
3 7133 7134 7130
3 7134 1802 7130
3 1801 7135 7134
3 386 7136 7135
3 7135 7136 7134
3 7136 1802 7134
3 380 7131 7138
3 1802 7137 7131
3 7131 7137 7138
3 7137 1804 7138
3 386 7139 7136
3 1803 7140 7139
3 7139 7140 7136
3 7140 1802 7136
3 1802 7140 7137
3 1803 7141 7140
3 7140 7141 7137
3 7141 1804 7137
3 1803 7142 7141
3 387 7143 7142
3 7142 7143 7141
3 7143 1804 7141
3 380 7138 7070
3 1804 7144 7138
3 7138 7144 7070
3 7144 1786 7070
3 387 7145 7143
3 1805 7146 7145
3 7145 7146 7143
3 7146 1804 7143
3 1804 7146 7144
3 1805 7147 7146
3 7146 7147 7144
3 7147 1786 7144
3 1805 7148 7147
3 381 7074 7148
3 7148 7074 7147
3 7074 1786 7147
3 387 7149 7145
3 1806 7150 7149
3 7149 7150 7145
3 7150 1805 7145
3 388 7151 7153
3 1807 7152 7151
3 7151 7152 7153
3 7152 1806 7153
3 1806 7152 7150
3 1807 7154 7152
3 7152 7154 7150
3 7154 1805 7150
3 1807 7155 7154
3 381 7148 7155
3 7155 7148 7154
3 7148 1805 7154
3 382 7093 7157
3 1791 7156 7093
3 7093 7156 7157
3 7156 1808 7157
3 381 7155 7090
3 1807 7158 7155
3 7155 7158 7090
3 7158 1791 7090
3 1791 7158 7156
3 1807 7159 7158
3 7158 7159 7156
3 7159 1808 7156
3 1807 7151 7159
3 388 7160 7151
3 7151 7160 7159
3 7160 1808 7159
3 382 7157 7162
3 1808 7161 7157
3 7157 7161 7162
3 7161 1810 7162
3 388 7163 7160
3 1809 7164 7163
3 7163 7164 7160
3 7164 1808 7160
3 1808 7164 7161
3 1809 7165 7164
3 7164 7165 7161
3 7165 1810 7161
3 1809 7166 7165
3 389 7167 7166
3 7166 7167 7165
3 7167 1810 7165
3 385 7120 7169
3 1799 7168 7120
3 7120 7168 7169
3 7168 1811 7169
3 382 7162 7124
3 1810 7170 7162
3 7162 7170 7124
3 7170 1799 7124
3 1799 7170 7168
3 1810 7171 7170
3 7170 7171 7168
3 7171 1811 7168
3 1810 7167 7171
3 389 7172 7167
3 7167 7172 7171
3 7172 1811 7171
3 35 3079 7174
3 776 7173 3079
3 3079 7173 7174
3 7173 1812 7174
3 27 7105 3083
3 1794 7175 7105
3 7105 7175 3083
3 7175 776 3083
3 776 7175 7173
3 1794 7176 7175
3 7175 7176 7173
3 7176 1812 7173
3 1794 7101 7176
3 383 7177 7101
3 7101 7177 7176
3 7177 1812 7176
3 383 7178 7177
3 1813 7179 7178
3 7178 7179 7177
3 7179 1812 7177
3 390 7180 7182
3 1814 7181 7180
3 7180 7181 7182
3 7181 1813 7182
3 1813 7181 7179
3 1814 7183 7181
3 7181 7183 7179
3 7183 1812 7179
3 1814 7184 7183
3 35 7174 7184
3 7184 7174 7183
3 7174 1812 7183
3 383 7185 7178
3 1815 7186 7185
3 7185 7186 7178
3 7186 1813 7178
3 391 7187 7189
3 1816 7188 7187
3 7187 7188 7189
3 7188 1815 7189
3 1815 7188 7186
3 1816 7190 7188
3 7188 7190 7186
3 7190 1813 7186
3 1816 7191 7190
3 390 7182 7191
3 7191 7182 7190
3 7182 1813 7190
3 384 7192 7108
3 1817 7193 7192
3 7192 7193 7108
3 7193 1796 7108
3 391 7189 7195
3 1815 7194 7189
3 7189 7194 7195
3 7194 1817 7195
3 1817 7194 7193
3 1815 7196 7194
3 7194 7196 7193
3 7196 1796 7193
3 1815 7185 7196
3 383 7112 7185
3 7185 7112 7196
3 7112 1796 7196
3 384 7197 7192
3 1818 7198 7197
3 7197 7198 7192
3 7198 1817 7192
3 392 7199 7201
3 1819 7200 7199
3 7199 7200 7201
3 7200 1818 7201
3 1818 7200 7198
3 1819 7202 7200
3 7200 7202 7198
3 7202 1817 7198
3 1819 7203 7202
3 391 7195 7203
3 7203 7195 7202
3 7195 1817 7202
3 385 7204 7125
3 1820 7205 7204
3 7204 7205 7125
3 7205 1800 7125
3 392 7201 7207
3 1818 7206 7201
3 7201 7206 7207
3 7206 1820 7207
3 1820 7206 7205
3 1818 7208 7206
3 7206 7208 7205
3 7208 1800 7205
3 1818 7197 7208
3 384 7128 7197
3 7197 7128 7208
3 7128 1800 7208
3 385 7169 7204
3 1811 7209 7169
3 7169 7209 7204
3 7209 1820 7204
3 389 7210 7172
3 1821 7211 7210
3 7210 7211 7172
3 7211 1811 7172
3 1811 7211 7209
3 1821 7212 7211
3 7211 7212 7209
3 7212 1820 7209
3 1821 7213 7212
3 392 7207 7213
3 7213 7207 7212
3 7207 1820 7212
3 386 7214 7139
3 1822 7215 7214
3 7214 7215 7139
3 7215 1803 7139
3 393 7216 7218
3 1823 7217 7216
3 7216 7217 7218
3 7217 1822 7218
3 1822 7217 7215
3 1823 7219 7217
3 7217 7219 7215
3 7219 1803 7215
3 1823 7220 7219
3 387 7142 7220
3 7220 7142 7219
3 7142 1803 7219
3 387 7220 7222
3 1823 7221 7220
3 7220 7221 7222
3 7221 1825 7222
3 393 7223 7216
3 1824 7224 7223
3 7223 7224 7216
3 7224 1823 7216
3 1823 7224 7221
3 1824 7225 7224
3 7224 7225 7221
3 7225 1825 7221
3 1824 7226 7225
3 394 7227 7226
3 7226 7227 7225
3 7227 1825 7225
3 388 7153 7229
3 1806 7228 7153
3 7153 7228 7229
3 7228 1826 7229
3 387 7222 7149
3 1825 7230 7222
3 7222 7230 7149
3 7230 1806 7149
3 1806 7230 7228
3 1825 7231 7230
3 7230 7231 7228
3 7231 1826 7228
3 1825 7227 7231
3 394 7232 7227
3 7227 7232 7231
3 7232 1826 7231
3 388 7229 7234
3 1826 7233 7229
3 7229 7233 7234
3 7233 1828 7234
3 394 7235 7232
3 1827 7236 7235
3 7235 7236 7232
3 7236 1826 7232
3 1826 7236 7233
3 1827 7237 7236
3 7236 7237 7233
3 7237 1828 7233
3 1827 7238 7237
3 395 7239 7238
3 7238 7239 7237
3 7239 1828 7237
3 395 7240 7239
3 1829 7241 7240
3 7240 7241 7239
3 7241 1828 7239
3 389 7166 7243
3 1809 7242 7166
3 7166 7242 7243
3 7242 1829 7243
3 1829 7242 7241
3 1809 7244 7242
3 7242 7244 7241
3 7244 1828 7241
3 1809 7163 7244
3 388 7234 7163
3 7163 7234 7244
3 7234 1828 7244
3 389 7243 7246
3 1829 7245 7243
3 7243 7245 7246
3 7245 1831 7246
3 395 7247 7240
3 1830 7248 7247
3 7247 7248 7240
3 7248 1829 7240
3 1829 7248 7245
3 1830 7249 7248
3 7248 7249 7245
3 7249 1831 7245
3 1830 7250 7249
3 396 7251 7250
3 7250 7251 7249
3 7251 1831 7249
3 389 7246 7210
3 1831 7252 7246
3 7246 7252 7210
3 7252 1821 7210
3 396 7253 7251
3 1832 7254 7253
3 7253 7254 7251
3 7254 1831 7251
3 1831 7254 7252
3 1832 7255 7254
3 7254 7255 7252
3 7255 1821 7252
3 1832 7256 7255
3 392 7213 7256
3 7256 7213 7255
3 7213 1821 7255
3 35 7184 3183
3 1814 7257 7184
3 7184 7257 3183
3 7257 802 3183
3 390 7258 7180
3 1833 7259 7258
3 7258 7259 7180
3 7259 1814 7180
3 1814 7259 7257
3 1833 7260 7259
3 7259 7260 7257
3 7260 802 7257
3 1833 7261 7260
3 45 3179 7261
3 7261 3179 7260
3 3179 802 7260
3 397 7262 7264
3 1834 7263 7262
3 7262 7263 7264
3 7263 1835 7264
3 45 7261 7266
3 1833 7265 7261
3 7261 7265 7266
3 7265 1834 7266
3 1834 7265 7263
3 1833 7267 7265
3 7265 7267 7263
3 7267 1835 7263
3 1833 7258 7267
3 390 7268 7258
3 7258 7268 7267
3 7268 1835 7267
3 398 7269 7271
3 1836 7270 7269
3 7269 7270 7271
3 7270 1837 7271
3 397 7264 7273
3 1835 7272 7264
3 7264 7272 7273
3 7272 1836 7273
3 1836 7272 7270
3 1835 7274 7272
3 7272 7274 7270
3 7274 1837 7270
3 1835 7268 7274
3 390 7275 7268
3 7268 7275 7274
3 7275 1837 7274
3 391 7276 7187
3 1838 7277 7276
3 7276 7277 7187
3 7277 1816 7187
3 399 7278 7280
3 1839 7279 7278
3 7278 7279 7280
3 7279 1838 7280
3 1838 7279 7277
3 1839 7281 7279
3 7279 7281 7277
3 7281 1816 7277
3 1839 7282 7281
3 390 7191 7282
3 7282 7191 7281
3 7191 1816 7281
3 398 7271 7284
3 1837 7283 7271
3 7271 7283 7284
3 7283 1840 7284
3 390 7282 7275
3 1839 7285 7282
3 7282 7285 7275
3 7285 1837 7275
3 1837 7285 7283
3 1839 7286 7285
3 7285 7286 7283
3 7286 1840 7283
3 1839 7278 7286
3 399 7287 7278
3 7278 7287 7286
3 7287 1840 7286
3 391 7203 7276
3 1819 7288 7203
3 7203 7288 7276
3 7288 1838 7276
3 392 7289 7199
3 1841 7290 7289
3 7289 7290 7199
3 7290 1819 7199
3 1819 7290 7288
3 1841 7291 7290
3 7290 7291 7288
3 7291 1838 7288
3 1841 7292 7291
3 399 7280 7292
3 7292 7280 7291
3 7280 1838 7291
3 400 7293 7295
3 1842 7294 7293
3 7293 7294 7295
3 7294 1843 7295
3 399 7292 7297
3 1841 7296 7292
3 7292 7296 7297
3 7296 1842 7297
3 1842 7296 7294
3 1841 7298 7296
3 7296 7298 7294
3 7298 1843 7294
3 1841 7289 7298
3 392 7299 7289
3 7289 7299 7298
3 7299 1843 7298
3 396 7300 7253
3 1844 7301 7300
3 7300 7301 7253
3 7301 1832 7253
3 400 7295 7303
3 1843 7302 7295
3 7295 7302 7303
3 7302 1844 7303
3 1844 7302 7301
3 1843 7304 7302
3 7302 7304 7301
3 7304 1832 7301
3 1843 7299 7304
3 392 7256 7299
3 7299 7256 7304
3 7256 1832 7304
3 401 7305 7307
3 1845 7306 7305
3 7305 7306 7307
3 7306 1846 7307
3 394 7226 7309
3 1824 7308 7226
3 7226 7308 7309
3 7308 1845 7309
3 1845 7308 7306
3 1824 7310 7308
3 7308 7310 7306
3 7310 1846 7306
3 1824 7223 7310
3 393 7311 7223
3 7223 7311 7310
3 7311 1846 7310
3 394 7309 7313
3 1845 7312 7309
3 7309 7312 7313
3 7312 1848 7313
3 401 7314 7305
3 1847 7315 7314
3 7314 7315 7305
3 7315 1845 7305
3 1845 7315 7312
3 1847 7316 7315
3 7315 7316 7312
3 7316 1848 7312
3 1847 7317 7316
3 402 7318 7317
3 7317 7318 7316
3 7318 1848 7316
3 402 7319 7318
3 1849 7320 7319
3 7319 7320 7318
3 7320 1848 7318
3 395 7238 7322
3 1827 7321 7238
3 7238 7321 7322
3 7321 1849 7322
3 1849 7321 7320
3 1827 7323 7321
3 7321 7323 7320
3 7323 1848 7320
3 1827 7235 7323
3 394 7313 7235
3 7235 7313 7323
3 7313 1848 7323
3 395 7322 7325
3 1849 7324 7322
3 7322 7324 7325
3 7324 1851 7325
3 402 7326 7319
3 1850 7327 7326
3 7326 7327 7319
3 7327 1849 7319
3 1849 7327 7324
3 1850 7328 7327
3 7327 7328 7324
3 7328 1851 7324
3 1850 7329 7328
3 403 7330 7329
3 7329 7330 7328
3 7330 1851 7328
3 403 7331 7330
3 1852 7332 7331
3 7331 7332 7330
3 7332 1851 7330
3 396 7250 7334
3 1830 7333 7250
3 7250 7333 7334
3 7333 1852 7334
3 1852 7333 7332
3 1830 7335 7333
3 7333 7335 7332
3 7335 1851 7332
3 1830 7247 7335
3 395 7325 7247
3 7247 7325 7335
3 7325 1851 7335
3 396 7334 7337
3 1852 7336 7334
3 7334 7336 7337
3 7336 1854 7337
3 403 7338 7331
3 1853 7339 7338
3 7338 7339 7331
3 7339 1852 7331
3 1852 7339 7336
3 1853 7340 7339
3 7339 7340 7336
3 7340 1854 7336
3 1853 7341 7340
3 404 7342 7341
3 7341 7342 7340
3 7342 1854 7340
3 400 7303 7344
3 1844 7343 7303
3 7303 7343 7344
3 7343 1855 7344
3 396 7337 7300
3 1854 7345 7337
3 7337 7345 7300
3 7345 1844 7300
3 1844 7345 7343
3 1854 7346 7345
3 7345 7346 7343
3 7346 1855 7343
3 1854 7342 7346
3 404 7347 7342
3 7342 7347 7346
3 7347 1855 7346
3 56 3298 7349
3 831 7348 3298
3 3298 7348 7349
3 7348 1856 7349
3 45 7266 3294
3 1834 7350 7266
3 7266 7350 3294
3 7350 831 3294
3 831 7350 7348
3 1834 7351 7350
3 7350 7351 7348
3 7351 1856 7348
3 1834 7262 7351
3 397 7352 7262
3 7262 7352 7351
3 7352 1856 7351
3 405 7353 7355
3 1857 7354 7353
3 7353 7354 7355
3 7354 1858 7355
3 397 7273 7357
3 1836 7356 7273
3 7273 7356 7357
3 7356 1857 7357
3 1857 7356 7354
3 1836 7358 7356
3 7356 7358 7354
3 7358 1858 7354
3 1836 7269 7358
3 398 7359 7269
3 7269 7359 7358
3 7359 1858 7358
3 406 7360 7362
3 1859 7361 7360
3 7360 7361 7362
3 7361 1860 7362
3 56 7349 7364
3 1856 7363 7349
3 7349 7363 7364
3 7363 1859 7364
3 1859 7363 7361
3 1856 7365 7363
3 7363 7365 7361
3 7365 1860 7361
3 1856 7352 7365
3 397 7366 7352
3 7352 7366 7365
3 7366 1860 7365
3 405 7367 7353
3 1861 7368 7367
3 7367 7368 7353
3 7368 1857 7353
3 406 7362 7370
3 1860 7369 7362
3 7362 7369 7370
3 7369 1861 7370
3 1861 7369 7368
3 1860 7371 7369
3 7369 7371 7368
3 7371 1857 7368
3 1860 7366 7371
3 397 7357 7366
3 7366 7357 7371
3 7357 1857 7371
3 407 7372 7374
3 1862 7373 7372
3 7372 7373 7374
3 7373 1863 7374
3 405 7355 7376
3 1858 7375 7355
3 7355 7375 7376
3 7375 1862 7376
3 1862 7375 7373
3 1858 7377 7375
3 7375 7377 7373
3 7377 1863 7373
3 1858 7359 7377
3 398 7378 7359
3 7359 7378 7377
3 7378 1863 7377
3 399 7379 7287
3 1864 7380 7379
3 7379 7380 7287
3 7380 1840 7287
3 408 7381 7383
3 1865 7382 7381
3 7381 7382 7383
3 7382 1864 7383
3 1864 7382 7380
3 1865 7384 7382
3 7382 7384 7380
3 7384 1840 7380
3 1865 7385 7384
3 398 7284 7385
3 7385 7284 7384
3 7284 1840 7384
3 408 7383 7387
3 1864 7386 7383
3 7383 7386 7387
3 7386 1866 7387
3 399 7297 7379
3 1842 7388 7297
3 7297 7388 7379
3 7388 1864 7379
3 1864 7388 7386
3 1842 7389 7388
3 7388 7389 7386
3 7389 1866 7386
3 1842 7293 7389
3 400 7390 7293
3 7293 7390 7389
3 7390 1866 7389
3 407 7374 7392
3 1863 7391 7374
3 7374 7391 7392
3 7391 1867 7392
3 398 7385 7378
3 1865 7393 7385
3 7385 7393 7378
3 7393 1863 7378
3 1863 7393 7391
3 1865 7394 7393
3 7393 7394 7391
3 7394 1867 7391
3 1865 7381 7394
3 408 7395 7381
3 7381 7395 7394
3 7395 1867 7394
3 409 7396 7398
3 1868 7397 7396
3 7396 7397 7398
3 7397 1869 7398
3 400 7344 7400
3 1855 7399 7344
3 7344 7399 7400
3 7399 1868 7400
3 1868 7399 7397
3 1855 7401 7399
3 7399 7401 7397
3 7401 1869 7397
3 1855 7347 7401
3 404 7402 7347
3 7347 7402 7401
3 7402 1869 7401
3 408 7387 7404
3 1866 7403 7387
3 7387 7403 7404
3 7403 1870 7404
3 400 7400 7390
3 1868 7405 7400
3 7400 7405 7390
3 7405 1866 7390
3 1866 7405 7403
3 1868 7406 7405
3 7405 7406 7403
3 7406 1870 7403
3 1868 7396 7406
3 409 7407 7396
3 7396 7407 7406
3 7407 1870 7406
3 407 7408 7372
3 1871 7409 7408
3 7408 7409 7372
3 7409 1862 7372
3 410 7410 7412
3 1872 7411 7410
3 7410 7411 7412
3 7411 1871 7412
3 1871 7411 7409
3 1872 7413 7411
3 7411 7413 7409
3 7413 1862 7409
3 1872 7414 7413
3 405 7376 7414
3 7414 7376 7413
3 7376 1862 7413
3 411 7415 7417
3 1873 7416 7415
3 7415 7416 7417
3 7416 1874 7417
3 402 7317 7419
3 1847 7418 7317
3 7317 7418 7419
3 7418 1873 7419
3 1873 7418 7416
3 1847 7420 7418
3 7418 7420 7416
3 7420 1874 7416
3 1847 7314 7420
3 401 7421 7314
3 7314 7421 7420
3 7421 1874 7420
3 402 7419 7423
3 1873 7422 7419
3 7419 7422 7423
3 7422 1876 7423
3 411 7424 7415
3 1875 7425 7424
3 7424 7425 7415
3 7425 1873 7415
3 1873 7425 7422
3 1875 7426 7425
3 7425 7426 7422
3 7426 1876 7422
3 1875 7427 7426
3 412 7428 7427
3 7427 7428 7426
3 7428 1876 7426
3 412 7429 7428
3 1877 7430 7429
3 7429 7430 7428
3 7430 1876 7428
3 403 7329 7432
3 1850 7431 7329
3 7329 7431 7432
3 7431 1877 7432
3 1877 7431 7430
3 1850 7433 7431
3 7431 7433 7430
3 7433 1876 7430
3 1850 7326 7433
3 402 7423 7326
3 7326 7423 7433
3 7423 1876 7433
3 413 7434 7436
3 1878 7435 7434
3 7434 7435 7436
3 7435 1879 7436
3 403 7432 7438
3 1877 7437 7432
3 7432 7437 7438
3 7437 1878 7438
3 1878 7437 7435
3 1877 7439 7437
3 7437 7439 7435
3 7439 1879 7435
3 1877 7429 7439
3 412 7440 7429
3 7429 7440 7439
3 7440 1879 7439
3 413 7441 7434
3 1880 7442 7441
3 7441 7442 7434
3 7442 1878 7434
3 404 7341 7444
3 1853 7443 7341
3 7341 7443 7444
3 7443 1880 7444
3 1880 7443 7442
3 1853 7445 7443
3 7443 7445 7442
3 7445 1878 7442
3 1853 7338 7445
3 403 7438 7338
3 7338 7438 7445
3 7438 1878 7445
3 414 7446 7448
3 1881 7447 7446
3 7446 7447 7448
3 7447 1882 7448
3 404 7444 7450
3 1880 7449 7444
3 7444 7449 7450
3 7449 1881 7450
3 1881 7449 7447
3 1880 7451 7449
3 7449 7451 7447
3 7451 1882 7447
3 1880 7441 7451
3 413 7452 7441
3 7441 7452 7451
3 7452 1882 7451
3 414 7453 7446
3 1883 7454 7453
3 7453 7454 7446
3 7454 1881 7446
3 409 7398 7456
3 1869 7455 7398
3 7398 7455 7456
3 7455 1883 7456
3 1883 7455 7454
3 1869 7457 7455
3 7455 7457 7454
3 7457 1881 7454
3 1869 7402 7457
3 404 7450 7402
3 7402 7450 7457
3 7450 1881 7457
3 66 3413 7459
3 860 7458 3413
3 3413 7458 7459
3 7458 1884 7459
3 56 7364 3409
3 1859 7460 7364
3 7364 7460 3409
3 7460 860 3409
3 860 7460 7458
3 1859 7461 7460
3 7460 7461 7458
3 7461 1884 7458
3 1859 7360 7461
3 406 7462 7360
3 7360 7462 7461
3 7462 1884 7461
3 406 7370 7464
3 1861 7463 7370
3 7370 7463 7464
3 7463 1886 7464
3 405 7465 7367
3 1885 7466 7465
3 7465 7466 7367
3 7466 1861 7367
3 1861 7466 7463
3 1885 7467 7466
3 7466 7467 7463
3 7467 1886 7463
3 1885 7468 7467
3 415 7469 7468
3 7468 7469 7467
3 7469 1886 7467
3 410 7470 7410
3 1887 7471 7470
3 7470 7471 7410
3 7471 1872 7410
3 415 7468 7473
3 1885 7472 7468
3 7468 7472 7473
3 7472 1887 7473
3 1887 7472 7471
3 1885 7474 7472
3 7472 7474 7471
3 7474 1872 7471
3 1885 7465 7474
3 405 7414 7465
3 7465 7414 7474
3 7414 1872 7474
3 416 3530 7476
3 890 7475 3530
3 3530 7475 7476
3 7475 1888 7476
3 66 7459 3526
3 1884 7477 7459
3 7459 7477 3526
3 7477 890 3526
3 890 7477 7475
3 1884 7478 7477
3 7477 7478 7475
3 7478 1888 7475
3 1884 7462 7478
3 406 7479 7462
3 7462 7479 7478
3 7479 1888 7478
3 415 7480 7469
3 1889 7481 7480
3 7480 7481 7469
3 7481 1886 7469
3 416 7476 7483
3 1888 7482 7476
3 7476 7482 7483
3 7482 1889 7483
3 1889 7482 7481
3 1888 7484 7482
3 7482 7484 7481
3 7484 1886 7481
3 1888 7479 7484
3 406 7464 7479
3 7479 7464 7484
3 7464 1886 7484
3 417 7485 7487
3 1890 7486 7485
3 7485 7486 7487
3 7486 1891 7487
3 415 7473 7489
3 1887 7488 7473
3 7473 7488 7489
3 7488 1890 7489
3 1890 7488 7486
3 1887 7490 7488
3 7488 7490 7486
3 7490 1891 7486
3 1887 7470 7490
3 410 7491 7470
3 7470 7491 7490
3 7491 1891 7490
3 407 7492 7408
3 1892 7493 7492
3 7492 7493 7408
3 7493 1871 7408
3 418 7494 7496
3 1893 7495 7494
3 7494 7495 7496
3 7495 1892 7496
3 1892 7495 7493
3 1893 7497 7495
3 7495 7497 7493
3 7497 1871 7493
3 1893 7498 7497
3 410 7412 7498
3 7498 7412 7497
3 7412 1871 7497
3 408 7404 7395
3 1870 7499 7404
3 7404 7499 7395
3 7499 1867 7395
3 409 7500 7407
3 1894 7501 7500
3 7500 7501 7407
3 7501 1870 7407
3 1870 7501 7499
3 1894 7502 7501
3 7501 7502 7499
3 7502 1867 7499
3 1894 7503 7502
3 407 7392 7503
3 7503 7392 7502
3 7392 1867 7502
3 409 7504 7500
3 1895 7505 7504
3 7504 7505 7500
3 7505 1894 7500
3 419 7506 7508
3 1896 7507 7506
3 7506 7507 7508
3 7507 1895 7508
3 1895 7507 7505
3 1896 7509 7507
3 7507 7509 7505
3 7509 1894 7505
3 1896 7510 7509
3 407 7503 7510
3 7510 7503 7509
3 7503 1894 7509
3 419 7508 7512
3 1895 7511 7508
3 7508 7511 7512
3 7511 1897 7512
3 409 7456 7504
3 1883 7513 7456
3 7456 7513 7504
3 7513 1895 7504
3 1895 7513 7511
3 1883 7514 7513
3 7513 7514 7511
3 7514 1897 7511
3 1883 7453 7514
3 414 7515 7453
3 7453 7515 7514
3 7515 1897 7514
3 418 7496 7517
3 1892 7516 7496
3 7496 7516 7517
3 7516 1898 7517
3 407 7510 7492
3 1896 7518 7510
3 7510 7518 7492
3 7518 1892 7492
3 1892 7518 7516
3 1896 7519 7518
3 7518 7519 7516
3 7519 1898 7516
3 1896 7506 7519
3 419 7520 7506
3 7506 7520 7519
3 7520 1898 7519
3 410 7521 7491
3 1899 7522 7521
3 7521 7522 7491
3 7522 1891 7491
3 420 7523 7525
3 1900 7524 7523
3 7523 7524 7525
3 7524 1899 7525
3 1899 7524 7522
3 1900 7526 7524
3 7524 7526 7522
3 7526 1891 7522
3 1900 7527 7526
3 417 7487 7527
3 7527 7487 7526
3 7487 1891 7526
3 410 7498 7521
3 1893 7528 7498
3 7498 7528 7521
3 7528 1899 7521
3 418 7529 7494
3 1901 7530 7529
3 7529 7530 7494
3 7530 1893 7494
3 1893 7530 7528
3 1901 7531 7530
3 7530 7531 7528
3 7531 1899 7528
3 1901 7532 7531
3 420 7525 7532
3 7532 7525 7531
3 7525 1899 7531
3 421 7533 7535
3 1902 7534 7533
3 7533 7534 7535
3 7534 1903 7535
3 412 7427 7537
3 1875 7536 7427
3 7427 7536 7537
3 7536 1902 7537
3 1902 7536 7534
3 1875 7538 7536
3 7536 7538 7534
3 7538 1903 7534
3 1875 7424 7538
3 411 7539 7424
3 7424 7539 7538
3 7539 1903 7538
3 412 7537 7541
3 1902 7540 7537
3 7537 7540 7541
3 7540 1905 7541
3 421 7542 7533
3 1904 7543 7542
3 7542 7543 7533
3 7543 1902 7533
3 1902 7543 7540
3 1904 7544 7543
3 7543 7544 7540
3 7544 1905 7540
3 1904 7545 7544
3 422 7546 7545
3 7545 7546 7544
3 7546 1905 7544
3 422 7547 7546
3 1906 7548 7547
3 7547 7548 7546
3 7548 1905 7546
3 413 7436 7550
3 1879 7549 7436
3 7436 7549 7550
3 7549 1906 7550
3 1906 7549 7548
3 1879 7551 7549
3 7549 7551 7548
3 7551 1905 7548
3 1879 7440 7551
3 412 7541 7440
3 7440 7541 7551
3 7541 1905 7551
3 423 7552 7554
3 1907 7553 7552
3 7552 7553 7554
3 7553 1909 7554
3 414 7555 7557
3 1908 7556 7555
3 7555 7556 7557
3 7556 1907 7557
3 1907 7556 7553
3 1908 7558 7556
3 7556 7558 7553
3 7558 1909 7553
3 1908 7559 7558
3 422 7560 7559
3 7559 7560 7558
3 7560 1909 7558
3 413 7550 7452
3 1906 7561 7550
3 7550 7561 7452
3 7561 1882 7452
3 422 7559 7547
3 1908 7562 7559
3 7559 7562 7547
3 7562 1906 7547
3 1906 7562 7561
3 1908 7563 7562
3 7562 7563 7561
3 7563 1882 7561
3 1908 7555 7563
3 414 7448 7555
3 7555 7448 7563
3 7448 1882 7563
3 424 7564 7566
3 1910 7565 7564
3 7564 7565 7566
3 7565 1912 7566
3 419 7567 7569
3 1911 7568 7567
3 7567 7568 7569
3 7568 1910 7569
3 1910 7568 7565
3 1911 7570 7568
3 7568 7570 7565
3 7570 1912 7565
3 1911 7571 7570
3 423 7572 7571
3 7571 7572 7570
3 7572 1912 7570
3 414 7557 7515
3 1907 7573 7557
3 7557 7573 7515
3 7573 1897 7515
3 423 7571 7552
3 1911 7574 7571
3 7571 7574 7552
3 7574 1907 7552
3 1907 7574 7573
3 1911 7575 7574
3 7574 7575 7573
3 7575 1897 7573
3 1911 7567 7575
3 419 7512 7567
3 7567 7512 7575
3 7512 1897 7575
3 77 3545 7577
3 895 7576 3545
3 3545 7576 7577
3 7576 1913 7577
3 67 3532 3542
3 891 7578 3532
3 3532 7578 3542
3 7578 895 3542
3 895 7578 7576
3 891 7579 7578
3 7578 7579 7576
3 7579 1913 7576
3 891 3528 7579
3 416 7580 3528
3 3528 7580 7579
3 7580 1913 7579
3 425 7581 7583
3 1914 7582 7581
3 7581 7582 7583
3 7582 1915 7583
3 416 7483 7585
3 1889 7584 7483
3 7483 7584 7585
3 7584 1914 7585
3 1914 7584 7582
3 1889 7586 7584
3 7584 7586 7582
3 7586 1915 7582
3 1889 7480 7586
3 415 7587 7480
3 7480 7587 7586
3 7587 1915 7586
3 417 7588 7485
3 1916 7589 7588
3 7588 7589 7485
3 7589 1890 7485
3 425 7583 7591
3 1915 7590 7583
3 7583 7590 7591
3 7590 1916 7591
3 1916 7590 7589
3 1915 7592 7590
3 7590 7592 7589
3 7592 1890 7589
3 1915 7587 7592
3 415 7489 7587
3 7587 7489 7592
3 7489 1890 7592
3 416 7585 7580
3 1914 7593 7585
3 7585 7593 7580
3 7593 1913 7580
3 425 7594 7581
3 1917 7595 7594
3 7594 7595 7581
3 7595 1914 7581
3 1914 7595 7593
3 1917 7596 7595
3 7595 7596 7593
3 7596 1913 7593
3 1917 7597 7596
3 77 7577 7597
3 7597 7577 7596
3 7577 1913 7596
3 426 7598 7600
3 1918 7599 7598
3 7598 7599 7600
3 7599 1919 7600
3 77 7597 7602
3 1917 7601 7597
3 7597 7601 7602
3 7601 1918 7602
3 1918 7601 7599
3 1917 7603 7601
3 7601 7603 7599
3 7603 1919 7599
3 1917 7594 7603
3 425 7604 7594
3 7594 7604 7603
3 7604 1919 7603
3 427 7605 7607
3 1920 7606 7605
3 7605 7606 7607
3 7606 1921 7607
3 425 7591 7609
3 1916 7608 7591
3 7591 7608 7609
3 7608 1920 7609
3 1920 7608 7606
3 1916 7610 7608
3 7608 7610 7606
3 7610 1921 7606
3 1916 7588 7610
3 417 7611 7588
3 7588 7611 7610
3 7611 1921 7610
3 427 7607 7613
3 1921 7612 7607
3 7607 7612 7613
3 7612 1923 7613
3 417 7614 7611
3 1922 7615 7614
3 7614 7615 7611
3 7615 1921 7611
3 1921 7615 7612
3 1922 7616 7615
3 7615 7616 7612
3 7616 1923 7612
3 1922 7617 7616
3 428 7618 7617
3 7617 7618 7616
3 7618 1923 7616
3 417 7527 7614
3 1900 7619 7527
3 7527 7619 7614
3 7619 1922 7614
3 420 7620 7523
3 1924 7621 7620
3 7620 7621 7523
3 7621 1900 7523
3 1900 7621 7619
3 1924 7622 7621
3 7621 7622 7619
3 7622 1922 7619
3 1924 7623 7622
3 428 7617 7623
3 7623 7617 7622
3 7617 1922 7622
3 420 7532 7625
3 1901 7624 7532
3 7532 7624 7625
3 7624 1926 7625
3 418 7626 7529
3 1925 7627 7626
3 7626 7627 7529
3 7627 1901 7529
3 1901 7627 7624
3 1925 7628 7627
3 7627 7628 7624
3 7628 1926 7624
3 1925 7629 7628
3 429 7630 7629
3 7629 7630 7628
3 7630 1926 7628
3 7632 7694 7629
3 1925 7631 7629
3 7629 7631 7632
3 7631 1928 7632
3 418 7633 7626
3 1927 7634 7633
3 7633 7634 7626
3 7634 1925 7626
3 1925 7634 7631
3 1927 7635 7634
3 7634 7635 7631
3 7635 1928 7631
3 1927 7636 7635
3 424 7637 7636
3 7636 7637 7635
3 7637 1928 7635
3 419 7569 7520
3 1910 7638 7569
3 7569 7638 7520
3 7638 1898 7520
3 424 7636 7564
3 1927 7639 7636
3 7636 7639 7564
3 7639 1910 7564
3 1910 7639 7638
3 1927 7640 7639
3 7639 7640 7638
3 7640 1898 7638
3 1927 7633 7640
3 418 7517 7633
3 7633 7517 7640
3 7517 1898 7640
3 428 7623 7642
3 1924 7641 7623
3 7623 7641 7642
3 7641 1930 7642
3 420 7643 7620
3 1929 7644 7643
3 7643 7644 7620
3 7644 1924 7620
3 1924 7644 7641
3 1929 7645 7644
3 7644 7645 7641
3 7645 1930 7641
3 1929 7646 7645
3 430 7647 7646
3 7646 7647 7645
3 7647 1930 7645
3 420 7625 7643
3 1926 7648 7625
3 7625 7648 7643
3 7648 1929 7643
3 429 7649 7630
3 1931 7650 7649
3 7649 7650 7630
3 7650 1926 7630
3 1926 7650 7648
3 1931 7651 7650
3 7650 7651 7648
3 7651 1929 7648
3 1931 7652 7651
3 430 7646 7652
3 7652 7646 7651
3 7646 1929 7651
3 421 7653 7542
3 1932 7654 7653
3 7653 7654 7542
3 7654 1904 7542
3 431 7655 7657
3 1933 7656 7655
3 7655 7656 7657
3 7656 1932 7657
3 1932 7656 7654
3 1933 7658 7656
3 7656 7658 7654
3 7658 1904 7654
3 1933 7659 7658
3 422 7545 7659
3 7659 7545 7658
3 7545 1904 7658
3 432 7660 7662
3 1934 7661 7660
3 7660 7661 7662
3 7661 1935 7662
3 422 7659 7664
3 1933 7663 7659
3 7659 7663 7664
3 7663 1934 7664
3 1934 7663 7661
3 1933 7665 7663
3 7663 7665 7661
3 7665 1935 7661
3 1933 7655 7665
3 431 7666 7655
3 7655 7666 7665
3 7666 1935 7665
3 423 7554 7668
3 1909 7667 7554
3 7554 7667 7668
3 7667 1936 7668
3 422 7664 7560
3 1934 7669 7664
3 7664 7669 7560
3 7669 1909 7560
3 1909 7669 7667
3 1934 7670 7669
3 7669 7670 7667
3 7670 1936 7667
3 1934 7660 7670
3 432 7671 7660
3 7660 7671 7670
3 7671 1936 7670
3 433 7672 7674
3 1937 7673 7672
3 7672 7673 7674
3 7673 1938 7674
3 423 7668 7676
3 1936 7675 7668
3 7668 7675 7676
3 7675 1937 7676
3 1937 7675 7673
3 1936 7677 7675
3 7675 7677 7673
3 7677 1938 7673
3 1936 7671 7677
3 432 7678 7671
3 7671 7678 7677
3 7678 1938 7677
3 433 7679 7672
3 1939 7680 7679
3 7679 7680 7672
3 7680 1937 7672
3 424 7566 7682
3 1912 7681 7566
3 7566 7681 7682
3 7681 1939 7682
3 1939 7681 7680
3 1912 7683 7681
3 7681 7683 7680
3 7683 1937 7680
3 1912 7572 7683
3 423 7676 7572
3 7572 7676 7683
3 7676 1937 7683
3 424 7682 7685
3 1939 7684 7682
3 7682 7684 7685
3 7684 1941 7685
3 433 7686 7679
3 1940 7687 7686
3 7686 7687 7679
3 7687 1939 7679
3 1939 7687 7684
3 1940 7688 7687
3 7687 7688 7684
3 7688 1941 7684
3 1940 7689 7688
3 434 7690 7689
3 7689 7690 7688
3 7690 1941 7688
3 424 7685 7637
3 1941 7691 7685
3 7691 1928 7685
3 7637 7685 1928
3 434 7692 7690
3 1942 7693 7692
3 7692 7693 7690
3 7693 1941 7690
3 1941 7693 7691
3 1942 7694 7693
3 7693 7694 7691
3 7694 7632 7691
3 7695 429 1942
3 429 7629 7694
3 7694 1942 429
3 1928 7691 7632
3 426 7696 7598
3 1943 7697 7696
3 7696 7697 7598
3 7697 1918 7598
3 88 3654 7699
3 923 7698 3656
3 3656 7698 7699
3 7698 1943 7699
3 1943 7698 7697
3 923 7700 7698
3 7698 7700 7697
3 7700 1918 7697
3 923 3652 7700
3 77 7602 3652
3 3652 7602 7700
3 7602 1918 7700
3 7702 7707 3785
3 7701 7702 956
3 3785 956 7702
3 7701 1944 7702
3 7699 7703 88
3 1943 7703 7699
3 3781 88 7703
3 7703 7701 3781
3 956 3781 7701
3 1943 7704 7703
3 7703 7704 7701
3 7704 1944 7701
3 1943 7696 7704
3 426 7705 7696
3 7696 7705 7704
3 7705 1944 7704
3 435 3785 7707
3 1944 7706 7702
3 7702 7706 7707
3 7706 1946 7707
3 426 7708 7705
3 1945 7709 7708
3 7708 7709 7705
3 7709 1944 7705
3 1944 7709 7706
3 1945 7710 7709
3 7709 7710 7706
3 7710 1946 7706
3 1945 7711 7710
3 7711 7719 7712
3 7711 7712 7710
3 7712 1946 7710
3 425 7609 7604
3 1920 7713 7609
3 7609 7713 7604
3 7713 1919 7604
3 427 7714 7605
3 1947 7715 7714
3 7714 7715 7605
3 7715 1920 7605
3 1920 7715 7713
3 1947 7716 7715
3 7715 7716 7713
3 7716 1919 7713
3 1947 7717 7716
3 426 7600 7717
3 7717 7600 7716
3 7600 1919 7716
3 7719 7729 7712
3 1945 7718 7711
3 7711 7718 7719
3 7718 1948 7719
3 426 7717 7708
3 1947 7720 7717
3 7717 7720 7708
3 7720 1945 7708
3 1945 7720 7718
3 1947 7721 7720
3 7720 7721 7718
3 7721 1948 7718
3 1947 7714 7721
3 427 7722 7714
3 7714 7722 7721
3 7722 1948 7721
3 427 7723 7722
3 1949 7724 7723
3 7723 7724 7722
3 7724 1948 7722
3 7727 7734 7725
3 1950 7726 7725
3 7725 7726 7727
3 7726 1949 7727
3 1949 7726 7724
3 1950 7728 7726
3 7726 7728 7724
3 7728 1948 7724
3 1950 7729 7728
3 436 7712 7729
3 7729 7719 7728
3 7719 1948 7728
3 427 7613 7723
3 1923 7730 7613
3 7613 7730 7723
3 7730 1949 7723
3 428 7731 7618
3 1951 7732 7731
3 7731 7732 7618
3 7732 1923 7618
3 1923 7732 7730
3 1951 7733 7732
3 7732 7733 7730
3 7733 1949 7730
3 1951 7740 7727
3 437 7725 7734
3 7733 1951 7727
3 7727 1949 7733
3 428 7735 7731
3 1952 7736 7735
3 7735 7736 7731
3 7736 1951 7731
3 438 7737 7739
3 1953 7738 7737
3 7737 7738 7739
3 7738 1952 7739
3 1952 7738 7736
3 1953 7740 7738
3 7738 7740 7736
3 7740 1951 7736
3 7741 7734 1953
3 437 7734 7741
3 7740 1953 7734
3 7734 7727 7740
3 428 7642 7735
3 1930 7742 7642
3 7642 7742 7735
3 7742 1952 7735
3 430 7743 7647
3 1954 7744 7743
3 7743 7744 7647
3 7744 1930 7647
3 1930 7744 7742
3 1954 7745 7744
3 7744 7745 7742
3 7745 1952 7742
3 1954 7746 7745
3 438 7739 7746
3 7746 7739 7745
3 7739 1952 7745
3 7652 7747 430
3 1931 7750 7652
3 7748 430 7747
3 7747 1956 7748
3 429 7695 7649
3 1955 7750 7749
3 7750 1931 7749
3 7649 7749 1931
3 7747 7652 7750
3 1955 7751 7750
3 7750 7751 7747
3 7751 1956 7747
3 1955 7752 7751
3 439 7753 7752
3 7752 7753 7751
3 7753 1956 7751
3 434 7754 7692
3 1957 7755 7754
3 7754 7755 7692
3 7755 1942 7692
3 439 7752 7757
3 1955 7756 7752
3 7752 7756 7757
3 1957 7807 7756
3 7756 7758 1957
3 1955 7758 7756
3 7755 1957 7758
3 7758 7695 7755
3 1955 7749 7758
3 7749 7649 7695
3 7749 7695 7758
3 1942 7755 7695
3 430 7748 7743
3 1958 7760 7759
3 7760 1954 7759
3 7743 7759 1954
3 440 7761 7763
3 1959 7762 7761
3 7761 7762 7763
3 7762 1958 7763
3 1958 7762 7760
3 1959 7764 7762
3 7762 7764 7760
3 7764 7746 7760
3 1959 7765 7764
3 7746 7764 438
3 7765 438 7764
3 1954 7760 7746
3 440 7763 7767
3 1958 7766 7763
3 7763 7766 7767
3 7766 1960 7767
3 7759 7743 7748
3 1956 7768 7748
3 7748 7768 7759
3 7768 1958 7759
3 1958 7768 7766
3 1956 7769 7768
3 7768 7769 7766
3 7769 1960 7766
3 1956 7753 7769
3 439 7770 7753
3 7753 7770 7769
3 7770 1960 7769
3 431 7771 7666
3 1961 7772 7771
3 7771 7772 7666
3 7772 1935 7666
3 441 7773 7775
3 1962 7774 7773
3 7773 7774 7775
3 7774 1961 7775
3 1961 7774 7772
3 1962 7776 7774
3 7774 7776 7772
3 7776 1935 7772
3 1962 7777 7776
3 432 7662 7777
3 7777 7662 7776
3 7662 1935 7776
3 442 7778 7780
3 1963 7779 7778
3 7778 7779 7780
3 7779 1964 7780
3 432 7777 7782
3 1962 7781 7777
3 7777 7781 7782
3 7781 1963 7782
3 1963 7781 7779
3 1962 7783 7781
3 7781 7783 7779
3 7783 1964 7779
3 1962 7773 7783
3 441 7784 7773
3 7773 7784 7783
3 7784 1964 7783
3 432 7782 7678
3 1963 7785 7782
3 7782 7785 7678
3 7785 1938 7678
3 442 7786 7778
3 1965 7787 7786
3 7786 7787 7778
3 7787 1963 7778
3 1963 7787 7785
3 1965 7788 7787
3 7787 7788 7785
3 7788 1938 7785
3 1965 7789 7788
3 433 7674 7789
3 7789 7674 7788
3 7674 1938 7788
3 443 7790 7792
3 1966 7791 7790
3 7790 7791 7792
3 7791 1967 7792
3 433 7789 7794
3 1965 7793 7789
3 7789 7793 7794
3 7793 1966 7794
3 1966 7793 7791
3 1965 7795 7793
3 7793 7795 7791
3 7795 1967 7791
3 1965 7786 7795
3 442 7796 7786
3 7786 7796 7795
3 7796 1967 7795
3 443 7797 7790
3 1968 7798 7797
3 7797 7798 7790
3 7798 1966 7790
3 434 7689 7800
3 1940 7799 7689
3 7689 7799 7800
3 7799 1968 7800
3 1968 7799 7798
3 1940 7801 7799
3 7799 7801 7798
3 7801 1966 7798
3 1940 7686 7801
3 433 7794 7686
3 7686 7794 7801
3 7794 1966 7801
3 434 7802 7754
3 1969 7803 7802
3 7802 7803 7754
3 7803 1957 7754
3 444 7804 7806
3 1970 7805 7804
3 7804 7805 7806
3 7805 1969 7806
3 1969 7805 7803
3 1970 7807 7805
3 7805 7807 7803
3 7807 1957 7803
3 7808 7757 1970
3 439 7757 7808
3 7807 1970 7757
3 7757 7756 7807
3 443 7809 7797
3 1971 7810 7809
3 7809 7810 7797
3 7810 1968 7797
3 7812 7916 7806
3 7811 7812 1969
3 7806 1969 7812
3 7811 1971 7812
3 1971 7811 7810
3 1969 7802 7811
3 7811 7813 7810
3 7813 1968 7810
3 7813 7811 7802
3 7800 7813 434
3 7802 434 7813
3 7800 1968 7813
3 99 3778 7815
3 954 7814 3778
3 3778 7814 7815
3 7814 1972 7815
3 89 3787 3774
3 957 7816 3787
3 3787 7816 3774
3 7816 954 3774
3 954 7816 7814
3 957 7817 7816
3 7816 7817 7814
3 7817 1972 7814
3 957 3783 7817
3 435 7818 3783
3 3783 7818 7817
3 7818 1972 7817
3 435 7819 7818
3 1973 7820 7819
3 7819 7820 7818
3 7820 1972 7818
3 445 7821 7823
3 1974 7822 7821
3 7821 7822 7823
3 7822 1973 7823
3 1973 7822 7820
3 1974 7824 7822
3 7822 7824 7820
3 7824 1972 7820
3 1974 7825 7824
3 99 7815 7825
3 7825 7815 7824
3 7815 1972 7824
3 7707 7826 435
3 1946 7826 7707
3 7819 435 7826
3 7826 7829 7819
3 7827 7828 436
3 1975 7829 7827
3 7712 436 7828
3 7828 1946 7712
3 1946 7828 7826
3 7828 7827 7829
3 7828 7829 7826
3 1973 7819 7829
3 7830 1973 1975
3 445 7823 7830
3 7823 1973 7830
3 7829 1975 1973
3 446 7831 7833
3 1976 7832 7831
3 7831 7832 7833
3 7832 1977 7833
3 445 7830 7835
3 1975 7834 7830
3 7830 7834 7835
3 7834 1976 7835
3 1976 7834 7832
3 1975 7836 7834
3 7834 7836 7832
3 7836 1977 7832
3 1975 7827 7836
3 436 7837 7827
3 7827 7837 7836
3 7837 1977 7836
3 446 7833 7839
3 7838 1978 1977
3 7833 1977 7839
3 7839 1977 1978
3 7729 7840 436
3 1950 7840 7729
3 7837 436 7840
3 7840 7838 7837
3 1977 7837 7838
3 1950 7841 7840
3 7840 7841 7838
3 7841 7842 7838
3 1950 7725 7841
3 7842 7841 437
3 7725 437 7841
3 1978 7838 7842
3 437 7843 7842
3 1979 7844 7843
3 7843 7844 7842
3 7844 1978 7842
3 447 7845 7847
3 1980 7846 7845
3 7845 7846 7847
3 7846 1979 7847
3 1979 7846 7844
3 1980 7848 7846
3 7846 7848 7844
3 7848 1978 7844
3 1980 7849 7848
3 446 7839 7849
3 7849 7839 7848
3 7839 1978 7848
3 437 7741 7843
3 1953 7852 7741
3 7741 7850 7843
3 7850 1979 7843
3 438 7851 7737
3 1981 7852 7851
3 7851 7852 7737
3 7852 1953 7737
3 7850 7741 7852
3 7853 7850 1981
3 7852 1981 7850
3 7853 1979 7850
3 1981 7856 7853
3 447 7847 7854
3 7854 7847 7853
3 7847 1979 7853
3 438 7765 7851
3 1982 7856 7855
3 7856 1981 7855
3 7851 7855 1981
3 448 7857 7859
3 1983 7858 7857
3 7857 7858 7859
3 7858 1982 7859
3 1982 7858 7856
3 1983 7860 7858
3 7858 7860 7856
3 7860 7853 7856
3 1983 7861 7860
3 447 7854 7861
3 7861 7854 7860
3 7854 7853 7860
3 448 7859 7863
3 1982 7862 7859
3 7859 7862 7863
3 7862 1984 7863
3 7855 7851 7765
3 1959 7864 7765
3 7765 7864 7855
3 7864 1982 7855
3 1982 7864 7862
3 1959 7865 7864
3 7864 7865 7862
3 7865 1984 7862
3 1959 7761 7865
3 440 7866 7761
3 7761 7866 7865
3 7866 1984 7865
3 440 7767 7868
3 1960 7867 7767
3 7767 7867 7868
3 7867 1986 7868
3 439 7869 7770
3 1985 7870 7869
3 7869 7870 7770
3 7870 1960 7770
3 1960 7870 7867
3 1985 7871 7870
3 7870 7871 7867
3 7871 1986 7867
3 1985 7872 7871
3 449 7873 7872
3 7872 7873 7871
3 7873 1986 7871
3 444 7874 7804
3 1987 7875 7874
3 7874 7875 7804
3 7875 1970 7804
3 449 7872 7877
3 1985 7876 7872
3 7872 7876 7877
3 1987 7922 7876
3 7876 7878 1987
3 1985 7878 7876
3 7875 1987 7878
3 7878 7808 7875
3 1985 7869 7878
3 439 7808 7869
3 7869 7808 7878
3 1970 7875 7808
3 440 7879 7866
3 1988 7880 7879
3 7879 7880 7866
3 7880 1984 7866
3 450 7881 7883
3 1989 7882 7881
3 7881 7882 7883
3 7882 1988 7883
3 1988 7882 7880
3 1989 7884 7882
3 7882 7884 7880
3 7884 1984 7880
3 1989 7885 7884
3 448 7863 7885
3 7885 7863 7884
3 7863 1984 7884
3 450 7883 7887
3 1988 7886 7883
3 7883 7886 7887
3 7886 1990 7887
3 440 7868 7879
3 1986 7888 7868
3 7868 7888 7879
3 7888 1988 7879
3 1988 7888 7886
3 1986 7889 7888
3 7888 7889 7886
3 7889 1990 7886
3 1986 7873 7889
3 449 7890 7873
3 7873 7890 7889
3 7890 1990 7889
3 441 7891 7784
3 1991 7892 7891
3 7891 7892 7784
3 7892 1964 7784
3 592 7893 7895
3 1992 7894 7893
3 7893 7894 7895
3 7894 1991 7895
3 1991 7894 7892
3 1992 7896 7894
3 7894 7896 7892
3 7896 1964 7892
3 1992 7897 7896
3 442 7780 7897
3 7897 7780 7896
3 7780 1964 7896
3 452 7898 7900
3 1993 7899 7898
3 7898 7899 7900
3 7899 1995 7900
3 443 7901 7903
3 1994 7902 7901
3 7901 7902 7903
3 7902 1993 7903
3 1993 7902 7899
3 1994 7904 7902
3 7902 7904 7899
3 7904 1995 7899
3 1994 7905 7904
3 451 7906 7905
3 7905 7906 7904
3 7906 1995 7904
3 442 7907 7796
3 1996 7908 7907
3 7907 7908 7796
3 7908 1967 7796
3 451 7905 7910
3 1994 7909 7905
3 7905 7909 7910
3 7909 1996 7910
3 1996 7909 7908
3 1994 7911 7909
3 7909 7911 7908
3 7911 1967 7908
3 1994 7901 7911
3 443 7792 7901
3 7901 7792 7911
3 7792 1967 7911
3 443 7903 7809
3 1993 7912 7903
3 7903 7912 7809
3 7912 1971 7809
3 452 7913 7898
3 1997 7914 7913
3 7913 7914 7898
3 7914 1993 7898
3 1993 7914 7912
3 1997 7915 7914
3 7914 7915 7912
3 7915 1971 7912
3 1997 7916 7915
3 444 7806 7916
3 7916 7812 7915
3 7812 1971 7915
3 444 7917 7874
3 1998 7918 7917
3 7917 7918 7874
3 7918 1987 7874
3 453 7919 7921
3 1999 7920 7919
3 7919 7920 7921
3 7920 1998 7921
3 1998 7920 7918
3 1999 7922 7920
3 7920 7922 7918
3 7922 1987 7918
3 7923 7877 1999
3 449 7877 7923
3 7922 1999 7877
3 7877 7876 7922
3 7925 7958 7921
3 7924 7925 1998
3 7921 1998 7925
3 7924 2000 7925
3 7916 7926 444
3 1997 7926 7916
3 7917 444 7926
3 7926 7924 7917
3 1998 7917 7924
3 1997 7927 7926
3 7926 7927 7924
3 7927 2000 7924
3 1997 7913 7927
3 452 7928 7913
3 7913 7928 7927
3 7928 2000 7927
3 449 7929 7890
3 2001 7930 7929
3 7929 7930 7890
3 7930 1990 7890
3 454 7931 7933
3 2002 7932 7931
3 7931 7932 7933
3 7932 2001 7933
3 2001 7932 7930
3 2002 7934 7932
3 7932 7934 7930
3 7934 1990 7930
3 2002 7935 7934
3 450 7887 7935
3 7935 7887 7934
3 7887 1990 7934
3 454 7933 7937
3 2001 7936 7933
3 7933 7936 7937
3 2003 7961 7936
3 449 7923 7929
3 1999 7939 7923
3 7923 7938 7929
3 7938 2001 7929
3 2001 7938 7936
3 7938 7923 7939
3 7939 2003 7938
3 7936 7938 2003
3 1999 7919 7939
3 453 7940 7919
3 7919 7940 7939
3 7940 2003 7939
3 451 7941 7906
3 7941 9861 7942
3 7941 7942 7906
3 7942 1995 7906
3 7945 9865 7943
3 2005 7944 7943
3 7943 7944 7945
3 7944 2004 7945
3 7944 7946 2004
3 2005 7947 7944
3 7942 2004 7946
3 7946 1995 7942
3 7946 7944 7947
3 452 7900 7947
3 7947 7900 7946
3 7900 1995 7946
3 456 7955 7950
3 2006 7949 7948
3 7949 2007 7948
3 7950 7948 2007
3 452 7947 7952
3 7951 7952 2005
3 7947 2005 7952
3 2006 7959 7951
3 2006 7951 7949
3 2005 7953 7951
3 7951 7953 7949
3 7953 7954 7949
3 2005 7943 7953
3 7954 7953 455
3 7943 455 7953
3 2007 7949 7954
3 7948 7950 7955
3 2008 7956 7955
3 7955 7956 7948
3 7956 2006 7948
3 453 7921 7958
3 2000 7957 7925
3 7925 7957 7958
3 7957 7956 7958
3 2008 7958 7956
3 2000 7959 7957
3 7959 2006 7957
3 7956 7957 2006
3 2000 7928 7959
3 452 7952 7928
3 7928 7952 7959
3 7952 7951 7959
3 453 7971 7940
3 2009 7961 7960
3 7961 2003 7960
3 7940 7960 2003
3 457 7962 7964
3 2010 7963 7962
3 7962 7963 7964
3 7963 2009 7964
3 2009 7963 7961
3 2010 7965 7963
3 7963 7965 7961
3 7965 7937 7961
3 2010 7966 7965
3 454 7937 7966
3 7966 7937 7965
3 7937 7936 7961
3 7967 7968 456
3 2011 7969 7967
3 7955 456 7968
3 7968 2008 7955
3 457 7964 7970
3 7969 2011 2009
3 7964 2009 2011
3 7970 7964 2011
3 7968 7967 7969
3 2009 7960 7969
3 7969 7971 7968
3 7971 2008 7968
3 7971 7969 7960
3 7958 2008 453
3 7960 7940 7971
3 7971 453 2008
3 456 7972 7967
3 2012 7973 7972
3 7972 7973 7967
3 7973 2011 7967
3 458 7974 7976
3 2013 7975 7974
3 7974 7975 7976
3 7975 2012 7976
3 2012 7975 7973
3 2013 7977 7975
3 7975 7977 7973
3 7977 2011 7973
3 2013 7978 7977
3 457 7970 7978
3 7978 7970 7977
3 7970 2011 7977
3 455 7979 7954
3 2014 7980 7979
3 7979 7980 7954
3 7980 2007 7954
3 609 7981 7983
3 2015 7982 7981
3 7981 7982 7983
3 7982 2014 7983
3 2014 7982 7980
3 2015 7984 7982
3 7982 7984 7980
3 7984 2007 7980
3 2015 7985 7984
3 456 7950 7985
3 7985 7950 7984
3 7950 2007 7984
3 459 3904 7987
3 987 7986 3904
3 3904 7986 7987
3 7986 2016 7987
3 99 7825 3900
3 1974 7988 7825
3 7825 7988 3900
3 7988 987 3900
3 987 7988 7986
3 1974 7989 7988
3 7988 7989 7986
3 7989 2016 7986
3 1974 7821 7989
3 445 7990 7821
3 7821 7990 7989
3 7990 2016 7989
3 110 3993 7992
3 1010 7991 3993
3 3993 7991 7992
3 7991 2017 7992
3 108 3906 3988
3 988 7993 3906
3 3906 7993 3988
3 7993 1010 3988
3 1010 7993 7991
3 988 7994 7993
3 7993 7994 7991
3 7994 2017 7991
3 988 3902 7994
3 459 7995 3902
3 3902 7995 7994
3 7995 2017 7994
3 446 7996 7831
3 2018 7997 7996
3 7996 7997 7831
3 7997 1976 7831
3 460 7998 8000
3 2019 7999 7998
3 7998 7999 8000
3 7999 2018 8000
3 2018 7999 7997
3 2019 8001 7999
3 7999 8001 7997
3 8001 1976 7997
3 2019 8002 8001
3 445 7835 8002
3 8002 7835 8001
3 7835 1976 8001
3 7987 8003 459
3 2016 8005 7987
3 8004 459 8003
3 8003 2020 8004
3 445 8002 7990
3 8005 2016 2019
3 8002 2019 2016
3 7990 8002 2016
3 8003 7987 8005
3 2019 7998 8005
3 8005 8006 8003
3 8006 2020 8003
3 8006 8005 7998
3 8007 8006 460
3 7998 460 8006
3 8007 2020 8006
3 459 8004 7995
3 2021 8009 8008
3 8009 2017 8008
3 7995 8008 2017
3 461 8010 8012
3 2022 8011 8010
3 8010 8011 8012
3 8011 2021 8012
3 2021 8011 8009
3 2022 8013 8011
3 8011 8013 8009
3 8013 7992 8009
3 2022 8014 8013
3 7992 8013 110
3 8014 110 8013
3 2017 8009 7992
3 8008 7995 8004
3 2020 8015 8004
3 8004 8015 8008
3 8015 2021 8008
3 460 8031 8007
3 2023 8017 8016
3 8016 8017 8007
3 8017 2020 8007
3 2020 8017 8015
3 2023 8018 8017
3 8017 8018 8015
3 8018 2021 8015
3 2023 8019 8018
3 461 8012 8019
3 8019 8012 8018
3 8012 2021 8018
3 462 8020 8022
3 2024 8021 8020
3 8020 8021 8022
3 8021 2025 8022
3 446 7849 8024
3 1980 8023 7849
3 7849 8023 8024
3 8023 2024 8024
3 2024 8023 8021
3 1980 8025 8023
3 8023 8025 8021
3 8025 2025 8021
3 1980 7845 8025
3 447 8026 7845
3 7845 8026 8025
3 8026 2025 8025
3 446 8024 7996
3 8027 2018 2024
3 8024 2024 2018
3 7996 8024 2018
3 8028 8029 462
3 2026 8029 8028
3 8020 462 8029
3 8029 8027 8020
3 2024 8020 8027
3 2026 8030 8029
3 8029 8030 8027
3 8030 8000 8027
3 2026 8031 8030
3 8000 8030 460
3 8031 460 8030
3 2018 8027 8000
3 8034 8055 8032
3 8033 8034 2027
3 8032 2027 8034
3 8033 2028 8034
3 447 7861 8036
3 1983 8035 7861
3 7861 8035 8036
3 8035 8033 8041
3 2027 8041 8033
3 1983 8037 8035
3 8035 8037 8033
3 8037 2028 8033
3 1983 7857 8037
3 448 8038 7857
3 7857 8038 8037
3 8038 2028 8037
3 462 8022 8040
3 2025 8039 8022
3 8022 8039 8040
3 8039 8042 8040
3 447 8036 8026
3 8036 8035 8041
3 8036 8041 8026
3 8041 2025 8026
3 2025 8041 8039
3 8042 8039 2027
3 8041 2027 8039
3 2029 8040 8042
3 2027 8032 8042
3 463 8043 8032
3 8032 8043 8042
3 8043 2029 8042
3 464 8044 8046
3 2030 8045 8044
3 8044 8045 8046
3 8045 2031 8046
3 448 7885 8048
3 1989 8047 7885
3 7885 8047 8048
3 8047 2030 8048
3 2030 8047 8045
3 1989 8049 8047
3 8047 8049 8045
3 8049 2031 8045
3 1989 7881 8049
3 450 8050 7881
3 7881 8050 8049
3 8050 2031 8049
3 448 8048 8038
3 2030 8051 8048
3 8048 8051 8038
3 8051 2028 8038
3 464 8052 8044
3 2032 8053 8052
3 8052 8053 8044
3 8053 2030 8044
3 2030 8053 8051
3 2032 8054 8053
3 8053 8054 8051
3 8054 2028 8051
3 2032 8055 8054
3 463 8032 8055
3 8055 8034 8054
3 8034 2028 8054
3 465 8056 8058
3 2033 8057 8056
3 8056 8057 8058
3 8057 2034 8058
3 450 7935 8060
3 2002 8059 7935
3 7935 8059 8060
3 8059 2033 8060
3 2033 8059 8057
3 2002 8061 8059
3 8059 8061 8057
3 8061 2034 8057
3 2002 7931 8061
3 454 8062 7931
3 7931 8062 8061
3 8062 2034 8061
3 450 8060 8050
3 2033 8063 8060
3 8060 8063 8050
3 8063 2031 8050
3 465 8064 8056
3 2035 8065 8064
3 8064 8065 8056
3 8065 2033 8056
3 2033 8065 8063
3 2035 8066 8065
3 8065 8066 8063
3 8066 2031 8063
3 2035 8067 8066
3 464 8046 8067
3 8067 8046 8066
3 8046 2031 8066
3 461 8068 8010
3 2036 8069 8068
3 8068 8069 8010
3 8069 2022 8010
3 120 4021 8071
3 1019 8070 4021
3 4021 8070 8071
3 8070 2036 8071
3 2036 8070 8069
3 1019 8072 8070
3 8070 8072 8069
3 8072 2022 8069
3 1019 4025 8072
3 4025 3991 8014
3 4025 8014 8072
3 8014 2022 8072
3 466 8073 8075
3 2037 8074 8073
3 8073 8074 8075
3 8074 2038 8075
3 8077 8007 8031
3 2026 8076 8031
3 8031 8076 8077
3 8076 2037 8077
3 2037 8076 8074
3 2026 8078 8076
3 8076 8078 8074
3 8078 2038 8074
3 2026 8028 8078
3 462 8106 8028
3 8028 8079 8078
3 8079 2038 8078
3 8016 8007 8077
3 2037 8080 8077
3 8077 8080 8016
3 8080 2023 8016
3 466 8081 8073
3 2039 8082 8081
3 8081 8082 8073
3 8082 2037 8073
3 2037 8082 8080
3 2039 8083 8082
3 8082 8083 8080
3 8083 2023 8080
3 2039 8084 8083
3 461 8019 8084
3 8084 8019 8083
3 8019 2023 8083
3 467 8085 8087
3 2040 8086 8085
3 8085 8086 8087
3 8086 2041 8087
3 461 8084 8089
3 2039 8088 8084
3 8084 8088 8089
3 8088 2040 8089
3 2040 8088 8086
3 2039 8090 8088
3 8088 8090 8086
3 8090 2041 8086
3 2039 8081 8090
3 466 8091 8081
3 8081 8091 8090
3 8091 2041 8090
3 461 8089 8068
3 2040 8092 8089
3 8089 8092 8068
3 8092 2036 8068
3 467 8093 8085
3 2042 8094 8093
3 8093 8094 8085
3 8094 2040 8085
3 2040 8094 8092
3 2042 8095 8094
3 8094 8095 8092
3 8095 2036 8092
3 2042 8096 8095
3 120 8071 8096
3 8096 8071 8095
3 8071 2036 8095
3 468 4133 8098
3 1046 8097 4133
3 4133 8097 8098
3 8097 2043 8098
3 120 8096 4129
3 2042 8099 8096
3 8096 8099 4129
3 8099 1046 4129
3 1046 8099 8097
3 2042 8100 8099
3 8099 8100 8097
3 8100 2043 8097
3 2042 8093 8100
3 467 8101 8093
3 8093 8101 8100
3 8101 2043 8100
3 469 8102 8104
3 2044 8103 8102
3 8102 8103 8104
3 8103 2045 8104
3 462 8040 8106
3 8105 8106 2029
3 8040 2029 8106
3 2044 8079 8105
3 2044 8105 8103
3 2029 8107 8105
3 8105 8107 8103
3 8107 2045 8103
3 2029 8043 8107
3 463 8108 8043
3 8043 8108 8107
3 8108 2045 8107
3 466 8075 8110
3 2038 8109 8075
3 8075 8109 8110
3 8109 2046 8110
3 8079 8028 8106
3 8111 8079 2044
3 8106 8105 8079
3 8111 2038 8079
3 2038 8111 8109
3 2044 8112 8111
3 8111 8112 8109
3 8112 2046 8109
3 2044 8102 8112
3 469 8113 8102
3 8102 8113 8112
3 8113 2046 8112
3 8116 8137 8114
3 8115 8116 2047
3 8114 2047 8116
3 8115 2048 8116
3 8055 8117 463
3 2032 8117 8055
3 8118 463 8117
3 8117 8115 8118
3 2047 8118 8115
3 2032 8119 8117
3 8117 8119 8115
3 8119 2048 8115
3 2032 8052 8119
3 464 8120 8052
3 8052 8120 8119
3 8120 2048 8119
3 469 8104 8122
3 2045 8121 8104
3 8104 8121 8122
3 8121 2049 8122
3 463 8118 8108
3 2047 8123 8118
3 8118 8123 8108
3 8123 2045 8108
3 2045 8123 8121
3 2047 8124 8123
3 8123 8124 8121
3 8124 2049 8121
3 2047 8114 8124
3 470 8125 8114
3 8114 8125 8124
3 8125 2049 8124
3 464 8067 8127
3 2035 8126 8067
3 8067 8126 8127
3 8126 2051 8127
3 465 8128 8064
3 2050 8129 8128
3 8128 8129 8064
3 8129 2035 8064
3 2035 8129 8126
3 2050 8130 8129
3 8129 8130 8126
3 8130 2051 8126
3 2050 8131 8130
3 471 8132 8131
3 8131 8132 8130
3 8132 2051 8130
3 464 8127 8120
3 2051 8133 8127
3 8127 8133 8120
3 8133 2048 8120
3 471 8134 8132
3 2052 8135 8134
3 8134 8135 8132
3 8135 2051 8132
3 2051 8135 8133
3 2052 8136 8135
3 8135 8136 8133
3 8136 2048 8133
3 2052 8137 8136
3 470 8114 8137
3 8137 8116 8136
3 8116 2048 8136
3 8140 8171 8138
3 8139 8140 2053
3 8138 2053 8140
3 8139 2054 8140
3 454 7966 8142
3 2010 8141 7966
3 7966 8141 8142
3 8141 8139 8142
3 2053 8145 8139
3 2010 8143 8141
3 8141 8143 8139
3 8143 2054 8139
3 2010 7962 8143
3 457 8144 7962
3 7962 8144 8143
3 8144 2054 8143
3 454 8142 8062
3 8142 8139 8145
3 8142 8145 8062
3 8145 2034 8062
3 472 8146 8138
3 2055 8147 8146
3 8146 8147 8138
3 8147 2053 8138
3 8147 8148 2053
3 2055 8149 8147
3 8145 2053 8148
3 8148 2034 8145
3 8148 8147 8149
3 465 8058 8149
3 8149 8058 8148
3 8058 2034 8148
3 473 8150 8152
3 2056 8151 8150
3 8150 8151 8152
3 8151 2057 8152
3 465 8149 8154
3 8153 8154 2055
3 8149 2055 8154
3 2056 8161 8153
3 2056 8153 8151
3 2055 8155 8153
3 8153 8155 8151
3 8155 2057 8151
3 2055 8146 8155
3 472 8156 8146
3 8146 8156 8155
3 8156 2057 8155
3 473 8157 8150
3 2058 8158 8157
3 8157 8158 8150
3 8158 2056 8150
3 471 8131 8160
3 2050 8159 8131
3 8131 8159 8160
3 8159 8158 8160
3 2058 8160 8158
3 2050 8161 8159
3 8161 2056 8159
3 8158 8159 2056
3 2050 8128 8161
3 465 8154 8128
3 8128 8154 8161
3 8154 8153 8161
3 474 8162 8164
3 2059 8163 8162
3 8162 8163 8164
3 8163 2060 8164
3 457 7978 8166
3 2013 8165 7978
3 7978 8165 8166
3 8165 2059 8166
3 2059 8165 8163
3 2013 8167 8165
3 8165 8167 8163
3 8167 2060 8163
3 2013 7974 8167
3 458 8168 7974
3 7974 8168 8167
3 8168 2060 8167
3 8169 8170 474
3 2061 8170 8169
3 8162 474 8170
3 8170 8173 8162
3 472 8138 8171
3 2054 8173 8140
3 8171 2061 472
3 8172 472 2061
3 2061 8171 8170
3 8171 8140 8173
3 8171 8173 8170
3 2059 8162 8173
3 8144 2059 2054
3 457 8166 8144
3 8166 2059 8144
3 8173 2054 2059
3 130 4222 8175
3 1069 8174 4222
3 4222 8174 8175
3 8174 2062 8175
3 128 4135 4217
3 1047 8176 4135
3 4135 8176 4217
3 8176 1069 4217
3 1069 8176 8174
3 1047 8177 8176
3 8176 8177 8174
3 8177 2062 8174
3 1047 4131 8177
3 468 8178 4131
3 4131 8178 8177
3 8178 2062 8177
3 466 8110 8180
3 2046 8179 8110
3 8110 8179 8180
3 8179 2064 8180
3 469 8181 8113
3 2063 8182 8181
3 8181 8182 8113
3 8182 2046 8113
3 2046 8182 8179
3 2063 8183 8182
3 8182 8183 8179
3 8183 2064 8179
3 2063 8184 8183
3 475 8185 8184
3 8184 8185 8183
3 8185 2064 8183
3 466 8180 8091
3 2064 8186 8180
3 8180 8186 8091
3 8186 2041 8091
3 475 8187 8185
3 2065 8188 8187
3 8187 8188 8185
3 8188 2064 8185
3 2064 8188 8186
3 2065 8189 8188
3 8188 8189 8186
3 8189 2041 8186
3 2065 8190 8189
3 467 8087 8190
3 8190 8087 8189
3 8087 2041 8189
3 467 8191 8101
3 2066 8192 8191
3 8191 8192 8101
3 8192 2043 8101
3 476 8193 8195
3 2067 8194 8193
3 8193 8194 8195
3 8194 2066 8195
3 2066 8194 8192
3 2067 8196 8194
3 8194 8196 8192
3 8196 2043 8192
3 2067 8197 8196
3 468 8098 8197
3 8197 8098 8196
3 8098 2043 8196
3 475 8198 8187
3 2068 8199 8198
3 8198 8199 8187
3 8199 2065 8187
3 476 8195 8201
3 2066 8200 8195
3 8195 8200 8201
3 8200 2068 8201
3 2068 8200 8199
3 2066 8202 8200
3 8200 8202 8199
3 8202 2065 8199
3 2066 8191 8202
3 467 8190 8191
3 8191 8190 8202
3 8190 2065 8202
3 468 8203 8178
3 2069 8204 8203
3 8203 8204 8178
3 8204 2062 8178
3 477 8205 8207
3 2070 8206 8205
3 8205 8206 8207
3 8206 2069 8207
3 2069 8206 8204
3 2070 8208 8206
3 8206 8208 8204
3 8208 2062 8204
3 2070 8209 8208
3 130 8175 8209
3 8209 8175 8208
3 8175 2062 8208
3 476 8210 8193
3 2071 8211 8210
3 8210 8211 8193
3 8211 2067 8193
3 477 8207 8213
3 2069 8212 8207
3 8207 8212 8213
3 8212 2071 8213
3 2071 8212 8211
3 2069 8214 8212
3 8212 8214 8211
3 8214 2067 8211
3 2069 8203 8214
3 468 8197 8203
3 8203 8197 8214
3 8197 2067 8214
3 469 8122 8216
3 2049 8215 8122
3 8122 8215 8216
3 8215 2073 8216
3 470 8217 8125
3 2072 8218 8217
3 8217 8218 8125
3 8218 2049 8125
3 2049 8218 8215
3 2072 8219 8218
3 8218 8219 8215
3 8219 2073 8215
3 2072 8220 8219
3 478 8221 8220
3 8220 8221 8219
3 8221 2073 8219
3 475 8184 8223
3 2063 8222 8184
3 8184 8222 8223
3 8222 2074 8223
3 469 8216 8181
3 2073 8224 8216
3 8216 8224 8181
3 8224 2063 8181
3 2063 8224 8222
3 2073 8225 8224
3 8224 8225 8222
3 8225 2074 8222
3 2073 8221 8225
3 478 8226 8221
3 8221 8226 8225
3 8226 2074 8225
3 8137 8227 470
3 2052 8227 8137
3 8228 470 8227
3 8227 8231 8228
3 471 8229 8134
3 2075 8230 8229
3 8229 8230 8134
3 8230 2052 8134
3 2052 8230 8227
3 2075 8231 8230
3 8230 8231 8227
3 2076 8228 8231
3 2075 8232 8231
3 8232 8249 8233
3 8233 2076 8232
3 8231 8232 2076
3 478 8220 8235
3 2072 8234 8220
3 8220 8234 8235
3 8234 2077 8235
3 470 8228 8217
3 2076 8236 8228
3 8228 8236 8217
3 8236 2072 8217
3 2072 8236 8234
3 2076 8237 8236
3 8236 8237 8234
3 8237 2077 8234
3 2076 8233 8237
3 479 8238 8233
3 8233 8238 8237
3 8238 2077 8237
3 480 8239 8241
3 2078 8240 8239
3 8239 8240 8241
3 8240 2079 8241
3 471 8160 8243
3 8242 8243 2058
3 8160 2058 8243
3 2078 8250 8242
3 2078 8242 8240
3 2058 8244 8242
3 8242 8244 8240
3 8244 2079 8240
3 2058 8157 8244
3 473 8245 8157
3 8157 8245 8244
3 8245 2079 8244
3 480 8246 8239
3 2080 8247 8246
3 8246 8247 8239
3 8247 2078 8239
3 479 8233 8249
3 2075 8248 8232
3 8232 8248 8249
3 8248 8247 8249
3 2080 8249 8247
3 2075 8250 8248
3 8250 2078 8248
3 8247 8248 2078
3 2075 8229 8250
3 471 8243 8229
3 8229 8243 8250
3 8243 8242 8250
3 481 8251 8253
3 2081 8252 8251
3 8251 8252 8253
3 8252 2082 8253
3 8241 8254 480
3 2079 8256 8241
3 8255 480 8254
3 8254 2081 8255
3 2081 8254 8252
3 8254 8241 8256
3 8254 8256 8252
3 8256 2082 8252
3 8245 8257 2079
3 473 8269 8245
3 8256 2079 8257
3 8257 2082 8256
3 474 8282 8169
3 2083 8259 8258
3 8258 8259 8169
3 8259 2061 8169
3 482 8260 8262
3 2084 8261 8260
3 8260 8261 8262
3 2083 8287 8261
3 8261 8263 2083
3 2084 8263 8261
3 8259 2083 8263
3 8263 8172 8259
3 2084 8264 8263
3 8264 8156 8172
3 8264 8172 8263
3 2061 8259 8172
3 472 8172 8156
3 2084 8265 8264
3 8265 2057 8264
3 8156 8264 2057
3 482 8266 8260
3 2085 8267 8266
3 8266 8267 8260
3 8267 2084 8260
3 2084 8267 8265
3 2085 8268 8267
3 8267 8268 8265
3 8268 8152 8265
3 2085 8269 8268
3 8152 8268 473
3 8269 473 8268
3 2057 8265 8152
3 481 8253 8271
3 2082 8270 8253
3 8253 8270 8271
3 8270 2086 8271
3 8257 8245 8269
3 2085 8272 8269
3 8269 8272 8257
3 8272 2082 8257
3 2082 8272 8270
3 2085 8273 8272
3 8272 8273 8270
3 8273 2086 8270
3 2085 8266 8273
3 482 8274 8266
3 8266 8274 8273
3 8274 2086 8273
3 458 8275 8168
3 2087 8276 8275
3 8275 8276 8168
3 8276 2060 8168
3 624 8277 8279
3 2088 8278 8277
3 8277 8278 8279
3 8278 2087 8279
3 2087 8278 8276
3 2088 8280 8278
3 8278 8280 8276
3 8280 2060 8276
3 2088 8281 8280
3 474 8164 8281
3 8281 8164 8280
3 8164 2060 8280
3 8258 8169 8282
3 8283 8258 2089
3 8282 2089 8258
3 8283 2083 8258
3 8284 8285 483
3 2090 8285 8284
3 8286 483 8285
3 8285 8283 8286
3 2089 8286 8283
3 2090 8287 8285
3 8285 8287 8283
3 8287 2083 8283
3 8288 8262 2090
3 482 8262 8288
3 8287 2090 8262
3 8262 8261 8287
3 130 8209 4249
3 2070 8289 8209
3 8209 8289 4249
3 8289 1077 4249
3 477 8290 8205
3 2091 8291 8290
3 8290 8291 8205
3 8291 2070 8205
3 2070 8291 8289
3 2091 8292 8291
3 8291 8292 8289
3 8292 1077 8289
3 2091 8293 8292
3 140 4245 8293
3 8293 4245 8292
3 4245 1077 8292
3 475 8294 8198
3 2092 8295 8294
3 8294 8295 8198
3 8295 2068 8198
3 484 8296 8298
3 2093 8297 8296
3 8296 8297 8298
3 8297 2092 8298
3 2092 8297 8295
3 2093 8299 8297
3 8297 8299 8295
3 8299 2068 8295
3 2093 8300 8299
3 476 8201 8300
3 8300 8201 8299
3 8201 2068 8299
3 484 8298 8302
3 2092 8301 8298
3 8298 8301 8302
3 8301 2094 8302
3 475 8223 8294
3 2074 8303 8223
3 8223 8303 8294
3 8303 2092 8294
3 2092 8303 8301
3 2074 8304 8303
3 8303 8304 8301
3 8304 2094 8301
3 2074 8226 8304
3 478 8305 8226
3 8226 8305 8304
3 8305 2094 8304
3 477 8213 8307
3 2071 8306 8213
3 8213 8306 8307
3 8306 2096 8307
3 476 8308 8210
3 2095 8309 8308
3 8308 8309 8210
3 8309 2071 8210
3 2071 8309 8306
3 2095 8310 8309
3 8309 8310 8306
3 8310 2096 8306
3 2095 8311 8310
3 485 8312 8311
3 8311 8312 8310
3 8312 2096 8310
3 484 8313 8296
3 2097 8314 8313
3 8313 8314 8296
3 8314 2093 8296
3 485 8311 8316
3 2095 8315 8311
3 8311 8315 8316
3 8315 2097 8316
3 2097 8315 8314
3 2095 8317 8315
3 8315 8317 8314
3 8317 2093 8314
3 2095 8308 8317
3 476 8300 8308
3 8308 8300 8317
3 8300 2093 8317
3 477 8318 8290
3 2098 8319 8318
3 8318 8319 8290
3 8319 2091 8290
3 486 8320 8322
3 2099 8321 8320
3 8320 8321 8322
3 8321 2098 8322
3 2098 8321 8319
3 2099 8323 8321
3 8321 8323 8319
3 8323 2091 8319
3 2099 8324 8323
3 140 8293 8324
3 8324 8293 8323
3 8293 2091 8323
3 485 8325 8312
3 2100 8326 8325
3 8325 8326 8312
3 8326 2096 8312
3 486 8322 8328
3 2098 8327 8322
3 8322 8327 8328
3 8327 2100 8328
3 2100 8327 8326
3 2098 8329 8327
3 8327 8329 8326
3 8329 2096 8326
3 2098 8318 8329
3 477 8307 8318
3 8318 8307 8329
3 8307 2096 8329
3 478 8235 8331
3 2077 8330 8235
3 8235 8330 8331
3 8330 2102 8331
3 479 8332 8238
3 2101 8333 8332
3 8332 8333 8238
3 8333 2077 8238
3 2077 8333 8330
3 2101 8334 8333
3 8333 8334 8330
3 8334 2102 8330
3 2101 8335 8334
3 487 8336 8335
3 8335 8336 8334
3 8336 2102 8334
3 484 8302 8338
3 2094 8337 8302
3 8302 8337 8338
3 8337 2103 8338
3 478 8331 8305
3 2102 8339 8331
3 8331 8339 8305
3 8339 2094 8305
3 2094 8339 8337
3 2102 8340 8339
3 8339 8340 8337
3 8340 2103 8337
3 2102 8336 8340
3 487 8341 8336
3 8336 8341 8340
3 8341 2103 8340
3 479 8351 8332
3 2104 8343 8342
3 8342 8343 8332
3 8343 2101 8332
3 489 8344 8346
3 2105 8345 8344
3 8344 8345 8346
3 8345 2104 8346
3 2104 8345 8343
3 2105 8347 8345
3 8345 8347 8343
3 8347 2101 8343
3 2105 8348 8347
3 487 8335 8348
3 8348 8335 8347
3 8335 2101 8347
3 489 8346 8350
3 8349 8350 2104
3 8346 2104 8350
3 8349 2106 8350
3 8249 2080 479
3 8351 479 2080
3 8342 8332 8351
3 8351 8349 8342
3 2104 8342 8349
3 2080 8352 8351
3 8351 8352 8349
3 8352 2106 8349
3 2080 8246 8352
3 480 8353 8246
3 8246 8353 8352
3 8353 2106 8352
3 488 8354 8356
3 2107 8355 8354
3 8354 8355 8356
3 8355 2108 8356
3 487 8348 8358
3 2105 8357 8348
3 8348 8357 8358
3 8357 2107 8358
3 2107 8357 8355
3 2105 8359 8357
3 8357 8359 8355
3 8359 2108 8355
3 2105 8344 8359
3 489 8360 8344
3 8344 8360 8359
3 8360 2108 8359
3 481 8361 8251
3 2109 8362 8361
3 8361 8362 8251
3 8362 2081 8251
3 490 8363 8365
3 2110 8364 8363
3 8363 8364 8365
3 8364 2109 8365
3 2109 8364 8362
3 2110 8366 8364
3 8364 8366 8362
3 8366 2081 8362
3 2110 8367 8366
3 480 8255 8367
3 8367 8255 8366
3 8255 2081 8366
3 489 8350 8369
3 2106 8368 8350
3 8350 8368 8369
3 8368 2111 8369
3 480 8367 8353
3 2110 8370 8367
3 8367 8370 8353
3 8370 2106 8353
3 2106 8370 8368
3 2110 8371 8370
3 8370 8371 8368
3 8371 2111 8368
3 2110 8363 8371
3 490 8372 8363
3 8363 8372 8371
3 8372 2111 8371
3 482 8373 8274
3 2112 8374 8373
3 8373 8374 8274
3 8374 2086 8274
3 492 8375 8377
3 2113 8376 8375
3 8375 8376 8377
3 8376 2112 8377
3 2112 8376 8374
3 2113 8378 8376
3 8376 8378 8374
3 8378 2086 8374
3 2113 8379 8378
3 481 8271 8379
3 8379 8271 8378
3 8271 2086 8378
3 481 8380 8361
3 2114 8381 8380
3 8380 8381 8361
3 8381 2109 8361
3 491 8382 8384
3 2115 8383 8382
3 8382 8383 8384
3 8383 2114 8384
3 2114 8383 8381
3 2115 8385 8383
3 8383 8385 8381
3 8385 2109 8381
3 2115 8386 8385
3 490 8365 8386
3 8386 8365 8385
3 8365 2109 8385
3 492 8377 8388
3 2112 8387 8377
3 8377 8387 8388
3 2116 10202 8387
3 482 8288 8373
3 2090 8390 8288
3 8288 8389 8373
3 8389 2112 8373
3 2112 8389 8387
3 8389 8288 8390
3 8390 2116 8389
3 8387 8389 2116
3 2090 8284 8390
3 483 10196 8284
3 8284 8391 8390
3 8391 2116 8390
3 491 8384 8393
3 2114 8392 8384
3 8384 8392 8393
3 8392 2117 8393
3 481 8379 8380
3 2113 8394 8379
3 8379 8394 8380
3 8394 2114 8380
3 2114 8394 8392
3 2113 8395 8394
3 8394 8395 8392
3 8395 2117 8392
3 2113 8375 8395
3 492 8396 8375
3 8375 8396 8395
3 8396 2117 8395
3 140 8324 4359
3 2099 8397 8324
3 8324 8397 4359
3 8397 1105 4359
3 486 8398 8320
3 2118 8399 8398
3 8398 8399 8320
3 8399 2099 8320
3 2099 8399 8397
3 2118 8400 8399
3 8399 8400 8397
3 8400 1105 8397
3 2118 8401 8400
3 150 4355 8401
3 8401 4355 8400
3 4355 1105 8400
3 486 8402 8398
3 2119 8403 8402
3 8402 8403 8398
3 8403 2118 8398
3 493 8404 8406
3 2120 8405 8404
3 8404 8405 8406
3 8405 2119 8406
3 2119 8405 8403
3 2120 8407 8405
3 8405 8407 8403
3 8407 2118 8403
3 2120 8408 8407
3 150 8401 8408
3 8408 8401 8407
3 8401 2118 8407
3 494 8409 8411
3 2121 8410 8409
3 8409 8410 8411
3 8410 2122 8411
3 485 8316 8413
3 2097 8412 8316
3 8316 8412 8413
3 8412 2121 8413
3 2121 8412 8410
3 2097 8414 8412
3 8412 8414 8410
3 8414 2122 8410
3 2097 8313 8414
3 484 8415 8313
3 8313 8415 8414
3 8415 2122 8414
3 494 8411 8417
3 2122 8416 8411
3 8411 8416 8417
3 8416 2123 8417
3 484 8338 8415
3 2103 8418 8338
3 8338 8418 8415
3 8418 2122 8415
3 2122 8418 8416
3 2103 8419 8418
3 8418 8419 8416
3 8419 2123 8416
3 2103 8341 8419
3 487 8420 8341
3 8341 8420 8419
3 8420 2123 8419
3 495 8421 8423
3 2124 8422 8421
3 8421 8422 8423
3 8422 2125 8423
3 493 8406 8425
3 2119 8424 8406
3 8406 8424 8425
3 8424 2124 8425
3 2124 8424 8422
3 2119 8426 8424
3 8424 8426 8422
3 8426 2125 8422
3 2119 8402 8426
3 486 8427 8402
3 8402 8427 8426
3 8427 2125 8426
3 485 8428 8325
3 2126 8429 8428
3 8428 8429 8325
3 8429 2100 8325
3 495 8423 8431
3 2125 8430 8423
3 8423 8430 8431
3 8430 2126 8431
3 2126 8430 8429
3 2125 8432 8430
3 8430 8432 8429
3 8432 2100 8429
3 2125 8427 8432
3 486 8328 8427
3 8427 8328 8432
3 8328 2100 8432
3 494 8433 8409
3 2127 8434 8433
3 8433 8434 8409
3 8434 2121 8409
3 495 8431 8436
3 2126 8435 8431
3 8431 8435 8436
3 8435 2127 8436
3 2127 8435 8434
3 2126 8437 8435
3 8435 8437 8434
3 8437 2121 8434
3 2126 8428 8437
3 485 8413 8428
3 8428 8413 8437
3 8413 2121 8437
3 487 8358 8420
3 2107 8438 8358
3 8358 8438 8420
3 8438 2123 8420
3 488 8439 8354
3 2128 8440 8439
3 8439 8440 8354
3 8440 2107 8354
3 2107 8440 8438
3 2128 8441 8440
3 8440 8441 8438
3 8441 2123 8438
3 2128 8442 8441
3 494 8417 8442
3 8442 8417 8441
3 8417 2123 8441
3 497 8443 8445
3 2129 8444 8443
3 8443 8444 8445
3 8444 2130 8445
3 494 8442 8447
3 2128 8446 8442
3 8442 8446 8447
3 8446 2129 8447
3 2129 8446 8444
3 2128 8448 8446
3 8446 8448 8444
3 8448 2130 8444
3 2128 8439 8448
3 488 8449 8439
3 8439 8449 8448
3 8449 2130 8448
3 496 8450 8452
3 2131 8451 8450
3 8450 8451 8452
3 8451 2132 8452
3 494 8447 8454
3 2129 8453 8447
3 8447 8453 8454
3 8453 2131 8454
3 2131 8453 8451
3 2129 8455 8453
3 8453 8455 8451
3 8455 2132 8451
3 2129 8443 8455
3 497 8456 8443
3 8443 8456 8455
3 8456 2132 8455
3 489 8457 8360
3 2133 8458 8457
3 8457 8458 8360
3 8458 2108 8360
3 499 8459 8461
3 2134 8460 8459
3 8459 8460 8461
3 8460 2133 8461
3 2133 8460 8458
3 2134 8462 8460
3 8460 8462 8458
3 8462 2108 8458
3 2134 8463 8462
3 488 8356 8463
3 8463 8356 8462
3 8356 2108 8462
3 488 8464 8449
3 2135 8465 8464
3 8464 8465 8449
3 8465 2130 8449
3 498 8466 8468
3 2136 8467 8466
3 8466 8467 8468
3 8467 2135 8468
3 2135 8467 8465
3 2136 8469 8467
3 8467 8469 8465
3 8469 2130 8465
3 2136 8470 8469
3 497 8445 8470
3 8470 8445 8469
3 8445 2130 8469
3 490 8471 8372
3 2137 8472 8471
3 8471 8472 8372
3 8472 2111 8372
3 499 8461 8474
3 2133 8473 8461
3 8461 8473 8474
3 8473 2137 8474
3 2137 8473 8472
3 2133 8475 8473
3 8473 8475 8472
3 8475 2111 8472
3 2133 8457 8475
3 489 8369 8457
3 8457 8369 8475
3 8369 2111 8475
3 498 8468 8477
3 2135 8476 8468
3 8468 8476 8477
3 8476 2138 8477
3 488 8463 8464
3 2134 8478 8463
3 8463 8478 8464
3 8478 2135 8464
3 2135 8478 8476
3 2134 8479 8478
3 8478 8479 8476
3 8479 2138 8476
3 2134 8459 8479
3 499 8480 8459
3 8459 8480 8479
3 8480 2138 8479
3 500 8481 8483
3 2139 8482 8481
3 8481 8482 8483
3 8482 2140 8483
3 490 8386 8485
3 2115 8484 8386
3 8386 8484 8485
3 8484 2139 8485
3 2139 8484 8482
3 2115 8486 8484
3 8484 8486 8482
3 8486 2140 8482
3 2115 8382 8486
3 491 8487 8382
3 8382 8487 8486
3 8487 2140 8486
3 490 8485 8471
3 2139 8488 8485
3 8485 8488 8471
3 8488 2137 8471
3 500 8489 8481
3 2141 8490 8489
3 8489 8490 8481
3 8490 2139 8481
3 2139 8490 8488
3 2141 8491 8490
3 8490 8491 8488
3 8491 2137 8488
3 2141 8492 8491
3 499 8474 8492
3 8492 8474 8491
3 8474 2137 8491
3 492 8493 8396
3 2142 8494 8493
3 8493 8494 8396
3 8494 2117 8396
3 643 8495 8497
3 2143 8496 8495
3 8495 8496 8497
3 8496 2142 8497
3 2142 8496 8494
3 2143 8498 8496
3 8496 8498 8494
3 8498 2117 8494
3 2143 8499 8498
3 491 8393 8499
3 8499 8393 8498
3 8393 2117 8498
3 491 8500 8487
3 2144 8501 8500
3 8500 8501 8487
3 8501 2140 8487
3 501 8502 8504
3 2145 8503 8502
3 8502 8503 8504
3 8503 2144 8504
3 2144 8503 8501
3 2145 8505 8503
3 8503 8505 8501
3 8505 2140 8501
3 2145 8506 8505
3 500 8483 8506
3 8506 8483 8505
3 8483 2140 8505
3 159 4460 8508
3 1130 8507 4460
3 4460 8507 8508
3 8507 2146 8508
3 150 8408 4456
3 2120 8509 8408
3 8408 8509 4456
3 8509 1130 4456
3 1130 8509 8507
3 2120 8510 8509
3 8509 8510 8507
3 8510 2146 8507
3 2120 8404 8510
3 493 8511 8404
3 8404 8511 8510
3 8511 2146 8510
3 502 8512 8514
3 2147 8513 8512
3 8512 8513 8514
3 8513 2148 8514
3 159 8508 8516
3 2146 8515 8508
3 8508 8515 8516
3 8515 2147 8516
3 2147 8515 8513
3 2146 8517 8515
3 8515 8517 8513
3 8517 2148 8513
3 2146 8511 8517
3 493 8518 8511
3 8511 8518 8517
3 8518 2148 8517
3 502 8514 8520
3 2148 8519 8514
3 8514 8519 8520
3 8519 2150 8520
3 493 8521 8518
3 2149 8522 8521
3 8521 8522 8518
3 8522 2148 8518
3 2148 8522 8519
3 2149 8523 8522
3 8522 8523 8519
3 8523 2150 8519
3 2149 8524 8523
3 503 8525 8524
3 8524 8525 8523
3 8525 2150 8523
3 495 8526 8421
3 2151 8527 8526
3 8526 8527 8421
3 8527 2124 8421
3 504 8528 8530
3 2152 8529 8528
3 8528 8529 8530
3 8529 2151 8530
3 2151 8529 8527
3 2152 8531 8529
3 8529 8531 8527
3 8531 2124 8527
3 2152 8532 8531
3 493 8425 8532
3 8532 8425 8531
3 8425 2124 8531
3 503 8524 8534
3 2149 8533 8524
3 8524 8533 8534
3 8533 2153 8534
3 493 8532 8521
3 2152 8535 8532
3 8532 8535 8521
3 8535 2149 8521
3 2149 8535 8533
3 2152 8536 8535
3 8535 8536 8533
3 8536 2153 8533
3 2152 8528 8536
3 504 8537 8528
3 8528 8537 8536
3 8537 2153 8536
3 494 8454 8433
3 2131 8538 8454
3 8454 8538 8433
3 8538 2127 8433
3 496 8539 8450
3 2154 8540 8539
3 8539 8540 8450
3 8540 2131 8450
3 2131 8540 8538
3 2154 8541 8540
3 8540 8541 8538
3 8541 2127 8538
3 2154 8542 8541
3 495 8436 8542
3 8542 8436 8541
3 8436 2127 8541
3 504 8530 8544
3 2151 8543 8530
3 8530 8543 8544
3 8543 2155 8544
3 495 8542 8526
3 2154 8545 8542
3 8542 8545 8526
3 8545 2151 8526
3 2151 8545 8543
3 2154 8546 8545
3 8545 8546 8543
3 8546 2155 8543
3 2154 8539 8546
3 496 8547 8539
3 8539 8547 8546
3 8547 2155 8546
3 496 8548 8547
3 2156 8549 8548
3 8548 8549 8547
3 8549 2155 8547
3 505 8550 8552
3 2157 8551 8550
3 8550 8551 8552
3 8551 2156 8552
3 2156 8551 8549
3 2157 8553 8551
3 8551 8553 8549
3 8553 2155 8549
3 2157 8554 8553
3 504 8544 8554
3 8554 8544 8553
3 8544 2155 8553
3 496 8452 8548
3 2132 8555 8452
3 8452 8555 8548
3 8555 2156 8548
3 497 8556 8456
3 2158 8557 8556
3 8556 8557 8456
3 8557 2132 8456
3 2132 8557 8555
3 2158 8558 8557
3 8557 8558 8555
3 8558 2156 8555
3 2158 8559 8558
3 505 8552 8559
3 8559 8552 8558
3 8552 2156 8558
3 498 8560 8466
3 2159 8561 8560
3 8560 8561 8466
3 8561 2136 8466
3 506 8562 8564
3 2160 8563 8562
3 8562 8563 8564
3 8563 2159 8564
3 2159 8563 8561
3 2160 8565 8563
3 8563 8565 8561
3 8565 2136 8561
3 2160 8566 8565
3 497 8470 8566
3 8566 8470 8565
3 8470 2136 8565
3 497 8566 8556
3 2160 8567 8566
3 8566 8567 8556
3 8567 2158 8556
3 506 8568 8562
3 2161 8569 8568
3 8568 8569 8562
3 8569 2160 8562
3 2160 8569 8567
3 2161 8570 8569
3 8569 8570 8567
3 8570 2158 8567
3 2161 8571 8570
3 505 8559 8571
3 8571 8559 8570
3 8559 2158 8570
3 499 8572 8480
3 2162 8573 8572
3 8572 8573 8480
3 8573 2138 8480
3 508 8574 8576
3 2163 8575 8574
3 8574 8575 8576
3 8575 2162 8576
3 2162 8575 8573
3 2163 8577 8575
3 8575 8577 8573
3 8577 2138 8573
3 2163 8578 8577
3 498 8477 8578
3 8578 8477 8577
3 8477 2138 8577
3 498 8579 8560
3 2164 8580 8579
3 8579 8580 8560
3 8580 2159 8560
3 507 8581 8583
3 2165 8582 8581
3 8581 8582 8583
3 8582 2164 8583
3 2164 8582 8580
3 2165 8584 8582
3 8582 8584 8580
3 8584 2159 8580
3 2165 8585 8584
3 506 8564 8585
3 8585 8564 8584
3 8564 2159 8584
3 499 8492 8572
3 2141 8586 8492
3 8492 8586 8572
3 8586 2162 8572
3 500 8587 8489
3 2166 8588 8587
3 8587 8588 8489
3 8588 2141 8489
3 2141 8588 8586
3 2166 8589 8588
3 8588 8589 8586
3 8589 2162 8586
3 2166 8590 8589
3 508 8576 8590
3 8590 8576 8589
3 8576 2162 8589
3 507 8583 8592
3 2164 8591 8583
3 8583 8591 8592
3 8591 2167 8592
3 498 8578 8579
3 2163 8593 8578
3 8578 8593 8579
3 8593 2164 8579
3 2164 8593 8591
3 2163 8594 8593
3 8593 8594 8591
3 8594 2167 8591
3 2163 8574 8594
3 508 8595 8574
3 8574 8595 8594
3 8595 2167 8594
3 509 8596 8598
3 2168 8597 8596
3 8596 8597 8598
3 8597 2169 8598
3 500 8506 8600
3 2145 8599 8506
3 8506 8599 8600
3 8599 2168 8600
3 2168 8599 8597
3 2145 8601 8599
3 8599 8601 8597
3 8601 2169 8597
3 2145 8502 8601
3 501 8602 8502
3 8502 8602 8601
3 8602 2169 8601
3 500 8600 8587
3 2168 8603 8600
3 8600 8603 8587
3 8603 2166 8587
3 509 8604 8596
3 2170 8605 8604
3 8604 8605 8596
3 8605 2168 8596
3 2168 8605 8603
3 2170 8606 8605
3 8605 8606 8603
3 8606 2166 8603
3 2170 8607 8606
3 508 8590 8607
3 8607 8590 8606
3 8590 2166 8606
3 159 8516 4547
3 2147 8608 8516
3 8516 8608 4547
3 8608 1153 4547
3 502 8609 8512
3 2171 8610 8609
3 8609 8610 8512
3 8610 2147 8512
3 2147 8610 8608
3 2171 8611 8610
3 8610 8611 8608
3 8611 1153 8608
3 2171 8612 8611
3 167 4551 8612
3 8612 4551 8611
3 4551 1153 8611
3 510 8613 8615
3 2172 8614 8613
3 8613 8614 8615
3 8614 2173 8615
3 502 8520 8617
3 2150 8616 8520
3 8520 8616 8617
3 8616 2172 8617
3 2172 8616 8614
3 2150 8618 8616
3 8616 8618 8614
3 8618 2173 8614
3 2150 8525 8618
3 503 8619 8525
3 8525 8619 8618
3 8619 2173 8618
3 511 8620 8622
3 2174 8621 8620
3 8620 8621 8622
3 8621 2175 8622
3 167 8612 8624
3 2171 8623 8612
3 8612 8623 8624
3 8623 2174 8624
3 2174 8623 8621
3 2171 8625 8623
3 8623 8625 8621
3 8625 2175 8621
3 2171 8609 8625
3 502 8626 8609
3 8609 8626 8625
3 8626 2175 8625
3 511 8622 8628
3 2175 8627 8622
3 8622 8627 8628
3 8627 2176 8628
3 502 8617 8626
3 2172 8629 8617
3 8617 8629 8626
3 8629 2175 8626
3 2175 8629 8627
3 2172 8630 8629
3 8629 8630 8627
3 8630 2176 8627
3 2172 8613 8630
3 510 8631 8613
3 8613 8631 8630
3 8631 2176 8630
3 510 8615 8633
3 2173 8632 8615
3 8615 8632 8633
3 8632 2178 8633
3 503 8634 8619
3 2177 8635 8634
3 8634 8635 8619
3 8635 2173 8619
3 2173 8635 8632
3 2177 8636 8635
3 8635 8636 8632
3 8636 2178 8632
3 2177 8637 8636
3 512 8638 8637
3 8637 8638 8636
3 8638 2178 8636
3 503 8534 8634
3 2153 8639 8534
3 8534 8639 8634
3 8639 2177 8634
3 504 8640 8537
3 2179 8641 8640
3 8640 8641 8537
3 8641 2153 8537
3 2153 8641 8639
3 2179 8642 8641
3 8641 8642 8639
3 8642 2177 8639
3 2179 8643 8642
3 512 8637 8643
3 8643 8637 8642
3 8637 2177 8642
3 505 8644 8550
3 2180 8645 8644
3 8644 8645 8550
3 8645 2157 8550
3 512 8643 8647
3 2179 8646 8643
3 8643 8646 8647
3 8646 2180 8647
3 2180 8646 8645
3 2179 8648 8646
3 8646 8648 8645
3 8648 2157 8645
3 2179 8640 8648
3 504 8554 8640
3 8640 8554 8648
3 8554 2157 8648
3 505 8571 8650
3 2161 8649 8571
3 8571 8649 8650
3 8649 2182 8650
3 506 8651 8568
3 2181 8652 8651
3 8651 8652 8568
3 8652 2161 8568
3 2161 8652 8649
3 2181 8653 8652
3 8652 8653 8649
3 8653 2182 8649
3 2181 8654 8653
3 513 8655 8654
3 8654 8655 8653
3 8655 2182 8653
3 513 8656 8655
3 2183 8657 8656
3 8656 8657 8655
3 8657 2182 8655
3 512 8647 8659
3 2180 8658 8647
3 8647 8658 8659
3 8658 2183 8659
3 2183 8658 8657
3 2180 8660 8658
3 8658 8660 8657
3 8660 2182 8657
3 2180 8644 8660
3 505 8650 8644
3 8644 8650 8660
3 8650 2182 8660
3 507 8661 8581
3 2184 8662 8661
3 8661 8662 8581
3 8662 2165 8581
3 514 8663 8665
3 2185 8664 8663
3 8663 8664 8665
3 8664 2184 8665
3 2184 8664 8662
3 2185 8666 8664
3 8664 8666 8662
3 8666 2165 8662
3 2185 8667 8666
3 506 8585 8667
3 8667 8585 8666
3 8585 2165 8666
3 513 8654 8669
3 2181 8668 8654
3 8654 8668 8669
3 8668 2186 8669
3 506 8667 8651
3 2185 8670 8667
3 8667 8670 8651
3 8670 2181 8651
3 2181 8670 8668
3 2185 8671 8670
3 8670 8671 8668
3 8671 2186 8668
3 2185 8663 8671
3 514 8672 8663
3 8663 8672 8671
3 8672 2186 8671
3 508 8673 8595
3 2187 8674 8673
3 8673 8674 8595
3 8674 2167 8595
3 515 8675 8677
3 2188 8676 8675
3 8675 8676 8677
3 8676 2187 8677
3 2187 8676 8674
3 2188 8678 8676
3 8676 8678 8674
3 8678 2167 8674
3 2188 8679 8678
3 507 8592 8679
3 8679 8592 8678
3 8592 2167 8678
3 507 8679 8661
3 2188 8680 8679
3 8679 8680 8661
3 8680 2184 8661
3 515 8681 8675
3 2189 8682 8681
3 8681 8682 8675
3 8682 2188 8675
3 2188 8682 8680
3 2189 8683 8682
3 8682 8683 8680
3 8683 2184 8680
3 2189 8684 8683
3 514 8665 8684
3 8684 8665 8683
3 8665 2184 8683
3 516 8685 8687
3 2190 8686 8685
3 8685 8686 8687
3 8686 2191 8687
3 508 8607 8689
3 2170 8688 8607
3 8607 8688 8689
3 8688 2190 8689
3 2190 8688 8686
3 2170 8690 8688
3 8688 8690 8686
3 8690 2191 8686
3 2170 8604 8690
3 509 8691 8604
3 8604 8691 8690
3 8691 2191 8690
3 515 8677 8693
3 2187 8692 8677
3 8677 8692 8693
3 8692 2192 8693
3 508 8689 8673
3 2190 8694 8689
3 8689 8694 8673
3 8694 2187 8673
3 2187 8694 8692
3 2190 8695 8694
3 8694 8695 8692
3 8695 2192 8692
3 2190 8685 8695
3 516 8696 8685
3 8685 8696 8695
3 8696 2192 8695
3 175 4637 8698
3 1175 8697 4637
3 4637 8697 8698
3 8697 2193 8698
3 167 8624 4633
3 2174 8699 8624
3 8624 8699 4633
3 8699 1175 4633
3 1175 8699 8697
3 2174 8700 8699
3 8699 8700 8697
3 8700 2193 8697
3 2174 8620 8700
3 511 8701 8620
3 8620 8701 8700
3 8701 2193 8700
3 517 8702 8704
3 2194 8703 8702
3 8702 8703 8704
3 8703 2195 8704
3 510 8633 8706
3 2178 8705 8633
3 8633 8705 8706
3 8705 2194 8706
3 2194 8705 8703
3 2178 8707 8705
3 8705 8707 8703
3 8707 2195 8703
3 2178 8638 8707
3 512 8708 8638
3 8638 8708 8707
3 8708 2195 8707
3 518 8709 8711
3 2196 8710 8709
3 8709 8710 8711
3 8710 2197 8711
3 511 8628 8713
3 2176 8712 8628
3 8628 8712 8713
3 8712 2196 8713
3 2196 8712 8710
3 2176 8714 8712
3 8712 8714 8710
3 8714 2197 8710
3 2176 8631 8714
3 510 8715 8631
3 8631 8715 8714
3 8715 2197 8714
3 517 8716 8702
3 2198 8717 8716
3 8716 8717 8702
3 8717 2194 8702
3 518 8711 8719
3 2197 8718 8711
3 8711 8718 8719
3 8718 2198 8719
3 2198 8718 8717
3 2197 8720 8718
3 8718 8720 8717
3 8720 2194 8717
3 2197 8715 8720
3 510 8706 8715
3 8715 8706 8720
3 8706 2194 8720
3 175 8698 8722
3 2193 8721 8698
3 8698 8721 8722
3 8721 2200 8722
3 511 8723 8701
3 2199 8724 8723
3 8723 8724 8701
3 8724 2193 8701
3 2193 8724 8721
3 2199 8725 8724
3 8724 8725 8721
3 8725 2200 8721
3 2199 8726 8725
3 519 8727 8726
3 8726 8727 8725
3 8727 2200 8725
3 518 8728 8709
3 2201 8729 8728
3 8728 8729 8709
3 8729 2196 8709
3 519 8726 8731
3 2199 8730 8726
3 8726 8730 8731
3 8730 2201 8731
3 2201 8730 8729
3 2199 8732 8730
3 8730 8732 8729
3 8732 2196 8729
3 2199 8723 8732
3 511 8713 8723
3 8723 8713 8732
3 8713 2196 8732
3 520 8733 8735
3 2202 8734 8733
3 8733 8734 8735
3 8734 2203 8735
3 512 8659 8737
3 2183 8736 8659
3 8659 8736 8737
3 8736 2202 8737
3 2202 8736 8734
3 2183 8738 8736
3 8736 8738 8734
3 8738 2203 8734
3 2183 8656 8738
3 513 8739 8656
3 8656 8739 8738
3 8739 2203 8738
3 517 8704 8741
3 2195 8740 8704
3 8704 8740 8741
3 8740 2204 8741
3 512 8737 8708
3 2202 8742 8737
3 8737 8742 8708
3 8742 2195 8708
3 2195 8742 8740
3 2202 8743 8742
3 8742 8743 8740
3 8743 2204 8740
3 2202 8733 8743
3 520 8744 8733
3 8733 8744 8743
3 8744 2204 8743
3 514 8745 8672
3 2205 8746 8745
3 8745 8746 8672
3 8746 2186 8672
3 521 8747 8749
3 2206 8748 8747
3 8747 8748 8749
3 8748 2205 8749
3 2205 8748 8746
3 2206 8750 8748
3 8748 8750 8746
3 8750 2186 8746
3 2206 8751 8750
3 513 8669 8751
3 8751 8669 8750
3 8669 2186 8750
3 520 8735 8753
3 2203 8752 8735
3 8735 8752 8753
3 8752 2207 8753
3 513 8751 8739
3 2206 8754 8751
3 8751 8754 8739
3 8754 2203 8739
3 2203 8754 8752
3 2206 8755 8754
3 8754 8755 8752
3 8755 2207 8752
3 2206 8747 8755
3 521 8756 8747
3 8747 8756 8755
3 8756 2207 8755
3 515 8757 8681
3 2208 8758 8757
3 8757 8758 8681
3 8758 2189 8681
3 522 8759 8761
3 2209 8760 8759
3 8759 8760 8761
3 8760 2208 8761
3 2208 8760 8758
3 2209 8762 8760
3 8760 8762 8758
3 8762 2189 8758
3 2209 8763 8762
3 514 8684 8763
3 8763 8684 8762
3 8684 2189 8762
3 521 8749 8765
3 2205 8764 8749
3 8749 8764 8765
3 8764 2210 8765
3 514 8763 8745
3 2209 8766 8763
3 8763 8766 8745
3 8766 2205 8745
3 2205 8766 8764
3 2209 8767 8766
3 8766 8767 8764
3 8767 2210 8764
3 2209 8759 8767
3 522 8768 8759
3 8759 8768 8767
3 8768 2210 8767
3 516 8769 8696
3 2211 8770 8769
3 8769 8770 8696
3 8770 2192 8696
3 523 8771 8773
3 2212 8772 8771
3 8771 8772 8773
3 8772 2211 8773
3 2211 8772 8770
3 2212 8774 8772
3 8772 8774 8770
3 8774 2192 8770
3 2212 8775 8774
3 515 8693 8775
3 8775 8693 8774
3 8693 2192 8774
3 522 8761 8777
3 2208 8776 8761
3 8761 8776 8777
3 8776 2213 8777
3 515 8775 8757
3 2212 8778 8775
3 8775 8778 8757
3 8778 2208 8757
3 2208 8778 8776
3 2212 8779 8778
3 8778 8779 8776
3 8779 2213 8776
3 2212 8771 8779
3 523 8780 8771
3 8771 8780 8779
3 8780 2213 8779
3 519 8781 8727
3 2214 8782 8781
3 8781 8782 8727
3 8782 2200 8727
3 182 4714 8784
3 1196 8783 4714
3 4714 8783 8784
3 8783 2214 8784
3 2214 8783 8782
3 1196 8785 8783
3 8783 8785 8782
3 8785 2200 8782
3 1196 4718 8785
3 175 8722 4718
3 4718 8722 8785
3 8722 2200 8785
3 517 8786 8716
3 2215 8787 8786
3 8786 8787 8716
3 8787 2198 8716
3 524 8788 8790
3 2216 8789 8788
3 8788 8789 8790
3 8789 2215 8790
3 2215 8789 8787
3 2216 8791 8789
3 8789 8791 8787
3 8791 2198 8787
3 2216 8792 8791
3 518 8719 8792
3 8792 8719 8791
3 8719 2198 8791
3 517 8741 8786
3 2204 8793 8741
3 8741 8793 8786
3 8793 2215 8786
3 520 8794 8744
3 2217 8795 8794
3 8794 8795 8744
3 8795 2204 8744
3 2204 8795 8793
3 2217 8796 8795
3 8795 8796 8793
3 8796 2215 8793
3 2217 8797 8796
3 524 8790 8797
3 8797 8790 8796
3 8790 2215 8796
3 518 8798 8728
3 2218 8799 8798
3 8798 8799 8728
3 8799 2201 8728
3 525 8800 8802
3 2219 8801 8800
3 8800 8801 8802
3 8801 2218 8802
3 2218 8801 8799
3 2219 8803 8801
3 8801 8803 8799
3 8803 2201 8799
3 2219 8804 8803
3 519 8731 8804
3 8804 8731 8803
3 8731 2201 8803
3 518 8792 8798
3 2216 8805 8792
3 8792 8805 8798
3 8805 2218 8798
3 524 8806 8788
3 2220 8807 8806
3 8806 8807 8788
3 8807 2216 8788
3 2216 8807 8805
3 2220 8808 8807
3 8807 8808 8805
3 8808 2218 8805
3 2220 8809 8808
3 525 8802 8809
3 8809 8802 8808
3 8802 2218 8808
3 182 8784 8811
3 2214 8810 8784
3 8784 8810 8811
3 8810 2222 8811
3 519 8812 8781
3 2221 8813 8812
3 8812 8813 8781
3 8813 2214 8781
3 2214 8813 8810
3 2221 8814 8813
3 8813 8814 8810
3 8814 2222 8810
3 2221 8815 8814
3 526 8816 8815
3 8815 8816 8814
3 8816 2222 8814
3 526 8815 8818
3 2221 8817 8815
3 8815 8817 8818
3 8817 2223 8818
3 519 8804 8812
3 2219 8819 8804
3 8804 8819 8812
3 8819 2221 8812
3 2221 8819 8817
3 2219 8820 8819
3 8819 8820 8817
3 8820 2223 8817
3 2219 8800 8820
3 525 8821 8800
3 8800 8821 8820
3 8821 2223 8820
3 521 8822 8756
3 2224 8823 8822
3 8822 8823 8756
3 8823 2207 8756
3 527 8824 8826
3 2225 8825 8824
3 8824 8825 8826
3 8825 2224 8826
3 2224 8825 8823
3 2225 8827 8825
3 8825 8827 8823
3 8827 2207 8823
3 2225 8828 8827
3 520 8753 8828
3 8828 8753 8827
3 8753 2207 8827
3 524 8797 8830
3 2217 8829 8797
3 8797 8829 8830
3 8829 2226 8830
3 520 8828 8794
3 2225 8831 8828
3 8828 8831 8794
3 8831 2217 8794
3 2217 8831 8829
3 2225 8832 8831
3 8831 8832 8829
3 8832 2226 8829
3 2225 8824 8832
3 527 8833 8824
3 8824 8833 8832
3 8833 2226 8832
3 522 8834 8768
3 2227 8835 8834
3 8834 8835 8768
3 8835 2210 8768
3 528 8836 8838
3 2228 8837 8836
3 8836 8837 8838
3 8837 2227 8838
3 2227 8837 8835
3 2228 8839 8837
3 8837 8839 8835
3 8839 2210 8835
3 2228 8840 8839
3 521 8765 8840
3 8840 8765 8839
3 8765 2210 8839
3 527 8826 8842
3 2224 8841 8826
3 8826 8841 8842
3 8841 2229 8842
3 521 8840 8822
3 2228 8843 8840
3 8840 8843 8822
3 8843 2224 8822
3 2224 8843 8841
3 2228 8844 8843
3 8843 8844 8841
3 8844 2229 8841
3 2228 8836 8844
3 528 8845 8836
3 8836 8845 8844
3 8845 2229 8844
3 523 8846 8780
3 2230 8847 8846
3 8846 8847 8780
3 8847 2213 8780
3 529 8848 8850
3 2231 8849 8848
3 8848 8849 8850
3 8849 2230 8850
3 2230 8849 8847
3 2231 8851 8849
3 8849 8851 8847
3 8851 2213 8847
3 2231 8852 8851
3 522 8777 8852
3 8852 8777 8851
3 8777 2213 8851
3 528 8838 8854
3 2227 8853 8838
3 8838 8853 8854
3 8853 2232 8854
3 522 8852 8834
3 2231 8855 8852
3 8852 8855 8834
3 8855 2227 8834
3 2227 8855 8853
3 2231 8856 8855
3 8855 8856 8853
3 8856 2232 8853
3 2231 8848 8856
3 529 8857 8848
3 8848 8857 8856
3 8857 2232 8856
3 526 8858 8816
3 2233 8859 8858
3 8858 8859 8816
3 8859 2222 8816
3 188 4784 8861
3 1212 8860 4784
3 4784 8860 8861
3 8860 2233 8861
3 2233 8860 8859
3 1212 8862 8860
3 8860 8862 8859
3 8862 2222 8859
3 1212 4781 8862
3 182 8811 4781
3 4781 8811 8862
3 8811 2222 8862
3 524 8830 8864
3 2226 8863 8830
3 8830 8863 8864
3 8863 2235 8864
3 527 8865 8833
3 2234 8866 8865
3 8865 8866 8833
3 8866 2226 8833
3 2226 8866 8863
3 2234 8867 8866
3 8866 8867 8863
3 8867 2235 8863
3 2234 8868 8867
3 530 8869 8868
3 8868 8869 8867
3 8869 2235 8867
3 525 8809 8871
3 2220 8870 8809
3 8809 8870 8871
3 8870 2236 8871
3 524 8864 8806
3 2235 8872 8864
3 8864 8872 8806
3 8872 2220 8806
3 2220 8872 8870
3 2235 8873 8872
3 8872 8873 8870
3 8873 2236 8870
3 2235 8869 8873
3 530 8874 8869
3 8869 8874 8873
3 8874 2236 8873
3 531 8875 8877
3 2237 8876 8875
3 8875 8876 8877
3 8876 2238 8877
3 188 8861 8879
3 2233 8878 8861
3 8861 8878 8879
3 8878 2237 8879
3 2237 8878 8876
3 2233 8880 8878
3 8878 8880 8876
3 8880 2238 8876
3 2233 8858 8880
3 526 8881 8858
3 8858 8881 8880
3 8881 2238 8880
3 531 8877 8883
3 2238 8882 8877
3 8877 8882 8883
3 8882 2240 8883
3 526 8884 8881
3 2239 8885 8884
3 8884 8885 8881
3 8885 2238 8881
3 2238 8885 8882
3 2239 8886 8885
3 8885 8886 8882
3 8886 2240 8882
3 2239 8887 8886
3 532 8888 8887
3 8887 8888 8886
3 8888 2240 8886
3 526 8818 8884
3 2223 8889 8818
3 8818 8889 8884
3 8889 2239 8884
3 525 8890 8821
3 2241 8891 8890
3 8890 8891 8821
3 8891 2223 8821
3 2223 8891 8889
3 2241 8892 8891
3 8891 8892 8889
3 8892 2239 8889
3 2241 8893 8892
3 532 8887 8893
3 8893 8887 8892
3 8887 2239 8892
3 525 8871 8890
3 2236 8894 8871
3 8871 8894 8890
3 8894 2241 8890
3 530 8895 8874
3 2242 8896 8895
3 8895 8896 8874
3 8896 2236 8874
3 2236 8896 8894
3 2242 8897 8896
3 8896 8897 8894
3 8897 2241 8894
3 2242 8898 8897
3 532 8893 8898
3 8898 8893 8897
3 8893 2241 8897
3 527 8842 8900
3 2229 8899 8842
3 8842 8899 8900
3 8899 2244 8900
3 528 8901 8845
3 2243 8902 8901
3 8901 8902 8845
3 8902 2229 8845
3 2229 8902 8899
3 2243 8903 8902
3 8902 8903 8899
3 8903 2244 8899
3 2243 8904 8903
3 533 8905 8904
3 8904 8905 8903
3 8905 2244 8903
3 533 8906 8905
3 2245 8907 8906
3 8906 8907 8905
3 8907 2244 8905
3 530 8868 8909
3 2234 8908 8868
3 8868 8908 8909
3 8908 2245 8909
3 2245 8908 8907
3 2234 8910 8908
3 8908 8910 8907
3 8910 2244 8907
3 2234 8865 8910
3 527 8900 8865
3 8865 8900 8910
3 8900 2244 8910
3 529 8911 8857
3 2246 8912 8911
3 8911 8912 8857
3 8912 2232 8857
3 534 8913 8915
3 2247 8914 8913
3 8913 8914 8915
3 8914 2246 8915
3 2246 8914 8912
3 2247 8916 8914
3 8914 8916 8912
3 8916 2232 8912
3 2247 8917 8916
3 528 8854 8917
3 8917 8854 8916
3 8854 2232 8916
3 533 8904 8919
3 2243 8918 8904
3 8904 8918 8919
3 8918 2248 8919
3 528 8917 8901
3 2247 8920 8917
3 8917 8920 8901
3 8920 2243 8901
3 2243 8920 8918
3 2247 8921 8920
3 8920 8921 8918
3 8921 2248 8918
3 2247 8913 8921
3 534 8922 8913
3 8913 8922 8921
3 8922 2248 8921
3 531 8923 8875
3 2249 8924 8923
3 8923 8924 8875
3 8924 2237 8875
3 193 4839 8926
3 1226 8925 4839
3 4839 8925 8926
3 8925 2249 8926
3 2249 8925 8924
3 1226 8927 8925
3 8925 8927 8924
3 8927 2237 8924
3 1226 4836 8927
3 188 8879 4836
3 4836 8879 8927
3 8879 2237 8927
3 535 8928 8930
3 2250 8929 8928
3 8928 8929 8930
3 8929 2251 8930
3 530 8909 8932
3 2245 8931 8909
3 8909 8931 8932
3 8931 2250 8932
3 2250 8931 8929
3 2245 8933 8931
3 8931 8933 8929
3 8933 2251 8929
3 2245 8906 8933
3 533 8934 8906
3 8906 8934 8933
3 8934 2251 8933
3 535 8935 8928
3 2252 8936 8935
3 8935 8936 8928
3 8936 2250 8928
3 532 8898 8938
3 2242 8937 8898
3 8898 8937 8938
3 8937 2252 8938
3 2252 8937 8936
3 2242 8939 8937
3 8937 8939 8936
3 8939 2250 8936
3 2242 8895 8939
3 530 8932 8895
3 8895 8932 8939
3 8932 2250 8939
3 193 8926 8941
3 2249 8940 8926
3 8926 8940 8941
3 8940 2254 8941
3 531 8942 8923
3 2253 8943 8942
3 8942 8943 8923
3 8943 2249 8923
3 2249 8943 8940
3 2253 8944 8943
3 8943 8944 8940
3 8944 2254 8940
3 2253 8945 8944
3 536 8946 8945
3 8945 8946 8944
3 8946 2254 8944
3 531 8883 8942
3 2240 8947 8883
3 8883 8947 8942
3 8947 2253 8942
3 532 8948 8888
3 2255 8949 8948
3 8948 8949 8888
3 8949 2240 8888
3 2240 8949 8947
3 2255 8950 8949
3 8949 8950 8947
3 8950 2253 8947
3 2255 8951 8950
3 536 8945 8951
3 8951 8945 8950
3 8945 2253 8950
3 537 8952 8954
3 2256 8953 8952
3 8952 8953 8954
3 8953 2257 8954
3 536 8951 8956
3 2255 8955 8951
3 8951 8955 8956
3 8955 2256 8956
3 2256 8955 8953
3 2255 8957 8955
3 8955 8957 8953
3 8957 2257 8953
3 2255 8948 8957
3 532 8958 8948
3 8948 8958 8957
3 8958 2257 8957
3 537 8954 8960
3 2257 8959 8954
3 8954 8959 8960
3 8959 2258 8960
3 532 8938 8958
3 2252 8961 8938
3 8938 8961 8958
3 8961 2257 8958
3 2257 8961 8959
3 2252 8962 8961
3 8961 8962 8959
3 8962 2258 8959
3 2252 8935 8962
3 535 8963 8935
3 8935 8963 8962
3 8963 2258 8962
3 538 8964 8966
3 2259 8965 8964
3 8964 8965 8966
3 8965 2260 8966
3 533 8919 8968
3 2248 8967 8919
3 8919 8967 8968
3 8967 2259 8968
3 2259 8967 8965
3 2248 8969 8967
3 8967 8969 8965
3 8969 2260 8965
3 2248 8922 8969
3 534 8970 8922
3 8922 8970 8969
3 8970 2260 8969
3 535 8930 8972
3 2251 8971 8930
3 8930 8971 8972
3 8971 2261 8972
3 533 8968 8934
3 2259 8973 8968
3 8968 8973 8934
3 8973 2251 8934
3 2251 8973 8971
3 2259 8974 8973
3 8973 8974 8971
3 8974 2261 8971
3 2259 8964 8974
3 538 8975 8964
3 8964 8975 8974
3 8975 2261 8974
3 536 8976 8946
3 2262 8977 8976
3 8976 8977 8946
3 8977 2254 8946
3 196 4874 8979
3 1235 8978 4874
3 4874 8978 8979
3 8978 2262 8979
3 2262 8978 8977
3 1235 8980 8978
3 8978 8980 8977
3 8980 2254 8977
3 1235 4870 8980
3 193 8941 4870
3 4870 8941 8980
3 8941 2254 8980
3 535 8972 8982
3 2261 8981 8972
3 8972 8981 8982
3 8981 2264 8982
3 538 8983 8975
3 2263 8984 8983
3 8983 8984 8975
3 8984 2261 8975
3 2261 8984 8981
3 2263 8985 8984
3 8984 8985 8981
3 8985 2264 8981
3 2263 8986 8985
3 539 8987 8986
3 8986 8987 8985
3 8987 2264 8985
3 537 8960 8989
3 2258 8988 8960
3 8960 8988 8989
3 8988 2265 8989
3 535 8982 8963
3 2264 8990 8982
3 8982 8990 8963
3 8990 2258 8963
3 2258 8990 8988
3 2264 8991 8990
3 8990 8991 8988
3 8991 2265 8988
3 2264 8987 8991
3 539 8992 8987
3 8987 8992 8991
3 8992 2265 8991
3 540 8993 8995
3 2266 8994 8993
3 8993 8994 8995
3 8994 2267 8995
3 536 8956 8997
3 2256 8996 8956
3 8956 8996 8997
3 8996 2266 8997
3 2266 8996 8994
3 2256 8998 8996
3 8996 8998 8994
3 8998 2267 8994
3 2256 8952 8998
3 537 8999 8952
3 8952 8999 8998
3 8999 2267 8998
3 537 8989 8999
3 2265 9000 8989
3 8989 9000 8999
3 9000 2267 8999
3 539 9001 8992
3 2268 9002 9001
3 9001 9002 8992
3 9002 2265 8992
3 2265 9002 9000
3 2268 9003 9002
3 9002 9003 9000
3 9003 2267 9000
3 2268 9004 9003
3 540 8995 9004
3 9004 8995 9003
3 8995 2267 9003
3 540 9005 8993
3 2269 9006 9005
3 9005 9006 8993
3 9006 2266 8993
3 196 8979 9008
3 2262 9007 8979
3 8979 9007 9008
3 9007 2269 9008
3 2269 9007 9006
3 2262 9009 9007
3 9007 9009 9006
3 9009 2266 9006
3 2262 8976 9009
3 536 8997 8976
3 8976 8997 9009
3 8997 2266 9009
3 202 9010 4934
3 2270 9011 9010
3 9010 9011 4934
3 9011 1252 4934
3 541 9012 9014
3 2271 9013 9012
3 9012 9013 9014
3 9013 2270 9014
3 2270 9013 9011
3 2271 9015 9013
3 9013 9015 9011
3 9015 1252 9011
3 2271 9016 9015
3 11 4937 9016
3 9016 4937 9015
3 4937 1252 9015
3 373 6986 9018
3 1765 9017 6986
3 6986 9017 9018
3 9017 2272 9018
3 11 9016 6990
3 2271 9019 9016
3 9016 9019 6990
3 9019 1765 6990
3 1765 9019 9017
3 2271 9020 9019
3 9019 9020 9017
3 9020 2272 9017
3 2271 9012 9020
3 541 9021 9012
3 9012 9021 9020
3 9021 2272 9020
3 541 9014 9023
3 2270 9022 9014
3 9014 9022 9023
3 9022 2274 9023
3 202 9024 9010
3 2273 9025 9024
3 9024 9025 9010
3 9025 2270 9010
3 2270 9025 9022
3 2273 9026 9025
3 9025 9026 9022
3 9026 2274 9022
3 2273 9027 9026
3 542 9028 9027
3 9027 9028 9026
3 9028 2274 9026
3 542 9027 9030
3 2273 9029 9027
3 9027 9029 9030
3 9029 2275 9030
3 202 4969 9024
3 1260 9031 4969
3 4969 9031 9024
3 9031 2273 9024
3 2273 9031 9029
3 1260 9032 9031
3 9031 9032 9029
3 9032 2275 9029
3 1260 4965 9032
3 205 9033 4965
3 4965 9033 9032
3 9033 2275 9032
3 541 9034 9021
3 2276 9035 9034
3 9034 9035 9021
3 9035 2272 9021
3 543 9036 9038
3 2277 9037 9036
3 9036 9037 9038
3 9037 2276 9038
3 2276 9037 9035
3 2277 9039 9037
3 9037 9039 9035
3 9039 2272 9035
3 2277 9040 9039
3 373 9018 9040
3 9040 9018 9039
3 9018 2272 9039
3 541 9023 9034
3 2274 9041 9023
3 9023 9041 9034
3 9041 2276 9034
3 542 9042 9028
3 2278 9043 9042
3 9042 9043 9028
3 9043 2274 9028
3 2274 9043 9041
3 2278 9044 9043
3 9043 9044 9041
3 9044 2276 9041
3 2278 9045 9044
3 543 9038 9045
3 9045 9038 9044
3 9038 2276 9044
3 542 9030 9047
3 2275 9046 9030
3 9030 9046 9047
3 9046 2280 9047
3 205 9048 9033
3 2279 9049 9048
3 9048 9049 9033
3 9049 2275 9033
3 2275 9049 9046
3 2279 9050 9049
3 9049 9050 9046
3 9050 2280 9046
3 2279 9051 9050
3 544 9052 9051
3 9051 9052 9050
3 9052 2280 9050
3 544 9051 9054
3 2279 9053 9051
3 9051 9053 9054
3 9053 2281 9054
3 205 5036 9048
3 1277 9055 5036
3 5036 9055 9048
3 9055 2279 9048
3 2279 9055 9053
3 1277 9056 9055
3 9055 9056 9053
3 9056 2281 9053
3 1277 5032 9056
3 211 9057 5032
3 5032 9057 9056
3 9057 2281 9056
3 543 9058 9036
3 2282 9059 9058
3 9058 9059 9036
3 9059 2277 9036
3 379 7056 9061
3 1781 9060 7056
3 7056 9060 9061
3 9060 2282 9061
3 2282 9060 9059
3 1781 9062 9060
3 9060 9062 9059
3 9062 2277 9059
3 1781 7053 9062
3 373 9040 7053
3 7053 9040 9062
3 9040 2277 9062
3 542 9063 9042
3 2283 9064 9063
3 9063 9064 9042
3 9064 2278 9042
3 545 9065 9067
3 2284 9066 9065
3 9065 9066 9067
3 9066 2283 9067
3 2283 9066 9064
3 2284 9068 9066
3 9066 9068 9064
3 9068 2278 9064
3 2284 9069 9068
3 543 9045 9069
3 9069 9045 9068
3 9045 2278 9068
3 542 9047 9063
3 2280 9070 9047
3 9047 9070 9063
3 9070 2283 9063
3 544 9071 9052
3 2285 9072 9071
3 9071 9072 9052
3 9072 2280 9052
3 2280 9072 9070
3 2285 9073 9072
3 9072 9073 9070
3 9073 2283 9070
3 2285 9074 9073
3 545 9067 9074
3 9074 9067 9073
3 9067 2283 9073
3 543 9075 9058
3 2286 9076 9075
3 9075 9076 9058
3 9076 2282 9058
3 546 9077 9079
3 2287 9078 9077
3 9077 9078 9079
3 9078 2286 9079
3 2286 9078 9076
3 2287 9080 9078
3 9078 9080 9076
3 9080 2282 9076
3 2287 9081 9080
3 379 9061 9081
3 9081 9061 9080
3 9061 2282 9080
3 543 9069 9075
3 2284 9082 9069
3 9069 9082 9075
3 9082 2286 9075
3 545 9083 9065
3 2288 9084 9083
3 9083 9084 9065
3 9084 2284 9065
3 2284 9084 9082
3 2288 9085 9084
3 9084 9085 9082
3 9085 2286 9082
3 2288 9086 9085
3 546 9079 9086
3 9086 9079 9085
3 9079 2286 9085
3 547 9087 9089
3 2289 9088 9087
3 9087 9088 9089
3 9088 2290 9089
3 545 9074 9091
3 2285 9090 9074
3 9074 9090 9091
3 9090 2289 9091
3 2289 9090 9088
3 2285 9092 9090
3 9090 9092 9088
3 9092 2290 9088
3 2285 9071 9092
3 544 9093 9071
3 9071 9093 9092
3 9093 2290 9092
3 544 9054 9095
3 2281 9094 9054
3 9054 9094 9095
3 9094 2292 9095
3 211 9096 9057
3 2291 9097 9096
3 9096 9097 9057
3 9097 2281 9057
3 2281 9097 9094
3 2291 9098 9097
3 9097 9098 9094
3 9098 2292 9094
3 2291 9099 9098
3 548 9100 9099
3 9099 9100 9098
3 9100 2292 9098
3 548 9101 9100
3 2293 9102 9101
3 9101 9102 9100
3 9102 2292 9100
3 547 9089 9104
3 2290 9103 9089
3 9089 9103 9104
3 9103 2293 9104
3 2293 9103 9102
3 2290 9105 9103
3 9103 9105 9102
3 9105 2292 9102
3 2290 9093 9105
3 544 9095 9093
3 9093 9095 9105
3 9095 2292 9105
3 548 9099 9107
3 2291 9106 9099
3 9099 9106 9107
3 9106 2294 9107
3 211 5110 9096
3 1297 9108 5110
3 5110 9108 9096
3 9108 2291 9096
3 2291 9108 9106
3 1297 9109 9108
3 9108 9109 9106
3 9109 2294 9106
3 1297 5115 9109
3 218 9110 5115
3 5115 9110 9109
3 9110 2294 9109
3 546 9111 9077
3 2295 9112 9111
3 9111 9112 9077
3 9112 2287 9077
3 386 7135 9114
3 1801 9113 7135
3 7135 9113 9114
3 9113 2295 9114
3 2295 9113 9112
3 1801 9115 9113
3 9113 9115 9112
3 9115 2287 9112
3 1801 7132 9115
3 379 9081 7132
3 7132 9081 9115
3 9081 2287 9115
3 545 9116 9083
3 2296 9117 9116
3 9116 9117 9083
3 9117 2288 9083
3 549 9118 9120
3 2297 9119 9118
3 9118 9119 9120
3 9119 2296 9120
3 2296 9119 9117
3 2297 9121 9119
3 9119 9121 9117
3 9121 2288 9117
3 2297 9122 9121
3 546 9086 9122
3 9122 9086 9121
3 9086 2288 9121
3 545 9091 9116
3 2289 9123 9091
3 9091 9123 9116
3 9123 2296 9116
3 547 9124 9087
3 2298 9125 9124
3 9124 9125 9087
3 9125 2289 9087
3 2289 9125 9123
3 2298 9126 9125
3 9125 9126 9123
3 9126 2296 9123
3 2298 9127 9126
3 549 9120 9127
3 9127 9120 9126
3 9120 2296 9126
3 546 9128 9111
3 2299 9129 9128
3 9128 9129 9111
3 9129 2295 9111
3 550 9130 9132
3 2300 9131 9130
3 9130 9131 9132
3 9131 2299 9132
3 2299 9131 9129
3 2300 9133 9131
3 9131 9133 9129
3 9133 2295 9129
3 2300 9134 9133
3 386 9114 9134
3 9134 9114 9133
3 9114 2295 9133
3 550 9132 9136
3 2299 9135 9132
3 9132 9135 9136
3 9135 2301 9136
3 546 9122 9128
3 2297 9137 9122
3 9122 9137 9128
3 9137 2299 9128
3 2299 9137 9135
3 2297 9138 9137
3 9137 9138 9135
3 9138 2301 9135
3 2297 9118 9138
3 549 9139 9118
3 9118 9139 9138
3 9139 2301 9138
3 551 9140 9142
3 2302 9141 9140
3 9140 9141 9142
3 9141 2303 9142
3 549 9127 9144
3 2298 9143 9127
3 9127 9143 9144
3 9143 2302 9144
3 2302 9143 9141
3 2298 9145 9143
3 9143 9145 9141
3 9145 2303 9141
3 2298 9124 9145
3 547 9146 9124
3 9124 9146 9145
3 9146 2303 9145
3 552 9147 9149
3 2304 9148 9147
3 9147 9148 9149
3 9148 2305 9149
3 547 9104 9151
3 2293 9150 9104
3 9104 9150 9151
3 9150 2304 9151
3 2304 9150 9148
3 2293 9152 9150
3 9150 9152 9148
3 9152 2305 9148
3 2293 9101 9152
3 548 9153 9101
3 9101 9153 9152
3 9153 2305 9152
3 552 9154 9147
3 2306 9155 9154
3 9154 9155 9147
3 9155 2304 9147
3 551 9142 9157
3 2303 9156 9142
3 9142 9156 9157
3 9156 2306 9157
3 2306 9156 9155
3 2303 9158 9156
3 9156 9158 9155
3 9158 2304 9155
3 2303 9146 9158
3 547 9151 9146
3 9146 9151 9158
3 9151 2304 9158
3 548 9107 9160
3 2294 9159 9107
3 9107 9159 9160
3 9159 2308 9160
3 218 9161 9110
3 2307 9162 9161
3 9161 9162 9110
3 9162 2294 9110
3 2294 9162 9159
3 2307 9163 9162
3 9162 9163 9159
3 9163 2308 9159
3 2307 9164 9163
3 553 9165 9164
3 9164 9165 9163
3 9165 2308 9163
3 552 9149 9167
3 2305 9166 9149
3 9149 9166 9167
3 9166 2309 9167
3 548 9160 9153
3 2308 9168 9160
3 9160 9168 9153
3 9168 2305 9153
3 2305 9168 9166
3 2308 9169 9168
3 9168 9169 9166
3 9169 2309 9166
3 2308 9165 9169
3 553 9170 9165
3 9165 9170 9169
3 9170 2309 9169
3 225 9171 5193
3 2310 9172 9171
3 9171 9172 5193
3 9172 1317 5193
3 553 9164 9174
3 2307 9173 9164
3 9164 9173 9174
3 9173 2310 9174
3 2310 9173 9172
3 2307 9175 9173
3 9173 9175 9172
3 9175 1317 9172
3 2307 9161 9175
3 218 5197 9161
3 9161 5197 9175
3 5197 1317 9175
3 386 9134 7214
3 2300 9176 9134
3 9134 9176 7214
3 9176 1822 7214
3 550 9177 9130
3 2311 9178 9177
3 9177 9178 9130
3 9178 2300 9130
3 2300 9178 9176
3 2311 9179 9178
3 9178 9179 9176
3 9179 1822 9176
3 2311 9180 9179
3 393 7218 9180
3 9180 7218 9179
3 7218 1822 9179
3 554 9181 9183
3 2312 9182 9181
3 9181 9182 9183
3 9182 2313 9183
3 551 9157 9185
3 2306 9184 9157
3 9157 9184 9185
3 9184 2312 9185
3 2312 9184 9182
3 2306 9186 9184
3 9184 9186 9182
3 9186 2313 9182
3 2306 9154 9186
3 552 9187 9154
3 9154 9187 9186
3 9187 2313 9186
3 549 9188 9139
3 2314 9189 9188
3 9188 9189 9139
3 9189 2301 9139
3 555 9190 9192
3 2315 9191 9190
3 9190 9191 9192
3 9191 2314 9192
3 2314 9191 9189
3 2315 9193 9191
3 9191 9193 9189
3 9193 2301 9189
3 2315 9194 9193
3 550 9136 9194
3 9194 9136 9193
3 9136 2301 9193
3 551 9195 9140
3 2316 9196 9195
3 9195 9196 9140
3 9196 2302 9140
3 555 9192 9198
3 2314 9197 9192
3 9192 9197 9198
3 9197 2316 9198
3 2316 9197 9196
3 2314 9199 9197
3 9197 9199 9196
3 9199 2302 9196
3 2314 9188 9199
3 549 9144 9188
3 9188 9144 9199
3 9144 2302 9199
3 550 9200 9177
3 2317 9201 9200
3 9200 9201 9177
3 9201 2311 9177
3 556 9202 9204
3 2318 9203 9202
3 9202 9203 9204
3 9203 2317 9204
3 2317 9203 9201
3 2318 9205 9203
3 9203 9205 9201
3 9205 2311 9201
3 2318 9206 9205
3 393 9180 9206
3 9206 9180 9205
3 9180 2311 9205
3 556 9204 9208
3 2317 9207 9204
3 9204 9207 9208
3 9207 2319 9208
3 550 9194 9200
3 2315 9209 9194
3 9194 9209 9200
3 9209 2317 9200
3 2317 9209 9207
3 2315 9210 9209
3 9209 9210 9207
3 9210 2319 9207
3 2315 9190 9210
3 555 9211 9190
3 9190 9211 9210
3 9211 2319 9210
3 551 9212 9195
3 2320 9213 9212
3 9212 9213 9195
3 9213 2316 9195
3 557 9214 9216
3 2321 9215 9214
3 9214 9215 9216
3 9215 2320 9216
3 2320 9215 9213
3 2321 9217 9215
3 9215 9217 9213
3 9217 2316 9213
3 2321 9218 9217
3 555 9198 9218
3 9218 9198 9217
3 9198 2316 9217
3 554 9219 9181
3 2322 9220 9219
3 9219 9220 9181
3 9220 2312 9181
3 557 9216 9222
3 2320 9221 9216
3 9216 9221 9222
3 9221 2322 9222
3 2322 9221 9220
3 2320 9223 9221
3 9221 9223 9220
3 9223 2312 9220
3 2320 9212 9223
3 551 9185 9212
3 9212 9185 9223
3 9185 2312 9223
3 552 9167 9225
3 2309 9224 9167
3 9167 9224 9225
3 9224 2324 9225
3 553 9226 9170
3 2323 9227 9226
3 9226 9227 9170
3 9227 2309 9170
3 2309 9227 9224
3 2323 9228 9227
3 9227 9228 9224
3 9228 2324 9224
3 2323 9229 9228
3 558 9230 9229
3 9229 9230 9228
3 9230 2324 9228
3 554 9183 9232
3 2313 9231 9183
3 9183 9231 9232
3 9231 2325 9232
3 552 9225 9187
3 2324 9233 9225
3 9225 9233 9187
3 9233 2313 9187
3 2313 9233 9231
3 2324 9234 9233
3 9233 9234 9231
3 9234 2325 9231
3 2324 9230 9234
3 558 9235 9230
3 9230 9235 9234
3 9235 2325 9234
3 553 9174 9237
3 2310 9236 9174
3 9174 9236 9237
3 9236 2327 9237
3 225 9238 9171
3 2326 9239 9238
3 9238 9239 9171
3 9239 2310 9171
3 2310 9239 9236
3 2326 9240 9239
3 9239 9240 9236
3 9240 2327 9236
3 2326 9241 9240
3 559 9242 9241
3 9241 9242 9240
3 9242 2327 9240
3 558 9229 9244
3 2323 9243 9229
3 9229 9243 9244
3 9243 2328 9244
3 553 9237 9226
3 2327 9245 9237
3 9237 9245 9226
3 9245 2323 9226
3 2323 9245 9243
3 2327 9246 9245
3 9245 9246 9243
3 9246 2328 9243
3 2327 9242 9246
3 559 9247 9242
3 9242 9247 9246
3 9247 2328 9246
3 233 9248 5284
3 2329 9249 9248
3 9248 9249 5284
3 9249 1340 5284
3 559 9241 9251
3 2326 9250 9241
3 9241 9250 9251
3 9250 2329 9251
3 2329 9250 9249
3 2326 9252 9250
3 9250 9252 9249
3 9252 1340 9249
3 2326 9238 9252
3 225 5288 9238
3 9238 5288 9252
3 5288 1340 9252
3 401 7307 9254
3 1846 9253 7307
3 7307 9253 9254
3 9253 2330 9254
3 393 9206 7311
3 2318 9255 9206
3 9206 9255 7311
3 9255 1846 7311
3 1846 9255 9253
3 2318 9256 9255
3 9255 9256 9253
3 9256 2330 9253
3 2318 9202 9256
3 556 9257 9202
3 9202 9257 9256
3 9257 2330 9256
3 554 9232 9259
3 2325 9258 9232
3 9232 9258 9259
3 9258 2332 9259
3 558 9260 9235
3 2331 9261 9260
3 9260 9261 9235
3 9261 2325 9235
3 2325 9261 9258
3 2331 9262 9261
3 9261 9262 9258
3 9262 2332 9258
3 2331 9263 9262
3 560 9264 9263
3 9263 9264 9262
3 9264 2332 9262
3 554 9259 9219
3 2332 9265 9259
3 9259 9265 9219
3 9265 2322 9219
3 560 9266 9264
3 2333 9267 9266
3 9266 9267 9264
3 9267 2332 9264
3 2332 9267 9265
3 2333 9268 9267
3 9267 9268 9265
3 9268 2322 9265
3 2333 9269 9268
3 557 9222 9269
3 9269 9222 9268
3 9222 2322 9268
3 555 9270 9211
3 2334 9271 9270
3 9270 9271 9211
3 9271 2319 9211
3 561 9272 9274
3 2335 9273 9272
3 9272 9273 9274
3 9273 2334 9274
3 2334 9273 9271
3 2335 9275 9273
3 9273 9275 9271
3 9275 2319 9271
3 2335 9276 9275
3 556 9208 9276
3 9276 9208 9275
3 9208 2319 9275
3 557 9277 9214
3 2336 9278 9277
3 9277 9278 9214
3 9278 2321 9214
3 561 9274 9280
3 2334 9279 9274
3 9274 9279 9280
3 9279 2336 9280
3 2336 9279 9278
3 2334 9281 9279
3 9279 9281 9278
3 9281 2321 9278
3 2334 9270 9281
3 555 9218 9270
3 9270 9218 9281
3 9218 2321 9281
3 562 9282 9284
3 2337 9283 9282
3 9282 9283 9284
3 9283 2338 9284
3 401 9254 9286
3 2330 9285 9254
3 9254 9285 9286
3 9285 2337 9286
3 2337 9285 9283
3 2330 9287 9285
3 9285 9287 9283
3 9287 2338 9283
3 2330 9257 9287
3 556 9288 9257
3 9257 9288 9287
3 9288 2338 9287
3 562 9284 9290
3 2338 9289 9284
3 9284 9289 9290
3 9289 2339 9290
3 556 9276 9288
3 2335 9291 9276
3 9276 9291 9288
3 9291 2338 9288
3 2338 9291 9289
3 2335 9292 9291
3 9291 9292 9289
3 9292 2339 9289
3 2335 9272 9292
3 561 9293 9272
3 9272 9293 9292
3 9293 2339 9292
3 557 9294 9277
3 2340 9295 9294
3 9294 9295 9277
3 9295 2336 9277
3 563 9296 9298
3 2341 9297 9296
3 9296 9297 9298
3 9297 2340 9298
3 2340 9297 9295
3 2341 9299 9297
3 9297 9299 9295
3 9299 2336 9295
3 2341 9300 9299
3 561 9280 9300
3 9300 9280 9299
3 9280 2336 9299
3 563 9298 9302
3 2340 9301 9298
3 9298 9301 9302
3 9301 2342 9302
3 557 9269 9294
3 2333 9303 9269
3 9269 9303 9294
3 9303 2340 9294
3 2340 9303 9301
3 2333 9304 9303
3 9303 9304 9301
3 9304 2342 9301
3 2333 9266 9304
3 560 9305 9266
3 9266 9305 9304
3 9305 2342 9304
3 558 9244 9307
3 2328 9306 9244
3 9244 9306 9307
3 9306 2344 9307
3 559 9308 9247
3 2343 9309 9308
3 9308 9309 9247
3 9309 2328 9247
3 2328 9309 9306
3 2343 9310 9309
3 9309 9310 9306
3 9310 2344 9306
3 2343 9311 9310
3 564 9312 9311
3 9311 9312 9310
3 9312 2344 9310
3 558 9307 9260
3 2344 9313 9307
3 9307 9313 9260
3 9313 2331 9260
3 564 9314 9312
3 2345 9315 9314
3 9314 9315 9312
3 9315 2344 9312
3 2344 9315 9313
3 2345 9316 9315
3 9315 9316 9313
3 9316 2331 9313
3 2345 9317 9316
3 560 9263 9317
3 9317 9263 9316
3 9263 2331 9316
3 559 9251 9319
3 2329 9318 9251
3 9251 9318 9319
3 9318 2347 9319
3 233 9320 9248
3 2346 9321 9320
3 9320 9321 9248
3 9321 2329 9248
3 2329 9321 9318
3 2346 9322 9321
3 9321 9322 9318
3 9322 2347 9318
3 2346 9323 9322
3 565 9324 9323
3 9323 9324 9322
3 9324 2347 9322
3 559 9319 9308
3 2347 9325 9319
3 9319 9325 9308
3 9325 2343 9308
3 565 9326 9324
3 2348 9327 9326
3 9326 9327 9324
3 9327 2347 9324
3 2347 9327 9325
3 2348 9328 9327
3 9327 9328 9325
3 9328 2343 9325
3 2348 9329 9328
3 564 9311 9329
3 9329 9311 9328
3 9311 2343 9328
3 233 5398 9320
3 1368 9330 5398
3 5398 9330 9320
3 9330 2346 9320
3 243 9331 5394
3 2349 9332 9331
3 9331 9332 5394
3 9332 1368 5394
3 1368 9332 9330
3 2349 9333 9332
3 9332 9333 9330
3 9333 2346 9330
3 2349 9334 9333
3 565 9323 9334
3 9334 9323 9333
3 9323 2346 9333
3 401 9286 7421
3 2337 9335 9286
3 9286 9335 7421
3 9335 1874 7421
3 562 9336 9282
3 2350 9337 9336
3 9336 9337 9282
3 9337 2337 9282
3 2337 9337 9335
3 2350 9338 9337
3 9337 9338 9335
3 9338 1874 9335
3 2350 9339 9338
3 411 7417 9339
3 9339 7417 9338
3 7417 1874 9338
3 566 9340 9342
3 2351 9341 9340
3 9340 9341 9342
3 9341 2352 9342
3 563 9302 9344
3 2342 9343 9302
3 9302 9343 9344
3 9343 2351 9344
3 2351 9343 9341
3 2342 9345 9343
3 9343 9345 9341
3 9345 2352 9341
3 2342 9305 9345
3 560 9346 9305
3 9305 9346 9345
3 9346 2352 9345
3 567 9347 9349
3 2353 9348 9347
3 9347 9348 9349
3 9348 2354 9349
3 560 9317 9351
3 2345 9350 9317
3 9317 9350 9351
3 9350 2353 9351
3 2353 9350 9348
3 2345 9352 9350
3 9350 9352 9348
3 9352 2354 9348
3 2345 9314 9352
3 564 9353 9314
3 9314 9353 9352
3 9353 2354 9352
3 566 9342 9355
3 2352 9354 9342
3 9342 9354 9355
3 9354 2355 9355
3 560 9351 9346
3 2353 9356 9351
3 9351 9356 9346
3 9356 2352 9346
3 2352 9356 9354
3 2353 9357 9356
3 9356 9357 9354
3 9357 2355 9354
3 2353 9347 9357
3 567 9358 9347
3 9347 9358 9357
3 9358 2355 9357
3 561 9359 9293
3 2356 9360 9359
3 9359 9360 9293
3 9360 2339 9293
3 568 9361 9363
3 2357 9362 9361
3 9361 9362 9363
3 9362 2356 9363
3 2356 9362 9360
3 2357 9364 9362
3 9362 9364 9360
3 9364 2339 9360
3 2357 9365 9364
3 562 9290 9365
3 9365 9290 9364
3 9290 2339 9364
3 561 9300 9359
3 2341 9366 9300
3 9300 9366 9359
3 9366 2356 9359
3 563 9367 9296
3 2358 9368 9367
3 9367 9368 9296
3 9368 2341 9296
3 2341 9368 9366
3 2358 9369 9368
3 9368 9369 9366
3 9369 2356 9366
3 2358 9370 9369
3 568 9363 9370
3 9370 9363 9369
3 9363 2356 9369
3 562 9371 9336
3 2359 9372 9371
3 9371 9372 9336
3 9372 2350 9336
3 569 9373 9375
3 2360 9374 9373
3 9373 9374 9375
3 9374 2359 9375
3 2359 9374 9372
3 2360 9376 9374
3 9374 9376 9372
3 9376 2350 9372
3 2360 9377 9376
3 411 9339 9377
3 9377 9339 9376
3 9339 2350 9376
3 569 9375 9379
3 2359 9378 9375
3 9375 9378 9379
3 9378 2361 9379
3 562 9365 9371
3 2357 9380 9365
3 9365 9380 9371
3 9380 2359 9371
3 2359 9380 9378
3 2357 9381 9380
3 9380 9381 9378
3 9381 2361 9378
3 2357 9361 9381
3 568 9382 9361
3 9361 9382 9381
3 9382 2361 9381
3 570 9383 9385
3 2362 9384 9383
3 9383 9384 9385
3 9384 2363 9385
3 568 9370 9387
3 2358 9386 9370
3 9370 9386 9387
3 9386 2362 9387
3 2362 9386 9384
3 2358 9388 9386
3 9386 9388 9384
3 9388 2363 9384
3 2358 9367 9388
3 563 9389 9367
3 9367 9389 9388
3 9389 2363 9388
3 566 9390 9340
3 2364 9391 9390
3 9390 9391 9340
3 9391 2351 9340
3 570 9385 9393
3 2363 9392 9385
3 9385 9392 9393
3 9392 2364 9393
3 2364 9392 9391
3 2363 9394 9392
3 9392 9394 9391
3 9394 2351 9391
3 2363 9389 9394
3 563 9344 9389
3 9389 9344 9394
3 9344 2351 9394
3 571 9395 9397
3 2365 9396 9395
3 9395 9396 9397
3 9396 2366 9397
3 564 9329 9399
3 2348 9398 9329
3 9329 9398 9399
3 9398 2365 9399
3 2365 9398 9396
3 2348 9400 9398
3 9398 9400 9396
3 9400 2366 9396
3 2348 9326 9400
3 565 9401 9326
3 9326 9401 9400
3 9401 2366 9400
3 564 9399 9353
3 2365 9402 9399
3 9399 9402 9353
3 9402 2354 9353
3 571 9403 9395
3 2367 9404 9403
3 9403 9404 9395
3 9404 2365 9395
3 2365 9404 9402
3 2367 9405 9404
3 9404 9405 9402
3 9405 2354 9402
3 2367 9406 9405
3 567 9349 9406
3 9406 9349 9405
3 9349 2354 9405
3 572 9407 9409
3 2368 9408 9407
3 9407 9408 9409
3 9408 2369 9409
3 565 9334 9411
3 2349 9410 9334
3 9334 9410 9411
3 9410 2368 9411
3 2368 9410 9408
3 2349 9412 9410
3 9410 9412 9408
3 9412 2369 9408
3 2349 9331 9412
3 243 9413 9331
3 9331 9413 9412
3 9413 2369 9412
3 565 9411 9401
3 2368 9414 9411
3 9411 9414 9401
3 9414 2366 9401
3 572 9415 9407
3 2370 9416 9415
3 9415 9416 9407
3 9416 2368 9407
3 2368 9416 9414
3 2370 9417 9416
3 9416 9417 9414
3 9417 2366 9414
3 2370 9418 9417
3 571 9397 9418
3 9418 9397 9417
3 9397 2366 9417
3 243 5515 9413
3 1399 9419 5515
3 5515 9419 9413
3 9419 2369 9413
3 253 9420 5520
3 2371 9421 9420
3 9420 9421 5520
3 9421 1399 5520
3 1399 9421 9419
3 2371 9422 9421
3 9421 9422 9419
3 9422 2369 9419
3 2371 9423 9422
3 572 9409 9423
3 9423 9409 9422
3 9409 2369 9422
3 411 9377 7539
3 2360 9424 9377
3 9377 9424 7539
3 9424 1903 7539
3 569 9425 9373
3 2372 9426 9425
3 9425 9426 9373
3 9426 2360 9373
3 2360 9426 9424
3 2372 9427 9426
3 9426 9427 9424
3 9427 1903 9424
3 2372 9428 9427
3 421 7535 9428
3 9428 7535 9427
3 7535 1903 9427
3 566 9355 9430
3 2355 9429 9355
3 9355 9429 9430
3 9429 2374 9430
3 567 9431 9358
3 2373 9432 9431
3 9431 9432 9358
3 9432 2355 9358
3 2355 9432 9429
3 2373 9433 9432
3 9432 9433 9429
3 9433 2374 9429
3 2373 9434 9433
3 573 9435 9434
3 9434 9435 9433
3 9435 2374 9433
3 566 9430 9390
3 2374 9436 9430
3 9430 9436 9390
3 9436 2364 9390
3 573 9437 9435
3 2375 9438 9437
3 9437 9438 9435
3 9438 2374 9435
3 2374 9438 9436
3 2375 9439 9438
3 9438 9439 9436
3 9439 2364 9436
3 2375 9440 9439
3 570 9393 9440
3 9440 9393 9439
3 9393 2364 9439
3 574 9441 9443
3 2376 9442 9441
3 9441 9442 9443
3 9442 2377 9443
3 567 9406 9445
3 2367 9444 9406
3 9406 9444 9445
3 9444 2376 9445
3 2376 9444 9442
3 2367 9446 9444
3 9444 9446 9442
3 9446 2377 9442
3 2367 9403 9446
3 571 9447 9403
3 9403 9447 9446
3 9447 2377 9446
3 574 9448 9441
3 2378 9449 9448
3 9448 9449 9441
3 9449 2376 9441
3 573 9434 9451
3 2373 9450 9434
3 9434 9450 9451
3 9450 2378 9451
3 2378 9450 9449
3 2373 9452 9450
3 9450 9452 9449
3 9452 2376 9449
3 2373 9431 9452
3 567 9445 9431
3 9431 9445 9452
3 9445 2376 9452
3 569 9453 9425
3 2379 9454 9453
3 9453 9454 9425
3 9454 2372 9425
3 575 9455 9457
3 2380 9456 9455
3 9455 9456 9457
3 9456 2379 9457
3 2379 9456 9454
3 2380 9458 9456
3 9456 9458 9454
3 9458 2372 9454
3 2380 9459 9458
3 421 9428 9459
3 9459 9428 9458
3 9428 2372 9458
3 575 9457 9461
3 2379 9460 9457
3 9457 9460 9461
3 9460 2382 9461
3 569 9462 9453
3 2381 9463 9462
3 9462 9463 9453
3 9463 2379 9453
3 2379 9463 9460
3 2381 9464 9463
3 9463 9464 9460
3 9464 2382 9460
3 2381 9465 9464
3 576 9466 9465
3 9465 9466 9464
3 9466 2382 9464
3 568 9467 9382
3 2383 9468 9467
3 9467 9468 9382
3 9468 2361 9382
3 576 9465 9470
3 2381 9469 9465
3 9465 9469 9470
3 9469 2383 9470
3 2383 9469 9468
3 2381 9471 9469
3 9469 9471 9468
3 9471 2361 9468
3 2381 9462 9471
3 569 9379 9462
3 9462 9379 9471
3 9379 2361 9471
3 576 9470 9473
3 2383 9472 9470
3 9470 9472 9473
3 9472 2384 9473
3 568 9387 9467
3 2362 9474 9387
3 9387 9474 9467
3 9474 2383 9467
3 2383 9474 9472
3 2362 9475 9474
3 9474 9475 9472
3 9475 2384 9472
3 2362 9383 9475
3 570 9476 9383
3 9383 9476 9475
3 9476 2384 9475
3 570 9477 9476
3 2385 9478 9477
3 9477 9478 9476
3 9478 2384 9476
3 577 9479 9481
3 2386 9480 9479
3 9479 9480 9481
3 9480 2385 9481
3 2385 9480 9478
3 2386 9482 9480
3 9480 9482 9478
3 9482 2384 9478
3 2386 9483 9482
3 576 9473 9483
3 9483 9473 9482
3 9473 2384 9482
3 577 9481 9485
3 2385 9484 9481
3 9481 9484 9485
3 9484 2387 9485
3 570 9440 9477
3 2375 9486 9440
3 9440 9486 9477
3 9486 2385 9477
3 2385 9486 9484
3 2375 9487 9486
3 9486 9487 9484
3 9487 2387 9484
3 2375 9437 9487
3 573 9488 9437
3 9437 9488 9487
3 9488 2387 9487
3 578 9489 9491
3 2388 9490 9489
3 9489 9490 9491
3 9490 2389 9491
3 577 9485 9493
3 2387 9492 9485
3 9485 9492 9493
3 9492 2388 9493
3 2388 9492 9490
3 2387 9494 9492
3 9492 9494 9490
3 9494 2389 9490
3 2387 9488 9494
3 573 9495 9488
3 9488 9495 9494
3 9495 2389 9494
3 579 9496 9498
3 2390 9497 9496
3 9496 9497 9498
3 9497 2392 9498
3 574 9499 9501
3 2391 9500 9499
3 9499 9500 9501
3 9500 2390 9501
3 2390 9500 9497
3 2391 9502 9500
3 9500 9502 9497
3 9502 2392 9497
3 2391 9503 9502
3 572 9504 9503
3 9503 9504 9502
3 9504 2392 9502
3 571 9418 9447
3 2370 9505 9418
3 9418 9505 9447
3 9505 2377 9447
3 572 9503 9415
3 2391 9506 9503
3 9503 9506 9415
3 9506 2370 9415
3 2370 9506 9505
3 2391 9507 9506
3 9506 9507 9505
3 9507 2377 9505
3 2391 9499 9507
3 574 9443 9499
3 9499 9443 9507
3 9443 2377 9507
3 580 9508 9510
3 2393 9509 9508
3 9508 9509 9510
3 9509 2394 9510
3 572 9423 9512
3 2371 9511 9423
3 9423 9511 9512
3 9511 2393 9512
3 2393 9511 9509
3 2371 9513 9511
3 9511 9513 9509
3 9513 2394 9509
3 2371 9420 9513
3 253 9514 9420
3 9420 9514 9513
3 9514 2394 9513
3 572 9512 9504
3 2393 9515 9512
3 9512 9515 9504
3 9515 2392 9504
3 580 9516 9508
3 2395 9517 9516
3 9516 9517 9508
3 9517 2393 9508
3 2393 9517 9515
3 2395 9518 9517
3 9517 9518 9515
3 9518 2392 9515
3 2395 9519 9518
3 579 9498 9519
3 9519 9498 9518
3 9498 2392 9518
3 263 9520 5638
3 2396 9521 9520
3 9520 9521 5638
3 9521 1428 5638
3 580 9510 9523
3 2394 9522 9510
3 9510 9522 9523
3 9522 2396 9523
3 2396 9522 9521
3 2394 9524 9522
3 9522 9524 9521
3 9524 1428 9521
3 2394 9514 9524
3 253 5633 9514
3 9514 5633 9524
3 5633 1428 9524
3 431 7657 9526
3 1932 9525 7657
3 7657 9525 9526
3 9525 2397 9526
3 421 9459 7653
3 2380 9527 9459
3 9459 9527 7653
3 9527 1932 7653
3 1932 9527 9525
3 2380 9528 9527
3 9527 9528 9525
3 9528 2397 9525
3 2380 9455 9528
3 575 9529 9455
3 9455 9529 9528
3 9529 2397 9528
3 581 9530 9532
3 2398 9531 9530
3 9530 9531 9532
3 9531 2399 9532
3 573 9451 9534
3 2378 9533 9451
3 9451 9533 9534
3 9533 2398 9534
3 2398 9533 9531
3 2378 9535 9533
3 9533 9535 9531
3 9535 2399 9531
3 2378 9448 9535
3 574 9536 9448
3 9448 9536 9535
3 9536 2399 9535
3 578 9491 9538
3 2389 9537 9491
3 9491 9537 9538
3 9537 2400 9538
3 573 9534 9495
3 2398 9539 9534
3 9534 9539 9495
3 9539 2389 9495
3 2389 9539 9537
3 2398 9540 9539
3 9539 9540 9537
3 9540 2400 9537
3 2398 9530 9540
3 581 9541 9530
3 9530 9541 9540
3 9541 2400 9540
3 582 9542 9544
3 2401 9543 9542
3 9542 9543 9544
3 9543 2403 9544
3 581 9545 9547
3 2402 9546 9545
3 9545 9546 9547
3 9546 2401 9547
3 2401 9546 9543
3 2402 9548 9546
3 9546 9548 9543
3 9548 2403 9543
3 2402 9549 9548
3 579 9550 9549
3 9549 9550 9548
3 9550 2403 9548
3 574 9501 9536
3 2390 9551 9501
3 9501 9551 9536
3 9551 2399 9536
3 579 9549 9496
3 2402 9552 9549
3 9549 9552 9496
3 9552 2390 9496
3 2390 9552 9551
3 2402 9553 9552
3 9552 9553 9551
3 9553 2399 9551
3 2402 9545 9553
3 581 9532 9545
3 9545 9532 9553
3 9532 2399 9553
3 583 9554 9556
3 2404 9555 9554
3 9554 9555 9556
3 9555 2405 9556
3 431 9526 9558
3 2397 9557 9526
3 9526 9557 9558
3 9557 2404 9558
3 2404 9557 9555
3 2397 9559 9557
3 9557 9559 9555
3 9559 2405 9555
3 2397 9529 9559
3 575 9560 9529
3 9529 9560 9559
3 9560 2405 9559
3 583 9556 9562
3 2405 9561 9556
3 9556 9561 9562
3 9561 2407 9562
3 575 9563 9560
3 2406 9564 9563
3 9563 9564 9560
3 9564 2405 9560
3 2405 9564 9561
3 2406 9565 9564
3 9564 9565 9561
3 9565 2407 9561
3 2406 9566 9565
3 584 9567 9566
3 9566 9567 9565
3 9567 2407 9565
3 576 9568 9466
3 2408 9569 9568
3 9568 9569 9466
3 9569 2382 9466
3 584 9566 9571
3 2406 9570 9566
3 9566 9570 9571
3 9570 2408 9571
3 2408 9570 9569
3 2406 9572 9570
3 9570 9572 9569
3 9572 2382 9569
3 2406 9563 9572
3 575 9461 9563
3 9563 9461 9572
3 9461 2382 9572
3 577 9573 9479
3 2409 9574 9573
3 9573 9574 9479
3 9574 2386 9479
3 584 9571 9576
3 2408 9575 9571
3 9571 9575 9576
3 9575 2409 9576
3 2409 9575 9574
3 2408 9577 9575
3 9575 9577 9574
3 9577 2386 9574
3 2408 9568 9577
3 576 9483 9568
3 9568 9483 9577
3 9483 2386 9577
3 585 9578 9580
3 2410 9579 9578
3 9578 9579 9580
3 9579 2411 9580
3 583 9562 9582
3 2407 9581 9562
3 9562 9581 9582
3 9581 2410 9582
3 2410 9581 9579
3 2407 9583 9581
3 9581 9583 9579
3 9583 2411 9579
3 2407 9567 9583
3 584 9584 9567
3 9567 9584 9583
3 9584 2411 9583
3 577 9493 9573
3 2388 9585 9493
3 9493 9585 9573
3 9585 2409 9573
3 578 9586 9489
3 2412 9587 9586
3 9586 9587 9489
3 9587 2388 9489
3 2388 9587 9585
3 2412 9588 9587
3 9587 9588 9585
3 9588 2409 9585
3 2412 9589 9588
3 584 9576 9589
3 9589 9576 9588
3 9576 2409 9588
3 586 9590 9592
3 2413 9591 9590
3 9590 9591 9592
3 9591 2414 9592
3 584 9589 9594
3 2412 9593 9589
3 9589 9593 9594
3 9593 2413 9594
3 2413 9593 9591
3 2412 9595 9593
3 9593 9595 9591
3 9595 2414 9591
3 2412 9586 9595
3 578 9596 9586
3 9586 9596 9595
3 9596 2414 9595
3 578 9597 9596
3 2415 9598 9597
3 9597 9598 9596
3 9598 2414 9596
3 587 9599 9601
3 2416 9600 9599
3 9599 9600 9601
3 9600 2415 9601
3 2415 9600 9598
3 2416 9602 9600
3 9600 9602 9598
3 9602 2414 9598
3 2416 9603 9602
3 586 9592 9603
3 9603 9592 9602
3 9592 2414 9602
3 587 9601 9605
3 2415 9604 9601
3 9601 9604 9605
3 9604 2417 9605
3 578 9538 9597
3 2400 9606 9538
3 9538 9606 9597
3 9606 2415 9597
3 2415 9606 9604
3 2400 9607 9606
3 9606 9607 9604
3 9607 2417 9604
3 2400 9541 9607
3 581 9608 9541
3 9541 9608 9607
3 9608 2417 9607
3 588 9609 9611
3 2418 9610 9609
3 9609 9610 9611
3 9610 2419 9611
3 579 9519 9613
3 2395 9612 9519
3 9519 9612 9613
3 9612 2418 9613
3 2418 9612 9610
3 2395 9614 9612
3 9612 9614 9610
3 9614 2419 9610
3 2395 9516 9614
3 580 9615 9516
3 9516 9615 9614
3 9615 2419 9614
3 582 9544 9617
3 2403 9616 9544
3 9544 9616 9617
3 9616 2420 9617
3 579 9613 9550
3 2418 9618 9613
3 9613 9618 9550
3 9618 2403 9550
3 2403 9618 9616
3 2418 9619 9618
3 9618 9619 9616
3 9619 2420 9616
3 2418 9609 9619
3 588 9620 9609
3 9609 9620 9619
3 9620 2420 9619
3 589 9621 9623
3 2421 9622 9621
3 9621 9622 9623
3 9622 2422 9623
3 580 9523 9625
3 2396 9624 9523
3 9523 9624 9625
3 9624 2421 9625
3 2421 9624 9622
3 2396 9626 9624
3 9624 9626 9622
3 9626 2422 9622
3 2396 9520 9626
3 263 9627 9520
3 9520 9627 9626
3 9627 2422 9626
3 588 9611 9629
3 2419 9628 9611
3 9611 9628 9629
3 9628 2423 9629
3 580 9625 9615
3 2421 9630 9625
3 9625 9630 9615
3 9630 2419 9615
3 2419 9630 9628
3 2421 9631 9630
3 9630 9631 9628
3 9631 2423 9628
3 2421 9621 9631
3 589 9632 9621
3 9621 9632 9631
3 9632 2423 9631
3 263 5643 9627
3 1429 9633 5643
3 5643 9633 9627
3 9633 2422 9627
3 264 5759 5639
3 1458 9634 5759
3 5759 9634 5639
3 9634 1429 5639
3 1429 9634 9633
3 1458 9635 9634
3 9634 9635 9633
3 9635 2422 9633
3 1458 5755 9635
3 589 9623 5755
3 5755 9623 9635
3 9623 2422 9635
3 431 9558 7771
3 2404 9636 9558
3 9558 9636 7771
3 9636 1961 7771
3 583 9637 9554
3 2424 9638 9637
3 9637 9638 9554
3 9638 2404 9554
3 2404 9638 9636
3 2424 9639 9638
3 9638 9639 9636
3 9639 1961 9636
3 2424 9640 9639
3 441 7775 9640
3 9640 7775 9639
3 7775 1961 9639
3 588 9641 9620
3 2425 9642 9641
3 9641 9642 9620
3 9642 2420 9620
3 590 9643 9645
3 2426 9644 9643
3 9643 9644 9645
3 9644 2425 9645
3 2425 9644 9642
3 2426 9646 9644
3 9644 9646 9642
3 9646 2420 9642
3 2426 9647 9646
3 9647 9649 9617
3 9647 9617 9646
3 9617 2420 9646
3 582 9617 9649
3 2426 9648 9647
3 9648 2428 9647
3 9649 9647 2428
3 590 9650 9643
3 2427 9651 9650
3 9650 9651 9643
3 9651 2426 9643
3 2426 9651 9648
3 2427 9652 9651
3 9651 9652 9648
3 9652 9654 9648
3 2427 9653 9652
3 9654 9652 591
3 9653 591 9652
3 2428 9648 9654
3 591 9655 9654
3 2429 9656 9655
3 9655 9656 9654
3 9656 2428 9654
3 587 9657 9659
3 2430 9658 9657
3 9657 9658 9659
3 9658 2429 9659
3 2429 9658 9656
3 2430 9660 9658
3 9658 9660 9656
3 9660 2428 9656
3 2430 9661 9660
3 582 9649 9661
3 9661 9649 9660
3 9649 2428 9660
3 581 9547 9608
3 2401 9662 9547
3 9547 9662 9608
3 9662 2417 9608
3 582 9661 9542
3 2430 9663 9661
3 9661 9663 9542
3 9663 2401 9542
3 2401 9663 9662
3 2430 9664 9663
3 9663 9664 9662
3 9664 2417 9662
3 2430 9657 9664
3 587 9605 9657
3 9657 9605 9664
3 9605 2417 9664
3 592 7895 9666
3 1991 9665 7895
3 7895 9665 9666
3 9665 2431 9666
3 441 9640 7891
3 2424 9667 9640
3 9640 9667 7891
3 9667 1991 7891
3 1991 9667 9665
3 2424 9668 9667
3 9667 9668 9665
3 9668 2431 9665
3 2424 9637 9668
3 583 9669 9637
3 9637 9669 9668
3 9669 2431 9668
3 585 9670 9578
3 2432 9671 9670
3 9670 9671 9578
3 9671 2410 9578
3 592 9666 9673
3 2431 9672 9666
3 9666 9672 9673
3 9672 2432 9673
3 2432 9672 9671
3 2431 9674 9672
3 9672 9674 9671
3 9674 2410 9671
3 2431 9669 9674
3 583 9582 9669
3 9669 9582 9674
3 9582 2410 9674
3 593 9675 9677
3 2433 9676 9675
3 9675 9676 9677
3 9676 2434 9677
3 592 9673 9679
3 2432 9678 9673
3 9673 9678 9679
3 9678 2433 9679
3 2433 9678 9676
3 2432 9680 9678
3 9678 9680 9676
3 9680 2434 9676
3 2432 9670 9680
3 585 9681 9670
3 9670 9681 9680
3 9681 2434 9680
3 585 9682 9681
3 2435 9683 9682
3 9682 9683 9681
3 9683 2434 9681
3 594 9684 9686
3 2436 9685 9684
3 9684 9685 9686
3 9685 2435 9686
3 2435 9685 9683
3 2436 9687 9685
3 9685 9687 9683
3 9687 2434 9683
3 2436 9688 9687
3 593 9677 9688
3 9688 9677 9687
3 9677 2434 9687
3 584 9594 9584
3 2413 9689 9594
3 9594 9689 9584
3 9689 2411 9584
3 586 9690 9590
3 2437 9691 9690
3 9690 9691 9590
3 9691 2413 9590
3 2413 9691 9689
3 2437 9692 9691
3 9691 9692 9689
3 9692 2411 9689
3 2437 9693 9692
3 585 9580 9693
3 9693 9580 9692
3 9580 2411 9692
3 594 9686 9695
3 2435 9694 9686
3 9686 9694 9695
3 9694 2438 9695
3 585 9693 9682
3 2437 9696 9693
3 9693 9696 9682
3 9696 2435 9682
3 2435 9696 9694
3 2437 9697 9696
3 9696 9697 9694
3 9697 2438 9694
3 2437 9690 9697
3 586 9698 9690
3 9690 9698 9697
3 9698 2438 9697
3 587 9659 9700
3 2429 9699 9659
3 9659 9699 9700
3 2440 9714 9699
3 591 9701 9655
3 2439 9703 9701
3 9701 9702 9655
3 9702 2429 9655
3 2429 9702 9699
3 9702 9701 9703
3 9703 2440 9702
3 9699 9702 2440
3 2439 9704 9703
3 595 9705 9704
3 9704 9705 9703
3 9705 2440 9703
3 586 9706 9698
3 2441 9707 9706
3 9706 9707 9698
3 9707 2438 9698
3 9710 9705 9708
3 2442 9709 9708
3 9708 9709 9710
3 9709 2441 9710
3 2441 9709 9707
3 2442 9711 9709
3 9709 9711 9707
3 9711 2438 9707
3 2442 9712 9711
3 594 9695 9712
3 9712 9695 9711
3 9695 2438 9711
3 587 9700 9599
3 9700 9699 9714
3 9700 9713 9599
3 9713 2416 9599
3 595 9708 9705
3 2441 9714 9710
3 9714 2440 9710
3 9705 9710 2440
3 9713 9700 9714
3 2441 9715 9714
3 9714 9715 9713
3 9715 2416 9713
3 2441 9706 9715
3 586 9603 9706
3 9706 9603 9715
3 9603 2416 9715
3 596 9716 9718
3 2443 9717 9716
3 9716 9717 9718
3 9717 2444 9718
3 588 9629 9720
3 2423 9719 9629
3 9629 9719 9720
3 9719 2443 9720
3 2443 9719 9717
3 2423 9721 9719
3 9719 9721 9717
3 9721 2444 9717
3 2423 9632 9721
3 589 9722 9632
3 9632 9722 9721
3 9722 2444 9721
3 590 9645 9724
3 2425 9723 9645
3 9645 9723 9724
3 9723 2445 9724
3 588 9720 9641
3 2443 9725 9720
3 9720 9725 9641
3 9725 2425 9641
3 2425 9725 9723
3 2443 9726 9725
3 9725 9726 9723
3 9726 2445 9723
3 2443 9716 9726
3 596 9727 9716
3 9716 9727 9726
3 9727 2445 9726
3 597 9728 9730
3 2446 9729 9728
3 9728 9729 9730
3 9729 2447 9730
3 590 9724 9732
3 2445 9731 9724
3 9724 9731 9732
3 9731 2446 9732
3 2446 9731 9729
3 2445 9733 9731
3 9731 9733 9729
3 9733 2447 9729
3 2445 9727 9733
3 596 9734 9727
3 9727 9734 9733
3 9734 2447 9733
3 598 9735 9737
3 2448 9736 9735
3 9735 9736 9737
3 9736 2450 9737
3 596 9738 9740
3 2449 9739 9738
3 9738 9739 9740
3 9739 2448 9740
3 2448 9739 9736
3 2449 9741 9739
3 9739 9741 9736
3 9741 2450 9736
3 2449 9742 9741
3 273 9743 9742
3 9742 9743 9741
3 9743 2450 9741
3 589 5757 9722
3 1457 9744 5757
3 5757 9744 9722
3 9744 2444 9722
3 273 9742 5752
3 2449 9745 9742
3 9742 9745 5752
3 9745 1457 5752
3 1457 9745 9744
3 2449 9746 9745
3 9745 9746 9744
3 9746 2444 9744
3 2449 9738 9746
3 596 9718 9738
3 9738 9718 9746
3 9718 2444 9746
3 598 9737 9748
3 2450 9747 9737
3 9737 9747 9748
3 9747 2451 9748
3 273 5866 9743
3 1486 9749 5866
3 5866 9749 9743
3 9749 2450 9743
3 2450 9749 9747
3 1486 9750 9749
3 9749 9750 9747
3 9750 2451 9747
3 1486 5871 9750
3 5871 5870 9751
3 5871 9751 9750
3 9751 2451 9750
3 451 7910 9753
3 1996 9752 7910
3 7910 9752 9753
3 9752 2452 9753
3 442 7897 7907
3 1992 9754 7897
3 7897 9754 7907
3 9754 1996 7907
3 1996 9754 9752
3 1992 9755 9754
3 9754 9755 9752
3 9755 2452 9752
3 1992 7893 9755
3 592 9756 7893
3 7893 9756 9755
3 9756 2452 9755
3 597 9757 9728
3 2453 9758 9757
3 9757 9758 9728
3 9758 2446 9728
3 599 9759 9761
3 2454 9760 9759
3 9759 9760 9761
3 9760 2453 9761
3 2453 9760 9758
3 2454 9762 9760
3 9760 9762 9758
3 9762 2446 9758
3 2454 9763 9762
3 590 9732 9763
3 9763 9732 9762
3 9732 2446 9762
3 590 9763 9650
3 2454 9764 9763
3 9763 9764 9650
3 9764 2427 9650
3 599 9765 9759
3 2455 9766 9765
3 9765 9766 9759
3 9766 2454 9759
3 2454 9766 9764
3 2455 9767 9766
3 9766 9767 9764
3 9767 2427 9764
3 2455 9768 9767
3 9768 9773 9653
3 9768 9653 9767
3 9653 2427 9767
3 9769 9770 600
3 2456 9772 9769
3 9771 600 9770
3 9770 2457 9771
3 591 9653 9773
3 9772 2456 2455
3 9768 2455 2456
3 2456 9778 9768
3 9770 9769 9772
3 2455 9765 9772
3 9772 9774 9770
3 9774 2457 9770
3 9774 9772 9765
3 9775 9774 599
3 9765 599 9774
3 9775 2457 9774
3 595 9704 9777
3 2439 9776 9704
3 9704 9776 9777
3 9776 2458 9777
3 591 9773 9701
3 9773 9768 9778
3 9778 2439 9773
3 9701 9773 2439
3 2439 9778 9776
3 2456 9779 9778
3 9778 9779 9776
3 9779 2458 9776
3 2456 9769 9779
3 600 9780 9769
3 9769 9780 9779
3 9780 2458 9779
3 592 9679 9756
3 2433 9781 9679
3 9679 9781 9756
3 9781 2452 9756
3 593 9782 9675
3 2459 9783 9782
3 9782 9783 9675
3 9783 2433 9675
3 2433 9783 9781
3 2459 9784 9783
3 9783 9784 9781
3 9784 2452 9781
3 2459 9785 9784
3 451 9753 9785
3 9785 9753 9784
3 9753 2452 9784
3 601 9786 9788
3 2460 9787 9786
3 9786 9787 9788
3 9787 2461 9788
3 451 9785 9790
3 2459 9789 9785
3 9785 9789 9790
3 9789 2460 9790
3 2460 9789 9787
3 2459 9791 9789
3 9789 9791 9787
3 9791 2461 9787
3 2459 9782 9791
3 593 9792 9782
3 9782 9792 9791
3 9792 2461 9791
3 593 9793 9792
3 2462 9794 9793
3 9793 9794 9792
3 9794 2461 9792
3 602 9795 9797
3 2463 9796 9795
3 9795 9796 9797
3 9796 2462 9797
3 2462 9796 9794
3 2463 9798 9796
3 9796 9798 9794
3 9798 2461 9794
3 2463 9799 9798
3 601 9788 9799
3 9799 9788 9798
3 9788 2461 9798
3 593 9688 9793
3 2436 9800 9688
3 9688 9800 9793
3 9800 2462 9793
3 594 9801 9684
3 2464 9802 9801
3 9801 9802 9684
3 9802 2436 9684
3 2436 9802 9800
3 2464 9803 9802
3 9802 9803 9800
3 9803 2462 9800
3 2464 9804 9803
3 602 9797 9804
3 9804 9797 9803
3 9797 2462 9803
3 595 9777 9806
3 2458 9805 9777
3 9777 9805 9806
3 9805 2466 9806
3 600 9807 9780
3 2465 9808 9807
3 9807 9808 9780
3 9808 2458 9780
3 2458 9808 9805
3 2465 9809 9808
3 9808 9809 9805
3 9809 2466 9805
3 2465 9810 9809
3 603 9811 9810
3 9810 9811 9809
3 9811 2466 9809
3 602 9804 9813
3 2464 9812 9804
3 9804 9812 9813
3 9812 2468 9813
3 594 9814 9801
3 2467 9815 9814
3 9814 9815 9801
3 9815 2464 9801
3 2464 9815 9812
3 2467 9816 9815
3 9815 9816 9812
3 9816 2468 9812
3 2467 9817 9816
3 9817 9811 9818
3 9817 9818 9816
3 9818 2468 9816
3 9806 9819 595
3 2466 9820 9806
3 9708 595 9819
3 9819 2442 9708
3 603 9818 9811
3 2467 9820 9817
3 9820 2466 9817
3 9811 9817 2466
3 9819 9806 9820
3 2467 9821 9820
3 9820 9821 9819
3 9821 2442 9819
3 2467 9814 9821
3 594 9712 9814
3 9814 9712 9821
3 9712 2442 9821
3 597 9822 9757
3 2469 9823 9822
3 9822 9823 9757
3 9823 2453 9757
3 604 9824 9826
3 2470 9825 9824
3 9824 9825 9826
3 9825 2469 9826
3 2469 9825 9823
3 2470 9827 9825
3 9825 9827 9823
3 9827 2453 9823
3 2470 9828 9827
3 599 9761 9828
3 9828 9761 9827
3 9761 2453 9827
3 597 9829 9822
3 2471 9830 9829
3 9829 9830 9822
3 9830 2469 9822
3 605 9831 9833
3 9832 9833 2472
3 9831 2472 9833
3 2471 9837 9832
3 2471 9832 9830
3 2472 9834 9832
3 9832 9834 9830
3 9834 2469 9830
3 2472 9835 9834
3 604 9826 9835
3 9835 9826 9834
3 9826 2469 9834
3 9837 9856 9833
3 9836 9837 2471
3 9833 9832 9837
3 9836 2474 9837
3 597 9838 9829
3 2473 9839 9838
3 9838 9839 9829
3 9839 2471 9829
3 2471 9839 9836
3 2473 9840 9839
3 9839 9840 9836
3 9840 2474 9836
3 2473 9841 9840
3 598 9842 9841
3 9841 9842 9840
3 9842 2474 9840
3 596 9740 9734
3 2448 9843 9740
3 9740 9843 9734
3 9843 2447 9734
3 598 9841 9735
3 2473 9844 9841
3 9841 9844 9735
3 9844 2448 9735
3 2448 9844 9843
3 2473 9845 9844
3 9844 9845 9843
3 9845 2447 9843
3 2473 9838 9845
3 597 9730 9838
3 9838 9730 9845
3 9730 2447 9845
3 606 9853 9848
3 2475 9847 9846
3 9847 2476 9846
3 9848 9846 2476
3 598 9748 9850
3 2451 9849 9748
3 9748 9849 9850
3 9849 2475 9850
3 2475 9849 9847
3 2451 9851 9849
3 9849 9851 9847
3 9851 9852 9847
3 2451 9751 9851
3 9852 9851 282
3 9751 282 9851
3 2476 9847 9852
3 9846 9848 9853
3 2477 9854 9853
3 9853 9854 9846
3 9854 2475 9846
3 605 9833 9856
3 2474 9855 9837
3 9837 9855 9856
3 9855 2477 9856
3 2477 9855 9854
3 2474 9857 9855
3 9855 9857 9854
3 9857 2475 9854
3 2474 9842 9857
3 598 9850 9842
3 9842 9850 9857
3 9850 2475 9857
3 282 5876 9852
3 1487 9858 5876
3 5876 9858 9852
3 9858 2476 9852
3 283 5921 5872
3 1499 9859 5921
3 5921 9859 5872
3 9859 1487 5872
3 1487 9859 9858
3 1499 9860 9859
3 9859 9860 9858
3 9860 2476 9858
3 1499 5917 9860
3 606 9848 5917
3 5917 9848 9860
3 9848 2476 9860
3 451 9790 7941
3 2460 9861 9790
3 9790 9861 7941
3 2004 7942 9861
3 601 9862 9786
3 2478 9863 9862
3 9862 9863 9786
3 9863 2460 9786
3 2460 9863 9861
3 2478 9864 9863
3 9863 9864 9861
3 9864 2004 9861
3 9865 7945 2478
3 455 7943 9865
3 9864 2478 7945
3 7945 2004 9864
3 9867 9775 9828
3 9866 9867 2470
3 9828 2470 9867
3 9866 2480 9867
3 9868 9869 604
3 2479 9869 9868
3 9824 604 9869
3 9869 9866 9824
3 2470 9824 9866
3 2479 9870 9869
3 9869 9870 9866
3 9870 2480 9866
3 2479 9871 9870
3 607 9872 9871
3 9871 9872 9870
3 9872 2480 9870
3 599 9828 9775
3 2480 9873 9867
3 9867 9873 9775
3 9873 2457 9775
3 607 9874 9872
3 2481 9875 9874
3 9874 9875 9872
3 9875 2480 9872
3 2480 9875 9873
3 2481 9876 9875
3 9875 9876 9873
3 9876 2457 9873
3 2481 9877 9876
3 9877 9879 9771
3 9877 9771 9876
3 9771 2457 9876
3 600 9771 9879
3 2481 9878 9877
3 9878 2483 9877
3 9879 9877 2483
3 607 9880 9874
3 2482 9881 9880
3 9880 9881 9874
3 9881 2481 9874
3 2481 9881 9878
3 2482 9882 9881
3 9881 9882 9878
3 9882 9884 9878
3 2482 9883 9882
3 9884 9882 608
3 9883 608 9882
3 2483 9878 9884
3 608 9885 9884
3 2484 9886 9885
3 9885 9886 9884
3 9886 2483 9884
3 603 9810 9888
3 2465 9887 9810
3 9810 9887 9888
3 9887 2484 9888
3 2484 9887 9886
3 2465 9889 9887
3 9887 9889 9886
3 9889 2483 9886
3 2465 9807 9889
3 600 9879 9807
3 9807 9879 9889
3 9879 2483 9889
3 9891 9896 7983
3 9890 9891 2014
3 7983 2014 9891
3 2485 9895 9890
3 9865 9892 455
3 2478 9893 9865
3 7979 455 9892
3 9892 9890 7979
3 2014 7979 9890
3 9892 9865 9893
3 9893 2485 9892
3 9890 9892 2485
3 2478 9862 9893
3 601 9894 9862
3 9862 9894 9893
3 9894 2485 9893
3 609 7983 9896
3 9891 9890 9895
3 9895 2487 9891
3 9896 9891 2487
3 601 9897 9894
3 2486 9898 9897
3 9897 9898 9894
3 9898 2485 9894
3 2485 9898 9895
3 2486 9899 9898
3 9898 9899 9895
3 9899 2487 9895
3 2486 9900 9899
3 9900 9903 9901
3 9900 9901 9899
3 9901 2487 9899
3 9903 9918 9901
3 2486 9902 9900
3 9900 9902 9903
3 9902 2488 9903
3 601 9799 9897
3 2463 9904 9799
3 9799 9904 9897
3 9904 2486 9897
3 2486 9904 9902
3 2463 9905 9904
3 9904 9905 9902
3 9905 2488 9902
3 2463 9795 9905
3 602 9906 9795
3 9795 9906 9905
3 9906 2488 9905
3 603 9888 9908
3 2484 9907 9888
3 9888 9907 9908
3 9907 2490 9908
3 608 9909 9885
3 2489 9910 9909
3 9909 9910 9885
3 9910 2484 9885
3 2484 9910 9907
3 2489 9911 9910
3 9910 9911 9907
3 9911 2490 9907
3 9912 9913 2489
3 611 9913 9912
3 9911 2489 9913
3 9913 9914 9911
3 9916 9911 9914
3 2491 9915 9914
3 9914 9915 9916
3 9915 2492 9916
3 610 9901 9918
3 2488 9917 9903
3 9903 9917 9918
3 9917 2491 9918
3 2491 9917 9915
3 2488 9919 9917
3 9917 9919 9915
3 9919 2492 9915
3 2488 9906 9919
3 602 9920 9906
3 9906 9920 9919
3 9920 2492 9919
3 611 10017 9913
3 2492 9921 9916
3 9921 2490 9916
3 2490 9911 9916
3 602 9813 9920
3 2468 9922 9813
3 9813 9922 9920
3 9922 2492 9920
3 2492 9922 9921
3 2468 9923 9922
3 9922 9923 9921
3 9923 9908 9921
3 2468 9818 9923
3 9908 9923 603
3 9818 603 9923
3 2490 9921 9908
3 612 9924 9926
3 2493 9925 9924
3 9924 9925 9926
3 9925 2494 9926
3 607 9871 9928
3 2479 9927 9871
3 9871 9927 9928
3 9927 2493 9928
3 2493 9927 9925
3 2479 9929 9927
3 9927 9929 9925
3 9929 2494 9925
3 2479 9868 9929
3 604 9931 9868
3 9868 9930 9929
3 9930 2494 9929
3 9930 9868 9931
3 9932 9930 2495
3 9931 2495 9930
3 9932 2494 9930
3 613 9933 9935
3 2496 9934 9933
3 9933 9934 9935
3 9934 9932 9938
3 2495 9938 9932
3 2496 9936 9934
3 9934 9936 9932
3 9936 2494 9932
3 2496 9937 9936
3 612 9926 9937
3 9937 9926 9936
3 9926 2494 9936
3 613 9935 9939
3 9935 9934 9938
3 9935 9938 9939
3 9938 2497 9939
3 604 9835 9931
3 2472 9940 9835
3 9835 9940 9931
3 9940 2495 9931
3 9940 9941 2495
3 2472 9831 9940
3 9938 2495 9941
3 9941 2497 9938
3 9941 9940 9831
3 605 9942 9831
3 9831 9942 9941
3 9942 2497 9941
3 606 5919 9944
3 1498 9943 5919
3 5919 9943 9944
3 9943 2499 9944
3 286 9945 5915
3 2498 9946 9945
3 9945 9946 5915
3 9946 1498 5915
3 1498 9946 9943
3 2498 9947 9946
3 9946 9947 9943
3 9947 2499 9943
3 2498 9948 9947
3 614 9949 9948
3 9948 9949 9947
3 9949 2499 9947
3 613 9939 9951
3 2497 9950 9939
3 9939 9950 9951
3 9950 2501 9951
3 605 9952 9942
3 2500 9953 9952
3 9952 9953 9942
3 9953 2497 9942
3 2497 9953 9950
3 2500 9954 9953
3 9953 9954 9950
3 9954 2501 9950
3 2500 9955 9954
3 614 9956 9955
3 9955 9956 9954
3 9956 2501 9954
3 9944 9957 606
3 2499 9958 9944
3 9853 606 9957
3 9957 2477 9853
3 614 9955 9949
3 9958 2499 2500
3 9955 2500 2499
3 9949 9955 2499
3 9957 9944 9958
3 2500 9952 9958
3 9958 9959 9957
3 9959 2477 9957
3 9959 9958 9952
3 9856 9959 605
3 9952 605 9959
3 9856 2477 9959
3 458 7976 9961
3 2012 9960 7976
3 7976 9960 9961
3 9960 2502 9961
3 456 7985 7972
3 2015 9962 7985
3 7985 9962 7972
3 9962 2012 7972
3 2012 9962 9960
3 2015 9963 9962
3 9962 9963 9960
3 9963 2502 9960
3 2015 7981 9963
3 609 9964 7981
3 7981 9964 9963
3 9964 2502 9963
3 607 9928 9966
3 2493 9965 9928
3 9928 9965 9966
3 9965 2504 9966
3 612 9967 9924
3 2503 9968 9967
3 9967 9968 9924
3 9968 2493 9924
3 2493 9968 9965
3 2503 9969 9968
3 9968 9969 9965
3 9969 2504 9965
3 2503 9970 9969
3 615 9971 9970
3 9970 9971 9969
3 9971 2504 9969
3 607 9966 9880
3 2504 9972 9966
3 9966 9972 9880
3 9972 2482 9880
3 615 9973 9971
3 2505 9974 9973
3 9973 9974 9971
3 9974 2504 9971
3 2504 9974 9972
3 2505 9975 9974
3 9974 9975 9972
3 9975 2482 9972
3 2505 9976 9975
3 9976 9981 9883
3 9976 9883 9975
3 9883 2482 9975
3 616 9977 9979
3 9977 9985 9978
3 9977 9978 9979
3 9978 2507 9979
3 608 9883 9981
3 2505 9980 9976
3 9980 2506 9976
3 9981 9976 2506
3 9978 9985 9980
3 2505 9982 9980
3 9980 9982 9978
3 9982 2507 9978
3 2505 9973 9982
3 615 9983 9973
3 9973 9983 9982
3 9983 2507 9982
3 616 9984 9977
3 2508 9985 9984
3 9984 9985 9977
3 2506 9980 9985
3 611 9912 9987
3 2489 9988 9912
3 9912 9986 9987
3 9986 2508 9987
3 2508 9986 9985
3 9986 9912 9988
3 9988 2506 9986
3 9985 9986 2506
3 2489 9909 9988
3 608 9981 9909
3 9909 9981 9988
3 9981 2506 9988
3 609 9989 9964
3 2509 9990 9989
3 9989 9990 9964
3 9990 2502 9964
3 617 9991 9993
3 2510 9992 9991
3 9991 9992 9993
3 9992 2509 9993
3 2509 9992 9990
3 2510 9994 9992
3 9992 9994 9990
3 9994 2502 9990
3 2510 9995 9994
3 458 9961 9995
3 9995 9961 9994
3 9961 2502 9994
3 9896 9996 609
3 2487 9998 9896
3 9989 609 9996
3 9996 9999 9989
3 9997 9998 610
3 9997 10009 9999
3 9901 610 9998
3 9998 2487 9901
3 9996 9896 9998
3 9999 9996 9997
3 9998 9997 9996
3 2509 9989 9999
3 10000 2509 2511
3 617 9993 10000
3 9993 2509 10000
3 9999 2511 2509
3 611 9987 10002
3 2508 10001 9987
3 9987 10001 10002
3 10001 2513 10002
3 616 10003 9984
3 2512 10004 10003
3 10003 10004 9984
3 10004 2508 9984
3 2508 10004 10001
3 2512 10005 10004
3 10004 10005 10001
3 10005 2513 10001
3 2512 10006 10005
3 618 10007 10006
3 10006 10007 10005
3 10007 2513 10005
3 610 10008 9997
3 2514 10009 10008
3 10008 10009 9997
3 2511 9999 10009
3 618 10010 10012
3 2515 10013 10012
3 10010 2515 10012
3 2514 2513 10011
3 2514 10011 10009
3 10011 10012 10013
3 10013 2511 10011
3 10009 10011 2511
3 2515 10014 10013
3 617 10000 10014
3 10014 10000 10013
3 10000 2511 10013
3 618 10012 10007
3 10015 10002 2514
3 10012 10011 10007
3 10007 10011 2513
3 9918 10016 610
3 2491 10016 9918
3 10008 610 10016
3 10016 10015 10008
3 2514 10008 10015
3 2491 10017 10016
3 10016 10017 10015
3 10017 611 10015
3 2491 9914 10017
3 10002 10015 611
3 9914 9913 10017
3 2513 2514 10002
3 619 10018 10020
3 2516 10019 10018
3 10018 10019 10020
3 10019 2517 10020
3 614 9948 10022
3 2498 10021 9948
3 9948 10021 10022
3 10021 2516 10022
3 2516 10021 10019
3 2498 10023 10021
3 10021 10023 10019
3 10023 2517 10019
3 2498 9945 10023
3 286 10024 9945
3 9945 10024 10023
3 10024 2517 10023
3 286 6039 10024
3 1528 10025 6039
3 6039 10025 10024
3 10025 2517 10024
3 297 6131 6035
3 1551 10026 6131
3 6131 10026 6035
3 10026 1528 6035
3 1528 10026 10025
3 1551 10027 10026
3 10026 10027 10025
3 10027 2517 10025
3 1551 6127 10027
3 619 10020 6127
3 6127 10020 10027
3 10020 2517 10027
3 620 10043 10030
3 2518 10029 10028
3 10029 2519 10028
3 10030 10028 2519
3 612 9937 10032
3 2496 10031 9937
3 9937 10031 10032
3 10031 2518 10032
3 2518 10031 10029
3 2496 10033 10031
3 10031 10033 10029
3 10033 10059 10029
3 2496 9933 10033
3 613 10034 9933
3 9933 10034 10033
3 10034 10059 10033
3 621 10035 10037
3 2520 10036 10035
3 10035 10036 10037
3 10036 2521 10037
3 615 9970 10039
3 2503 10038 9970
3 9970 10038 10039
3 10038 2520 10039
3 2520 10038 10036
3 2503 10040 10038
3 10038 10040 10036
3 10040 2521 10036
3 2503 9967 10040
3 612 10041 9967
3 9967 10041 10040
3 10041 2521 10040
3 612 10032 10041
3 2518 10042 10032
3 10032 10042 10041
3 10042 2521 10041
3 10028 10030 10043
3 2522 10044 10043
3 10043 10044 10028
3 10044 2518 10028
3 2518 10044 10042
3 2522 10045 10044
3 10044 10045 10042
3 10045 2521 10042
3 2522 10046 10045
3 621 10037 10046
3 10046 10037 10045
3 10037 2521 10045
3 613 9951 10048
3 2501 10047 9951
3 9951 10047 10048
3 10047 2524 10048
3 614 10049 9956
3 2523 10050 10049
3 10049 10050 9956
3 10050 2501 9956
3 2501 10050 10047
3 2523 10051 10050
3 10050 10051 10047
3 10051 2524 10047
3 2523 10052 10051
3 622 10053 10052
3 10052 10053 10051
3 10053 2524 10051
3 10054 10055 619
3 2525 10055 10054
3 10018 619 10055
3 10055 10058 10018
3 10052 10056 622
3 2523 10058 10052
3 10057 622 10056
3 10056 2525 10057
3 2525 10056 10055
3 10056 10052 10058
3 10056 10058 10055
3 2516 10018 10058
3 10049 2516 2523
3 614 10022 10049
3 10022 2516 10049
3 10058 2523 2516
3 613 10048 10034
3 2524 10059 10048
3 10048 10059 10034
3 2519 10029 10059
3 622 10060 10053
3 2526 10062 10060
3 10060 10061 10053
3 10061 2524 10053
3 2524 10061 10059
3 10061 10060 10062
3 10062 2519 10061
3 10059 10061 2519
3 2526 10063 10062
3 620 10030 10063
3 10063 10030 10062
3 10030 2519 10062
3 10065 10054 6129
3 10064 10065 1550
3 6129 1550 10065
3 10064 2528 10065
3 10066 10067 304
3 2527 10067 10066
3 6124 304 10067
3 10067 10064 6124
3 1550 6124 10064
3 2527 10068 10067
3 10067 10068 10064
3 10068 2528 10064
3 2527 10069 10068
3 623 10070 10069
3 10069 10070 10068
3 10070 2528 10068
3 619 6129 10054
3 2528 10071 10065
3 10065 10071 10054
3 10071 2525 10054
3 623 10072 10070
3 2529 10073 10072
3 10072 10073 10070
3 10073 2528 10070
3 2528 10073 10071
3 2529 10074 10073
3 10073 10074 10071
3 10074 2525 10071
3 2529 10075 10074
3 10075 10138 10057
3 10075 10057 10074
3 10057 2525 10074
3 623 10069 10077
3 2527 10076 10069
3 10069 10076 10077
3 10076 2530 10077
3 304 6151 10066
3 1578 10078 6241
3 6241 10078 10066
3 10078 2527 10066
3 2527 10078 10076
3 1578 10079 10078
3 10078 10079 10076
3 10079 2530 10076
3 1578 6237 10079
3 313 10080 6237
3 6237 10080 10079
3 10080 2530 10079
3 624 8279 10082
3 2087 10081 8279
3 8279 10081 10082
3 10081 2531 10082
3 458 9995 8275
3 2510 10083 9995
3 9995 10083 8275
3 10083 2087 8275
3 2087 10083 10081
3 2510 10084 10083
3 10083 10084 10081
3 10084 2531 10081
3 2510 9991 10084
3 617 10085 9991
3 9991 10085 10084
3 10085 2531 10084
3 483 8286 10087
3 2089 10086 8286
3 8286 10086 10087
3 10086 2532 10087
3 474 8281 8282
3 2088 10088 8281
3 8281 10088 8282
3 10088 2089 8282
3 2089 10088 10086
3 2088 10089 10088
3 10088 10089 10086
3 10089 2532 10086
3 2088 8277 10089
3 624 10090 8277
3 8277 10090 10089
3 10090 2532 10089
3 616 9979 10092
3 2507 10091 9979
3 9979 10091 10092
3 10091 10095 10110
3 615 10093 9983
3 2533 10094 10093
3 10093 10094 9983
3 10094 2507 9983
3 2507 10094 10091
3 2533 10095 10094
3 10094 10095 10091
3 2534 10110 10095
3 2533 10096 10095
3 10096 10101 10097
3 10097 2534 10096
3 10095 10096 2534
3 621 10098 10035
3 2535 10099 10098
3 10098 10099 10035
3 10099 2520 10035
3 625 10097 10101
3 2533 10100 10096
3 10096 10100 10101
3 10100 2535 10101
3 2535 10100 10099
3 2533 10102 10100
3 10100 10102 10099
3 10102 2520 10099
3 2533 10093 10102
3 615 10039 10093
3 10093 10039 10102
3 10039 2520 10102
3 626 10103 10105
3 2536 10104 10103
3 10103 10104 10105
3 10104 2537 10105
3 618 10006 10107
3 2512 10106 10006
3 10006 10106 10107
3 10106 2536 10107
3 2536 10106 10104
3 2512 10108 10106
3 10106 10108 10104
3 10108 2537 10104
3 2512 10003 10108
3 616 10109 10003
3 10003 10109 10108
3 10109 2537 10108
3 616 10092 10109
3 10092 10091 10110
3 10092 10110 10109
3 10110 2537 10109
3 625 10111 10097
3 2538 10112 10111
3 10111 10112 10097
3 10112 2534 10097
3 10112 10113 2534
3 2538 10114 10112
3 10110 2534 10113
3 10113 2537 10110
3 10113 10112 10114
3 626 10105 10114
3 10114 10105 10113
3 10105 2537 10113
3 627 10115 10117
3 10115 10129 10116
3 10115 10116 10117
3 10116 2540 10117
3 617 10014 10119
3 2515 10118 10014
3 10014 10118 10119
3 10118 2539 10119
3 10118 10120 2539
3 2515 10121 10118
3 10116 2539 10120
3 10120 2540 10116
3 10010 10121 2515
3 618 10121 10010
3 10120 10118 10121
3 10121 10107 10120
3 618 10107 10121
3 2536 10103 2540
3 2540 10120 2536
3 10107 2536 10120
3 626 10211 10124
3 2541 10124 10123
3 10124 10122 626
3 10103 626 10122
3 10122 2540 10103
3 2541 10125 10124
3 10124 10125 10122
3 10125 10117 10122
3 2541 10126 10125
3 10117 10125 627
3 10126 627 10125
3 2540 10122 10117
3 10082 10127 624
3 2531 10129 10082
3 10128 624 10127
3 10127 10130 10128
3 617 10119 10085
3 10129 2531 2539
3 10119 2539 2531
3 10085 10119 2531
3 10127 10082 10129
3 2539 10116 10129
3 10129 10115 10127
3 2542 10128 10130
3 10130 10127 10115
3 10131 10130 627
3 10115 627 10130
3 10131 2542 10130
3 628 10132 10134
3 2543 10133 10132
3 10132 10133 10134
3 10133 2544 10134
3 620 10063 10136
3 2526 10135 10063
3 10063 10135 10136
3 10135 2543 10136
3 2543 10135 10133
3 2526 10137 10135
3 10135 10137 10133
3 10137 2544 10133
3 10060 10138 2526
3 622 10138 10060
3 10137 2526 10138
3 10138 10075 10137
3 10141 10161 10139
3 10140 10141 2545
3 10139 2545 10141
3 10140 2546 10141
3 10101 10142 625
3 2535 10142 10101
3 10143 625 10142
3 10142 10140 10143
3 2545 10143 10140
3 2535 10144 10142
3 10142 10144 10140
3 10144 2546 10140
3 2535 10098 10144
3 621 10145 10098
3 10098 10145 10144
3 10145 2546 10144
3 630 10158 10148
3 2547 10147 10146
3 10147 2548 10146
3 10148 10146 2548
3 621 10046 10150
3 2522 10149 10046
3 10046 10149 10150
3 10149 2547 10150
3 2547 10149 10147
3 2522 10151 10149
3 10149 10151 10147
3 10151 10152 10147
3 2522 10043 10151
3 10152 10151 620
3 10043 620 10151
3 2548 10147 10152
3 628 10153 10132
3 2549 10154 10153
3 10153 10154 10132
3 10154 2543 10132
3 630 10148 10156
3 2548 10155 10148
3 10148 10155 10156
3 10155 2549 10156
3 2549 10155 10154
3 2548 10157 10155
3 10155 10157 10154
3 10157 2543 10154
3 2548 10152 10157
3 620 10136 10152
3 10152 10136 10157
3 10136 2543 10157
3 10146 10148 10158
3 2550 10159 10158
3 10158 10159 10146
3 10159 2547 10146
3 629 10139 10161
3 2546 10160 10141
3 10141 10160 10161
3 10160 2550 10161
3 2550 10160 10159
3 2546 10162 10160
3 10160 10162 10159
3 10162 2547 10159
3 2546 10145 10162
3 621 10150 10145
3 10145 10150 10162
3 10150 2547 10162
3 631 10163 10165
3 2551 10164 10163
3 10163 10164 10165
3 10164 2553 10165
3 628 10166 10168
3 2552 10167 10166
3 10166 10167 10168
3 10167 2551 10168
3 2551 10167 10164
3 2552 10169 10167
3 10167 10169 10164
3 10169 2553 10164
3 2552 10170 10169
3 623 10171 10170
3 10170 10171 10169
3 10171 2553 10169
3 622 10057 10138
3 2529 10172 10075
3 10172 2544 10075
3 2544 10137 10075
3 623 10170 10072
3 2552 10173 10170
3 10170 10173 10072
3 10173 2529 10072
3 2529 10173 10172
3 2552 10174 10173
3 10173 10174 10172
3 10174 2544 10172
3 2552 10166 10174
3 628 10134 10166
3 10166 10134 10174
3 10134 2544 10174
3 632 10175 10177
3 2554 10176 10175
3 10175 10176 10177
3 10176 2556 10177
3 631 10178 10180
3 2555 10179 10178
3 10178 10179 10180
3 10179 2554 10180
3 2554 10179 10176
3 2555 10181 10179
3 10179 10181 10176
3 10181 2556 10176
3 2555 10182 10181
3 313 10183 10182
3 10182 10183 10181
3 10183 2556 10181
3 623 10077 10171
3 2530 10184 10077
3 10077 10184 10171
3 10184 2553 10171
3 313 10182 10080
3 2555 10185 10182
3 10182 10185 10080
3 10185 2530 10080
3 2530 10185 10184
3 2555 10186 10185
3 10185 10186 10184
3 10186 2553 10184
3 2555 10178 10186
3 631 10165 10178
3 10178 10165 10186
3 10165 2553 10186
3 313 6265 10183
3 1584 10187 6265
3 6265 10187 10183
3 10187 2556 10183
3 315 6361 6261
3 1609 10188 6361
3 6361 10188 6261
3 10188 1584 6261
3 1584 10188 10187
3 1609 10189 10188
3 10188 10189 10187
3 10189 2556 10187
3 1609 6357 10189
3 632 10177 6357
3 6357 10177 10189
3 10177 2556 10189
3 624 10128 10090
3 10190 10197 10191
3 10191 2532 10190
3 10090 10190 2532
3 633 10192 10194
3 2558 10193 10192
3 10192 10193 10194
3 10193 2557 10194
3 10193 10195 2557
3 2558 10196 10193
3 10191 2557 10195
3 10195 10087 10191
3 10195 10193 10196
3 10087 10195 483
3 10196 483 10195
3 2532 10191 10087
3 10190 10090 10128
3 10197 10190 2542
3 10128 2542 10190
3 2557 10191 10197
3 627 10126 10131
3 2559 10199 10198
3 10198 10199 10131
3 10199 2542 10131
3 2542 10199 10197
3 2559 10200 10199
3 10199 10200 10197
3 10200 2557 10197
3 2559 10201 10200
3 633 10194 10201
3 10201 10194 10200
3 10194 2557 10200
3 492 8388 10203
3 8388 8387 10202
3 8388 10202 10203
3 10202 2560 10203
3 8391 8284 10196
3 10204 8391 2558
3 10196 2558 8391
3 10204 2116 8391
3 2116 10204 10202
3 2558 10205 10204
3 10204 10205 10202
3 10205 2560 10202
3 2558 10192 10205
3 633 10206 10192
3 10192 10206 10205
3 10206 2560 10205
3 634 10207 10209
3 2561 10208 10207
3 10207 10208 10209
3 10208 2562 10209
3 626 10114 10211
3 10210 10211 2538
3 10114 2538 10211
3 2561 10219 10210
3 2561 10210 10208
3 2538 10212 10210
3 10210 10212 10208
3 10212 2562 10208
3 2538 10111 10212
3 625 10213 10111
3 10111 10213 10212
3 10213 2562 10212
3 625 10143 10213
3 2545 10214 10143
3 10143 10214 10213
3 10214 2562 10213
3 629 10215 10139
3 2563 10216 10215
3 10215 10216 10139
3 10216 2545 10139
3 2545 10216 10214
3 2563 10217 10216
3 10216 10217 10214
3 10217 2562 10214
3 2563 10218 10217
3 634 10209 10218
3 10218 10209 10217
3 10209 2562 10217
3 10123 10124 10211
3 2564 10220 10219
3 10219 10220 10123
3 10220 2541 10123
3 635 10221 10223
3 2565 10222 10221
3 10221 10222 10223
3 10222 2564 10223
3 2564 10222 10220
3 2565 10224 10222
3 10222 10224 10220
3 10224 2541 10220
3 2565 10225 10224
3 10225 10131 10126
3 10225 10126 10224
3 10126 2541 10224
3 10211 10210 10123
3 10226 10219 2561
3 10219 10123 10210
3 10226 2564 10219
3 10227 10228 634
3 2566 10228 10227
3 10207 634 10228
3 10228 10226 10207
3 2561 10207 10226
3 2566 10229 10228
3 10228 10229 10226
3 10229 2564 10226
3 2566 10230 10229
3 635 10223 10230
3 10230 10223 10229
3 10223 2564 10229
3 10198 10131 10225
3 2565 10231 10225
3 10225 10231 10198
3 10231 2559 10198
3 635 10232 10221
3 2567 10233 10232
3 10232 10233 10221
3 10233 2565 10221
3 2565 10233 10231
3 2567 10234 10233
3 10233 10234 10231
3 10234 2559 10231
3 2567 10235 10234
3 633 10201 10235
3 10235 10201 10234
3 10201 2559 10234
3 636 10236 10238
3 2568 10237 10236
3 10236 10237 10238
3 10237 2569 10238
3 633 10235 10240
3 2567 10239 10235
3 10235 10239 10240
3 10239 2568 10240
3 2568 10239 10237
3 2567 10241 10239
3 10239 10241 10237
3 10241 2569 10237
3 2567 10232 10241
3 635 10242 10232
3 10232 10242 10241
3 10242 2569 10241
3 637 10243 10245
3 2570 10244 10243
3 10243 10244 10245
3 10244 2571 10245
3 634 10218 10247
3 2563 10246 10218
3 10218 10246 10247
3 10246 2570 10247
3 2570 10246 10244
3 2563 10248 10246
3 10246 10248 10244
3 10248 2571 10244
3 2563 10215 10248
3 629 10249 10215
3 10215 10249 10248
3 10249 2571 10248
3 628 10250 10153
3 2572 10251 10250
3 10250 10251 10153
3 10251 2549 10153
3 638 10252 10254
3 2573 10253 10252
3 10252 10253 10254
3 10253 2572 10254
3 2572 10253 10251
3 2573 10255 10253
3 10253 10255 10251
3 10255 2549 10251
3 2573 10256 10255
3 630 10156 10256
3 10256 10156 10255
3 10156 2549 10255
3 628 10168 10250
3 2551 10257 10168
3 10168 10257 10250
3 10257 2572 10250
3 631 10258 10163
3 2574 10259 10258
3 10258 10259 10163
3 10259 2551 10163
3 2551 10259 10257
3 2574 10260 10259
3 10259 10260 10257
3 10260 2572 10257
3 2574 10261 10260
3 638 10254 10261
3 10261 10254 10260
3 10254 2572 10260
3 10161 10262 629
3 2550 10262 10161
3 10263 629 10262
3 10262 10266 10263
3 10264 10265 630
3 2575 10266 10264
3 10158 630 10265
3 10265 2550 10158
3 2550 10265 10262
3 10265 10264 10266
3 10265 10266 10262
3 2576 10263 10266
3 10267 2576 2575
3 10267 10272 10268
3 10268 10277 10267
3 10266 2575 2576
3 638 10269 10252
3 2577 10270 10269
3 10269 10270 10252
3 10270 2573 10252
3 639 10268 10272
3 2575 10271 10267
3 10267 10271 10272
3 10271 2577 10272
3 2577 10271 10270
3 2575 10273 10271
3 10271 10273 10270
3 10273 2573 10270
3 2575 10264 10273
3 630 10256 10264
3 10264 10256 10273
3 10256 2573 10273
3 637 10245 10275
3 2571 10274 10245
3 10245 10274 10275
3 10274 2578 10275
3 629 10263 10249
3 2576 10276 10263
3 10263 10276 10249
3 10276 2571 10249
3 2571 10276 10274
3 2576 10277 10276
3 10276 10277 10274
3 10277 2578 10274
3 2576 10267 10277
3 639 10278 10268
3 10278 2578 10268
3 10277 10268 2578
3 640 10279 10281
3 10279 10370 10280
3 10279 10280 10281
3 10280 2580 10281
3 637 10275 10283
3 2578 10282 10275
3 10275 10282 10283
3 10282 2579 10283
3 10282 10284 2579
3 2578 10278 10282
3 10280 2579 10284
3 10284 2580 10280
3 10284 10282 10278
3 639 10285 10278
3 10278 10285 10284
3 10285 2580 10284
3 631 10180 10287
3 2554 10286 10180
3 10180 10286 10287
3 10286 2582 10287
3 632 10288 10175
3 2581 10289 10288
3 10288 10289 10175
3 10289 2554 10175
3 2554 10289 10286
3 2581 10290 10289
3 10289 10290 10286
3 10290 2582 10286
3 2581 10291 10290
3 641 10292 10291
3 10291 10292 10290
3 10292 2582 10290
3 638 10261 10294
3 2574 10293 10261
3 10261 10293 10294
3 10293 2583 10294
3 631 10287 10258
3 2582 10295 10287
3 10287 10295 10258
3 10295 2574 10258
3 2574 10295 10293
3 2582 10296 10295
3 10295 10296 10293
3 10296 2583 10293
3 2582 10292 10296
3 641 10297 10292
3 10292 10297 10296
3 10297 2583 10296
3 632 6359 10299
3 1608 10298 6359
3 6359 10298 10299
3 10298 2585 10299
3 323 10300 6354
3 2584 10301 10300
3 10300 10301 6354
3 10301 1608 6354
3 1608 10301 10298
3 2584 10302 10301
3 10301 10302 10298
3 10302 2585 10298
3 2584 10303 10302
3 642 10304 10303
3 10303 10304 10302
3 10304 2585 10302
3 641 10291 10306
3 2581 10305 10291
3 10291 10305 10306
3 10305 2586 10306
3 632 10299 10288
3 2585 10307 10299
3 10299 10307 10288
3 10307 2581 10288
3 2581 10307 10305
3 2585 10308 10307
3 10307 10308 10305
3 10308 2586 10305
3 2585 10304 10308
3 642 10309 10304
3 10304 10309 10308
3 10309 2586 10308
3 323 6471 10300
3 1636 10310 6471
3 6471 10310 10300
3 10310 2584 10300
3 332 10311 6467
3 2587 10312 10311
3 10311 10312 6467
3 10312 1636 6467
3 1636 10312 10310
3 2587 10313 10312
3 10312 10313 10310
3 10313 2584 10310
3 2587 10314 10313
3 642 10303 10314
3 10314 10303 10313
3 10303 2584 10313
3 501 8504 10316
3 2144 10315 8504
3 8504 10315 10316
3 10315 2588 10316
3 491 8499 8500
3 2143 10317 8499
3 8499 10317 8500
3 10317 2144 8500
3 2144 10317 10315
3 2143 10318 10317
3 10317 10318 10315
3 10318 2588 10315
3 2143 8495 10318
3 643 10319 8495
3 8495 10319 10318
3 10319 2588 10318
3 633 10240 10206
3 2568 10320 10240
3 10240 10320 10206
3 10320 2560 10206
3 636 10321 10236
3 2589 10322 10321
3 10321 10322 10236
3 10322 2568 10236
3 2568 10322 10320
3 2589 10323 10322
3 10322 10323 10320
3 10323 2560 10320
3 2589 10324 10323
3 492 10203 10324
3 10324 10203 10323
3 10203 2560 10323
3 643 8497 10326
3 2142 10325 8497
3 8497 10325 10326
3 10325 2590 10326
3 492 10324 8493
3 2589 10327 10324
3 10324 10327 8493
3 10327 2142 8493
3 2142 10327 10325
3 2589 10328 10327
3 10327 10328 10325
3 10328 2590 10325
3 2589 10321 10328
3 636 10329 10321
3 10321 10329 10328
3 10329 2590 10328
3 635 10230 10331
3 2566 10330 10230
3 10230 10330 10331
3 10330 2592 10331
3 634 10247 10227
3 2591 10333 10332
3 10332 10333 10227
3 10333 2566 10227
3 2566 10333 10330
3 2591 10334 10333
3 10333 10334 10330
3 10334 2592 10330
3 2591 10335 10334
3 644 10336 10335
3 10335 10336 10334
3 10336 2592 10334
3 10337 10338 637
3 2593 10338 10337
3 10243 637 10338
3 10338 10341 10243
3 644 10335 10340
3 2591 10339 10335
3 10335 10339 10340
3 10339 2593 10340
3 2593 10339 10338
3 2591 10341 10339
3 10339 10341 10338
3 2570 10243 10341
3 2591 10332 10341
3 10332 10227 10247
3 10247 2570 10332
3 10341 10332 2570
3 636 10238 10343
3 2569 10342 10238
3 10238 10342 10343
3 10342 2594 10343
3 635 10331 10242
3 2592 10344 10331
3 10331 10344 10242
3 10344 2569 10242
3 2569 10344 10342
3 2592 10345 10344
3 10344 10345 10342
3 10345 2594 10342
3 2592 10336 10345
3 644 10346 10336
3 10336 10346 10345
3 10346 2594 10345
3 636 10347 10329
3 2595 10348 10347
3 10347 10348 10329
3 10348 2590 10329
3 645 10349 10351
3 2596 10350 10349
3 10349 10350 10351
3 10350 2595 10351
3 2595 10350 10348
3 2596 10352 10350
3 10350 10352 10348
3 10352 2590 10348
3 2596 10353 10352
3 643 10326 10353
3 10353 10326 10352
3 10326 2590 10352
3 645 10351 10355
3 2595 10354 10351
3 10351 10354 10355
3 10354 2597 10355
3 636 10343 10347
3 2594 10356 10343
3 10343 10356 10347
3 10356 2595 10347
3 2595 10356 10354
3 2594 10357 10356
3 10356 10357 10354
3 10357 2597 10354
3 2594 10346 10357
3 644 10358 10346
3 10346 10358 10357
3 10358 2597 10357
3 646 10359 10361
3 2598 10360 10359
3 10359 10360 10361
3 10360 2599 10361
3 644 10340 10363
3 2593 10362 10340
3 10340 10362 10363
3 10362 2598 10363
3 2598 10362 10360
3 2593 10364 10362
3 10362 10364 10360
3 10364 2599 10360
3 2593 10337 10364
3 637 10283 10337
3 10337 10365 10364
3 10365 2599 10364
3 640 10366 10279
3 2600 10367 10366
3 10366 10367 10279
3 10367 10370 10279
3 646 10361 10369
3 2599 10368 10361
3 10361 10368 10369
3 10368 2600 10369
3 2600 10368 10367
3 2599 10370 10368
3 10368 10370 10367
3 2579 10280 10370
3 2599 10365 10370
3 10365 10337 10283
3 10283 2579 10365
3 10370 10365 2579
3 641 10371 10297
3 2601 10372 10371
3 10371 10372 10297
3 10372 2583 10297
3 647 10378 10375
3 2602 10374 10373
3 10373 10374 10375
3 10374 2601 10375
3 2601 10374 10372
3 2602 10376 10374
3 10374 10376 10372
3 10376 2583 10372
3 2602 10377 10376
3 638 10294 10377
3 10377 10294 10376
3 10294 2583 10376
3 10373 10375 10378
3 10379 10373 2603
3 10378 2603 10373
3 10379 2602 10373
3 10272 10380 639
3 2577 10380 10272
3 10381 639 10380
3 10380 10379 10381
3 2603 10381 10379
3 2577 10382 10380
3 10380 10382 10379
3 10382 2602 10379
3 2577 10269 10382
3 638 10377 10269
3 10269 10377 10382
3 10377 2602 10382
3 648 10383 10385
3 2604 10384 10383
3 10383 10384 10385
3 10384 2606 10385
3 640 10386 10388
3 2605 10387 10386
3 10386 10387 10388
3 10387 2604 10388
3 2604 10387 10384
3 2605 10389 10387
3 10387 10389 10384
3 10389 2606 10384
3 2605 10390 10389
3 647 10391 10390
3 10390 10391 10389
3 10391 2606 10389
3 639 10381 10285
3 2603 10392 10381
3 10381 10392 10285
3 10392 2580 10285
3 647 10390 10378
3 2605 10393 10390
3 10390 10393 10378
3 10393 2603 10378
3 2603 10393 10392
3 2605 10394 10393
3 10393 10394 10392
3 10394 2580 10392
3 2605 10386 10394
3 640 10281 10386
3 10386 10281 10394
3 10281 2580 10394
3 649 10395 10397
3 2607 10396 10395
3 10395 10396 10397
3 10396 2608 10397
3 646 10369 10399
3 2600 10398 10369
3 10369 10398 10399
3 10398 2607 10399
3 2607 10398 10396
3 2600 10400 10398
3 10398 10400 10396
3 10400 2608 10396
3 2600 10366 10400
3 640 10401 10366
3 10366 10401 10400
3 10401 2608 10400
3 640 10388 10401
3 2604 10402 10388
3 10388 10402 10401
3 10402 2608 10401
3 648 10403 10383
3 2609 10404 10403
3 10403 10404 10383
3 10404 2604 10383
3 2604 10404 10402
3 2609 10405 10404
3 10404 10405 10402
3 10405 2608 10402
3 2609 10406 10405
3 649 10397 10406
3 10406 10397 10405
3 10397 2608 10405
3 641 10306 10408
3 2586 10407 10306
3 10306 10407 10408
3 10407 2611 10408
3 642 10409 10309
3 2610 10410 10409
3 10409 10410 10309
3 10410 2586 10309
3 2586 10410 10407
3 2610 10411 10410
3 10410 10411 10407
3 10411 2611 10407
3 2610 10412 10411
3 650 10413 10412
3 10412 10413 10411
3 10413 2611 10411
3 647 10375 10415
3 2601 10414 10375
3 10375 10414 10415
3 10414 2612 10415
3 641 10408 10371
3 2611 10416 10408
3 10408 10416 10371
3 10416 2601 10371
3 2601 10416 10414
3 2611 10417 10416
3 10416 10417 10414
3 10417 2612 10414
3 2611 10413 10417
3 650 10418 10413
3 10413 10418 10417
3 10418 2612 10417
3 642 10314 10420
3 2587 10419 10314
3 10314 10419 10420
3 10419 2614 10420
3 332 10421 10311
3 2613 10422 10421
3 10421 10422 10311
3 10422 2587 10311
3 2587 10422 10419
3 2613 10423 10422
3 10422 10423 10419
3 10423 2614 10419
3 2613 10424 10423
3 651 10425 10424
3 10424 10425 10423
3 10425 2614 10423
3 651 10426 10425
3 2615 10427 10426
3 10426 10427 10425
3 10427 2614 10425
3 650 10412 10429
3 2610 10428 10412
3 10412 10428 10429
3 10428 2615 10429
3 2615 10428 10427
3 2610 10430 10428
3 10428 10430 10427
3 10430 2614 10427
3 2610 10409 10430
3 642 10420 10409
3 10409 10420 10430
3 10420 2614 10430
3 340 10431 6568
3 2616 10432 10431
3 10431 10432 6568
3 10432 1661 6568
3 651 10424 10434
3 2613 10433 10424
3 10424 10433 10434
3 10433 2616 10434
3 2616 10433 10432
3 2613 10435 10433
3 10433 10435 10432
3 10435 1661 10432
3 2613 10421 10435
3 332 6572 10421
3 10421 6572 10435
3 6572 1661 10435
3 509 8598 10437
3 2169 10436 8598
3 8598 10436 10437
3 10436 2618 10437
3 501 10438 8602
3 2617 10439 10438
3 10438 10439 8602
3 10439 2169 8602
3 2169 10439 10436
3 2617 10440 10439
3 10439 10440 10436
3 10440 2618 10436
3 2617 10441 10440
3 652 10442 10441
3 10441 10442 10440
3 10442 2618 10440
3 643 10443 10319
3 2619 10444 10443
3 10443 10444 10319
3 10444 2588 10319
3 652 10441 10446
3 2617 10445 10441
3 10441 10445 10446
3 10445 2619 10446
3 2619 10445 10444
3 2617 10447 10445
3 10445 10447 10444
3 10447 2588 10444
3 2617 10438 10447
3 501 10316 10438
3 10438 10316 10447
3 10316 2588 10447
3 645 10448 10349
3 2620 10449 10448
3 10448 10449 10349
3 10449 2596 10349
3 652 10446 10451
3 2619 10450 10446
3 10446 10450 10451
3 10450 2620 10451
3 2620 10450 10449
3 2619 10452 10450
3 10450 10452 10449
3 10452 2596 10449
3 2619 10443 10452
3 643 10353 10443
3 10443 10353 10452
3 10353 2596 10452
3 645 10453 10448
3 2621 10454 10453
3 10453 10454 10448
3 10454 2620 10448
3 653 10455 10457
3 2622 10456 10455
3 10455 10456 10457
3 10456 2621 10457
3 2621 10456 10454
3 2622 10458 10456
3 10456 10458 10454
3 10458 2620 10454
3 2622 10459 10458
3 652 10451 10459
3 10459 10451 10458
3 10451 2620 10458
3 644 10363 10358
3 2598 10460 10363
3 10363 10460 10358
3 10460 2597 10358
3 646 10461 10359
3 2623 10462 10461
3 10461 10462 10359
3 10462 2598 10359
3 2598 10462 10460
3 2623 10463 10462
3 10462 10463 10460
3 10463 2597 10460
3 2623 10464 10463
3 645 10355 10464
3 10464 10355 10463
3 10355 2597 10463
3 653 10457 10466
3 2621 10465 10457
3 10457 10465 10466
3 10465 2624 10466
3 645 10464 10453
3 2623 10467 10464
3 10464 10467 10453
3 10467 2621 10453
3 2621 10467 10465
3 2623 10468 10467
3 10467 10468 10465
3 10468 2624 10465
3 2623 10461 10468
3 646 10469 10461
3 10461 10469 10468
3 10469 2624 10468
3 646 10399 10469
3 2607 10470 10399
3 10399 10470 10469
3 10470 2624 10469
3 649 10471 10395
3 2625 10472 10471
3 10471 10472 10395
3 10472 2607 10395
3 2607 10472 10470
3 2625 10473 10472
3 10472 10473 10470
3 10473 2624 10470
3 2625 10474 10473
3 653 10466 10474
3 10474 10466 10473
3 10466 2624 10473
3 654 10475 10477
3 2626 10476 10475
3 10475 10476 10477
3 10476 2627 10477
3 653 10474 10479
3 2625 10478 10474
3 10474 10478 10479
3 10478 2626 10479
3 2626 10478 10476
3 2625 10480 10478
3 10478 10480 10476
3 10480 2627 10476
3 2625 10471 10480
3 649 10481 10471
3 10471 10481 10480
3 10481 2627 10480
3 655 10482 10484
3 2628 10483 10482
3 10482 10483 10484
3 10483 2630 10484
3 648 10485 10487
3 2629 10486 10485
3 10485 10486 10487
3 10486 2628 10487
3 2628 10486 10483
3 2629 10488 10486
3 10486 10488 10483
3 10488 2630 10483
3 2629 10489 10488
3 650 10490 10489
3 10489 10490 10488
3 10490 2630 10488
3 647 10415 10391
3 2612 10491 10415
3 10415 10491 10391
3 10491 2606 10391
3 650 10489 10418
3 2629 10492 10489
3 10489 10492 10418
3 10492 2612 10418
3 2612 10492 10491
3 2629 10493 10492
3 10492 10493 10491
3 10493 2606 10491
3 2629 10485 10493
3 648 10385 10485
3 10485 10385 10493
3 10385 2606 10493
3 648 10487 10495
3 2628 10494 10487
3 10487 10494 10495
3 10494 2632 10495
3 655 10496 10482
3 2631 10497 10496
3 10496 10497 10482
3 10497 2628 10482
3 2628 10497 10494
3 2631 10498 10497
3 10497 10498 10494
3 10498 2632 10494
3 2631 10499 10498
3 656 10500 10499
3 10499 10500 10498
3 10500 2632 10498
3 649 10501 10481
3 2633 10502 10501
3 10501 10502 10481
3 10502 2627 10481
3 656 10503 10505
3 2634 10504 10503
3 10503 10504 10505
3 10504 2633 10505
3 2633 10504 10502
3 2634 10506 10504
3 10504 10506 10502
3 10506 2627 10502
3 2634 10507 10506
3 654 10477 10507
3 10507 10477 10506
3 10477 2627 10506
3 649 10406 10501
3 2609 10508 10406
3 10406 10508 10501
3 10508 2633 10501
3 648 10495 10403
3 2632 10509 10495
3 10495 10509 10403
3 10509 2609 10403
3 2609 10509 10508
3 2632 10510 10509
3 10509 10510 10508
3 10510 2633 10508
3 2632 10500 10510
3 656 10505 10500
3 10500 10505 10510
3 10505 2633 10510
3 657 10511 10513
3 2635 10512 10511
3 10511 10512 10513
3 10512 2637 10513
3 655 10514 10516
3 2636 10515 10514
3 10514 10515 10516
3 10515 2635 10516
3 2635 10515 10512
3 2636 10517 10515
3 10515 10517 10512
3 10517 2637 10512
3 2636 10518 10517
3 651 10519 10518
3 10518 10519 10517
3 10519 2637 10517
3 650 10429 10490
3 2615 10520 10429
3 10429 10520 10490
3 10520 2630 10490
3 651 10518 10426
3 2636 10521 10518
3 10518 10521 10426
3 10521 2615 10426
3 2615 10521 10520
3 2636 10522 10521
3 10521 10522 10520
3 10522 2630 10520
3 2636 10514 10522
3 655 10484 10514
3 10514 10484 10522
3 10484 2630 10522
3 651 10434 10524
3 2616 10523 10434
3 10434 10523 10524
3 10523 2639 10524
3 340 10525 10431
3 2638 10526 10525
3 10525 10526 10431
3 10526 2616 10431
3 2616 10526 10523
3 2638 10527 10526
3 10526 10527 10523
3 10527 2639 10523
3 2638 10528 10527
3 658 10529 10528
3 10528 10529 10527
3 10529 2639 10527
3 658 10530 10529
3 2640 10531 10530
3 10530 10531 10529
3 10531 2639 10529
3 657 10513 10533
3 2637 10532 10513
3 10513 10532 10533
3 10532 2640 10533
3 2640 10532 10531
3 2637 10534 10532
3 10532 10534 10531
3 10534 2639 10531
3 2637 10519 10534
3 651 10524 10519
3 10519 10524 10534
3 10524 2639 10534
3 348 10535 6670
3 2641 10536 10535
3 10535 10536 6670
3 10536 1686 6670
3 658 10528 10538
3 2638 10537 10528
3 10528 10537 10538
3 10537 2641 10538
3 2641 10537 10536
3 2638 10539 10537
3 10537 10539 10536
3 10539 1686 10536
3 2638 10525 10539
3 340 6665 10525
3 10525 6665 10539
3 6665 1686 10539
3 509 10540 8691
3 2642 10541 10540
3 10540 10541 8691
3 10541 2191 8691
3 659 10542 10544
3 2643 10543 10542
3 10542 10543 10544
3 10543 2642 10544
3 2642 10543 10541
3 2643 10545 10543
3 10543 10545 10541
3 10545 2191 10541
3 2643 10546 10545
3 516 8687 10546
3 10546 8687 10545
3 8687 2191 10545
3 652 10547 10442
3 2644 10548 10547
3 10547 10548 10442
3 10548 2618 10442
3 659 10544 10550
3 2642 10549 10544
3 10544 10549 10550
3 10549 2644 10550
3 2644 10549 10548
3 2642 10551 10549
3 10549 10551 10548
3 10551 2618 10548
3 2642 10540 10551
3 509 10437 10540
3 10540 10437 10551
3 10437 2618 10551
3 652 10459 10547
3 2622 10552 10459
3 10459 10552 10547
3 10552 2644 10547
3 653 10553 10455
3 2645 10554 10553
3 10553 10554 10455
3 10554 2622 10455
3 2622 10554 10552
3 2645 10555 10554
3 10554 10555 10552
3 10555 2644 10552
3 2645 10556 10555
3 659 10550 10556
3 10556 10550 10555
3 10550 2644 10555
3 660 10557 10559
3 2646 10558 10557
3 10557 10558 10559
3 10558 2647 10559
3 659 10556 10561
3 2645 10560 10556
3 10556 10560 10561
3 10560 2646 10561
3 2646 10560 10558
3 2645 10562 10560
3 10560 10562 10558
3 10562 2647 10558
3 2645 10553 10562
3 653 10563 10553
3 10553 10563 10562
3 10563 2647 10562
3 654 10564 10475
3 2648 10565 10564
3 10564 10565 10475
3 10565 2626 10475
3 660 10559 10567
3 2647 10566 10559
3 10559 10566 10567
3 10566 2648 10567
3 2648 10566 10565
3 2647 10568 10566
3 10566 10568 10565
3 10568 2626 10565
3 2647 10563 10568
3 653 10479 10563
3 10563 10479 10568
3 10479 2626 10568
3 661 10569 10571
3 2649 10570 10569
3 10569 10570 10571
3 10570 2650 10571
3 660 10567 10573
3 2648 10572 10567
3 10567 10572 10573
3 10572 2649 10573
3 2649 10572 10570
3 2648 10574 10572
3 10572 10574 10570
3 10574 2650 10570
3 2648 10564 10574
3 654 10575 10564
3 10564 10575 10574
3 10575 2650 10574
3 654 10507 10575
3 2634 10576 10507
3 10507 10576 10575
3 10576 2650 10575
3 656 10577 10503
3 2651 10578 10577
3 10577 10578 10503
3 10578 2634 10503
3 2634 10578 10576
3 2651 10579 10578
3 10578 10579 10576
3 10579 2650 10576
3 2651 10580 10579
3 661 10571 10580
3 10580 10571 10579
3 10571 2650 10579
3 655 10516 10582
3 2635 10581 10516
3 10516 10581 10582
3 10581 2653 10582
3 657 10583 10511
3 2652 10584 10583
3 10583 10584 10511
3 10584 2635 10511
3 2635 10584 10581
3 2652 10585 10584
3 10584 10585 10581
3 10585 2653 10581
3 2652 10586 10585
3 662 10587 10586
3 10586 10587 10585
3 10587 2653 10585
3 655 10582 10496
3 2653 10588 10582
3 10582 10588 10496
3 10588 2631 10496
3 662 10589 10587
3 2654 10590 10589
3 10589 10590 10587
3 10590 2653 10587
3 2653 10590 10588
3 2654 10591 10590
3 10590 10591 10588
3 10591 2631 10588
3 2654 10592 10591
3 656 10499 10592
3 10592 10499 10591
3 10499 2631 10591
3 663 10593 10595
3 2655 10594 10593
3 10593 10594 10595
3 10594 2656 10595
3 656 10592 10597
3 2654 10596 10592
3 10592 10596 10597
3 10596 2655 10597
3 2655 10596 10594
3 2654 10598 10596
3 10596 10598 10594
3 10598 2656 10594
3 2654 10589 10598
3 662 10599 10589
3 10589 10599 10598
3 10599 2656 10598
3 663 10600 10593
3 2657 10601 10600
3 10600 10601 10593
3 10601 2655 10593
3 661 10580 10603
3 2651 10602 10580
3 10580 10602 10603
3 10602 2657 10603
3 2657 10602 10601
3 2651 10604 10602
3 10602 10604 10601
3 10604 2655 10601
3 2651 10577 10604
3 656 10597 10577
3 10577 10597 10604
3 10597 2655 10604
3 657 10533 10606
3 2640 10605 10533
3 10533 10605 10606
3 10605 2659 10606
3 658 10607 10530
3 2658 10608 10607
3 10607 10608 10530
3 10608 2640 10530
3 2640 10608 10605
3 2658 10609 10608
3 10608 10609 10605
3 10609 2659 10605
3 2658 10610 10609
3 664 10611 10610
3 10610 10611 10609
3 10611 2659 10609
3 664 10612 10611
3 2660 10613 10612
3 10612 10613 10611
3 10613 2659 10611
3 662 10586 10615
3 2652 10614 10586
3 10586 10614 10615
3 10614 2660 10615
3 2660 10614 10613
3 2652 10616 10614
3 10614 10616 10613
3 10616 2659 10613
3 2652 10583 10616
3 657 10606 10583
3 10583 10606 10616
3 10606 2659 10616
3 665 10617 10619
3 2661 10618 10617
3 10617 10618 10619
3 10618 2662 10619
3 658 10538 10621
3 2641 10620 10538
3 10538 10620 10621
3 10620 2661 10621
3 2661 10620 10618
3 2641 10622 10620
3 10620 10622 10618
3 10622 2662 10618
3 2641 10535 10622
3 348 10623 10535
3 10535 10623 10622
3 10623 2662 10622
3 665 10624 10617
3 2663 10625 10624
3 10624 10625 10617
3 10625 2661 10617
3 664 10610 10627
3 2658 10626 10610
3 10610 10626 10627
3 10626 2663 10627
3 2663 10626 10625
3 2658 10628 10626
3 10626 10628 10625
3 10628 2661 10625
3 2658 10607 10628
3 658 10621 10607
3 10607 10621 10628
3 10621 2661 10628
3 348 6754 10623
3 1708 10629 6754
3 6754 10629 10623
3 10629 2662 10623
3 355 10630 6759
3 2664 10631 10630
3 10630 10631 6759
3 10631 1708 6759
3 1708 10631 10629
3 2664 10632 10631
3 10631 10632 10629
3 10632 2662 10629
3 2664 10633 10632
3 665 10619 10633
3 10633 10619 10632
3 10619 2662 10632
3 523 8773 10635
3 2211 10634 8773
3 8773 10634 10635
3 10634 2666 10635
3 516 10636 8769
3 2665 10637 10636
3 10636 10637 8769
3 10637 2211 8769
3 2211 10637 10634
3 2665 10638 10637
3 10637 10638 10634
3 10638 2666 10634
3 2665 10639 10638
3 666 10640 10639
3 10639 10640 10638
3 10640 2666 10638
3 666 10639 10642
3 2665 10641 10639
3 10639 10641 10642
3 10641 2667 10642
3 516 10546 10636
3 2643 10643 10546
3 10546 10643 10636
3 10643 2665 10636
3 2665 10643 10641
3 2643 10644 10643
3 10643 10644 10641
3 10644 2667 10641
3 2643 10542 10644
3 659 10645 10542
3 10542 10645 10644
3 10645 2667 10644
3 659 10561 10645
3 2646 10646 10561
3 10561 10646 10645
3 10646 2667 10645
3 660 10647 10557
3 2668 10648 10647
3 10647 10648 10557
3 10648 2646 10557
3 2646 10648 10646
3 2668 10649 10648
3 10648 10649 10646
3 10649 2667 10646
3 2668 10650 10649
3 666 10642 10650
3 10650 10642 10649
3 10642 2667 10649
3 667 10651 10653
3 2669 10652 10651
3 10651 10652 10653
3 10652 2670 10653
3 666 10650 10655
3 2668 10654 10650
3 10650 10654 10655
3 10654 2669 10655
3 2669 10654 10652
3 2668 10656 10654
3 10654 10656 10652
3 10656 2670 10652
3 2668 10647 10656
3 660 10657 10647
3 10647 10657 10656
3 10657 2670 10656
3 660 10573 10657
3 2649 10658 10573
3 10573 10658 10657
3 10658 2670 10657
3 661 10659 10569
3 2671 10660 10659
3 10659 10660 10569
3 10660 2649 10569
3 2649 10660 10658
3 2671 10661 10660
3 10660 10661 10658
3 10661 2670 10658
3 2671 10662 10661
3 667 10653 10662
3 10662 10653 10661
3 10653 2670 10661
3 661 10663 10659
3 2672 10664 10663
3 10663 10664 10659
3 10664 2671 10659
3 668 10665 10667
3 2673 10666 10665
3 10665 10666 10667
3 10666 2672 10667
3 2672 10666 10664
3 2673 10668 10666
3 10666 10668 10664
3 10668 2671 10664
3 2673 10669 10668
3 667 10662 10669
3 10669 10662 10668
3 10662 2671 10668
3 663 10670 10600
3 2674 10671 10670
3 10670 10671 10600
3 10671 2657 10600
3 668 10667 10673
3 2672 10672 10667
3 10667 10672 10673
3 10672 2674 10673
3 2674 10672 10671
3 2672 10674 10672
3 10672 10674 10671
3 10674 2657 10671
3 2672 10663 10674
3 661 10603 10663
3 10663 10603 10674
3 10603 2657 10674
3 662 10615 10676
3 2660 10675 10615
3 10615 10675 10676
3 10675 2676 10676
3 664 10677 10612
3 2675 10678 10677
3 10677 10678 10612
3 10678 2660 10612
3 2660 10678 10675
3 2675 10679 10678
3 10678 10679 10675
3 10679 2676 10675
3 2675 10680 10679
3 669 10681 10680
3 10680 10681 10679
3 10681 2676 10679
3 663 10595 10683
3 2656 10682 10595
3 10595 10682 10683
3 10682 2677 10683
3 662 10676 10599
3 2676 10684 10676
3 10676 10684 10599
3 10684 2656 10599
3 2656 10684 10682
3 2676 10685 10684
3 10684 10685 10682
3 10685 2677 10682
3 2676 10681 10685
3 669 10686 10681
3 10681 10686 10685
3 10686 2677 10685
3 663 10683 10670
3 2677 10687 10683
3 10683 10687 10670
3 10687 2674 10670
3 669 10688 10686
3 2678 10689 10688
3 10688 10689 10686
3 10689 2677 10686
3 2677 10689 10687
3 2678 10690 10689
3 10689 10690 10687
3 10690 2674 10687
3 2678 10691 10690
3 668 10673 10691
3 10691 10673 10690
3 10673 2674 10690
3 670 10692 10694
3 2679 10693 10692
3 10692 10693 10694
3 10693 2680 10694
3 664 10627 10696
3 2663 10695 10627
3 10627 10695 10696
3 10695 2679 10696
3 2679 10695 10693
3 2663 10697 10695
3 10695 10697 10693
3 10697 2680 10693
3 2663 10624 10697
3 665 10698 10624
3 10624 10698 10697
3 10698 2680 10697
3 670 10699 10692
3 2681 10700 10699
3 10699 10700 10692
3 10700 2679 10692
3 669 10680 10702
3 2675 10701 10680
3 10680 10701 10702
3 10701 2681 10702
3 2681 10701 10700
3 2675 10703 10701
3 10701 10703 10700
3 10703 2679 10700
3 2675 10677 10703
3 664 10696 10677
3 10677 10696 10703
3 10696 2679 10703
3 671 10704 10706
3 2682 10705 10704
3 10704 10705 10706
3 10705 2683 10706
3 665 10633 10708
3 2664 10707 10633
3 10633 10707 10708
3 10707 2682 10708
3 2682 10707 10705
3 2664 10709 10707
3 10707 10709 10705
3 10709 2683 10705
3 2664 10630 10709
3 355 10710 10630
3 10630 10710 10709
3 10710 2683 10709
3 670 10694 10712
3 2680 10711 10694
3 10694 10711 10712
3 10711 2684 10712
3 665 10708 10698
3 2682 10713 10708
3 10708 10713 10698
3 10713 2680 10698
3 2680 10713 10711
3 2682 10714 10713
3 10713 10714 10711
3 10714 2684 10711
3 2682 10704 10714
3 671 10715 10704
3 10704 10715 10714
3 10715 2684 10714
3 355 6819 10710
3 1724 10716 6819
3 6819 10716 10710
3 10716 2683 10710
3 360 10717 6824
3 2685 10718 10717
3 10717 10718 6824
3 10718 1724 6824
3 1724 10718 10716
3 2685 10719 10718
3 10718 10719 10716
3 10719 2683 10716
3 2685 10720 10719
3 671 10706 10720
3 10720 10706 10719
3 10706 2683 10719
3 529 8850 10722
3 2230 10721 8850
3 8850 10721 10722
3 10721 2687 10722
3 523 10723 8846
3 2686 10724 10723
3 10723 10724 8846
3 10724 2230 8846
3 2230 10724 10721
3 2686 10725 10724
3 10724 10725 10721
3 10725 2687 10721
3 2686 10726 10725
3 672 10727 10726
3 10726 10727 10725
3 10727 2687 10725
3 672 10726 10729
3 2686 10728 10726
3 10726 10728 10729
3 10728 2688 10729
3 523 10635 10723
3 2666 10730 10635
3 10635 10730 10723
3 10730 2686 10723
3 2686 10730 10728
3 2666 10731 10730
3 10730 10731 10728
3 10731 2688 10728
3 2666 10640 10731
3 666 10732 10640
3 10640 10732 10731
3 10732 2688 10731
3 666 10655 10732
3 2669 10733 10655
3 10655 10733 10732
3 10733 2688 10732
3 667 10734 10651
3 2689 10735 10734
3 10734 10735 10651
3 10735 2669 10651
3 2669 10735 10733
3 2689 10736 10735
3 10735 10736 10733
3 10736 2688 10733
3 2689 10737 10736
3 672 10729 10737
3 10737 10729 10736
3 10729 2688 10736
3 673 10738 10740
3 2690 10739 10738
3 10738 10739 10740
3 10739 2691 10740
3 672 10737 10742
3 2689 10741 10737
3 10737 10741 10742
3 10741 2690 10742
3 2690 10741 10739
3 2689 10743 10741
3 10741 10743 10739
3 10743 2691 10739
3 2689 10734 10743
3 667 10744 10734
3 10734 10744 10743
3 10744 2691 10743
3 673 10740 10746
3 2691 10745 10740
3 10740 10745 10746
3 10745 2692 10746
3 667 10669 10744
3 2673 10747 10669
3 10669 10747 10744
3 10747 2691 10744
3 2691 10747 10745
3 2673 10748 10747
3 10747 10748 10745
3 10748 2692 10745
3 2673 10665 10748
3 668 10749 10665
3 10665 10749 10748
3 10749 2692 10748
3 674 10750 10752
3 2693 10751 10750
3 10750 10751 10752
3 10751 2694 10752
3 673 10746 10754
3 2692 10753 10746
3 10746 10753 10754
3 10753 2693 10754
3 2693 10753 10751
3 2692 10755 10753
3 10753 10755 10751
3 10755 2694 10751
3 2692 10749 10755
3 668 10756 10749
3 10749 10756 10755
3 10756 2694 10755
3 668 10691 10756
3 2678 10757 10691
3 10691 10757 10756
3 10757 2694 10756
3 669 10758 10688
3 2695 10759 10758
3 10758 10759 10688
3 10759 2678 10688
3 2678 10759 10757
3 2695 10760 10759
3 10759 10760 10757
3 10760 2694 10757
3 2695 10761 10760
3 674 10752 10761
3 10761 10752 10760
3 10752 2694 10760
3 675 10762 10764
3 2696 10763 10762
3 10762 10763 10764
3 10763 2697 10764
3 669 10702 10766
3 2681 10765 10702
3 10702 10765 10766
3 10765 2696 10766
3 2696 10765 10763
3 2681 10767 10765
3 10765 10767 10763
3 10767 2697 10763
3 2681 10699 10767
3 670 10768 10699
3 10699 10768 10767
3 10768 2697 10767
3 675 10769 10762
3 2698 10770 10769
3 10769 10770 10762
3 10770 2696 10762
3 674 10761 10772
3 2695 10771 10761
3 10761 10771 10772
3 10771 2698 10772
3 2698 10771 10770
3 2695 10773 10771
3 10771 10773 10770
3 10773 2696 10770
3 2695 10758 10773
3 669 10766 10758
3 10758 10766 10773
3 10766 2696 10773
3 676 10774 10776
3 2699 10775 10774
3 10774 10775 10776
3 10775 2700 10776
3 670 10712 10778
3 2684 10777 10712
3 10712 10777 10778
3 10777 2699 10778
3 2699 10777 10775
3 2684 10779 10777
3 10777 10779 10775
3 10779 2700 10775
3 2684 10715 10779
3 671 10780 10715
3 10715 10780 10779
3 10780 2700 10779
3 675 10764 10782
3 2697 10781 10764
3 10764 10781 10782
3 10781 2701 10782
3 670 10778 10768
3 2699 10783 10778
3 10778 10783 10768
3 10783 2697 10768
3 2697 10783 10781
3 2699 10784 10783
3 10783 10784 10781
3 10784 2701 10781
3 2699 10774 10784
3 676 10785 10774
3 10774 10785 10784
3 10785 2701 10784
3 677 10786 10788
3 2702 10787 10786
3 10786 10787 10788
3 10787 2703 10788
3 360 6875 10790
3 1736 10789 6875
3 6875 10789 10790
3 10789 2702 10790
3 2702 10789 10787
3 1736 10791 10789
3 10789 10791 10787
3 10791 2703 10787
3 1736 6871 10791
3 364 10792 6871
3 6871 10792 10791
3 10792 2703 10791
3 677 10793 10786
3 2704 10794 10793
3 10793 10794 10786
3 10794 2702 10786
3 671 10720 10796
3 2685 10795 10720
3 10720 10795 10796
3 10795 2704 10796
3 2704 10795 10794
3 2685 10797 10795
3 10795 10797 10794
3 10797 2702 10794
3 2685 10717 10797
3 360 10790 10717
3 10717 10790 10797
3 10790 2702 10797
3 676 10776 10799
3 2700 10798 10776
3 10776 10798 10799
3 10798 2705 10799
3 671 10796 10780
3 2704 10800 10796
3 10796 10800 10780
3 10800 2700 10780
3 2700 10800 10798
3 2704 10801 10800
3 10800 10801 10798
3 10801 2705 10798
3 2704 10793 10801
3 677 10802 10793
3 10793 10802 10801
3 10802 2705 10801
3 529 10803 8911
3 2706 10804 10803
3 10803 10804 8911
3 10804 2246 8911
3 678 10805 10807
3 2707 10806 10805
3 10805 10806 10807
3 10806 2706 10807
3 2706 10806 10804
3 2707 10808 10806
3 10806 10808 10804
3 10808 2246 10804
3 2707 10809 10808
3 534 8915 10809
3 10809 8915 10808
3 8915 2246 10808
3 672 10810 10727
3 2708 10811 10810
3 10810 10811 10727
3 10811 2687 10727
3 678 10807 10813
3 2706 10812 10807
3 10807 10812 10813
3 10812 2708 10813
3 2708 10812 10811
3 2706 10814 10812
3 10812 10814 10811
3 10814 2687 10811
3 2706 10803 10814
3 529 10722 10803
3 10803 10722 10814
3 10722 2687 10814
3 672 10742 10810
3 2690 10815 10742
3 10742 10815 10810
3 10815 2708 10810
3 673 10816 10738
3 2709 10817 10816
3 10816 10817 10738
3 10817 2690 10738
3 2690 10817 10815
3 2709 10818 10817
3 10817 10818 10815
3 10818 2708 10815
3 2709 10819 10818
3 678 10813 10819
3 10819 10813 10818
3 10813 2708 10818
3 679 10820 10822
3 2710 10821 10820
3 10820 10821 10822
3 10821 2711 10822
3 678 10819 10824
3 2709 10823 10819
3 10819 10823 10824
3 10823 2710 10824
3 2710 10823 10821
3 2709 10825 10823
3 10823 10825 10821
3 10825 2711 10821
3 2709 10816 10825
3 673 10826 10816
3 10816 10826 10825
3 10826 2711 10825
3 674 10827 10750
3 2712 10828 10827
3 10827 10828 10750
3 10828 2693 10750
3 679 10822 10830
3 2711 10829 10822
3 10822 10829 10830
3 10829 2712 10830
3 2712 10829 10828
3 2711 10831 10829
3 10829 10831 10828
3 10831 2693 10828
3 2711 10826 10831
3 673 10754 10826
3 10826 10754 10831
3 10754 2693 10831
3 680 10832 10834
3 2713 10833 10832
3 10832 10833 10834
3 10833 2714 10834
3 679 10830 10836
3 2712 10835 10830
3 10830 10835 10836
3 10835 2713 10836
3 2713 10835 10833
3 2712 10837 10835
3 10835 10837 10833
3 10837 2714 10833
3 2712 10827 10837
3 674 10838 10827
3 10827 10838 10837
3 10838 2714 10837
3 675 10782 10840
3 2701 10839 10782
3 10782 10839 10840
3 10839 2716 10840
3 676 10841 10785
3 2715 10842 10841
3 10841 10842 10785
3 10842 2701 10785
3 2701 10842 10839
3 2715 10843 10842
3 10842 10843 10839
3 10843 2716 10839
3 2715 10844 10843
3 680 10845 10844
3 10844 10845 10843
3 10845 2716 10843
3 675 10840 10769
3 2716 10846 10840
3 10840 10846 10769
3 10846 2698 10769
3 680 10834 10845
3 2714 10847 10834
3 10834 10847 10845
3 10847 2716 10845
3 2716 10847 10846
3 2714 10848 10847
3 10847 10848 10846
3 10848 2698 10846
3 2714 10838 10848
3 674 10772 10838
3 10838 10772 10848
3 10772 2698 10848
3 681 10849 10851
3 2717 10850 10849
3 10849 10850 10851
3 10850 2718 10851
3 364 6918 10853
3 1747 10852 6918
3 6918 10852 10853
3 10852 2717 10853
3 2717 10852 10850
3 1747 10854 10852
3 10852 10854 10850
3 10854 2718 10850
3 1747 6914 10854
3 367 10855 6914
3 6914 10855 10854
3 10855 2718 10854
3 681 10856 10849
3 2719 10857 10856
3 10856 10857 10849
3 10857 2717 10849
3 677 10788 10859
3 2703 10858 10788
3 10788 10858 10859
3 10858 2719 10859
3 2719 10858 10857
3 2703 10860 10858
3 10858 10860 10857
3 10860 2717 10857
3 2703 10792 10860
3 364 10853 10792
3 10792 10853 10860
3 10853 2717 10860
3 677 10859 10862
3 2719 10861 10859
3 10859 10861 10862
3 10861 2721 10862
3 681 10863 10856
3 2720 10864 10863
3 10863 10864 10856
3 10864 2719 10856
3 2719 10864 10861
3 2720 10865 10864
3 10864 10865 10861
3 10865 2721 10861
3 2720 10866 10865
3 682 10867 10866
3 10866 10867 10865
3 10867 2721 10865
3 676 10799 10869
3 2705 10868 10799
3 10799 10868 10869
3 10868 2722 10869
3 677 10862 10802
3 2721 10870 10862
3 10862 10870 10802
3 10870 2705 10802
3 2705 10870 10868
3 2721 10871 10870
3 10870 10871 10868
3 10871 2722 10868
3 2721 10867 10871
3 682 10872 10867
3 10867 10872 10871
3 10872 2722 10871
3 676 10869 10841
3 2722 10873 10869
3 10869 10873 10841
3 10873 2715 10841
3 682 10874 10872
3 2723 10875 10874
3 10874 10875 10872
3 10875 2722 10872
3 2722 10875 10873
3 2723 10876 10875
3 10875 10876 10873
3 10876 2715 10873
3 2723 10877 10876
3 680 10844 10877
3 10877 10844 10876
3 10844 2715 10876
3 538 8966 10879
3 2260 10878 8966
3 8966 10878 10879
3 10878 2725 10879
3 534 10880 8970
3 2724 10881 10880
3 10880 10881 8970
3 10881 2260 8970
3 2260 10881 10878
3 2724 10882 10881
3 10881 10882 10878
3 10882 2725 10878
3 2724 10883 10882
3 683 10884 10883
3 10883 10884 10882
3 10884 2725 10882
3 683 10883 10886
3 2724 10885 10883
3 10883 10885 10886
3 10885 2726 10886
3 534 10809 10880
3 2707 10887 10809
3 10809 10887 10880
3 10887 2724 10880
3 2724 10887 10885
3 2707 10888 10887
3 10887 10888 10885
3 10888 2726 10885
3 2707 10805 10888
3 678 10889 10805
3 10805 10889 10888
3 10889 2726 10888
3 678 10824 10889
3 2710 10890 10824
3 10824 10890 10889
3 10890 2726 10889
3 679 10891 10820
3 2727 10892 10891
3 10891 10892 10820
3 10892 2710 10820
3 2710 10892 10890
3 2727 10893 10892
3 10892 10893 10890
3 10893 2726 10890
3 2727 10894 10893
3 683 10886 10894
3 10894 10886 10893
3 10886 2726 10893
3 684 10895 10897
3 2728 10896 10895
3 10895 10896 10897
3 10896 2729 10897
3 683 10894 10899
3 2727 10898 10894
3 10894 10898 10899
3 10898 2728 10899
3 2728 10898 10896
3 2727 10900 10898
3 10898 10900 10896
3 10900 2729 10896
3 2727 10891 10900
3 679 10901 10891
3 10891 10901 10900
3 10901 2729 10900
3 680 10902 10832
3 2730 10903 10902
3 10902 10903 10832
3 10903 2713 10832
3 684 10897 10905
3 2729 10904 10897
3 10897 10904 10905
3 10904 2730 10905
3 2730 10904 10903
3 2729 10906 10904
3 10904 10906 10903
3 10906 2713 10903
3 2729 10901 10906
3 679 10836 10901
3 10901 10836 10906
3 10836 2713 10906
3 680 10877 10902
3 2723 10907 10877
3 10877 10907 10902
3 10907 2730 10902
3 682 10908 10874
3 2731 10909 10908
3 10908 10909 10874
3 10909 2723 10874
3 2723 10909 10907
3 2731 10910 10909
3 10909 10910 10907
3 10910 2730 10907
3 2731 10911 10910
3 684 10905 10911
3 10911 10905 10910
3 10905 2730 10910
3 685 10912 10914
3 2732 10913 10912
3 10912 10913 10914
3 10913 2733 10914
3 367 6940 10916
3 1752 10915 6940
3 6940 10915 10916
3 10915 2732 10916
3 2732 10915 10913
3 1752 10917 10915
3 10915 10917 10913
3 10917 2733 10913
3 1752 6937 10917
3 368 10918 6937
3 6937 10918 10917
3 10918 2733 10917
3 685 10919 10912
3 2734 10920 10919
3 10919 10920 10912
3 10920 2732 10912
3 681 10851 10922
3 2718 10921 10851
3 10851 10921 10922
3 10921 2734 10922
3 2734 10921 10920
3 2718 10923 10921
3 10921 10923 10920
3 10923 2732 10920
3 2718 10855 10923
3 367 10916 10855
3 10855 10916 10923
3 10916 2732 10923
3 685 10924 10919
3 2735 10925 10924
3 10924 10925 10919
3 10925 2734 10919
3 686 10926 10928
3 2736 10927 10926
3 10926 10927 10928
3 10927 2735 10928
3 2735 10927 10925
3 2736 10929 10927
3 10927 10929 10925
3 10929 2734 10925
3 2736 10930 10929
3 681 10922 10930
3 10930 10922 10929
3 10922 2734 10929
3 682 10866 10932
3 2720 10931 10866
3 10866 10931 10932
3 10931 2737 10932
3 681 10930 10863
3 2736 10933 10930
3 10930 10933 10863
3 10933 2720 10863
3 2720 10933 10931
3 2736 10934 10933
3 10933 10934 10931
3 10934 2737 10931
3 2736 10926 10934
3 686 10935 10926
3 10926 10935 10934
3 10935 2737 10934
3 686 10936 10935
3 2738 10937 10936
3 10936 10937 10935
3 10937 2737 10935
3 684 10911 10939
3 2731 10938 10911
3 10911 10938 10939
3 10938 2738 10939
3 2738 10938 10937
3 2731 10940 10938
3 10938 10940 10937
3 10940 2737 10937
3 2731 10908 10940
3 682 10932 10908
3 10908 10932 10940
3 10932 2737 10940
3 687 10941 10943
3 2739 10942 10941
3 10941 10942 10943
3 10942 2740 10943
3 539 8986 10945
3 2263 10944 8986
3 8986 10944 10945
3 10944 2739 10945
3 2739 10944 10942
3 2263 10946 10944
3 10944 10946 10942
3 10946 2740 10942
3 2263 8983 10946
3 538 10947 8983
3 8983 10947 10946
3 10947 2740 10946
3 687 10943 10949
3 2740 10948 10943
3 10943 10948 10949
3 10948 2741 10949
3 538 10879 10947
3 2725 10950 10879
3 10879 10950 10947
3 10950 2740 10947
3 2740 10950 10948
3 2725 10951 10950
3 10950 10951 10948
3 10951 2741 10948
3 2725 10884 10951
3 683 10952 10884
3 10884 10952 10951
3 10952 2741 10951
3 683 10899 10952
3 2728 10953 10899
3 10899 10953 10952
3 10953 2741 10952
3 684 10954 10895
3 2742 10955 10954
3 10954 10955 10895
3 10955 2728 10895
3 2728 10955 10953
3 2742 10956 10955
3 10955 10956 10953
3 10956 2741 10953
3 2742 10957 10956
3 687 10949 10957
3 10957 10949 10956
3 10949 2741 10956
3 686 10958 10936
3 2743 10959 10958
3 10958 10959 10936
3 10959 2738 10936
3 687 10957 10961
3 2742 10960 10957
3 10957 10960 10961
3 10960 2743 10961
3 2743 10960 10959
3 2742 10962 10960
3 10960 10962 10959
3 10962 2738 10959
3 2742 10954 10962
3 684 10939 10954
3 10954 10939 10962
3 10939 2738 10962
3 688 10963 10965
3 2744 10964 10963
3 10963 10964 10965
3 10964 2745 10965
3 685 10914 10967
3 2733 10966 10914
3 10914 10966 10967
3 10966 2744 10967
3 2744 10966 10964
3 2733 10968 10966
3 10966 10968 10964
3 10968 2745 10964
3 2733 10918 10968
3 368 10969 10918
3 10918 10969 10968
3 10969 2745 10968
3 540 10970 9005
3 2746 10971 10970
3 10970 10971 9005
3 10971 2269 9005
3 688 10972 10974
3 2747 10973 10972
3 10972 10973 10974
3 10973 2746 10974
3 2746 10973 10971
3 2747 10975 10973
3 10973 10975 10971
3 10975 2269 10971
3 2747 10976 10975
3 196 9008 10976
3 10976 9008 10975
3 9008 2269 10975
3 368 6942 10969
3 1753 10977 6942
3 6942 10977 10969
3 10977 2745 10969
3 196 10976 6945
3 2747 10978 10976
3 10976 10978 6945
3 10978 1753 6945
3 1753 10978 10977
3 2747 10979 10978
3 10978 10979 10977
3 10979 2745 10977
3 2747 10972 10979
3 688 10965 10972
3 10972 10965 10979
3 10965 2745 10979
3 689 10980 10982
3 2748 10981 10980
3 10980 10981 10982
3 10981 2749 10982
3 540 9004 10984
3 2268 10983 9004
3 9004 10983 10984
3 10983 2748 10984
3 2748 10983 10981
3 2268 10985 10983
3 10983 10985 10981
3 10985 2749 10981
3 2268 9001 10985
3 539 10986 9001
3 9001 10986 10985
3 10986 2749 10985
3 688 10974 10988
3 2746 10987 10974
3 10974 10987 10988
3 10987 2750 10988
3 540 10984 10970
3 2748 10989 10984
3 10984 10989 10970
3 10989 2746 10970
3 2746 10989 10987
3 2748 10990 10989
3 10989 10990 10987
3 10990 2750 10987
3 2748 10980 10990
3 689 10991 10980
3 10980 10991 10990
3 10991 2750 10990
3 689 10982 10993
3 2749 10992 10982
3 10982 10992 10993
3 10992 2751 10993
3 539 10945 10986
3 2739 10994 10945
3 10945 10994 10986
3 10994 2749 10986
3 2749 10994 10992
3 2739 10995 10994
3 10994 10995 10992
3 10995 2751 10992
3 2739 10941 10995
3 687 10996 10941
3 10941 10996 10995
3 10996 2751 10995
3 688 10988 10963
3 2750 10997 10988
3 10988 10997 10963
3 10997 2744 10963
3 689 10998 10991
3 2752 10999 10998
3 10998 10999 10991
3 10999 2750 10991
3 2750 10999 10997
3 2752 11000 10999
3 10999 11000 10997
3 11000 2744 10997
3 2752 11001 11000
3 685 10967 11001
3 11001 10967 11000
3 10967 2744 11000
3 689 10993 11003
3 2751 11002 10993
3 10993 11002 11003
3 11002 2753 11003
3 687 10961 10996
3 2743 11004 10961
3 10961 11004 10996
3 11004 2751 10996
3 2751 11004 11002
3 2743 11005 11004
3 11004 11005 11002
3 11005 2753 11002
3 2743 10958 11005
3 686 11006 10958
3 10958 11006 11005
3 11006 2753 11005
3 685 11001 10924
3 2752 11007 11001
3 11001 11007 10924
3 11007 2735 10924
3 689 11003 10998
3 2753 11008 11003
3 11003 11008 10998
3 11008 2752 10998
3 2752 11008 11007
3 2753 11009 11008
3 11008 11009 11007
3 11009 2735 11007
3 2753 11006 11009
3 686 10928 11006
3 11006 10928 11009
3 10928 2735 11009
